1  3  3       10      11      71
       2  3  3       71      11      74
       3  3  3       74      11      12
       4  3  3       74      12      75
       5  3  3       75      12       2
       6  3  3       10      71      76
       7  3  3       10      76       9
       8  3  3        9      76      77
       9  3  3        9      77       8
      10  3  3        8      77      78
      11  3  3        8      78       7
      12  3  3        7      78      79
      13  3  3        7      79       6
      14  3  3        6      79      80
      15  3  3        6      80       5
      16  3  3        5      80      81
      17  3  3        5      81       4
      18  3  3        4      81      82
      19  3  3        4      82       1
      20  3  3       13      14      83
      21  3  3       83      14      84
      22  3  3       84      14      15
      23  3  3       84      15      85
      24  3  3       85      15      16
      25  3  3       85      16      86
      26  3  3       86      16      17
      27  3  3       86      17      87
      28  3  3       87      17      18
      29  3  3       87      18      88
      30  3  3       88      18      19
      31  3  3       88      19      89
      32  3  3       89      19      20
      33  3  3       89      20      90
      34  3  3       90      20      21
      35  3  3       90      21      91
      36  3  3       91      21       1
      37  3  3       13      83      92
      38  3  3       13      92       2
      39  3  3       70       3      93
      40  3  3       93       3      94
      41  3  3       94       3      22
      42  3  3       70      93      95
      43  3  3       70      95      69
      44  3  3       69      95      96
      45  3  3       69      96      68
      46  3  3       68      96      97
      47  3  3       68      97      67
      48  3  3       67      97      98
      49  3  3       67      98      66
      50  3  3       66      98      99
      51  3  3       66      99      65
      52  3  3       65      99     100
      53  3  3       65     100      64
      54  3  3       64     100     101
      55  3  3       64     101      63
      56  3  3       63     101     102
      57  3  3       63     102      62
      58  3  3       62     102     103
      59  3  3       62     103      61
      60  3  3       61     103     104
      61  3  3       61     104      60
      62  3  3       60     104     105
      63  3  3       60     105      59
      64  3  3       59     105     106
      65  3  3       59     106      58
      66  3  3       58     106     107
      67  3  3       58     107      57
      68  3  3       57     107     108
      69  3  3       57     108      56
      70  3  3       56     108     109
      71  3  3       56     109      55
      72  3  3       55     109     110
      73  3  3       55     110      54
      74  3  3       54     110     111
      75  3  3       54     111      53
      76  3  3       53     111     112
      77  3  3       53     112      52
      78  3  3       52     112     113
      79  3  3       52     113      51
      80  3  3       51     113     114
      81  3  3       51     114      50
      82  3  3       50     114     115
      83  3  3       50     115      49
      84  3  3       49     115     116
      85  3  3       49     116      48
      86  3  3       48     116     117
      87  3  3       48     117      47
      88  3  3       47     117     118
      89  3  3       47     118      46
      90  3  3       46     118     119
      91  3  3       46     119      45
      92  3  3       45     119     120
      93  3  3       45     120      44
      94  3  3       44     120     121
      95  3  3       44     121      43
      96  3  3       43     121     122
      97  3  3       43     122      42
      98  3  3       42     122     123
      99  3  3       42     123      41
     100  3  3       41     123     124
     101  3  3       41     124      40
     102  3  3       40     124     125
     103  3  3       40     125      39
     104  3  3       39     125     126
     105  3  3       39     126      38
     106  3  3       38     126     127
     107  3  3       38     127      37
     108  3  3       37     127     128
     109  3  3       37     128      36
     110  3  3       36     128     129
     111  3  3       36     129      35
     112  3  3       35     129     130
     113  3  3       35     130      34
     114  3  3       34     130     131
     115  3  3       34     131      33
     116  3  3       33     131     132
     117  3  3       33     132      32
     118  3  3       32     132     133
     119  3  3       32     133      31
     120  3  3       31     133     134
     121  3  3       31     134      30
     122  3  3       30     134     135
     123  3  3       30     135      29
     124  3  3       29     135     136
     125  3  3       29     136      28
     126  3  3       28     136     137
     127  3  3       28     137      27
     128  3  3       27     137     138
     129  3  3       27     138      26
     130  3  3       26     138     139
     131  3  3       26     139      25
     132  3  3       25     139     140
     133  3  3       25     140      24
     134  3  3       24     140     141
     135  3  3       24     141      23
     136  3  3       23     141     142
     137  3  3       23     142      22
     138  3  3       94      22     142
     139  3  3      119     118     143
     140  3  3      119     143     144
     141  3  3      119     144     120
     142  3  3      118     117     145
     143  3  3      118     145     143
     144  3  3      117     116     146
     145  3  3      117     146     145
     146  3  3      116     115     147
     147  3  3      116     147     146
     148  3  3      115     114     148
     149  3  3      115     148     147
     150  3  3      114     113     149
     151  3  3      114     149     148
     152  3  3      113     112     150
     153  3  3      113     150     149
     154  3  3      112     111     151
     155  3  3      112     151     150
     156  3  3      111     110     152
     157  3  3      111     152     151
     158  3  3      110     109     153
     159  3  3      110     153     152
     160  3  3      109     108     154
     161  3  3      109     154     153
     162  3  3      108     107     155
     163  3  3      108     155     154
     164  3  3      107     106     156
     165  3  3      107     156     155
     166  3  3      106     105     157
     167  3  3      106     157     156
     168  3  3      105     104     158
     169  3  3      105     158     157
     170  3  3      104     103     159
     171  3  3      104     159     158
     172  3  3      103     102     160
     173  3  3      103     160     159
     174  3  3      102     101     161
     175  3  3      102     161     160
     176  3  3      101     100     162
     177  3  3      101     162     161
     178  3  3      100      99     163
     179  3  3      100     163     162
     180  3  3       99      98     164
     181  3  3       99     164     163
     182  3  3       98      97     165
     183  3  3       98     165     164
     184  3  3       97      96     166
     185  3  3       97     166     165
     186  3  3       96      95     167
     187  3  3       96     167     166
     188  3  3       95      93     168
     189  3  3       95     168     167
     190  3  3      121     120     169
     191  3  3      169     120     144
     192  3  3      122     121     170
     193  3  3      170     121     169
     194  3  3      123     122     171
     195  3  3      171     122     170
     196  3  3      124     123     172
     197  3  3      172     123     171
     198  3  3      125     124     173
     199  3  3      173     124     172
     200  3  3      126     125     174
     201  3  3      174     125     173
     202  3  3      127     126     175
     203  3  3      175     126     174
     204  3  3      128     127     176
     205  3  3      176     127     175
     206  3  3      129     128     177
     207  3  3      177     128     176
     208  3  3      130     129     178
     209  3  3      178     129     177
     210  3  3      131     130     179
     211  3  3      179     130     178
     212  3  3      132     131     180
     213  3  3      180     131     179
     214  3  3      133     132     181
     215  3  3      181     132     180
     216  3  3      134     133     182
     217  3  3      182     133     181
     218  3  3      135     134     183
     219  3  3      183     134     182
     220  3  3      136     135     184
     221  3  3      184     135     183
     222  3  3      137     136     185
     223  3  3      185     136     184
     224  3  3      138     137     186
     225  3  3      186     137     185
     226  3  3      139     138     187
     227  3  3      187     138     186
     228  3  3      140     139     188
     229  3  3      188     139     187
     230  3  3      141     140     189
     231  3  3      189     140     188
     232  3  3      142     141     190
     233  3  3      190     141     189
     234  3  3       93      94     191
     235  3  3       93     191     168
     236  3  3       91       1     192
     237  3  3      192       1     193
     238  3  3      193       1      82
     239  3  3       82      81     194
     240  3  3       82     194     195
     241  3  3       82     195     193
     242  3  3       81      80     196
     243  3  3       81     196     194
     244  3  3       80      79     197
     245  3  3       80     197     196
     246  3  3       79      78     198
     247  3  3       79     198     197
     248  3  3       78      77     199
     249  3  3       78     199     198
     250  3  3       77      76     200
     251  3  3       77     200     199
     252  3  3       76      71     201
     253  3  3       76     201     200
     254  3  3       71      74     202
     255  3  3       71     202     201
     256  3  3       74      75     203
     257  3  3       74     203     202
     258  3  3       75       2     204
     259  3  3       75     204     205
     260  3  3       75     205     203
     261  3  3        2      92     206
     262  3  3        2     206     204
     263  3  3       84      85     207
     264  3  3      207      85     208
     265  3  3      208      85      86
     266  3  3       86      87     209
     267  3  3       86     209     208
     268  3  3       87      88     210
     269  3  3       87     210     209
     270  3  3       88      89     211
     271  3  3       88     211     210
     272  3  3       89      90     212
     273  3  3       89     212     211
     274  3  3       90      91     213
     275  3  3       90     213     212
     276  3  3       83      84     214
     277  3  3      214      84     207
     278  3  3       92      83     215
     279  3  3      215      83     214
     280  3  3       94     142     216
     281  3  3       94     216     191
     282  3  3      142     190     216
     283  3  3      144     143     217
     284  3  3      144     217     218
     285  3  3      144     218     169
     286  3  3      170     169     219
     287  3  3      219     169     218
     288  3  3      171     170     220
     289  3  3      220     170     219
     290  3  3      172     171     221
     291  3  3      221     171     220
     292  3  3      173     172     222
     293  3  3      222     172     221
     294  3  3      174     173     223
     295  3  3      223     173     222
     296  3  3      175     174     224
     297  3  3      224     174     223
     298  3  3      176     175     225
     299  3  3      225     175     224
     300  3  3      177     176     226
     301  3  3      226     176     225
     302  3  3      178     177     227
     303  3  3      227     177     226
     304  3  3      179     178     228
     305  3  3      228     178     227
     306  3  3      180     179     229
     307  3  3      229     179     228
     308  3  3      181     180     230
     309  3  3      230     180     229
     310  3  3      182     181     231
     311  3  3      231     181     230
     312  3  3      183     182     232
     313  3  3      232     182     231
     314  3  3      184     183     233
     315  3  3      233     183     232
     316  3  3      185     184     234
     317  3  3      234     184     233
     318  3  3      186     185     235
     319  3  3      235     185     234
     320  3  3      187     186     236
     321  3  3      236     186     235
     322  3  3      188     187     237
     323  3  3      237     187     236
     324  3  3      189     188     238
     325  3  3      238     188     237
     326  3  3      190     189     239
     327  3  3      239     189     238
     328  3  3      143     145     240
     329  3  3      143     240     217
     330  3  3      145     146     241
     331  3  3      145     241     240
     332  3  3      146     147     242
     333  3  3      146     242     241
     334  3  3      147     148     243
     335  3  3      147     243     242
     336  3  3      148     149     244
     337  3  3      148     244     243
     338  3  3      149     150     245
     339  3  3      149     245     244
     340  3  3      150     151     246
     341  3  3      150     246     245
     342  3  3      151     152     247
     343  3  3      151     247     246
     344  3  3      152     153     248
     345  3  3      152     248     247
     346  3  3      153     154     249
     347  3  3      153     249     248
     348  3  3      154     155     250
     349  3  3      154     250     249
     350  3  3      155     156     251
     351  3  3      155     251     250
     352  3  3      156     157     252
     353  3  3      156     252     251
     354  3  3      157     158     253
     355  3  3      157     253     252
     356  3  3      158     159     254
     357  3  3      158     254     253
     358  3  3      159     160     255
     359  3  3      159     255     254
     360  3  3      160     161     256
     361  3  3      160     256     255
     362  3  3      161     162     257
     363  3  3      161     257     256
     364  3  3      162     163     258
     365  3  3      162     258     257
     366  3  3      163     164     259
     367  3  3      163     259     258
     368  3  3      164     165     260
     369  3  3      164     260     259
     370  3  3      165     166     261
     371  3  3      165     261     260
     372  3  3      166     167     262
     373  3  3      166     262     261
     374  3  3      167     168     263
     375  3  3      167     263     262
     376  3  3      168     191     264
     377  3  3      168     264     263
     378  3  3      216     190     265
     379  3  3      265     190     239
     380  3  3      191     216      73
     381  3  3       73     216     265
     382  3  3      264     191      73
     383  3  3      218     217     266
     384  3  3      266     217     268
     385  3  3      268     217     240
     386  3  3      240     241     269
     387  3  3      240     269     268
     388  3  3      241     242     270
     389  3  3      241     270     269
     390  3  3      242     243     271
     391  3  3      242     271     270
     392  3  3      243     244     272
     393  3  3      243     272     271
     394  3  3      244     245     273
     395  3  3      244     273     272
     396  3  3      245     246     274
     397  3  3      245     274     273
     398  3  3      246     247     275
     399  3  3      246     275     274
     400  3  3      247     248     276
     401  3  3      247     276     275
     402  3  3      248     249     277
     403  3  3      248     277     276
     404  3  3      249     250     278
     405  3  3      249     278     277
     406  3  3      250     251     279
     407  3  3      250     279     278
     408  3  3      251     252     280
     409  3  3      251     280     279
     410  3  3      252     253     281
     411  3  3      252     281     280
     412  3  3      253     254     282
     413  3  3      253     282     281
     414  3  3      254     255     283
     415  3  3      254     283     282
     416  3  3      255     256     284
     417  3  3      255     284     283
     418  3  3      256     257     285
     419  3  3      256     285     284
     420  3  3      257     258     286
     421  3  3      257     286     285
     422  3  3      258     259     287
     423  3  3      258     287     286
     424  3  3      259     260     288
     425  3  3      259     288     287
     426  3  3      260     261     289
     427  3  3      260     289     288
     428  3  3      261     262     290
     429  3  3      261     290     289
     430  3  3      262     263     291
     431  3  3      262     291     290
     432  3  3      263     264     292
     433  3  3      263     292     291
     434  3  3      219     218     293
     435  3  3      293     218     266
     436  3  3      220     219     294
     437  3  3      294     219     293
     438  3  3      221     220     295
     439  3  3      295     220     294
     440  3  3      222     221     296
     441  3  3      296     221     295
     442  3  3      223     222     297
     443  3  3      297     222     296
     444  3  3      224     223     298
     445  3  3      298     223     297
     446  3  3      225     224     299
     447  3  3      299     224     298
     448  3  3      226     225     300
     449  3  3      300     225     299
     450  3  3      227     226     301
     451  3  3      301     226     300
     452  3  3      228     227     302
     453  3  3      302     227     301
     454  3  3      229     228     303
     455  3  3      303     228     302
     456  3  3      230     229     304
     457  3  3      304     229     303
     458  3  3      231     230     305
     459  3  3      305     230     304
     460  3  3      232     231     306
     461  3  3      306     231     305
     462  3  3      233     232     307
     463  3  3      307     232     306
     464  3  3      234     233     308
     465  3  3      308     233     307
     466  3  3      235     234     309
     467  3  3      309     234     308
     468  3  3      236     235     310
     469  3  3      310     235     309
     470  3  3      237     236     311
     471  3  3      311     236     310
     472  3  3      238     237     312
     473  3  3      312     237     311
     474  3  3      239     238     313
     475  3  3      313     238     312
     476  3  3      206      92     314
     477  3  3      314      92     215
     478  3  3      213      91     315
     479  3  3      315      91     192
     480  3  3      192     193     316
     481  3  3      192     316     317
     482  3  3      192     317     315
     483  3  3      193     195     318
     484  3  3      193     318     316
     485  3  3      207     208     319
     486  3  3      207     319     320
     487  3  3      207     320     214
     488  3  3      215     214     321
     489  3  3      321     214     320
     490  3  3      208     209     322
     491  3  3      208     322     319
     492  3  3      209     210     323
     493  3  3      209     323     322
     494  3  3      210     211     324
     495  3  3      210     324     323
     496  3  3      211     212     325
     497  3  3      211     325     324
     498  3  3      212     213     326
     499  3  3      212     326     325
     500  3  3      195     194     327
     501  3  3      327     194     328
     502  3  3      328     194     196
     503  3  3      196     197     329
     504  3  3      196     329     328
     505  3  3      197     198     330
     506  3  3      197     330     329
     507  3  3      198     199     331
     508  3  3      198     331     330
     509  3  3      199     200     332
     510  3  3      199     332     331
     511  3  3      200     201     333
     512  3  3      200     333     332
     513  3  3      201     202     334
     514  3  3      201     334     333
     515  3  3      202     203     335
     516  3  3      202     335     334
     517  3  3      203     205     336
     518  3  3      203     336     335
     519  3  3      204     206     337
     520  3  3      204     337     338
     521  3  3      204     338     205
     522  3  3      265     239     339
     523  3  3      339     239     313
     524  3  3      264      73     340
     525  3  3      340      73     265
     526  3  3      292     264     340
     527  3  3      266     268     341
     528  3  3      341     268     342
     529  3  3      342     268     269
     530  3  3      269     270     343
     531  3  3      269     343     342
     532  3  3      270     271     344
     533  3  3      270     344     343
     534  3  3      271     272     345
     535  3  3      271     345     344
     536  3  3      272     273     346
     537  3  3      272     346     345
     538  3  3      273     274     346
     539  3  3      293     266     347
     540  3  3      347     266     341
     541  3  3      294     293     348
     542  3  3      348     293     347
     543  3  3      295     294     349
     544  3  3      349     294     348
     545  3  3      296     295     350
     546  3  3      350     295     349
     547  3  3      297     296     351
     548  3  3      351     296     350
     549  3  3      298     297     352
     550  3  3      352     297     351
     551  3  3      299     298     353
     552  3  3      353     298     352
     553  3  3      300     299     354
     554  3  3      354     299     353
     555  3  3      301     300     355
     556  3  3      355     300     354
     557  3  3      302     301     356
     558  3  3      356     301     355
     559  3  3      303     302     357
     560  3  3      357     302     356
     561  3  3      304     303     358
     562  3  3      358     303     357
     563  3  3      305     304     359
     564  3  3      359     304     358
     565  3  3      306     305     360
     566  3  3      360     305     359
     567  3  3      307     306     361
     568  3  3      361     306     360
     569  3  3      308     307     362
     570  3  3      362     307     361
     571  3  3      309     308     363
     572  3  3      363     308     362
     573  3  3      310     309     364
     574  3  3      364     309     363
     575  3  3      311     310     365
     576  3  3      365     310     364
     577  3  3      312     311     366
     578  3  3      366     311     365
     579  3  3      313     312     367
     580  3  3      367     312     366
     581  3  3      274     275     368
     582  3  3      274     368     346
     583  3  3      275     276     369
     584  3  3      275     369     368
     585  3  3      276     277     370
     586  3  3      276     370     369
     587  3  3      277     278     371
     588  3  3      277     371     370
     589  3  3      278     279     372
     590  3  3      278     372     371
     591  3  3      279     280     373
     592  3  3      279     373     372
     593  3  3      280     281     374
     594  3  3      280     374     373
     595  3  3      281     282     375
     596  3  3      281     375     374
     597  3  3      282     283     376
     598  3  3      282     376     375
     599  3  3      283     284     377
     600  3  3      283     377     376
     601  3  3      284     285     378
     602  3  3      284     378     377
     603  3  3      285     286     379
     604  3  3      285     379     378
     605  3  3      286     287     380
     606  3  3      286     380     379
     607  3  3      287     288     381
     608  3  3      287     381     380
     609  3  3      288     289     382
     610  3  3      288     382     381
     611  3  3      289     290     383
     612  3  3      289     383     382
     613  3  3      290     291     384
     614  3  3      290     384     383
     615  3  3      291     292     385
     616  3  3      291     385     384
     617  3  3      340     265     386
     618  3  3      386     265     339
     619  3  3      292     340     387
     620  3  3      387     340     386
     621  3  3      385     292     387
     622  3  3      339     313     388
     623  3  3      388     313     367
     624  3  3      347     341     389
     625  3  3      389     341     390
     626  3  3      390     341     342
     627  3  3      342     343     391
     628  3  3      342     391     390
     629  3  3      348     347     392
     630  3  3      392     347     389
     631  3  3      343     344     393
     632  3  3      343     393     391
     633  3  3      344     345     394
     634  3  3      344     394     393
     635  3  3      345     346     395
     636  3  3      345     395     394
     637  3  3      346     368     396
     638  3  3      346     396     395
     639  3  3      349     348     397
     640  3  3      397     348     392
     641  3  3      350     349     398
     642  3  3      398     349     397
     643  3  3      351     350     399
     644  3  3      399     350     398
     645  3  3      352     351     400
     646  3  3      400     351     399
     647  3  3      353     352     401
     648  3  3      401     352     400
     649  3  3      354     353     402
     650  3  3      402     353     401
     651  3  3      355     354     403
     652  3  3      403     354     402
     653  3  3      356     355     404
     654  3  3      404     355     403
     655  3  3      357     356     405
     656  3  3      405     356     404
     657  3  3      358     357     406
     658  3  3      406     357     405
     659  3  3      359     358     407
     660  3  3      407     358     406
     661  3  3      360     359     408
     662  3  3      408     359     407
     663  3  3      361     360     409
     664  3  3      409     360     408
     665  3  3      362     361     410
     666  3  3      410     361     409
     667  3  3      363     362     411
     668  3  3      411     362     410
     669  3  3      364     363     412
     670  3  3      412     363     411
     671  3  3      365     364     413
     672  3  3      413     364     412
     673  3  3      366     365     414
     674  3  3      414     365     413
     675  3  3      367     366     415
     676  3  3      415     366     414
     677  3  3      368     369     416
     678  3  3      368     416     396
     679  3  3      369     370     417
     680  3  3      369     417     416
     681  3  3      370     371     418
     682  3  3      370     418     417
     683  3  3      371     372     419
     684  3  3      371     419     418
     685  3  3      372     373     420
     686  3  3      372     420     419
     687  3  3      373     374     421
     688  3  3      373     421     420
     689  3  3      374     375     422
     690  3  3      374     422     421
     691  3  3      375     376     423
     692  3  3      375     423     422
     693  3  3      376     377     424
     694  3  3      376     424     423
     695  3  3      377     378     425
     696  3  3      377     425     424
     697  3  3      378     379     426
     698  3  3      378     426     425
     699  3  3      379     380     427
     700  3  3      379     427     426
     701  3  3      380     381     428
     702  3  3      380     428     427
     703  3  3      381     382     429
     704  3  3      381     429     428
     705  3  3      382     383     430
     706  3  3      382     430     429
     707  3  3      383     384     431
     708  3  3      383     431     430
     709  3  3      384     385     432
     710  3  3      384     432     431
     711  3  3      205     338     433
     712  3  3      205     433     336
     713  3  3      337     206     434
     714  3  3      434     206     314
     715  3  3      314     215     435
     716  3  3      435     215     321
     717  3  3      318     195     436
     718  3  3      436     195     327
     719  3  3      326     213     437
     720  3  3      437     213     315
     721  3  3      315     317     438
     722  3  3      315     438     437
     723  3  3      316     318     439
     724  3  3      316     439     440
     725  3  3      316     440     317
     726  3  3      333     334     441
     727  3  3      441     334     442
     728  3  3      442     334     335
     729  3  3      335     336     443
     730  3  3      335     443     442
     731  3  3      332     333     444
     732  3  3      444     333     441
     733  3  3      331     332     445
     734  3  3      445     332     444
     735  3  3      330     331     446
     736  3  3      446     331     445
     737  3  3      329     330     447
     738  3  3      447     330     446
     739  3  3      328     329     448
     740  3  3      448     329     449
     741  3  3      449     329     447
     742  3  3      327     328     450
     743  3  3      450     328     448
     744  3  3      320     319     451
     745  3  3      320     451     452
     746  3  3      320     452     321
     747  3  3      319     322     453
     748  3  3      319     453     451
     749  3  3      322     323     454
     750  3  3      322     454     453
     751  3  3      323     324     455
     752  3  3      323     455     454
     753  3  3      324     325     456
     754  3  3      324     456     455
     755  3  3      325     326     457
     756  3  3      325     457     456
     757  3  3      338     337     458
     758  3  3      458     337     459
     759  3  3      459     337     434
     760  3  3      339     388     460
     761  3  3      339     460     386
     762  3  3      388     367     461
     763  3  3      461     367     415
     764  3  3      387     386     462
     765  3  3      462     386     460
     766  3  3      385     387     463
     767  3  3      385     463     432
     768  3  3      392     389     464
     769  3  3      464     389     465
     770  3  3      465     389     390
     771  3  3      397     392     466
     772  3  3      466     392     464
     773  3  3      390     391     467
     774  3  3      390     467     465
     775  3  3      391     393     468
     776  3  3      391     468     467
     777  3  3      393     394     469
     778  3  3      393     469     468
     779  3  3      394     395     470
     780  3  3      394     470     469
     781  3  3      395     396     471
     782  3  3      395     471     470
     783  3  3      396     416     472
     784  3  3      396     472     471
     785  3  3      398     397     473
     786  3  3      473     397     466
     787  3  3      399     398     474
     788  3  3      474     398     473
     789  3  3      400     399     475
     790  3  3      475     399     474
     791  3  3      401     400     476
     792  3  3      476     400     475
     793  3  3      402     401     477
     794  3  3      477     401     476
     795  3  3      403     402     478
     796  3  3      478     402     477
     797  3  3      404     403     479
     798  3  3      479     403     478
     799  3  3      405     404     480
     800  3  3      480     404     479
     801  3  3      406     405     481
     802  3  3      481     405     480
     803  3  3      407     406     482
     804  3  3      482     406     481
     805  3  3      408     407     483
     806  3  3      483     407     482
     807  3  3      409     408     484
     808  3  3      484     408     483
     809  3  3      410     409     485
     810  3  3      485     409     484
     811  3  3      411     410     486
     812  3  3      486     410     485
     813  3  3      412     411     487
     814  3  3      487     411     486
     815  3  3      413     412     488
     816  3  3      488     412     487
     817  3  3      414     413     489
     818  3  3      489     413     488
     819  3  3      415     414     490
     820  3  3      490     414     489
     821  3  3      416     417     491
     822  3  3      416     491     472
     823  3  3      417     418     492
     824  3  3      417     492     491
     825  3  3      418     419     493
     826  3  3      418     493     492
     827  3  3      419     420     494
     828  3  3      419     494     493
     829  3  3      420     421     495
     830  3  3      420     495     494
     831  3  3      421     422     496
     832  3  3      421     496     495
     833  3  3      422     423     497
     834  3  3      422     497     496
     835  3  3      423     424     498
     836  3  3      423     498     497
     837  3  3      424     425     499
     838  3  3      424     499     498
     839  3  3      425     426     500
     840  3  3      425     500     499
     841  3  3      426     427     501
     842  3  3      426     501     500
     843  3  3      427     428     502
     844  3  3      427     502     501
     845  3  3      428     429     503
     846  3  3      428     503     502
     847  3  3      429     430     504
     848  3  3      429     504     503
     849  3  3      430     431     505
     850  3  3      430     505     504
     851  3  3      431     432     506
     852  3  3      431     506     505
     853  3  3      387     462     463
     854  3  3      388     461     460
     855  3  3      506     432     507
     856  3  3      507     432     463
     857  3  3      415     490     508
     858  3  3      415     508     461
     859  3  3      462     460     509
     860  3  3      509     460     461
     861  3  3      466     464     510
     862  3  3      510     464     511
     863  3  3      511     464     465
     864  3  3      473     466     512
     865  3  3      512     466     510
     866  3  3      465     467     513
     867  3  3      465     513     511
     868  3  3      467     468     514
     869  3  3      467     514     513
     870  3  3      468     469     515
     871  3  3      468     515     514
     872  3  3      469     470     516
     873  3  3      469     516     515
     874  3  3      470     471     517
     875  3  3      470     517     516
     876  3  3      471     472     518
     877  3  3      471     518     517
     878  3  3      472     491     519
     879  3  3      472     519     518
     880  3  3      474     473     520
     881  3  3      520     473     512
     882  3  3      475     474     521
     883  3  3      521     474     520
     884  3  3      476     475     522
     885  3  3      522     475     521
     886  3  3      477     476     523
     887  3  3      523     476     522
     888  3  3      491     492     524
     889  3  3      491     524     519
     890  3  3      492     493     525
     891  3  3      492     525     524
     892  3  3      493     494     526
     893  3  3      493     526     525
     894  3  3      494     495     527
     895  3  3      494     527     526
     896  3  3      495     496     528
     897  3  3      495     528     527
     898  3  3      496     497     529
     899  3  3      496     529     528
     900  3  3      497     498     530
     901  3  3      497     530     529
     902  3  3      498     499     531
     903  3  3      498     531     530
     904  3  3      499     500     532
     905  3  3      499     532     531
     906  3  3      500     501     533
     907  3  3      500     533     532
     908  3  3      501     502     534
     909  3  3      501     534     533
     910  3  3      502     503     535
     911  3  3      502     535     534
     912  3  3      503     504     536
     913  3  3      503     536     535
     914  3  3      504     505     537
     915  3  3      504     537     536
     916  3  3      505     506     538
     917  3  3      505     538     537
     918  3  3      478     477     539
     919  3  3      539     477     523
     920  3  3      479     478     540
     921  3  3      540     478     539
     922  3  3      480     479     541
     923  3  3      541     479     540
     924  3  3      481     480     542
     925  3  3      542     480     541
     926  3  3      482     481     543
     927  3  3      543     481     542
     928  3  3      483     482     544
     929  3  3      544     482     543
     930  3  3      484     483     545
     931  3  3      545     483     544
     932  3  3      485     484     546
     933  3  3      546     484     545
     934  3  3      486     485     547
     935  3  3      547     485     546
     936  3  3      487     486     548
     937  3  3      548     486     547
     938  3  3      488     487     549
     939  3  3      549     487     548
     940  3  3      489     488     550
     941  3  3      550     488     549
     942  3  3      490     489     551
     943  3  3      551     489     550
     944  3  3      321     452     552
     945  3  3      321     552     435
     946  3  3      438     317     553
     947  3  3      553     317     440
     948  3  3      338     458     554
     949  3  3      338     554     433
     950  3  3      327     450     555
     951  3  3      327     555     436
     952  3  3      439     318     556
     953  3  3      556     318     436
     954  3  3      457     326     557
     955  3  3      557     326     437
     956  3  3      437     438     558
     957  3  3      437     558     557
     958  3  3      336     433     559
     959  3  3      336     559     443
     960  3  3      434     314     560
     961  3  3      560     314     435
     962  3  3      459     434     561
     963  3  3      561     434     560
     964  3  3      448     449     562
     965  3  3      448     562     563
     966  3  3      448     563     450
     967  3  3      449     447     564
     968  3  3      564     447     565
     969  3  3      565     447     446
     970  3  3      446     445     566
     971  3  3      446     566     565
     972  3  3      445     444     567
     973  3  3      445     567     566
     974  3  3      444     441     568
     975  3  3      444     568     567
     976  3  3      441     442     569
     977  3  3      441     569     568
     978  3  3      442     443     570
     979  3  3      442     570     569
     980  3  3      440     439     571
     981  3  3      571     439     572
     982  3  3      572     439     556
     983  3  3      451     453     573
     984  3  3      451     573     574
     985  3  3      451     574     452
     986  3  3      453     454     575
     987  3  3      453     575     573
     988  3  3      454     455     576
     989  3  3      454     576     575
     990  3  3      455     456     577
     991  3  3      455     577     576
     992  3  3      456     457     578
     993  3  3      456     578     577
     994  3  3      458     459     579
     995  3  3      579     459     580
     996  3  3      580     459     561
     997  3  3      509     461     581
     998  3  3      581     461     508
     999  3  3      490     551     582
    1000  3  3      490     582     508
    1001  3  3      463     462     583
    1002  3  3      583     462     509
    1003  3  3      507     463     584
    1004  3  3      584     463     583
    1005  3  3      506     507     585
    1006  3  3      506     585     538
    1007  3  3      512     510     586
    1008  3  3      586     510     587
    1009  3  3      587     510     511
    1010  3  3      520     512     588
    1011  3  3      588     512     586
    1012  3  3      511     513     589
    1013  3  3      511     589     587
    1014  3  3      513     514     590
    1015  3  3      513     590     589
    1016  3  3      514     515     591
    1017  3  3      514     591     590
    1018  3  3      515     516     592
    1019  3  3      515     592     591
    1020  3  3      516     517     593
    1021  3  3      516     593     592
    1022  3  3      517     518     594
    1023  3  3      517     594     593
    1024  3  3      521     520     595
    1025  3  3      595     520     588
    1026  3  3      522     521     596
    1027  3  3      596     521     595
    1028  3  3      523     522     597
    1029  3  3      597     522     596
    1030  3  3      539     523     598
    1031  3  3      598     523     597
    1032  3  3      540     539     599
    1033  3  3      599     539     598
    1034  3  3      541     540     600
    1035  3  3      600     540     599
    1036  3  3      542     541     601
    1037  3  3      601     541     600
    1038  3  3      543     542     602
    1039  3  3      602     542     601
    1040  3  3      544     543     603
    1041  3  3      603     543     602
    1042  3  3      545     544     604
    1043  3  3      604     544     603
    1044  3  3      546     545     605
    1045  3  3      605     545     604
    1046  3  3      547     546     606
    1047  3  3      606     546     605
    1048  3  3      548     547     607
    1049  3  3      607     547     606
    1050  3  3      549     548     608
    1051  3  3      608     548     607
    1052  3  3      550     549     609
    1053  3  3      609     549     608
    1054  3  3      551     550     610
    1055  3  3      610     550     609
    1056  3  3      518     519     611
    1057  3  3      518     611     594
    1058  3  3      519     524     612
    1059  3  3      519     612     611
    1060  3  3      524     525     613
    1061  3  3      524     613     612
    1062  3  3      525     526     614
    1063  3  3      525     614     613
    1064  3  3      526     527     615
    1065  3  3      526     615     614
    1066  3  3      527     528     616
    1067  3  3      527     616     615
    1068  3  3      528     529     617
    1069  3  3      528     617     616
    1070  3  3      529     530     618
    1071  3  3      529     618     617
    1072  3  3      530     531     619
    1073  3  3      530     619     618
    1074  3  3      531     532     620
    1075  3  3      531     620     619
    1076  3  3      532     533     621
    1077  3  3      532     621     620
    1078  3  3      533     534     622
    1079  3  3      533     622     621
    1080  3  3      534     535     623
    1081  3  3      534     623     622
    1082  3  3      535     536     624
    1083  3  3      535     624     623
    1084  3  3      536     537     625
    1085  3  3      536     625     624
    1086  3  3      537     538     626
    1087  3  3      537     626     625
    1088  3  3      585     507     627
    1089  3  3      627     507     584
    1090  3  3      581     508     628
    1091  3  3      628     508     582
    1092  3  3      538     585     629
    1093  3  3      538     629     626
    1094  3  3      582     551     630
    1095  3  3      630     551     610
    1096  3  3      583     509     631
    1097  3  3      631     509     581
    1098  3  3      584     583     632
    1099  3  3      632     583     631
    1100  3  3      588     586     633
    1101  3  3      633     586     634
    1102  3  3      634     586     587
    1103  3  3      595     588     635
    1104  3  3      635     588     633
    1105  3  3      587     589     636
    1106  3  3      587     636     634
    1107  3  3      589     590     637
    1108  3  3      589     637     636
    1109  3  3      590     591     638
    1110  3  3      590     638     637
    1111  3  3      591     592     639
    1112  3  3      591     639     638
    1113  3  3      592     593     640
    1114  3  3      592     640     639
    1115  3  3      593     594     641
    1116  3  3      593     641     640
    1117  3  3      594     611     642
    1118  3  3      594     642     641
    1119  3  3      611     612     643
    1120  3  3      611     643     642
    1121  3  3      612     613     644
    1122  3  3      612     644     643
    1123  3  3      613     614     645
    1124  3  3      613     645     644
    1125  3  3      614     615     646
    1126  3  3      614     646     645
    1127  3  3      615     616     647
    1128  3  3      615     647     646
    1129  3  3      616     617     648
    1130  3  3      616     648     647
    1131  3  3      617     618     649
    1132  3  3      617     649     648
    1133  3  3      618     619     650
    1134  3  3      618     650     649
    1135  3  3      619     620     651
    1136  3  3      619     651     650
    1137  3  3      620     621     652
    1138  3  3      620     652     651
    1139  3  3      621     622     653
    1140  3  3      621     653     652
    1141  3  3      622     623     654
    1142  3  3      622     654     653
    1143  3  3      623     624     655
    1144  3  3      623     655     654
    1145  3  3      624     625     656
    1146  3  3      624     656     655
    1147  3  3      625     626     657
    1148  3  3      625     657     656
    1149  3  3      596     595     658
    1150  3  3      658     595     635
    1151  3  3      597     596     659
    1152  3  3      659     596     658
    1153  3  3      598     597     660
    1154  3  3      660     597     659
    1155  3  3      599     598     661
    1156  3  3      661     598     660
    1157  3  3      600     599     662
    1158  3  3      662     599     661
    1159  3  3      601     600     663
    1160  3  3      663     600     662
    1161  3  3      602     601     664
    1162  3  3      664     601     663
    1163  3  3      603     602     665
    1164  3  3      665     602     664
    1165  3  3      604     603     666
    1166  3  3      666     603     665
    1167  3  3      605     604     667
    1168  3  3      667     604     666
    1169  3  3      606     605     668
    1170  3  3      668     605     667
    1171  3  3      607     606     669
    1172  3  3      669     606     668
    1173  3  3      608     607     670
    1174  3  3      670     607     669
    1175  3  3      609     608     671
    1176  3  3      671     608     670
    1177  3  3      610     609     672
    1178  3  3      672     609     671
    1179  3  3      555     450     673
    1180  3  3      673     450     563
    1181  3  3      552     452     674
    1182  3  3      674     452     574
    1183  3  3      560     435     675
    1184  3  3      675     435     552
    1185  3  3      440     571     676
    1186  3  3      440     676     553
    1187  3  3      438     553     677
    1188  3  3      438     677     558
    1189  3  3      562     449     678
    1190  3  3      678     449     564
    1191  3  3      458     579     679
    1192  3  3      458     679     554
    1193  3  3      570     443     680
    1194  3  3      680     443     559
    1195  3  3      433     554     681
    1196  3  3      433     681     559
    1197  3  3      578     457     682
    1198  3  3      682     457     557
    1199  3  3      557     558     683
    1200  3  3      557     683     682
    1201  3  3      436     555     684
    1202  3  3      436     684     556
    1203  3  3      572     556     685
    1204  3  3      685     556     684
    1205  3  3      561     560     686
    1206  3  3      686     560     675
    1207  3  3      580     561     687
    1208  3  3      687     561     686
    1209  3  3      563     562     688
    1210  3  3      688     562     689
    1211  3  3      689     562     678
    1212  3  3      564     565     690
    1213  3  3      564     690     691
    1214  3  3      564     691     678
    1215  3  3      565     566     692
    1216  3  3      565     692     690
    1217  3  3      566     567     693
    1218  3  3      566     693     692
    1219  3  3      567     568     694
    1220  3  3      567     694     693
    1221  3  3      568     569     695
    1222  3  3      568     695     694
    1223  3  3      569     570     696
    1224  3  3      569     696     695
    1225  3  3      571     572     697
    1226  3  3      571     697     698
    1227  3  3      571     698     676
    1228  3  3      574     573     699
    1229  3  3      699     573     700
    1230  3  3      700     573     575
    1231  3  3      575     576     701
    1232  3  3      575     701     700
    1233  3  3      576     577     702
    1234  3  3      576     702     701
    1235  3  3      577     578     703
    1236  3  3      577     703     702
    1237  3  3      579     580     704
    1238  3  3      704     580     705
    1239  3  3      705     580     687
    1240  3  3      584     632     706
    1241  3  3      584     706     627
    1242  3  3      629     585     707
    1243  3  3      707     585     627
    1244  3  3      631     581     708
    1245  3  3      708     581     628
    1246  3  3      582     630     709
    1247  3  3      582     709     628
    1248  3  3      610     672     710
    1249  3  3      610     710     630
    1250  3  3      626     629     711
    1251  3  3      626     711     657
    1252  3  3      632     631     712
    1253  3  3      712     631     708
    1254  3  3      638     639     713
    1255  3  3      713     639     714
    1256  3  3      714     639     640
    1257  3  3      640     641     715
    1258  3  3      640     715     714
    1259  3  3      641     642     716
    1260  3  3      641     716     715
    1261  3  3      637     638     717
    1262  3  3      717     638     713
    1263  3  3      642     643     718
    1264  3  3      642     718     716
    1265  3  3      643     644     719
    1266  3  3      643     719     718
    1267  3  3      644     645     720
    1268  3  3      644     720     719
    1269  3  3      636     637     721
    1270  3  3      721     637     717
    1271  3  3      634     636     722
    1272  3  3      722     636     721
    1273  3  3      645     646     723
    1274  3  3      645     723     720
    1275  3  3      646     647     724
    1276  3  3      646     724     723
    1277  3  3      647     648     725
    1278  3  3      647     725     724
    1279  3  3      648     649     726
    1280  3  3      648     726     725
    1281  3  3      649     650     727
    1282  3  3      649     727     726
    1283  3  3      650     651     728
    1284  3  3      650     728     727
    1285  3  3      651     652     729
    1286  3  3      651     729     728
    1287  3  3      652     653     730
    1288  3  3      652     730     729
    1289  3  3      653     654     731
    1290  3  3      653     731     730
    1291  3  3      654     655     732
    1292  3  3      654     732     731
    1293  3  3      655     656     733
    1294  3  3      655     733     732
    1295  3  3      656     657     734
    1296  3  3      656     734     733
    1297  3  3      633     634     735
    1298  3  3      735     634     722
    1299  3  3      635     633     736
    1300  3  3      736     633     735
    1301  3  3      658     635     737
    1302  3  3      737     635     736
    1303  3  3      659     658     738
    1304  3  3      738     658     737
    1305  3  3      660     659     739
    1306  3  3      739     659     738
    1307  3  3      661     660     740
    1308  3  3      740     660     739
    1309  3  3      662     661     741
    1310  3  3      741     661     740
    1311  3  3      663     662     742
    1312  3  3      742     662     741
    1313  3  3      664     663     743
    1314  3  3      743     663     742
    1315  3  3      665     664     744
    1316  3  3      744     664     743
    1317  3  3      666     665     745
    1318  3  3      745     665     744
    1319  3  3      667     666     746
    1320  3  3      746     666     745
    1321  3  3      668     667     747
    1322  3  3      747     667     746
    1323  3  3      669     668     748
    1324  3  3      748     668     747
    1325  3  3      670     669     749
    1326  3  3      749     669     748
    1327  3  3      671     670     750
    1328  3  3      750     670     749
    1329  3  3      672     671     751
    1330  3  3      751     671     750
    1331  3  3      706     632     712
    1332  3  3      707     627     752
    1333  3  3      752     627     706
    1334  3  3      628     709     753
    1335  3  3      628     753     708
    1336  3  3      712     708     754
    1337  3  3      754     708     753
    1338  3  3      629     707     755
    1339  3  3      629     755     711
    1340  3  3      734     657     756
    1341  3  3      756     657     711
    1342  3  3      710     672     757
    1343  3  3      757     672     751
    1344  3  3      709     630     758
    1345  3  3      758     630     710
    1346  3  3      737     736     759
    1347  3  3      759     736     760
    1348  3  3      760     736     735
    1349  3  3      735     722     761
    1350  3  3      735     761     760
    1351  3  3      738     737     762
    1352  3  3      762     737     759
    1353  3  3      739     738     763
    1354  3  3      763     738     762
    1355  3  3      740     739     764
    1356  3  3      764     739     763
    1357  3  3      741     740     765
    1358  3  3      765     740     764
    1359  3  3      742     741     766
    1360  3  3      766     741     765
    1361  3  3      722     721     767
    1362  3  3      722     767     761
    1363  3  3      721     717     768
    1364  3  3      721     768     767
    1365  3  3      717     713     769
    1366  3  3      717     769     768
    1367  3  3      713     714     770
    1368  3  3      713     770     769
    1369  3  3      714     715     771
    1370  3  3      714     771     770
    1371  3  3      715     716     772
    1372  3  3      715     772     771
    1373  3  3      716     718     773
    1374  3  3      716     773     772
    1375  3  3      718     719     774
    1376  3  3      718     774     773
    1377  3  3      719     720     775
    1378  3  3      719     775     774
    1379  3  3      720     723     776
    1380  3  3      720     776     775
    1381  3  3      723     724     777
    1382  3  3      723     777     776
    1383  3  3      724     725     778
    1384  3  3      724     778     777
    1385  3  3      725     726     779
    1386  3  3      725     779     778
    1387  3  3      726     727     780
    1388  3  3      726     780     779
    1389  3  3      727     728     781
    1390  3  3      727     781     780
    1391  3  3      728     729     782
    1392  3  3      728     782     781
    1393  3  3      729     730     783
    1394  3  3      729     783     782
    1395  3  3      730     731     784
    1396  3  3      730     784     783
    1397  3  3      731     732     785
    1398  3  3      731     785     784
    1399  3  3      732     733     786
    1400  3  3      732     786     785
    1401  3  3      733     734     787
    1402  3  3      733     787     786
    1403  3  3      743     742     788
    1404  3  3      788     742     766
    1405  3  3      744     743     789
    1406  3  3      789     743     788
    1407  3  3      745     744     790
    1408  3  3      790     744     789
    1409  3  3      746     745     791
    1410  3  3      791     745     790
    1411  3  3      747     746     792
    1412  3  3      792     746     791
    1413  3  3      748     747     793
    1414  3  3      793     747     792
    1415  3  3      749     748     794
    1416  3  3      794     748     793
    1417  3  3      750     749     795
    1418  3  3      795     749     794
    1419  3  3      751     750     796
    1420  3  3      796     750     795
    1421  3  3      678     691     689
    1422  3  3      555     673     797
    1423  3  3      555     797     684
    1424  3  3      673     563     798
    1425  3  3      798     563     688
    1426  3  3      552     674     799
    1427  3  3      552     799     675
    1428  3  3      686     675     800
    1429  3  3      800     675     799
    1430  3  3      696     570     801
    1431  3  3      801     570     680
    1432  3  3      677     553     802
    1433  3  3      802     553     676
    1434  3  3      676     698     803
    1435  3  3      676     803     802
    1436  3  3      579     704     804
    1437  3  3      579     804     679
    1438  3  3      554     679     805
    1439  3  3      554     805     681
    1440  3  3      674     574     806
    1441  3  3      806     574     699
    1442  3  3      685     684     807
    1443  3  3      807     684     797
    1444  3  3      683     558     808
    1445  3  3      808     558     677
    1446  3  3      697     572     809
    1447  3  3      809     572     685
    1448  3  3      578     682     810
    1449  3  3      578     810     703
    1450  3  3      682     683     811
    1451  3  3      682     811     810
    1452  3  3      687     686     812
    1453  3  3      812     686     800
    1454  3  3      705     687     813
    1455  3  3      813     687     812
    1456  3  3      559     681     814
    1457  3  3      559     814     680
    1458  3  3      688     689     815
    1459  3  3      688     815     816
    1460  3  3      688     816     798
    1461  3  3      691     690     817
    1462  3  3      817     690     818
    1463  3  3      818     690     692
    1464  3  3      692     693     819
    1465  3  3      692     819     818
    1466  3  3      693     694     820
    1467  3  3      693     820     819
    1468  3  3      694     695     821
    1469  3  3      694     821     820
    1470  3  3      695     696     822
    1471  3  3      695     822     821
    1472  3  3      699     700     823
    1473  3  3      699     823     824
    1474  3  3      699     824     806
    1475  3  3      700     701     825
    1476  3  3      700     825     823
    1477  3  3      701     702     826
    1478  3  3      701     826     825
    1479  3  3      702     703     827
    1480  3  3      702     827     826
    1481  3  3      698     697     828
    1482  3  3      828     697     829
    1483  3  3      829     697     809
    1484  3  3      704     705     830
    1485  3  3      704     830     831
    1486  3  3      704     831     804
    1487  3  3      755     707     832
    1488  3  3      832     707     752
    1489  3  3      709     758     833
    1490  3  3      709     833     753
    1491  3  3      754     753     834
    1492  3  3      834     753     833
    1493  3  3      710     757     835
    1494  3  3      710     835     758
    1495  3  3      751     796     836
    1496  3  3      751     836     757
    1497  3  3      734     756     837
    1498  3  3      734     837     787
    1499  3  3      756     711     838
    1500  3  3      838     711     755
    1501  3  3      752     706     839
    1502  3  3      839     706     840
    1503  3  3      840     706     712
    1504  3  3      712     754     841
    1505  3  3      712     841     840
    1506  3  3      768     769     842
    1507  3  3      842     769     843
    1508  3  3      843     769     770
    1509  3  3      767     768     844
    1510  3  3      844     768     842
    1511  3  3      770     771     845
    1512  3  3      770     845     843
    1513  3  3      771     772     846
    1514  3  3      771     846     845
    1515  3  3      772     773     847
    1516  3  3      772     847     846
    1517  3  3      773     774     848
    1518  3  3      773     848     847
    1519  3  3      774     775     849
    1520  3  3      774     849     848
    1521  3  3      775     776     850
    1522  3  3      775     850     849
    1523  3  3      776     777     851
    1524  3  3      776     851     850
    1525  3  3      777     778     852
    1526  3  3      777     852     851
    1527  3  3      778     779     853
    1528  3  3      778     853     852
    1529  3  3      779     780     854
    1530  3  3      779     854     853
    1531  3  3      780     781     855
    1532  3  3      780     855     854
    1533  3  3      781     782     856
    1534  3  3      781     856     855
    1535  3  3      782     783     857
    1536  3  3      782     857     856
    1537  3  3      783     784     858
    1538  3  3      783     858     857
    1539  3  3      784     785     859
    1540  3  3      784     859     858
    1541  3  3      785     786     860
    1542  3  3      785     860     859
    1543  3  3      786     787     861
    1544  3  3      786     861     860
    1545  3  3      761     767     862
    1546  3  3      862     767     844
    1547  3  3      760     761     863
    1548  3  3      863     761     862
    1549  3  3      759     760     864
    1550  3  3      864     760     863
    1551  3  3      762     759     865
    1552  3  3      865     759     864
    1553  3  3      763     762     866
    1554  3  3      866     762     865
    1555  3  3      764     763     867
    1556  3  3      867     763     866
    1557  3  3      765     764     868
    1558  3  3      868     764     867
    1559  3  3      766     765     869
    1560  3  3      869     765     868
    1561  3  3      788     766     870
    1562  3  3      870     766     869
    1563  3  3      789     788     871
    1564  3  3      871     788     870
    1565  3  3      790     789     872
    1566  3  3      872     789     871
    1567  3  3      791     790     873
    1568  3  3      873     790     872
    1569  3  3      792     791     874
    1570  3  3      874     791     873
    1571  3  3      793     792     875
    1572  3  3      875     792     874
    1573  3  3      794     793     876
    1574  3  3      876     793     875
    1575  3  3      795     794     877
    1576  3  3      877     794     876
    1577  3  3      796     795     878
    1578  3  3      878     795     877
    1579  3  3      752     839     879
    1580  3  3      752     879     832
    1581  3  3      754     834     880
    1582  3  3      754     880     841
    1583  3  3      755     832     881
    1584  3  3      755     881     838
    1585  3  3      787     837     882
    1586  3  3      787     882     861
    1587  3  3      837     756     883
    1588  3  3      883     756     838
    1589  3  3      836     796     884
    1590  3  3      884     796     878
    1591  3  3      757     836     885
    1592  3  3      757     885     835
    1593  3  3      758     835     886
    1594  3  3      758     886     833
    1595  3  3      834     833     887
    1596  3  3      887     833     886
    1597  3  3      839     840     888
    1598  3  3      839     888     879
    1599  3  3      840     841     888
    1600  3  3      844     842     889
    1601  3  3      889     842     890
    1602  3  3      890     842     843
    1603  3  3      862     844     891
    1604  3  3      891     844     889
    1605  3  3      843     845     892
    1606  3  3      843     892     890
    1607  3  3      845     846     893
    1608  3  3      845     893     892
    1609  3  3      846     847     894
    1610  3  3      846     894     893
    1611  3  3      847     848     895
    1612  3  3      847     895     894
    1613  3  3      848     849     896
    1614  3  3      848     896     895
    1615  3  3      849     850     897
    1616  3  3      849     897     896
    1617  3  3      850     851     898
    1618  3  3      850     898     897
    1619  3  3      851     852     899
    1620  3  3      851     899     898
    1621  3  3      852     853     900
    1622  3  3      852     900     899
    1623  3  3      853     854     901
    1624  3  3      853     901     900
    1625  3  3      854     855     902
    1626  3  3      854     902     901
    1627  3  3      855     856     903
    1628  3  3      855     903     902
    1629  3  3      856     857     904
    1630  3  3      856     904     903
    1631  3  3      857     858     905
    1632  3  3      857     905     904
    1633  3  3      858     859     906
    1634  3  3      858     906     905
    1635  3  3      859     860     907
    1636  3  3      859     907     906
    1637  3  3      860     861     908
    1638  3  3      860     908     907
    1639  3  3      863     862     909
    1640  3  3      909     862     891
    1641  3  3      864     863     910
    1642  3  3      910     863     909
    1643  3  3      865     864     911
    1644  3  3      911     864     910
    1645  3  3      866     865     912
    1646  3  3      912     865     911
    1647  3  3      867     866     913
    1648  3  3      913     866     912
    1649  3  3      868     867     914
    1650  3  3      914     867     913
    1651  3  3      869     868     915
    1652  3  3      915     868     914
    1653  3  3      870     869     916
    1654  3  3      916     869     915
    1655  3  3      871     870     917
    1656  3  3      917     870     916
    1657  3  3      872     871     918
    1658  3  3      918     871     917
    1659  3  3      873     872     919
    1660  3  3      919     872     918
    1661  3  3      874     873     920
    1662  3  3      920     873     919
    1663  3  3      875     874     921
    1664  3  3      921     874     920
    1665  3  3      876     875     922
    1666  3  3      922     875     921
    1667  3  3      877     876     923
    1668  3  3      923     876     922
    1669  3  3      878     877     924
    1670  3  3      924     877     923
    1671  3  3      822     696     925
    1672  3  3      925     696     801
    1673  3  3      673     798     926
    1674  3  3      673     926     797
    1675  3  3      798     816     927
    1676  3  3      798     927     926
    1677  3  3      805     679     928
    1678  3  3      928     679     804
    1679  3  3      804     831     929
    1680  3  3      804     929     928
    1681  3  3      807     797     930
    1682  3  3      930     797     926
    1683  3  3      809     685     931
    1684  3  3      931     685     807
    1685  3  3      680     814     932
    1686  3  3      680     932     801
    1687  3  3      698     828     933
    1688  3  3      698     933     803
    1689  3  3      830     705     934
    1690  3  3      934     705     813
    1691  3  3      829     809     935
    1692  3  3      935     809     931
    1693  3  3      814     681     936
    1694  3  3      936     681     805
    1695  3  3      674     806     937
    1696  3  3      674     937     799
    1697  3  3      806     824     938
    1698  3  3      806     938     937
    1699  3  3      683     808     939
    1700  3  3      683     939     811
    1701  3  3      800     799     940
    1702  3  3      940     799     937
    1703  3  3      812     800     941
    1704  3  3      941     800     940
    1705  3  3      677     802     942
    1706  3  3      677     942     808
    1707  3  3      802     803     943
    1708  3  3      802     943     942
    1709  3  3      827     703     944
    1710  3  3      944     703     810
    1711  3  3      810     811     945
    1712  3  3      810     945     944
    1713  3  3      813     812     946
    1714  3  3      946     812     941
    1715  3  3      815     689     947
    1716  3  3      947     689     948
    1717  3  3      948     689     691
    1718  3  3      691     817     948
    1719  3  3      816     815     949
    1720  3  3      949     815     950
    1721  3  3      950     815     947
    1722  3  3      831     830     951
    1723  3  3      831     951     952
    1724  3  3      831     952     929
    1725  3  3      828     829     953
    1726  3  3      828     953     954
    1727  3  3      828     954     933
    1728  3  3      824     823     955
    1729  3  3      955     823     956
    1730  3  3      956     823     825
    1731  3  3      825     826     957
    1732  3  3      825     957     956
    1733  3  3      826     827     958
    1734  3  3      826     958     957
    1735  3  3      821     822     959
    1736  3  3      959     822     960
    1737  3  3      960     822     925
    1738  3  3      820     821     961
    1739  3  3      961     821     959
    1740  3  3      819     820     962
    1741  3  3      962     820     961
    1742  3  3      818     819     963
    1743  3  3      963     819     962
    1744  3  3      817     818     964
    1745  3  3      964     818     963
    1746  3  3      888     841     965
    1747  3  3      965     841     880
    1748  3  3      834     887     966
    1749  3  3      834     966     880
    1750  3  3      832     879     967
    1751  3  3      832     967     881
    1752  3  3      838     881     968
    1753  3  3      838     968     883
    1754  3  3      879     888     969
    1755  3  3      879     969     967
    1756  3  3      884     878     970
    1757  3  3      970     878     924
    1758  3  3      835     885     971
    1759  3  3      835     971     886
    1760  3  3      836     884     972
    1761  3  3      836     972     885
    1762  3  3      861     882     973
    1763  3  3      861     973     908
    1764  3  3      882     837     974
    1765  3  3      974     837     883
    1766  3  3      887     886     975
    1767  3  3      975     886     971
    1768  3  3      889     890     976
    1769  3  3      889     976     977
    1770  3  3      889     977     891
    1771  3  3      909     891     978
    1772  3  3      978     891     977
    1773  3  3      910     909     979
    1774  3  3      979     909     978
    1775  3  3      911     910     980
    1776  3  3      980     910     979
    1777  3  3      912     911     981
    1778  3  3      981     911     980
    1779  3  3      913     912     982
    1780  3  3      982     912     981
    1781  3  3      914     913     983
    1782  3  3      983     913     982
    1783  3  3      915     914     984
    1784  3  3      984     914     983
    1785  3  3      916     915     985
    1786  3  3      985     915     984
    1787  3  3      917     916     986
    1788  3  3      986     916     985
    1789  3  3      918     917     987
    1790  3  3      987     917     986
    1791  3  3      890     892     988
    1792  3  3      890     988     976
    1793  3  3      892     893     989
    1794  3  3      892     989     988
    1795  3  3      893     894     990
    1796  3  3      893     990     989
    1797  3  3      894     895     991
    1798  3  3      894     991     990
    1799  3  3      895     896     992
    1800  3  3      895     992     991
    1801  3  3      896     897     993
    1802  3  3      896     993     992
    1803  3  3      897     898     994
    1804  3  3      897     994     993
    1805  3  3      898     899     995
    1806  3  3      898     995     994
    1807  3  3      899     900     996
    1808  3  3      899     996     995
    1809  3  3      900     901     997
    1810  3  3      900     997     996
    1811  3  3      901     902     998
    1812  3  3      901     998     997
    1813  3  3      902     903     999
    1814  3  3      902     999     998
    1815  3  3      903     904    1000
    1816  3  3      903    1000     999
    1817  3  3      904     905    1001
    1818  3  3      904    1001    1000
    1819  3  3      905     906    1002
    1820  3  3      905    1002    1001
    1821  3  3      906     907    1003
    1822  3  3      906    1003    1002
    1823  3  3      907     908    1004
    1824  3  3      907    1004    1003
    1825  3  3      919     918    1005
    1826  3  3     1005     918     987
    1827  3  3      920     919    1006
    1828  3  3     1006     919    1005
    1829  3  3      921     920    1007
    1830  3  3     1007     920    1006
    1831  3  3      922     921    1008
    1832  3  3     1008     921    1007
    1833  3  3      923     922    1009
    1834  3  3     1009     922    1008
    1835  3  3      924     923    1010
    1836  3  3     1010     923    1009
    1837  3  3      887     975    1011
    1838  3  3      887    1011     966
    1839  3  3      880     966    1012
    1840  3  3      880    1012     965
    1841  3  3     1004     908    1013
    1842  3  3     1013     908     973
    1843  3  3      888     965    1014
    1844  3  3      888    1014     969
    1845  3  3      974     883    1015
    1846  3  3     1015     883     968
    1847  3  3      968     881    1016
    1848  3  3     1016     881     967
    1849  3  3      884     970    1017
    1850  3  3      884    1017     972
    1851  3  3      882     974    1018
    1852  3  3      882    1018     973
    1853  3  3      970     924    1019
    1854  3  3     1019     924    1010
    1855  3  3      885     972    1020
    1856  3  3      885    1020     971
    1857  3  3      975     971    1021
    1858  3  3     1021     971    1020
    1859  3  3      967     969    1022
    1860  3  3      967    1022    1023
    1861  3  3      967    1023    1016
    1862  3  3      978     977    1024
    1863  3  3      978    1024    1025
    1864  3  3      978    1025     979
    1865  3  3      980     979    1026
    1866  3  3     1026     979    1025
    1867  3  3      977     976    1027
    1868  3  3      977    1027    1024
    1869  3  3      976     988    1028
    1870  3  3      976    1028    1027
    1871  3  3      981     980    1029
    1872  3  3     1029     980    1026
    1873  3  3      982     981    1030
    1874  3  3     1030     981    1029
    1875  3  3      983     982    1031
    1876  3  3     1031     982    1030
    1877  3  3      984     983    1032
    1878  3  3     1032     983    1031
    1879  3  3      985     984    1033
    1880  3  3     1033     984    1032
    1881  3  3      986     985    1034
    1882  3  3     1034     985    1033
    1883  3  3      987     986    1035
    1884  3  3     1035     986    1034
    1885  3  3     1005     987    1036
    1886  3  3     1036     987    1035
    1887  3  3     1006    1005    1037
    1888  3  3     1037    1005    1036
    1889  3  3     1007    1006    1038
    1890  3  3     1038    1006    1037
    1891  3  3     1008    1007    1039
    1892  3  3     1039    1007    1038
    1893  3  3     1009    1008    1040
    1894  3  3     1040    1008    1039
    1895  3  3     1010    1009    1041
    1896  3  3     1041    1009    1040
    1897  3  3      988     989    1042
    1898  3  3      988    1042    1028
    1899  3  3      989     990    1043
    1900  3  3      989    1043    1042
    1901  3  3      990     991    1044
    1902  3  3      990    1044    1043
    1903  3  3      991     992    1045
    1904  3  3      991    1045    1044
    1905  3  3      992     993    1046
    1906  3  3      992    1046    1045
    1907  3  3      993     994    1047
    1908  3  3      993    1047    1046
    1909  3  3      994     995    1048
    1910  3  3      994    1048    1047
    1911  3  3      995     996    1049
    1912  3  3      995    1049    1048
    1913  3  3      996     997    1050
    1914  3  3      996    1050    1049
    1915  3  3      997     998    1051
    1916  3  3      997    1051    1050
    1917  3  3      998     999    1052
    1918  3  3      998    1052    1051
    1919  3  3      999    1000    1053
    1920  3  3      999    1053    1052
    1921  3  3     1000    1001    1054
    1922  3  3     1000    1054    1053
    1923  3  3     1001    1002    1055
    1924  3  3     1001    1055    1054
    1925  3  3     1002    1003    1056
    1926  3  3     1002    1056    1055
    1927  3  3     1003    1004    1057
    1928  3  3     1003    1057    1056
    1929  3  3      948     817    1058
    1930  3  3     1058     817     964
    1931  3  3      927     816    1059
    1932  3  3     1059     816     949
    1933  3  3      805     928    1060
    1934  3  3      805    1060     936
    1935  3  3      928     929    1061
    1936  3  3      928    1061    1060
    1937  3  3      929     952    1062
    1938  3  3      929    1062    1061
    1939  3  3      930     926    1063
    1940  3  3     1063     926     927
    1941  3  3      803     933    1064
    1942  3  3      803    1064     943
    1943  3  3      933     954    1065
    1944  3  3      933    1065    1064
    1945  3  3      951     830    1066
    1946  3  3     1066     830     934
    1947  3  3      813     946    1067
    1948  3  3      813    1067     934
    1949  3  3      801     932    1068
    1950  3  3      801    1068     925
    1951  3  3      960     925    1069
    1952  3  3     1069     925    1068
    1953  3  3      807     930    1070
    1954  3  3      807    1070     931
    1955  3  3      935     931    1071
    1956  3  3     1071     931    1070
    1957  3  3      947     948    1072
    1958  3  3     1072     948    1058
    1959  3  3      950     947    1072
    1960  3  3      937     938    1073
    1961  3  3      937    1073     940
    1962  3  3      945     811    1074
    1963  3  3     1074     811     939
    1964  3  3      939     808    1075
    1965  3  3     1075     808     942
    1966  3  3      942     943    1076
    1967  3  3      942    1076    1075
    1968  3  3      938     824    1077
    1969  3  3     1077     824     955
    1970  3  3      953     829    1078
    1971  3  3     1078     829     935
    1972  3  3      941     940    1079
    1973  3  3     1079     940    1073
    1974  3  3      946     941    1080
    1975  3  3     1080     941    1079
    1976  3  3      958     827    1081
    1977  3  3     1081     827     944
    1978  3  3      944     945    1082
    1979  3  3      944    1082    1081
    1980  3  3      932     814    1083
    1981  3  3     1083     814    1084
    1982  3  3     1084     814     936
    1983  3  3      949     950    1085
    1984  3  3      949    1085    1086
    1985  3  3      949    1086    1059
    1986  3  3      952     951    1087
    1987  3  3     1087     951    1088
    1988  3  3     1088     951    1066
    1989  3  3      961     959    1089
    1990  3  3     1089     959    1090
    1991  3  3     1090     959     960
    1992  3  3      962     961    1091
    1993  3  3     1091     961    1089
    1994  3  3      963     962    1092
    1995  3  3     1092     962    1091
    1996  3  3      964     963    1093
    1997  3  3     1093     963    1092
    1998  3  3      954     953    1094
    1999  3  3     1094     953    1095
    2000  3  3     1095     953    1078
    2001  3  3      957     958    1096
    2002  3  3     1096     958    1097
    2003  3  3     1097     958    1081
    2004  3  3      956     957    1098
    2005  3  3     1098     957    1096
    2006  3  3      955     956    1099
    2007  3  3     1099     956    1098
    2008  3  3      965    1012    1014
    2009  3  3     1015     968    1100
    2010  3  3     1100     968    1016
    2011  3  3     1016    1023    1100
    2012  3  3      969    1014    1101
    2013  3  3      969    1101    1022
    2014  3  3      975    1021    1102
    2015  3  3      975    1102    1011
    2016  3  3     1012     966    1103
    2017  3  3     1103     966    1011
    2018  3  3      970    1019    1104
    2019  3  3      970    1104    1017
    2020  3  3     1004    1013    1105
    2021  3  3     1004    1105    1057
    2022  3  3     1010    1041    1106
    2023  3  3     1010    1106    1019
    2024  3  3     1020     972    1107
    2025  3  3     1107     972    1017
    2026  3  3      973    1018    1108
    2027  3  3      973    1108    1013
    2028  3  3     1021    1020    1109
    2029  3  3     1109    1020    1107
    2030  3  3      974    1015    1110
    2031  3  3      974    1110    1018
    2032  3  3     1023    1022    1111
    2033  3  3     1111    1022    1112
    2034  3  3     1112    1022    1101
    2035  3  3     1043    1044    1113
    2036  3  3     1113    1044    1114
    2037  3  3     1114    1044    1045
    2038  3  3     1045    1046    1115
    2039  3  3     1045    1115    1114
    2040  3  3     1046    1047    1116
    2041  3  3     1046    1116    1115
    2042  3  3     1042    1043    1117
    2043  3  3     1117    1043    1113
    2044  3  3     1047    1048    1118
    2045  3  3     1047    1118    1116
    2046  3  3     1048    1049    1119
    2047  3  3     1048    1119    1118
    2048  3  3     1049    1050    1120
    2049  3  3     1049    1120    1119
    2050  3  3     1050    1051    1121
    2051  3  3     1050    1121    1120
    2052  3  3     1051    1052    1122
    2053  3  3     1051    1122    1121
    2054  3  3     1052    1053    1123
    2055  3  3     1052    1123    1122
    2056  3  3     1053    1054    1124
    2057  3  3     1053    1124    1123
    2058  3  3     1054    1055    1125
    2059  3  3     1054    1125    1124
    2060  3  3     1055    1056    1126
    2061  3  3     1055    1126    1125
    2062  3  3     1056    1057    1127
    2063  3  3     1056    1127    1126
    2064  3  3     1028    1042    1128
    2065  3  3     1128    1042    1117
    2066  3  3     1027    1028    1129
    2067  3  3     1129    1028    1128
    2068  3  3     1024    1027    1130
    2069  3  3     1130    1027    1129
    2070  3  3     1025    1024    1131
    2071  3  3     1131    1024    1130
    2072  3  3     1026    1025    1132
    2073  3  3     1132    1025    1131
    2074  3  3     1029    1026    1133
    2075  3  3     1133    1026    1132
    2076  3  3     1030    1029    1134
    2077  3  3     1134    1029    1133
    2078  3  3     1031    1030    1135
    2079  3  3     1135    1030    1134
    2080  3  3     1032    1031    1136
    2081  3  3     1136    1031    1135
    2082  3  3     1033    1032    1137
    2083  3  3     1137    1032    1136
    2084  3  3     1034    1033    1138
    2085  3  3     1138    1033    1137
    2086  3  3     1035    1034    1139
    2087  3  3     1139    1034    1138
    2088  3  3     1036    1035    1140
    2089  3  3     1140    1035    1139
    2090  3  3     1037    1036    1141
    2091  3  3     1141    1036    1140
    2092  3  3     1038    1037    1142
    2093  3  3     1142    1037    1141
    2094  3  3     1039    1038    1143
    2095  3  3     1143    1038    1142
    2096  3  3     1040    1039    1144
    2097  3  3     1144    1039    1143
    2098  3  3     1041    1040    1145
    2099  3  3     1145    1040    1144
    2100  3  3     1015    1100    1146
    2101  3  3     1015    1146    1110
    2102  3  3     1105    1013    1147
    2103  3  3     1147    1013    1108
    2104  3  3     1106    1041    1148
    2105  3  3     1148    1041    1145
    2106  3  3     1102    1021    1149
    2107  3  3     1149    1021    1109
    2108  3  3     1017    1104    1150
    2109  3  3     1017    1150    1107
    2110  3  3     1014    1012    1151
    2111  3  3     1151    1012    1103
    2112  3  3     1101    1014    1151
    2113  3  3     1112    1101    1152
    2114  3  3     1152    1101    1151
    2115  3  3     1057    1105    1153
    2116  3  3     1057    1153    1127
    2117  3  3     1018    1110    1154
    2118  3  3     1018    1154    1108
    2119  3  3     1019    1106    1155
    2120  3  3     1019    1155    1104
    2121  3  3     1109    1107    1156
    2122  3  3     1156    1107    1150
    2123  3  3     1011    1102    1157
    2124  3  3     1011    1157    1103
    2125  3  3     1023    1111    1158
    2126  3  3     1023    1158    1100
    2127  3  3     1142    1141    1159
    2128  3  3     1142    1159    1160
    2129  3  3     1142    1160    1143
    2130  3  3     1144    1143    1161
    2131  3  3     1161    1143    1160
    2132  3  3     1145    1144    1162
    2133  3  3     1162    1144    1161
    2134  3  3     1141    1140    1163
    2135  3  3     1141    1163    1159
    2136  3  3     1140    1139    1164
    2137  3  3     1140    1164    1163
    2138  3  3     1139    1138    1165
    2139  3  3     1139    1165    1164
    2140  3  3     1138    1137    1166
    2141  3  3     1138    1166    1165
    2142  3  3     1137    1136    1167
    2143  3  3     1137    1167    1166
    2144  3  3     1136    1135    1168
    2145  3  3     1136    1168    1167
    2146  3  3     1135    1134    1169
    2147  3  3     1135    1169    1168
    2148  3  3     1134    1133    1170
    2149  3  3     1134    1170    1169
    2150  3  3     1133    1132    1171
    2151  3  3     1133    1171    1170
    2152  3  3     1132    1131    1095
    2153  3  3     1132    1095    1171
    2154  3  3     1131    1130    1172
    2155  3  3     1131    1172    1095
    2156  3  3     1130    1129    1173
    2157  3  3     1130    1173    1172
    2158  3  3     1129    1128    1174
    2159  3  3     1129    1174    1173
    2160  3  3     1128    1117    1175
    2161  3  3     1128    1175    1174
    2162  3  3     1117    1113    1176
    2163  3  3     1117    1176    1175
    2164  3  3     1113    1114    1177
    2165  3  3     1113    1177    1176
    2166  3  3     1114    1115    1178
    2167  3  3     1114    1178    1177
    2168  3  3     1115    1116    1179
    2169  3  3     1115    1179    1178
    2170  3  3     1116    1118    1180
    2171  3  3     1116    1180    1179
    2172  3  3     1118    1119    1181
    2173  3  3     1118    1181    1180
    2174  3  3     1119    1120    1182
    2175  3  3     1119    1182    1181
    2176  3  3     1120    1121    1183
    2177  3  3     1120    1183    1182
    2178  3  3     1121    1122    1183
    2179  3  3     1122    1123    1184
    2180  3  3     1122    1184    1183
    2181  3  3     1123    1124    1185
    2182  3  3     1123    1185    1184
    2183  3  3     1124    1125    1186
    2184  3  3     1124    1186    1185
    2185  3  3     1125    1126    1187
    2186  3  3     1125    1187    1186
    2187  3  3     1126    1127    1188
    2188  3  3     1126    1188    1187
    2189  3  3     1111    1112    1189
    2190  3  3     1111    1189    1190
    2191  3  3     1111    1190    1158
    2192  3  3     1094    1095    1172
    2193  3  3     1095    1078    1171
    2194  3  3      936    1060    1191
    2195  3  3      936    1191    1084
    2196  3  3     1078     935    1192
    2197  3  3     1078    1192    1171
    2198  3  3      935    1071    1192
    2199  3  3     1060    1061    1193
    2200  3  3     1060    1193    1191
    2201  3  3      932    1083    1194
    2202  3  3      932    1194    1068
    2203  3  3     1069    1068    1195
    2204  3  3     1195    1068    1194
    2205  3  3     1073     938    1196
    2206  3  3     1196     938    1077
    2207  3  3     1061    1062    1197
    2208  3  3     1061    1197    1193
    2209  3  3     1077     955    1198
    2210  3  3     1198     955    1099
    2211  3  3      930    1063    1199
    2212  3  3      930    1199    1070
    2213  3  3     1071    1070    1200
    2214  3  3     1200    1070    1199
    2215  3  3      960    1069    1201
    2216  3  3      960    1201    1090
    2217  3  3     1066     934    1202
    2218  3  3     1202     934    1067
    2219  3  3     1088    1066    1203
    2220  3  3     1203    1066    1202
    2221  3  3      954    1094    1172
    2222  3  3      954    1172    1173
    2223  3  3      954    1173    1065
    2224  3  3      952    1087    1204
    2225  3  3      952    1204    1062
    2226  3  3     1079    1073    1205
    2227  3  3     1205    1073    1196
    2228  3  3     1063     927    1206
    2229  3  3     1206     927    1059
    2230  3  3     1059    1086      72
    2231  3  3     1059      72    1206
    2232  3  3     1081    1082    1207
    2233  3  3     1081    1207    1097
    2234  3  3     1076     943    1209
    2235  3  3     1209     943    1064
    2236  3  3     1064    1065    1210
    2237  3  3     1064    1210    1209
    2238  3  3      939    1075    1211
    2239  3  3      939    1211    1074
    2240  3  3     1075    1076    1212
    2241  3  3     1075    1212    1211
    2242  3  3      964    1093    1213
    2243  3  3      964    1213    1058
    2244  3  3     1072    1058    1214
    2245  3  3     1214    1058    1213
    2246  3  3      950    1072    1215
    2247  3  3     1215    1072    1214
    2248  3  3     1085     950    1215
    2249  3  3     1082     945    1216
    2250  3  3     1216     945    1074
    2251  3  3     1080    1079    1217
    2252  3  3     1217    1079    1205
    2253  3  3     1083    1084    1218
    2254  3  3     1083    1218    1194
    2255  3  3     1067     946    1219
    2256  3  3     1219     946    1080
    2257  3  3     1087    1088    1220
    2258  3  3     1087    1220    1221
    2259  3  3     1087    1221    1204
    2260  3  3     1089    1090    1222
    2261  3  3     1089    1222    1223
    2262  3  3     1089    1223    1091
    2263  3  3     1092    1091    1224
    2264  3  3     1224    1091    1223
    2265  3  3     1093    1092    1225
    2266  3  3     1225    1092    1224
    2267  3  3     1098    1096    1226
    2268  3  3     1226    1096    1227
    2269  3  3     1227    1096    1097
    2270  3  3     1099    1098    1228
    2271  3  3     1228    1098    1226
    2272  3  3     1086    1085     267
    2273  3  3      267    1085    1164
    2274  3  3     1164    1085    1215
    2275  3  3     1164    1165     267
    2276  3  3     1173    1174    1065
    2277  3  3     1163    1164    1215
    2278  3  3     1170    1171    1192
    2279  3  3     1146    1100    1229
    2280  3  3     1229    1100    1158
    2281  3  3     1127    1153    1231
    2282  3  3     1127    1231    1188
    2283  3  3     1158    1190    1232
    2284  3  3     1158    1232    1229
    2285  3  3     1165    1166    1086
    2286  3  3     1165    1086     267
    2287  3  3     1189    1112    1233
    2288  3  3     1233    1112    1152
    2289  3  3     1102    1149    1234
    2290  3  3     1102    1234    1157
    2291  3  3     1110    1146    1235
    2292  3  3     1110    1235    1154
    2293  3  3     1166    1167      72
    2294  3  3     1166      72    1086
    2295  3  3     1104    1155    1236
    2296  3  3     1104    1236    1150
    2297  3  3     1156    1150    1237
    2298  3  3     1237    1150    1236
    2299  3  3     1174    1175    1210
    2300  3  3     1174    1210    1065
    2301  3  3     1159    1163    1230
    2302  3  3     1230    1163    1215
    2303  3  3     1152    1151    1238
    2304  3  3     1238    1151    1103
    2305  3  3     1103    1157    1238
    2306  3  3     1148    1145    1208
    2307  3  3     1208    1145    1162
    2308  3  3     1155    1106    1240
    2309  3  3     1240    1106    1148
    2310  3  3     1105    1147    1242
    2311  3  3     1105    1242    1153
    2312  3  3     1108    1154    1243
    2313  3  3     1108    1243    1147
    2314  3  3     1167    1168    1241
    2315  3  3     1167    1241      72
    2316  3  3     1149    1109    1244
    2317  3  3     1244    1109    1156
    2318  3  3     1160    1159    1245
    2319  3  3     1245    1159    1230
    2320  3  3     1161    1160    1225
    2321  3  3     1225    1160    1245
    2322  3  3     1162    1161    1224
    2323  3  3     1224    1161    1225
    2324  3  3     1168    1169    1247
    2325  3  3     1168    1247    1241
    2326  3  3     1169    1170    1200
    2327  3  3     1169    1200    1247
    2328  3  3     1175    1176    1239
    2329  3  3     1175    1239    1210
    2330  3  3     1176    1177    1246
    2331  3  3     1176    1246    1239
    2332  3  3     1177    1178    1248
    2333  3  3     1177    1248    1246
    2334  3  3     1178    1179    1250
    2335  3  3     1178    1250    1248
    2336  3  3     1179    1180    1252
    2337  3  3     1179    1252    1250
    2338  3  3     1180    1181    1253
    2339  3  3     1180    1253    1252
    2340  3  3     1181    1182    1254
    2341  3  3     1181    1254    1253
    2342  3  3     1182    1183    1255
    2343  3  3     1182    1255    1254
    2344  3  3     1183    1184    1256
    2345  3  3     1183    1256    1255
    2346  3  3     1184    1185    1227
    2347  3  3     1184    1227    1256
    2348  3  3     1185    1186    1226
    2349  3  3     1185    1226    1227
    2350  3  3     1186    1187    1228
    2351  3  3     1186    1228    1226
    2352  3  3     1187    1188    1257
    2353  3  3     1187    1257    1228
    2354  3  3     1190    1189    1249
    2355  3  3     1249    1189    1220
    2356  3  3     1220    1189    1233
    2357  3  3     1220    1233    1221
    2358  3  3     1230    1215    1214
    2359  3  3       72    1241    1206
    2360  3  3     1210    1239    1209
    2361  3  3     1247    1200    1199
    2362  3  3     1228    1257    1099
    2363  3  3     1256    1227    1097
    2364  3  3     1170    1192    1071
    2365  3  3     1170    1071    1200
    2366  3  3     1225    1245    1093
    2367  3  3     1162    1224    1223
    2368  3  3     1208    1162    1223
    2369  3  3     1245    1230    1214
    2370  3  3     1239    1246    1209
    2371  3  3     1241    1247    1199
    2372  3  3     1257    1188    1258
    2373  3  3     1258    1188    1231
    2374  3  3     1231    1153    1260
    2375  3  3     1260    1153    1242
    2376  3  3     1249    1220    1261
    2377  3  3     1261    1220    1088
    2378  3  3     1190    1249    1261
    2379  3  3     1232    1190    1261
    2380  3  3     1152    1238    1262
    2381  3  3     1152    1262    1233
    2382  3  3     1238    1157    1263
    2383  3  3     1238    1263    1262
    2384  3  3     1157    1234    1263
    2385  3  3     1146    1229    1264
    2386  3  3     1146    1264    1235
    2387  3  3     1229    1232    1264
    2388  3  3     1242    1147    1265
    2389  3  3     1265    1147    1243
    2390  3  3     1234    1149    1266
    2391  3  3     1266    1149    1244
    2392  3  3     1240    1148    1259
    2393  3  3     1259    1148    1208
    2394  3  3     1154    1235    1267
    2395  3  3     1154    1267    1243
    2396  3  3     1236    1155    1269
    2397  3  3     1269    1155    1240
    2398  3  3     1237    1236    1270
    2399  3  3     1270    1236    1269
    2400  3  3     1244    1156    1271
    2401  3  3     1271    1156    1237
    2402  3  3     1255    1256    1207
    2403  3  3     1207    1256    1097
    2404  3  3     1254    1255    1272
    2405  3  3     1272    1255    1207
    2406  3  3     1253    1254    1251
    2407  3  3     1251    1254    1272
    2408  3  3     1252    1253    1273
    2409  3  3     1273    1253    1251
    2410  3  3     1250    1252    1275
    2411  3  3     1275    1252    1273
    2412  3  3     1248    1250    1212
    2413  3  3     1212    1250    1211
    2414  3  3     1211    1250    1275
    2415  3  3     1246    1248    1212
    2416  3  3     1088    1203    1261
    2417  3  3     1213    1093    1245
    2418  3  3     1198    1099    1257
    2419  3  3     1214    1213    1245
    2420  3  3     1207    1082    1272
    2421  3  3     1076    1209    1246
    2422  3  3     1212    1076    1246
    2423  3  3     1223    1222    1208
    2424  3  3     1074    1211    1275
    2425  3  3     1199    1063    1241
    2426  3  3     1063    1206    1241
    2427  3  3     1082    1216    1272
    2428  3  3     1084    1191    1276
    2429  3  3     1084    1276    1218
    2430  3  3     1191    1193    1276
    2431  3  3     1216    1074    1273
    2432  3  3     1273    1074    1275
    2433  3  3     1197    1062    1277
    2434  3  3     1277    1062    1204
    2435  3  3     1204    1221    1278
    2436  3  3     1204    1278    1277
    2437  3  3     1201    1069    1279
    2438  3  3     1279    1069    1195
    2439  3  3     1080    1217    1280
    2440  3  3     1080    1280    1219
    2441  3  3     1077    1198    1258
    2442  3  3     1077    1258    1196
    2443  3  3     1195    1194    1281
    2444  3  3     1281    1194    1218
    2445  3  3     1202    1067    1282
    2446  3  3     1282    1067    1219
    2447  3  3     1203    1202    1283
    2448  3  3     1283    1202    1282
    2449  3  3     1205    1196    1260
    2450  3  3     1260    1196    1258
    2451  3  3     1217    1205    1284
    2452  3  3     1284    1205    1260
    2453  3  3     1222    1090    1285
    2454  3  3     1285    1090    1201
    2455  3  3     1193    1197    1286
    2456  3  3     1193    1286    1276
    2457  3  3     1251    1272    1216
    2458  3  3     1231    1260    1258
    2459  3  3     1257    1258    1198
    2460  3  3     1273    1251    1216
    2461  3  3     1259    1208    1222
    2462  3  3     1260    1242    1284
    2463  3  3     1242    1265    1284
    2464  3  3     1221    1233    1278
    2465  3  3     1233    1262    1278
    2466  3  3     1235    1264    1287
    2467  3  3     1235    1287    1267
    2468  3  3     1234    1266    1288
    2469  3  3     1234    1288    1263
    2470  3  3     1232    1261    1283
    2471  3  3     1283    1261    1203
    2472  3  3     1264    1232    1283
    2473  3  3     1237    1270    1289
    2474  3  3     1237    1289    1271
    2475  3  3     1262    1263    1274
    2476  3  3     1262    1274    1278
    2477  3  3     1243    1267    1290
    2478  3  3     1243    1290    1265
    2479  3  3     1244    1271    1292
    2480  3  3     1244    1292    1266
    2481  3  3     1240    1259    1285
    2482  3  3     1285    1259    1222
    2483  3  3     1269    1240    1285
    2484  3  3     1270    1269    1279
    2485  3  3     1279    1269    1201
    2486  3  3     1201    1269    1285
    2487  3  3     1278    1274    1277
    2488  3  3     1274    1263    1288
    2489  3  3     1264    1283    1268
    2490  3  3     1264    1268    1287
    2491  3  3     1284    1265    1294
    2492  3  3     1294    1265    1290
    2493  3  3     1290    1267    1293
    2494  3  3     1293    1267    1287
    2495  3  3     1266    1292    1295
    2496  3  3     1266    1295    1288
    2497  3  3     1270    1279    1291
    2498  3  3     1291    1279    1195
    2499  3  3     1289    1270    1291
    2500  3  3     1292    1271    1296
    2501  3  3     1296    1271    1289
    2502  3  3     1268    1283    1282
    2503  3  3     1291    1195    1281
    2504  3  3     1284    1294    1217
    2505  3  3     1289    1291    1281
    2506  3  3     1296    1289    1281
    2507  3  3     1277    1274    1197
    2508  3  3     1274    1288    1197
    2509  3  3     1288    1295    1286
    2510  3  3     1288    1286    1197
    2511  3  3     1292    1296    1298
    2512  3  3     1292    1298    1295
    2513  3  3     1294    1290    1280
    2514  3  3     1294    1280    1217
    2515  3  3     1290    1293    1280
    2516  3  3     1287    1268    1297
    2517  3  3     1297    1268    1282
    2518  3  3     1293    1287    1297
    2519  3  3     1282    1219    1297
    2520  3  3     1219    1280    1293
    2521  3  3     1281    1218    1296
    2522  3  3     1218    1276    1296
    2523  3  3     1276    1286    1298
    2524  3  3     1276    1298    1296
    2525  3  3     1298    1286    1295
    2526  3  3     1219    1293    1297