theta_deg,p_over_p_inf,rho_over_rho_inf,mach,T_over_T_inf,vr_over_U_inf,vtheta_over_U_inf
1.000000000000000000e+01,1.373936367037787987e+00,1.254644187573329628e+00,2.146830863163593950e+00,1.095080486281283738e+00,9.559892042964167613e-01,-5.113857165776181102e-14
1.001458941225510735e+01,1.373935771816022999e+00,1.254643799329325571e+00,2.146831129567346341e+00,1.095080350734180863e+00,9.559891399777423748e-01,-4.864890473970477636e-04
1.002917882451021114e+01,1.373934071389314004e+00,1.254642690195440613e+00,2.146831927880563651e+00,1.095079963503625908e+00,9.559889557834757579e-01,-9.723007844978417405e-04
1.004376823676531849e+01,1.373931210951447435e+00,1.254640824422525558e+00,2.146833252934992942e+00,1.095079312108170777e+00,9.559886450497961929e-01,-1.457400175304553614e-03
1.005835764902042584e+01,1.373927244770282829e+00,1.254638237406505930e+00,2.146835102039422072e+00,1.095078408904834655e+00,9.559882129911292381e-01,-1.941819128219678375e-03
1.007294706127553141e+01,1.373922151334535213e+00,1.254634915114404725e+00,2.146837470712006368e+00,1.095077248993387986e+00,9.559876565435941886e-01,-2.425542996819978706e-03
1.008753647353063698e+01,1.373915951801156776e+00,1.254630871343952236e+00,2.146840355584212379e+00,1.095075837189807944e+00,9.559869773281756133e-01,-2.908583401794059570e-03
1.010212588578574433e+01,1.373908657031683411e+00,1.254626113177087277e+00,2.146843753111007835e+00,1.095074175965090602e+00,9.559861758608190208e-01,-3.390945681423421839e-03
1.011671529804084990e+01,1.373900255988267816e+00,1.254620633410701513e+00,2.146847658997065977e+00,1.095072262802902596e+00,9.559852501890823140e-01,-3.872621571244496286e-03
1.013130471029595547e+01,1.373890791006456613e+00,1.254614459655746694e+00,2.146852070876973162e+00,1.095070107340734955e+00,9.559842043889241747e-01,-4.353635997787882496e-03
1.014589412255106282e+01,1.373880219746580922e+00,1.254607564290386446e+00,2.146856983286685061e+00,1.095067699933449656e+00,9.559830329541906258e-01,-4.833961205593525177e-03
1.016048353480616839e+01,1.373868612159387270e+00,1.254599992938042918e+00,2.146862395148974922e+00,1.095065056506209000e+00,9.559817431587285252e-01,-5.313639455392830425e-03
1.017507294706127574e+01,1.373855904421890761e+00,1.254591703962192994e+00,2.146868299977118255e+00,1.095062162521115878e+00,9.559803269899148637e-01,-5.792629484240897041e-03
1.018966235931638131e+01,1.373842172103360237e+00,1.254582746650872549e+00,2.146874697232000528e+00,1.095059035181898066e+00,9.559787924481918386e-01,-6.270977234953259601e-03
1.020425177157148866e+01,1.373827370312489471e+00,1.254573091715332600e+00,2.146881581096820479e+00,1.095055664261143091e+00,9.559771336489391036e-01,-6.748653204170275595e-03
1.021884118382659423e+01,1.373811543239518373e+00,1.254562767974715332e+00,2.146888949886974984e+00,1.095052059816274070e+00,9.559753550370192476e-01,-7.225683808254262236e-03
1.023343059608169980e+01,1.373794676690313077e+00,1.254551766163162885e+00,2.146896799167990366e+00,1.095048218609451895e+00,9.559734542704102500e-01,-7.702058786990821811e-03
1.024802000833680715e+01,1.373776784329064471e+00,1.254540095186684967e+00,2.146905125880778087e+00,1.095044143746267684e+00,9.559714322575887380e-01,-8.177785409859649607e-03
1.026260942059191272e+01,1.373757881821568327e+00,1.254527765256963301e+00,2.146913927196184790e+00,1.095039838787612130e+00,9.559692901801263298e-01,-8.652872285816983616e-03
1.027719883284702007e+01,1.373737953137752488e+00,1.254514765908676832e+00,2.146923198458498661e+00,1.095035300076933948e+00,9.559670254290251190e-01,-9.127307909266040367e-03
1.029178824510212564e+01,1.373717042986881909e+00,1.254501126299375935e+00,2.146932938660180756e+00,1.095030537787700764e+00,9.559646426907227879e-01,-9.601119391991453159e-03
1.030637765735723121e+01,1.373695106455770087e+00,1.254486817120631148e+00,2.146943141333434113e+00,1.095025541686243109e+00,9.559621358573832106e-01,-1.007427681754747076e-02
1.032096706961233856e+01,1.373672210980002362e+00,1.254471882355765677e+00,2.146953807131043668e+00,1.095020327119959891e+00,9.559595124268047694e-01,-1.054682190909758330e-02
1.033555648186744413e+01,1.373648300117165988e+00,1.254456285173490393e+00,2.146964928677342677e+00,1.095014881229752435e+00,9.559567648358289205e-01,-1.101871729385044650e-02
1.035014589412254971e+01,1.373623438197945523e+00,1.254440067531935155e+00,2.146976506716106403e+00,1.095009218655219829e+00,9.559539002853414402e-01,-1.149000287314529654e-02
1.036473530637765705e+01,1.373597589018817677e+00,1.254423205801844743e+00,2.146988535110931906e+00,1.095003331145165681e+00,9.559509136448162137e-01,-1.196065415174218070e-02
1.037932471863276440e+01,1.373570787953434680e+00,1.254405723050221910e+00,2.147001012815538790e+00,1.094997226745306973e+00,9.559478086144834741e-01,-1.243069258593961987e-02
1.039391413088786997e+01,1.373543027138939721e+00,1.254387614136265094e+00,2.147013935694587872e+00,1.094990903656778869e+00,9.559445835522604185e-01,-1.290011186541656363e-02
1.040850354314297554e+01,1.373514313767404627e+00,1.254368883740596852e+00,2.147027300707686326e+00,1.094984363508372027e+00,9.559412386758768809e-01,-1.336891535251211183e-02
1.042309295539808289e+01,1.373484667555162186e+00,1.254349544715351872e+00,2.147041105919341497e+00,1.094977610779813038e+00,9.559377758137117542e-01,-1.383711457576218204e-02
1.043768236765318846e+01,1.373454068269210904e+00,1.254329583847056728e+00,2.147055346097053619e+00,1.094970640855648769e+00,9.559341917188871607e-01,-1.430469514761300610e-02
1.045227177990829404e+01,1.373422562462193408e+00,1.254309031497492732e+00,2.147070021698040510e+00,1.094963464324651747e+00,9.559304916725209766e-01,-1.477168609629487227e-02
1.046686119216340138e+01,1.373390103214070512e+00,1.254287857039235510e+00,2.147085125105598458e+00,1.094956070495633815e+00,9.559266689807652817e-01,-1.523805562157687539e-02
1.048145060441850873e+01,1.373356755515029892e+00,1.254266102864906696e+00,2.147100658642998372e+00,1.094948474154012974e+00,9.559227313618696709e-01,-1.570384489699436573e-02
1.049604001667361253e+01,1.373322469500113163e+00,1.254243736423749089e+00,2.147116614264227064e+00,1.094940663938171799e+00,9.559186716868104394e-01,-1.616902010605902537e-02
1.051062942892871988e+01,1.373287299587131693e+00,1.254220793210749196e+00,2.147132993609635498e+00,1.094932652225911074e+00,9.559144963828964947e-01,-1.663361566583604692e-02
1.052521884118382722e+01,1.373251217185020190e+00,1.254197254555272201e+00,2.147149790504510047e+00,1.094924432498429967e+00,9.559102010505322600e-01,-1.709761161964646822e-02
1.053980825343893102e+01,1.373214249953965682e+00,1.254173138492515438e+00,2.147167004225832621e+00,1.094916011041772608e+00,9.559057886682909011e-01,-1.756102493896085151e-02
1.055439766569403837e+01,1.373176395502282654e+00,1.254148443447347328e+00,2.147184631150593770e+00,1.094907387300785961e+00,9.559012582738075636e-01,-1.802385287334561451e-02
1.056898707794914571e+01,1.373137655438652294e+00,1.254123170454364056e+00,2.147202668010397275e+00,1.094898561631047595e+00,9.558966094141110315e-01,-1.848609527401214037e-02
1.058357649020425129e+01,1.373098052877101960e+00,1.254097334582959133e+00,2.147221113911301771e+00,1.094889539282623225e+00,9.558918445470352410e-01,-1.894776627595145396e-02
1.059816590245935686e+01,1.373057564063929092e+00,1.254070920315152549e+00,2.147239962862906193e+00,1.094880314838075241e+00,9.558869598050151462e-01,-1.940884892909829074e-02
1.061275531471446421e+01,1.373016236941901891e+00,1.254043958924841995e+00,2.147259216872435150e+00,1.094870899198032266e+00,9.558819610492894636e-01,-1.986937393929969278e-02
1.062734472696956978e+01,1.372974023067488947e+00,1.254016418778627795e+00,2.147278867056094498e+00,1.094861281325743896e+00,9.558768410144126149e-01,-2.032930786798770734e-02
1.064193413922467712e+01,1.372930985058511189e+00,1.253988340729420337e+00,2.147298917350334513e+00,1.094851475461011248e+00,9.558716076358793057e-01,-2.078869133021924234e-02
1.065652355147978270e+01,1.372887078916982473e+00,1.253959696043391192e+00,2.147319359228424762e+00,1.094841471579064196e+00,9.558662542046124644e-01,-2.124749376519140254e-02
1.067111296373489004e+01,1.372842350313114412e+00,1.253930514513217576e+00,2.147340194894773457e+00,1.094831280061845380e+00,9.558607863983336062e-01,-2.170574460521857221e-02
1.068570237598999562e+01,1.372796777324664541e+00,1.253900781812628651e+00,2.147361418376840358e+00,1.094820895908654501e+00,9.558552005269689289e-01,-2.216342801093763512e-02
1.070029178824510119e+01,1.372750380864760755e+00,1.253870511575216007e+00,2.147383029005276445e+00,1.094810323866854507e+00,9.558494988686427885e-01,-2.262055689451012916e-02
1.071488120050020854e+01,1.372703163261721926e+00,1.253839705303614771e+00,2.147405023849678241e+00,1.094799564454153717e+00,9.558436811220250018e-01,-2.307713171603975946e-02
1.072947061275531411e+01,1.372655121315542015e+00,1.253808360890725782e+00,2.147427399204480114e+00,1.094788616930569392e+00,9.558377461819411725e-01,-2.353314916954658831e-02
1.074406002501042146e+01,1.372606280972278769e+00,1.253776495257013623e+00,2.147450155339759359e+00,1.094777487187543752e+00,9.558316971196524348e-01,-2.398862571666163235e-02
1.075864943726552703e+01,1.372556615547455339e+00,1.253744090963067048e+00,2.147473285356077177e+00,1.094766169141520917e+00,9.558255294627625576e-01,-2.444354212950753183e-02
1.077323884952063260e+01,1.372506173987063871e+00,1.253711179945946386e+00,2.147496792877648275e+00,1.094754673916395360e+00,9.558192496391927362e-01,-2.489793057898165990e-02
1.078782826177573995e+01,1.372454906735940838e+00,1.253677729832549215e+00,2.147520667658147087e+00,1.094742990225451740e+00,9.558128498251787786e-01,-2.535175620591403195e-02
1.080241767403084552e+01,1.372402874114825089e+00,1.253643779988057094e+00,2.147544915192081572e+00,1.094731131779634659e+00,9.558063381705180772e-01,-2.580505906076600853e-02
1.081700708628595109e+01,1.372350037363101682e+00,1.253609305085237713e+00,2.147569526636643911e+00,1.094719089748452667e+00,9.557997083729333765e-01,-2.625781156714572170e-02
1.083159649854105844e+01,1.372296434429219891e+00,1.253574329883381466e+00,2.147594504473919752e+00,1.094706872752318594e+00,9.557929653827406113e-01,-2.671003862142424384e-02
1.084618591079616579e+01,1.372242049230645744e+00,1.253538843861533136e+00,2.147619843139034312e+00,1.094694477120028209e+00,9.557861061995754914e-01,-2.716172812286433633e-02
1.086077532305127136e+01,1.372186896781163901e+00,1.253502856803769161e+00,2.147645541785655254e+00,1.094681906254302506e+00,9.557791324207192130e-01,-2.761288930614300835e-02
1.087536473530637693e+01,1.372130983472533927e+00,1.253466372864548983e+00,2.147671598328080300e+00,1.094669161596094842e+00,9.557720443885893147e-01,-2.806352552834451286e-02
1.088995414756148428e+01,1.372074301971947241e+00,1.253429387234517245e+00,2.147698008446484508e+00,1.094656241465026048e+00,9.557648403629024347e-01,-2.851363064328353569e-02
1.090454355981659162e+01,1.372016880567345609e+00,1.253391918368309099e+00,2.147724773675772525e+00,1.094643152281901566e+00,9.557575240135234296e-01,-2.896322318871571988e-02
1.091913297207169542e+01,1.371958690153651794e+00,1.253353947235915866e+00,2.147751886081812778e+00,1.094629887414725111e+00,9.557500902778660601e-01,-2.941228191317791021e-02
1.093372238432680277e+01,1.371899778634788847e+00,1.253315505105148997e+00,2.147779350661941145e+00,1.094616457744764793e+00,9.557425458733882495e-01,-2.986083906741359220e-02
1.094831179658191012e+01,1.371840100841105192e+00,1.253276562451169029e+00,2.147807156617403734e+00,1.094602852987251795e+00,9.557348832244397796e-01,-3.030886215223995567e-02
1.096290120883701391e+01,1.371779709726176799e+00,1.253237153842100327e+00,2.147835310061458447e+00,1.094589085170875942e+00,9.557271098982389468e-01,-3.075638706262338526e-02
1.097749062109212126e+01,1.371718572923593227e+00,1.253197258114139734e+00,2.147863802273641376e+00,1.094575146922846853e+00,9.557192202518292046e-01,-3.120339015699118146e-02
1.099208003334722861e+01,1.371656721564314951e+00,1.253156895582154817e+00,2.147892635767089775e+00,1.094561045308784619e+00,9.557112185286691375e-01,-3.164989219985726160e-02
1.100666944560233418e+01,1.371594144676296256e+00,1.253116059056924581e+00,2.147921805559936725e+00,1.094546777820831984e+00,9.557031023997369923e-01,-3.209588448800541893e-02
1.102125885785743975e+01,1.371530852118359789e+00,1.253074754957228309e+00,2.147951310431682526e+00,1.094532346687628221e+00,9.556948727996261717e-01,-3.254137292194268782e-02
1.103584827011254710e+01,1.371466853771497130e+00,1.253032989717261847e+00,2.147981149269254875e+00,1.094517754142258603e+00,9.556865306984823061e-01,-3.298636347377262301e-02
1.105043768236765267e+01,1.371402138760154044e+00,1.252990756208571810e+00,2.148011316988919006e+00,1.094502997699586810e+00,9.556780737367324141e-01,-3.343084744155244009e-02
1.106502709462275824e+01,1.371336737289529539e+00,1.252948074145776358e+00,2.148041816472771703e+00,1.094488084212482004e+00,9.556695061691177218e-01,-3.387484521448515945e-02
1.107961650687786559e+01,1.371270618275059583e+00,1.252904923193936426e+00,2.148072638648038879e+00,1.094473006602434184e+00,9.556608223564021509e-01,-3.431833374495121131e-02
1.109420591913297294e+01,1.371203828200006747e+00,1.252861333706438263e+00,2.148103789799149066e+00,1.094457775421535661e+00,9.556520292456158749e-01,-3.476134507086567349e-02
1.110879533138807851e+01,1.371136326872558486e+00,1.252817279394581984e+00,2.148135258888669519e+00,1.094442381522031438e+00,9.556431196659557203e-01,-3.520384959566782296e-02
1.112338474364318408e+01,1.371068159661598562e+00,1.252772789885789440e+00,2.148167052223983742e+00,1.094426835201771642e+00,9.556341004541638595e-01,-3.564587868657929232e-02
1.113797415589829143e+01,1.370999300196633630e+00,1.252727847922133320e+00,2.148199161455774497e+00,1.094411130454770342e+00,9.556249666637322004e-01,-3.608741253809312488e-02
1.115256356815339700e+01,1.370929773589247391e+00,1.252682469893284134e+00,2.148231588915839652e+00,1.094395272974512556e+00,9.556157218503196216e-01,-3.652846814740863535e-02
1.116715298040850257e+01,1.370859573335914794e+00,1.252636651525286693e+00,2.148264330354721086e+00,1.094379261269956105e+00,9.556063643391998763e-01,-3.696903990100700033e-02
1.118174239266360992e+01,1.370788704794774437e+00,1.252590396296744846e+00,2.148297384009336231e+00,1.094363096545750480e+00,9.555968944191106651e-01,-3.740913067450873236e-02
1.119633180491871549e+01,1.370717180833630477e+00,1.252543712596380088e+00,2.148330749846440568e+00,1.094346781712145056e+00,9.555873136730642647e-01,-3.784874880103489270e-02
1.121092121717382284e+01,1.370644987549545224e+00,1.252496591310904739e+00,2.148364421892270393e+00,1.094330313597885684e+00,9.555776191368564598e-01,-3.828788327860633417e-02
1.122551062942892841e+01,1.370572156697323685e+00,1.252449053177805416e+00,2.148398404442715126e+00,1.094313699403427043e+00,9.555678156373761389e-01,-3.872655614603603275e-02
1.124010004168403398e+01,1.370498655594103887e+00,1.252401076803761226e+00,2.148432687200938940e+00,1.094296931691992825e+00,9.555578969712746895e-01,-3.916474276335384086e-02
1.125468945393914133e+01,1.370424529318868379e+00,1.252352691640168159e+00,2.148467277707802658e+00,1.094280020689750943e+00,9.555478703118752692e-01,-3.960247493154650522e-02
1.126927886619424690e+01,1.370349742147580541e+00,1.252303874302787001e+00,2.148502164815580429e+00,1.094262958270024511e+00,9.555377288815866121e-01,-4.003972572861801138e-02
1.128386827844935425e+01,1.370274332703730780e+00,1.252254650024308358e+00,2.148537354802301902e+00,1.094245753191758208e+00,9.555274788064961333e-01,-4.047652237544704240e-02
1.129845769070445982e+01,1.370198279916921003e+00,1.252205005001022275e+00,2.148572839855907191e+00,1.094228400656969358e+00,9.555171158186183122e-01,-4.091284857370402345e-02
1.131304710295956717e+01,1.370121603584495196e+00,1.252154952155663636e+00,2.148608621944068542e+00,1.094210905148555790e+00,9.555066428035119408e-01,-4.134871788276175270e-02
1.132763651521467274e+01,1.370044301105909801e+00,1.252104489763021800e+00,2.148644697676738158e+00,1.094193266062970293e+00,9.554960587249035076e-01,-4.178412750051652830e-02
1.134222592746977831e+01,1.369966373914084601e+00,1.252053618735039286e+00,2.148681064604649915e+00,1.094175483713048624e+00,9.554853632413037312e-01,-4.221907755683697999e-02
1.135681533972488566e+01,1.369887837424014876e+00,1.252002349130689307e+00,2.148717723863727613e+00,1.094157561585389793e+00,9.554745585347829140e-01,-4.265357851666007338e-02
1.137140475197999123e+01,1.369808675155520072e+00,1.251950670143498590e+00,2.148754668484306851e+00,1.094139495926395034e+00,9.554636410501097243e-01,-4.308761730826730918e-02
1.138599416423509680e+01,1.369728920095042213e+00,1.251898603328982063e+00,2.148791904229181871e+00,1.094121294210834705e+00,9.554526161745010571e-01,-4.352121743847878893e-02
1.140058357649020415e+01,1.369648538290477058e+00,1.251846126448005192e+00,2.148829419507878313e+00,1.094102948720003576e+00,9.554414771521214655e-01,-4.395435285790556812e-02
1.141517298874531150e+01,1.369567573438518204e+00,1.251793268065838571e+00,2.148867223087080003e+00,1.094084469358630018e+00,9.554302313795557389e-01,-4.438705510997648790e-02
1.142976240100041530e+01,1.369485993827674664e+00,1.251740007406945576e+00,2.148905303820737522e+00,1.094065848917497696e+00,9.554188724615798600e-01,-4.481929973981513271e-02
1.144435181325552264e+01,1.369403832080684724e+00,1.251686365793203359e+00,2.148943667764074750e+00,1.094047094787105712e+00,9.554074058320687346e-01,-4.525111016766608651e-02
1.145894122551062999e+01,1.369321071811092638e+00,1.251632332475548282e+00,2.148982307784834234e+00,1.094028203236627084e+00,9.553958278848697638e-01,-4.568247330416613794e-02
1.147353063776573556e+01,1.369237728125543230e+00,1.251577917314611321e+00,2.149021225329426965e+00,1.094009177681388945e+00,9.553841408519062606e-01,-4.611339956919904837e-02
1.148812005002084113e+01,1.369153801828011385e+00,1.251523120811176337e+00,2.149060417974825832e+00,1.093990018291146393e+00,9.553723443206127985e-01,-4.654388872007587941e-02
1.150270946227594848e+01,1.369069290932627192e+00,1.251467941638902293e+00,2.149099882463420208e+00,1.093970724603393396e+00,9.553604373338013822e-01,-4.697393839327589082e-02
1.151729887453105583e+01,1.368984213016899432e+00,1.251412391278518665e+00,2.149139621174282588e+00,1.093951300592654663e+00,9.553484226597578344e-01,-4.740356097839602129e-02
1.153188828678615963e+01,1.368898549416587507e+00,1.251356457484831930e+00,2.149179626053371539e+00,1.093931742013790176e+00,9.553362961648617091e-01,-4.783274154172360154e-02
1.154647769904126697e+01,1.368812334075123482e+00,1.251300162454666465e+00,2.149219904371981293e+00,1.093912056552389656e+00,9.553240637856723616e-01,-4.826150489444640257e-02
1.156106711129637432e+01,1.368725532054831273e+00,1.251243483286096358e+00,2.149260443189964676e+00,1.093892236273787510e+00,9.553117182246574357e-01,-4.868982374220381937e-02
1.157565652355147812e+01,1.368638185696707366e+00,1.251186447676927882e+00,2.149301252469434154e+00,1.093872290766777056e+00,9.552992670988624813e-01,-4.911772935326939177e-02
1.159024593580658546e+01,1.368550266895001810e+00,1.251129037196256011e+00,2.149342321163655090e+00,1.093852213646870020e+00,9.552867043853099371e-01,-4.954519955086945926e-02
1.160483534806169281e+01,1.368461802933051752e+00,1.251071269684533638e+00,2.149383654937683463e+00,1.093832011087680911e+00,9.552740348428382378e-01,-4.997225426851780589e-02
1.161942476031679838e+01,1.368372781562312124e+00,1.251013137093556882e+00,2.149425247461158150e+00,1.093811680300507128e+00,9.552612555115774784e-01,-5.039888335497232086e-02
1.163401417257190396e+01,1.368283213750542737e+00,1.250954646579777840e+00,2.149467099524319469e+00,1.093791223759831510e+00,9.552483679851421217e-01,-5.082509436122102653e-02
1.164860358482701130e+01,1.368193103266731381e+00,1.250895800585660078e+00,2.149509209762006545e+00,1.093770642307819285e+00,9.552353724609414787e-01,-5.125088937542130602e-02
1.166319299708211688e+01,1.368102445152028723e+00,1.250836595835368437e+00,2.149551574004642251e+00,1.093749934809306268e+00,9.552222673796099128e-01,-5.167626376919929460e-02
1.167778240933722245e+01,1.368011258810018838e+00,1.250777045014262123e+00,2.149594195935180085e+00,1.093729105649216660e+00,9.552090560836901112e-01,-5.210123166929397920e-02
1.169237182159232979e+01,1.367919523735658949e+00,1.250717134660358942e+00,2.149637066341731906e+00,1.093708150170283888e+00,9.551957338729267777e-01,-5.252577646769621134e-02
1.170696123384743537e+01,1.367827273624617979e+00,1.250656886825293856e+00,2.149680193714588849e+00,1.093687075994722369e+00,9.551823070253192549e-01,-5.294992338303185914e-02
1.172155064610254271e+01,1.367734475701718022e+00,1.250596280004642624e+00,2.149723564683181820e+00,1.093665875686628874e+00,9.551687683047087596e-01,-5.337364627182045879e-02
1.173614005835764829e+01,1.367641168078590042e+00,1.250535339146648495e+00,2.149767189411310842e+00,1.093644557867395672e+00,9.551551249529646181e-01,-5.379697386442647278e-02
1.175072947061275563e+01,1.367547326859313239e+00,1.250474048563342322e+00,2.149811057357898125e+00,1.093623117113446064e+00,9.551413715075831590e-01,-5.421988683894202882e-02
1.176531888286786121e+01,1.367452974575690039e+00,1.250412422995091699e+00,2.149855173653174578e+00,1.093601558516391847e+00,9.551275120683838660e-01,-5.464240192764924231e-02
1.177990829512296678e+01,1.367358102632932448e+00,1.250350456781120334e+00,2.149899532872977304e+00,1.093579880118598524e+00,9.551135443072688025e-01,-5.506451167104513267e-02
1.179449770737807413e+01,1.367262718348516870e+00,1.250288154690344822e+00,2.149944135035798176e+00,1.093558083566058325e+00,9.550994691938343717e-01,-5.548622099705158295e-02
1.180908711963317970e+01,1.367166828068874240e+00,1.250225520856401262e+00,2.149988979910636200e+00,1.093536170284196807e+00,9.550852875226539807e-01,-5.590753411703776321e-02
1.182367653188828704e+01,1.367070424254685390e+00,1.250162550307992282e+00,2.150034062328398665e+00,1.093514138555735427e+00,9.550709971447831625e-01,-5.632844434506346226e-02
1.183826594414339262e+01,1.366973527841535363e+00,1.250099256745500931e+00,2.150079387325217972e+00,1.093491993108054450e+00,9.550566019658743855e-01,-5.674896737501923527e-02
1.185285535639849819e+01,1.366876116783059425e+00,1.250035625683580731e+00,2.150124944470825916e+00,1.093469728941192765e+00,9.550420967299826369e-01,-5.716908509443990871e-02
1.186744476865360554e+01,1.366778223965877226e+00,1.249971678662229913e+00,2.150170743293664533e+00,1.093447353486167284e+00,9.550274879468914069e-01,-5.758882268120646408e-02
1.188203418090871111e+01,1.366679820059870210e+00,1.249907396416629624e+00,2.150216770570650748e+00,1.093424860096049001e+00,9.550127687515469477e-01,-5.800815622046723991e-02
1.189662359316381668e+01,1.366580937907557747e+00,1.249842800460893244e+00,2.150263036025259478e+00,1.093402256190631361e+00,9.549979457078381362e-01,-5.842711094776224801e-02
1.191121300541892403e+01,1.366481557854708040e+00,1.249777877874563847e+00,2.150309529900312544e+00,1.093379537313155625e+00,9.549830140050254990e-01,-5.884567055312928813e-02
1.192580241767403137e+01,1.366381698204482520e+00,1.249712640636840399e+00,2.150356256666392962e+00,1.093356707593346355e+00,9.549679770988640515e-01,-5.926384882769789031e-02
1.194039182992913695e+01,1.366281353586396019e+00,1.249647085196569307e+00,2.150403211894334365e+00,1.093333765805951652e+00,9.549528332794765539e-01,-5.968164077923465705e-02
1.195498124218424252e+01,1.366180528100435332e+00,1.249581214215372160e+00,2.150450394732124959e+00,1.093310712868132750e+00,9.549375829057760168e-01,-6.009904893627588535e-02
1.196957065443934987e+01,1.366079230328751226e+00,1.249515033297369238e+00,2.150497806146583812e+00,1.093287550709796996e+00,9.549222273575402875e-01,-6.051607944450652227e-02
1.198416006669445544e+01,1.365977450497072532e+00,1.249448535999216015e+00,2.150545439895499289e+00,1.093264277111394067e+00,9.549067639079978909e-01,-6.093272374871804703e-02
1.199874947894956101e+01,1.365875210816233531e+00,1.249381736870929682e+00,2.150593302407595164e+00,1.093240897083273433e+00,9.548911970155091744e-01,-6.134899895563436512e-02
1.201333889120466836e+01,1.365772487959516335e+00,1.249314620572189671e+00,2.150641381984894185e+00,1.093217405343410276e+00,9.548755208786420257e-01,-6.176488560223893781e-02
1.202792830345977571e+01,1.365669314001397572e+00,1.249247208130249698e+00,2.150689689175795394e+00,1.093193809130377891e+00,9.548597422360033393e-01,-6.218040879905174095e-02
1.204251771571487950e+01,1.365565662721829998e+00,1.249179482302795963e+00,2.150738210981427923e+00,1.093170102509594788e+00,9.548438545845789882e-01,-6.259554669804325011e-02
1.205710712796998685e+01,1.365461562244154381e+00,1.249111461526243083e+00,2.150786956553154106e+00,1.093146291825508820e+00,9.548278638258037576e-01,-6.301032131160813621e-02
1.207169654022509420e+01,1.365356996692410618e+00,1.249043135347750910e+00,2.150835917016403087e+00,1.093122373481742349e+00,9.548117657865055063e-01,-6.342471910328843776e-02
1.208628595248019799e+01,1.365251980606515314e+00,1.248974513286755794e+00,2.150885096074587999e+00,1.093098350753185510e+00,9.547955632923517122e-01,-6.383875116034623542e-02
1.210087536473530534e+01,1.365146511459245371e+00,1.248905593655432522e+00,2.150934490368822338e+00,1.093074223059235628e+00,9.547792552390131915e-01,-6.425241475301206318e-02
1.211546477699041269e+01,1.365040590516551244e+00,1.248836377256194341e+00,2.150984098092501462e+00,1.093049990676655314e+00,9.547628413871795949e-01,-6.466571021426970045e-02
1.213005418924551826e+01,1.364934228295095364e+00,1.248766870969275411e+00,2.151033921462939258e+00,1.093025655970239152e+00,9.547463236906545969e-01,-6.507864545202626805e-02
1.214464360150062383e+01,1.364827413089693575e+00,1.248697067075712264e+00,2.151083953103329449e+00,1.093001216288546074e+00,9.547296988558133801e-01,-6.549121021310379265e-02
1.215923301375573118e+01,1.364720168162573577e+00,1.248626980831093691e+00,2.151134200865854940e+00,1.092976676872870145e+00,9.547129718840084989e-01,-6.590342287677815325e-02
1.217382242601083853e+01,1.364612469133750228e+00,1.248556596186500167e+00,2.151184651745171372e+00,1.092952032212013869e+00,9.546961364378392378e-01,-6.631526276914005702e-02
1.218841183826594232e+01,1.364504347267843531e+00,1.248485933658732838e+00,2.151235317290918214e+00,1.092927289352083164e+00,9.546791994819832095e-01,-6.672675490976408275e-02
1.220300125052104967e+01,1.364395779153837474e+00,1.248414977833010919e+00,2.151286184795463630e+00,1.092902443001881663e+00,9.546621548669674828e-01,-6.713787936904828946e-02
1.221759066277615702e+01,1.364286788687228746e+00,1.248343744386269494e+00,2.151337262723862054e+00,1.092877498543448844e+00,9.546450078463042388e-01,-6.754865518469480024e-02
1.223218007503126259e+01,1.364177363357210515e+00,1.248272225066123120e+00,2.151388543168700096e+00,1.092852453145745306e+00,9.546277548710960792e-01,-6.795907137565795897e-02
1.224676948728636994e+01,1.364067514354819544e+00,1.248200427200406137e+00,2.151440028973857110e+00,1.092827309324266194e+00,9.546103981499993729e-01,-6.836913654214044067e-02
1.226135889954147551e+01,1.363957241658010577e+00,1.248128350746246173e+00,2.151491717914197022e+00,1.092802067065066884e+00,9.545929371723730350e-01,-6.877885002970818284e-02
1.227594831179658108e+01,1.363846544038428865e+00,1.248055994866476226e+00,2.151543607157234916e+00,1.092776726082983485e+00,9.545753711123349250e-01,-6.918821016180802530e-02
1.229053772405168665e+01,1.363735433681915854e+00,1.247983367546365630e+00,2.151595700213903228e+00,1.092751289116238755e+00,9.545577024872576866e-01,-6.959722645156825316e-02
1.230512713630679400e+01,1.363623897219728764e+00,1.247910459963907703e+00,2.151647988521872001e+00,1.092725753143513057e+00,9.545399274469199558e-01,-7.000588710389532565e-02
1.231971654856189957e+01,1.363511958770700083e+00,1.247837287955025465e+00,2.151700481380257379e+00,1.092700123591629602e+00,9.545220515265829819e-01,-7.041421164292827051e-02
1.233430596081700692e+01,1.363399593098771456e+00,1.247763834889177970e+00,2.151753164445063149e+00,1.092674394766269153e+00,9.545040678617667806e-01,-7.082217831076698111e-02
1.234889537307211427e+01,1.363286830665589200e+00,1.247690120777903866e+00,2.151806050248093793e+00,1.092648573522096767e+00,9.544859836406580644e-01,-7.122981201514454186e-02
1.236348478532721984e+01,1.363173650598431985e+00,1.247616131858721333e+00,2.151859126431432845e+00,1.092622655149185107e+00,9.544677930593498116e-01,-7.163709460860191724e-02
1.237807419758232541e+01,1.363060073004169093e+00,1.247541881333342539e+00,2.151912400675066284e+00,1.092596644168261077e+00,9.544495007370451534e-01,-7.204404238168800323e-02
1.239266360983743098e+01,1.362946088368747422e+00,1.247467362911765187e+00,2.151965866110896020e+00,1.092570538428707660e+00,9.544311037366649542e-01,-7.245064670901307791e-02
1.240725302209253833e+01,1.362831704903362029e+00,1.247392581968864933e+00,2.152019524644165127e+00,1.092544339771758022e+00,9.544126036620995679e-01,-7.285691390209986240e-02
1.242184243434764390e+01,1.362716924791202988e+00,1.247317539913131546e+00,2.152073375236650765e+00,1.092518048680778175e+00,9.543940005852868946e-01,-7.326284521063969324e-02
1.243643184660275125e+01,1.362601744610553389e+00,1.247242234462213162e+00,2.152127413969882053e+00,1.092491664378316241e+00,9.543752931046791677e-01,-7.366843711853490739e-02
1.245102125885785860e+01,1.362486177982910940e+00,1.247166674555968635e+00,2.152181645683215461e+00,1.092465189921787871e+00,9.543564842914273871e-01,-7.407370060071254148e-02
1.246561067111296239e+01,1.362370210110855684e+00,1.247090850420825570e+00,2.152236060587044530e+00,1.092438621974597623e+00,9.543375697483067466e-01,-7.447862246252275054e-02
1.248020008336806974e+01,1.362253865280753873e+00,1.247014778021947379e+00,2.152290669171453175e+00,1.092411965992578171e+00,9.543185553976447633e-01,-7.488322281230193334e-02
1.249478949562317531e+01,1.362137119131189511e+00,1.246938441284504595e+00,2.152345456548911962e+00,1.092385216489128119e+00,9.542994342712250999e-01,-7.528748025649421860e-02
1.250937890787828088e+01,1.362019999771732159e+00,1.246861858694965131e+00,2.152400435394933975e+00,1.092358379778572974e+00,9.542802133633231376e-01,-7.569141823960612303e-02
1.252396832013338823e+01,1.361902489144262374e+00,1.246785018328017136e+00,2.152455594025306507e+00,1.092331451793206343e+00,9.542608873464533126e-01,-7.609502071528169431e-02
1.253855773238849558e+01,1.361784603959805828e+00,1.246707931164185101e+00,2.152510939249756117e+00,1.092304436282972357e+00,9.542414602182742733e-01,-7.649830143559181728e-02
1.255314714464360115e+01,1.361666337372519742e+00,1.246630592663671599e+00,2.152566465300771004e+00,1.092277331701808851e+00,9.542219296418406049e-01,-7.690125394759465827e-02
1.256773655689870672e+01,1.361547694942420339e+00,1.246553006460781710e+00,2.152622173077511025e+00,1.092250139292617828e+00,9.542022966277564633e-01,-7.730388245589993323e-02
1.258232596915381407e+01,1.361428680791976431e+00,1.246475175243824340e+00,2.152678062772772627e+00,1.092222859974460336e+00,9.541825618201200676e-01,-7.770618995747075042e-02
1.259691538140891964e+01,1.361309289572533388e+00,1.246397095457237425e+00,2.152734129331806745e+00,1.092195492539350665e+00,9.541627232519367396e-01,-7.810817125222613289e-02
1.261150479366402521e+01,1.361189536136009126e+00,1.246318776863349909e+00,2.152790378949931416e+00,1.092168040316104483e+00,9.541427845389606199e-01,-7.850983864570310056e-02
1.262609420591913256e+01,1.361069404462342147e+00,1.246240208869786370e+00,2.152846800576535546e+00,1.092140499700851697e+00,9.541227407459468290e-01,-7.891117767373577452e-02
1.264068361817423991e+01,1.360948918388512396e+00,1.246161407165805590e+00,2.152903405589955632e+00,1.092112876038885405e+00,9.541025980273721840e-01,-7.931220849530104533e-02
1.265527303042934548e+01,1.360828055986980090e+00,1.246082357260818396e+00,2.152960179484143755e+00,1.092085164401492392e+00,9.540823497599325576e-01,-7.971291146845579934e-02
1.266986244268445105e+01,1.360706841617635110e+00,1.246003075192208431e+00,2.153017134116135711e+00,1.092057370249854609e+00,9.540620023008925532e-01,-8.011330727600367296e-02
1.268445185493955840e+01,1.360585260288112552e+00,1.245923551041230093e+00,2.153074258833956645e+00,1.092029490213150433e+00,9.540415509391060311e-01,-8.051338228464385849e-02
1.269904126719466220e+01,1.360463325664933665e+00,1.245843793794301657e+00,2.153131559503825176e+00,1.092001527351635692e+00,9.540209990626675740e-01,-8.091314789960249443e-02
1.271363067944976954e+01,1.360341033277491007e+00,1.245763800472741156e+00,2.153189031510519769e+00,1.091973480656020179e+00,9.540003449237955957e-01,-8.131259967213508300e-02
1.272822009170487689e+01,1.360218386327314066e+00,1.245683573159293012e+00,2.153246674689896611e+00,1.091945350838607220e+00,9.539795889505769955e-01,-8.171173986670722533e-02
1.274280950395998246e+01,1.360095390640429613e+00,1.245603115670161687e+00,2.153304490501979807e+00,1.091917139199405806e+00,9.539587323494955751e-01,-8.211057308366691287e-02
1.275739891621508981e+01,1.359972039176987835e+00,1.245522423328617734e+00,2.153362472714016818e+00,1.091888844154653704e+00,9.539377725976916356e-01,-8.250909258149319303e-02
1.277198832847019538e+01,1.359848347839218929e+00,1.245441506603621518e+00,2.153420628898500055e+00,1.091860469262494915e+00,9.539167138469164531e-01,-8.290731187618227693e-02
1.278657774072530096e+01,1.359724299564846195e+00,1.245360354200141906e+00,2.153478946717076958e+00,1.091832010693930322e+00,9.538955506323225642e-01,-8.330521535299384439e-02
1.280116715298040653e+01,1.359599917732864816e+00,1.245278981526490414e+00,2.153537438423653860e+00,1.091803473681244752e+00,9.538742893379084098e-01,-8.370282319596236698e-02
1.281575656523551388e+01,1.359475182623804290e+00,1.245197375530335160e+00,2.153596089939633362e+00,1.091774853801629419e+00,9.538529236780677323e-01,-8.410011739637274220e-02
1.283034597749062122e+01,1.359350115217473176e+00,1.245115550038867980e+00,2.153654912225865026e+00,1.091746155748387626e+00,9.538314593854730905e-01,-8.449711607514205636e-02
1.284493538974572679e+01,1.359224703272042811e+00,1.245033496936392092e+00,2.153713895720406946e+00,1.091717376774710813e+00,9.538098923538614882e-01,-8.489380783417477261e-02
1.285952480200083414e+01,1.359098957723814172e+00,1.244951223418220065e+00,2.153773045283262189e+00,1.091688519323819495e+00,9.537882253730189941e-01,-8.529020190806593793e-02
1.287411421425593971e+01,1.358972876216231862e+00,1.244868727898328142e+00,2.153832357494781746e+00,1.091659582862638089e+00,9.537664572740197633e-01,-8.568629569755732700e-02
1.288870362651104529e+01,1.358846459852886879e+00,1.244786011076032484e+00,2.153891831079308261e+00,1.091630567633272930e+00,9.537445879125462378e-01,-8.608208968017797003e-02
1.290329303876615263e+01,1.358719715954671559e+00,1.244703077761025733e+00,2.153951468793345203e+00,1.091601475268092925e+00,9.537226190482865906e-01,-8.647758992750219365e-02
1.291788245102125821e+01,1.358592635998888909e+00,1.244619922289678549e+00,2.154011263191946135e+00,1.091572303856055193e+00,9.537005476115067992e-01,-8.687278828735321701e-02
1.293247186327636378e+01,1.358465236780382890e+00,1.244536555736250882e+00,2.154071223240460853e+00,1.091543057147673190e+00,9.536783782818800681e-01,-8.726769937600765970e-02
1.294706127553147113e+01,1.358337500352291061e+00,1.244452966204426136e+00,2.154131335292173599e+00,1.091513731125742792e+00,9.536561050728487032e-01,-8.766230653708058373e-02
1.296165068778657847e+01,1.358209449631559984e+00,1.244369168819430049e+00,2.154191612463280947e+00,1.091484330908112810e+00,9.536337345954779554e-01,-8.805662995655545722e-02
1.297624010004168227e+01,1.358081066902836476e+00,1.244285151835388570e+00,2.154252041142654228e+00,1.091454852530862940e+00,9.536112608950618741e-01,-8.845065314962664849e-02
1.299082951229678962e+01,1.357952370097686101e+00,1.244200927083666919e+00,2.154312631327969463e+00,1.091425299996075182e+00,9.535886890913617409e-01,-8.884439185942356876e-02
1.300541892455189696e+01,1.357823349442506489e+00,1.244116488069455517e+00,2.154373374596342483e+00,1.091395671115567678e+00,9.535660156722212122e-01,-8.923783675918162128e-02
1.302000833680700254e+01,1.357694013424494806e+00,1.244031840378418519e+00,2.154434274748131983e+00,1.091365967780617119e+00,9.535432428396981575e-01,-8.963099507510582931e-02
1.303459774906210811e+01,1.357564361568417199e+00,1.243946983667182371e+00,2.154495329595144337e+00,1.091336189880286023e+00,9.535203699940306699e-01,-9.002386591498662272e-02
1.304918716131721546e+01,1.357434393111732751e+00,1.243861917401112738e+00,2.154556536709919534e+00,1.091306337240322444e+00,9.534973964279988001e-01,-9.041644811034484086e-02
1.306377657357232280e+01,1.357304116685671413e+00,1.243776647264640545e+00,2.154617900168597000e+00,1.091276411782376332e+00,9.534743244458661060e-01,-9.080874908244404575e-02
1.307836598582742660e+01,1.357173522468555937e+00,1.243691166725623853e+00,2.154679411286461566e+00,1.091246411311022735e+00,9.534511504394689307e-01,-9.120075938860007503e-02
1.309295539808253395e+01,1.357042628010158403e+00,1.243605487375244456e+00,2.154741080432572176e+00,1.091216339736755803e+00,9.534278796088172525e-01,-9.159249464420993192e-02
1.310754481033764129e+01,1.356911414616313927e+00,1.243519596804081750e+00,2.154802892636575429e+00,1.091186192886429707e+00,9.534045054530487784e-01,-9.198393725113242214e-02
1.312213422259274509e+01,1.356779904741868714e+00,1.243433509854703356e+00,2.154864861863185155e+00,1.091155975762958086e+00,9.533810348079992947e-01,-9.237510737640688974e-02
1.313672363484785244e+01,1.356648082491264118e+00,1.243347215968643393e+00,2.154926975003515377e+00,1.091125684818743391e+00,9.533574620434563940e-01,-9.276598995807078252e-02
1.315131304710295979e+01,1.356515963045779261e+00,1.243260725173797043e+00,2.154989241034548364e+00,1.091095323433586506e+00,9.533337916772641751e-01,-9.315659853129454326e-02
1.316590245935806536e+01,1.356383538847267589e+00,1.243174032433236986e+00,2.155051652713724675e+00,1.091064889919272307e+00,9.533100207812268412e-01,-9.354692568946304521e-02
1.318049187161317093e+01,1.356250816185184949e+00,1.243087141885125257e+00,2.155114212736550350e+00,1.091034385673435914e+00,9.532861509796298760e-01,-9.393697679995503813e-02
1.319508128386827828e+01,1.356117796258411889e+00,1.243000054295276380e+00,2.155176920175631228e+00,1.091003810959017217e+00,9.532621822327540517e-01,-9.432675254631030237e-02
1.320967069612338385e+01,1.355984476644325198e+00,1.242912768027871540e+00,2.155239771418405503e+00,1.090973165233360964e+00,9.532381132794131018e-01,-9.471625024383853453e-02
1.322426010837848942e+01,1.355850867121593861e+00,1.242825289537337508e+00,2.155302771878448098e+00,1.090942450669258657e+00,9.532139469603301274e-01,-9.510547855158557606e-02
1.323884952063359677e+01,1.355716956731545908e+00,1.242737611527222841e+00,2.155365911609521401e+00,1.090911664824790073e+00,9.531896791368485999e-01,-9.549442684687713123e-02
1.325343893288870412e+01,1.355582763410398073e+00,1.242649745863859012e+00,2.155429202203876571e+00,1.090880811686828711e+00,9.531653154375417936e-01,-9.588311141909075519e-02
1.326802834514380969e+01,1.355448268581817883e+00,1.242561680196007101e+00,2.155492627918339288e+00,1.090849887120294515e+00,9.531408491081290180e-01,-9.627151451648031932e-02
1.328261775739891526e+01,1.355313493495999166e+00,1.242473428591382989e+00,2.155556202990581927e+00,1.090818895847571746e+00,9.531162869531354387e-01,-9.665965557179481693e-02
1.329720716965402261e+01,1.355178424159205974e+00,1.242384981736304628e+00,2.155619915031202538e+00,1.090787834754140428e+00,9.530916237454436502e-01,-9.704752108451461523e-02
1.331179658190912818e+01,1.355043073269952769e+00,1.242296348027800645e+00,2.155683771947353833e+00,1.090756706659520070e+00,9.530668634113343973e-01,-9.743512253870754980e-02
1.332638599416423375e+01,1.354907435259314008e+00,1.242207523741027053e+00,2.155747767711222007e+00,1.090725510322848812e+00,9.530420035970150749e-01,-9.782245430826878863e-02
1.334097540641934110e+01,1.354771514443646740e+00,1.242118511711455486e+00,2.155811903875509472e+00,1.090694246700318448e+00,9.530170453583720613e-01,-9.820952003979725731e-02
1.335556481867444667e+01,1.354635313511659778e+00,1.242029313695470094e+00,2.155876180797194230e+00,1.090662916385723324e+00,9.529919892071390120e-01,-9.859632187140422721e-02
1.337015423092955402e+01,1.354498828563579726e+00,1.241939927073847816e+00,2.155940593651499704e+00,1.090631518510668752e+00,9.529668333365735045e-01,-9.898285572188131320e-02
1.338474364318465959e+01,1.354362070382028271e+00,1.241850358978834556e+00,2.156005149202512072e+00,1.090600055465387408e+00,9.529415811162202932e-01,-9.936913138489092412e-02
1.339933305543976516e+01,1.354225027013692184e+00,1.241760601441151302e+00,2.156069836225839698e+00,1.090568524594851763e+00,9.529162278843922307e-01,-9.975513715955476590e-02
1.341392246769487251e+01,1.354087716168221434e+00,1.241670666196888817e+00,2.156134667105221059e+00,1.090536929825083767e+00,9.528907795011818394e-01,-1.001408894325630378e-01
1.342851187994997808e+01,1.353950121017656771e+00,1.241580542035696233e+00,2.156199626622051113e+00,1.090505267421249425e+00,9.528652295364451463e-01,-1.005263718561054953e-01
1.344310129220508543e+01,1.353812260086407093e+00,1.241490241238271119e+00,2.156264727968644213e+00,1.090473541488417242e+00,9.528395841903646302e-01,-1.009116016382846787e-01
1.345769070446019100e+01,1.353674121641117223e+00,1.241399755977427466e+00,2.156329959935642027e+00,1.090441749422843554e+00,9.528138388235507517e-01,-1.012965672444153531e-01
1.347228011671529835e+01,1.353535716137625355e+00,1.241309093174142175e+00,2.156395329318703258e+00,1.090409893539496577e+00,9.527879967804845363e-01,-1.016812782525114284e-01
1.348686952897040392e+01,1.353397039793902357e+00,1.241218250285341274e+00,2.156460831333086858e+00,1.090377972997716105e+00,9.527620562727635578e-01,-1.020657306878478415e-01
1.350145894122550949e+01,1.353258095153807794e+00,1.241127228973030183e+00,2.156526466357186589e+00,1.090345988358953466e+00,9.527360177967070243e-01,-1.024499266038143286e-01
1.351604835348061684e+01,1.353118886232200779e+00,1.241036031878894663e+00,2.156592236050830724e+00,1.090313940509540114e+00,9.527098824074086147e-01,-1.028338694811230802e-01
1.353063776573572241e+01,1.352979407814322466e+00,1.240944655504624405e+00,2.156658134355365242e+00,1.090281828293252708e+00,9.526836477604874176e-01,-1.032175539525594515e-01
1.354522717799082798e+01,1.352839671560688739e+00,1.240853107579388270e+00,2.156724169394312884e+00,1.090249654288056647e+00,9.526573177471172604e-01,-1.036009908511790339e-01
1.355981659024593533e+01,1.352699664648094435e+00,1.240761379541153175e+00,2.156790328653016342e+00,1.090217415655165833e+00,9.526308871896035368e-01,-1.039841674917627440e-01
1.357440600250104268e+01,1.352559404551366029e+00,1.240669482990814254e+00,2.156856625296393215e+00,1.090185116257413656e+00,9.526043621772453118e-01,-1.043671003349261883e-01
1.358899541475614825e+01,1.352418876035690554e+00,1.240577407758731932e+00,2.156923044657471422e+00,1.090152752724245611e+00,9.525777365981908940e-01,-1.047497743479325893e-01
1.360358482701125382e+01,1.352278095152485538e+00,1.240485164501618609e+00,2.156989598838602529e+00,1.090120328602060429e+00,9.525510160583836594e-01,-1.051322046651759906e-01
1.361817423926636117e+01,1.352137052211351609e+00,1.240392746738688823e+00,2.157056277842689163e+00,1.090087841747275021e+00,9.525241964967762209e-01,-1.055143815819000186e-01
1.363276365152146674e+01,1.351995755640833075e+00,1.240300160053657841e+00,2.157123087318834287e+00,1.090055294020395138e+00,9.524972806852559648e-01,-1.058963129043529322e-01
1.364735306377657231e+01,1.351854203265006049e+00,1.240207402968863448e+00,2.157190023748328134e+00,1.090022684938726893e+00,9.524702673923104435e-01,-1.062779961896369585e-01
1.366194247603167966e+01,1.351712396034175034e+00,1.240114476088027606e+00,2.157257086309452898e+00,1.089990014710727317e+00,9.524431565630189223e-01,-1.066594320159646586e-01
1.367653188828678701e+01,1.351570339144247068e+00,1.240021382844896047e+00,2.157324277978851956e+00,1.089957284481201327e+00,9.524159497882018766e-01,-1.070406251030619621e-01
1.369112130054189258e+01,1.351428026208929989e+00,1.239928118954260583e+00,2.157391591447172186e+00,1.089924492839719594e+00,9.523886441933027136e-01,-1.074215688998695628e-01
1.370571071279699815e+01,1.351285469656275717e+00,1.239834692671479832e+00,2.157459036202632241e+00,1.089891642525869564e+00,9.523612441843469778e-01,-1.078022751908347537e-01
1.372030012505210550e+01,1.351142655902089373e+00,1.239741094911573249e+00,2.157526598432180531e+00,1.089858730542817122e+00,9.523337440742430937e-01,-1.081827303930654460e-01
1.373488953730720930e+01,1.350999602181833126e+00,1.239647337137682159e+00,2.157594292071064235e+00,1.089825760688730050e+00,9.523061501793278483e-01,-1.085629510196778752e-01
1.374947894956231664e+01,1.350856294713114858e+00,1.239553410130094235e+00,2.157662103027276679e+00,1.089792729924674353e+00,9.522784567005132539e-01,-1.089429232704666461e-01
1.376406836181742399e+01,1.350712747301975991e+00,1.239459323068246466e+00,2.157730042275335602e+00,1.089759641291272674e+00,9.522506686590461733e-01,-1.093226603460863144e-01
1.377865777407252956e+01,1.350568952105791753e+00,1.239365070692068249e+00,2.157798101057023743e+00,1.089726493059568480e+00,9.522227825633553522e-01,-1.097021542456698695e-01
1.379324718632763691e+01,1.350424915718870578e+00,1.239270657372336215e+00,2.157866283845718769e+00,1.089693286680585294e+00,9.521948006214262517e-01,-1.100814111281725183e-01
1.380783659858274248e+01,1.350280637410063544e+00,1.239176082593042238e+00,2.157934588406909437e+00,1.089660021991813332e+00,9.521667221506109335e-01,-1.104604299717088650e-01
1.382242601083784805e+01,1.350136116695513921e+00,1.239081346002135708e+00,2.158003012698038514e+00,1.089626698885988176e+00,9.521385465526036596e-01,-1.108392099886534310e-01
1.383701542309295363e+01,1.349991359823825343e+00,1.238986451743028905e+00,2.158071561022536500e+00,1.089593318736159500e+00,9.521102759467523491e-01,-1.112177570417987593e-01
1.385160483534806097e+01,1.349846359363761517e+00,1.238891394824878533e+00,2.158140224807814089e+00,1.089559879907444850e+00,9.520819069353592123e-01,-1.115960634908005067e-01
1.386619424760316654e+01,1.349701128414693363e+00,1.238796183967653342e+00,2.158209014908810897e+00,1.089526385278190235e+00,9.520534444329127322e-01,-1.119741419900694285e-01
1.388078365985827389e+01,1.349555652726069033e+00,1.238700809623983545e+00,2.158277916209478953e+00,1.089492831715946242e+00,9.520248822491510499e-01,-1.123519781391676547e-01
1.389537307211338124e+01,1.349409949292764477e+00,1.238605283118840772e+00,2.158346943404078733e+00,1.089459222953510054e+00,9.519962269254119702e-01,-1.127295884840562173e-01
1.390996248436848681e+01,1.349264005657223597e+00,1.238509596100170196e+00,2.158416082995580521e+00,1.089425556253902139e+00,9.519674729701407268e-01,-1.131069603803087631e-01
1.392455189662359238e+01,1.349117833584952075e+00,1.238413756402079180e+00,2.158485344798795058e+00,1.089391834199660014e+00,9.519386248289030128e-01,-1.134841052247852061e-01
1.393914130887869796e+01,1.348971426906033999e+00,1.238317759872556545e+00,2.158554721316022551e+00,1.089358055435517336e+00,9.519096795712264081e-01,-1.138610166034857707e-01
1.395373072113380530e+01,1.348824790553415420e+00,1.238221609780679300e+00,2.158624215820990955e+00,1.089324221043377561e+00,9.518806388494031046e-01,-1.142376991435821304e-01
1.396832013338891088e+01,1.348677925096993580e+00,1.238125306479734622e+00,2.158693827377301311e+00,1.089290331147163560e+00,9.518515025220694037e-01,-1.146141531413659848e-01
1.398290954564401822e+01,1.348530828760462263e+00,1.238028848752953159e+00,2.158763552705341482e+00,1.089256385357106893e+00,9.518222694549491880e-01,-1.149903765447813503e-01
1.399749895789912557e+01,1.348383508731925584e+00,1.237932241380835130e+00,2.158833397441763946e+00,1.089222385247749170e+00,9.517929422891229230e-01,-1.153663762707098778e-01
1.401208837015422937e+01,1.348235956646548717e+00,1.237835478738280814e+00,2.158903351742001320e+00,1.089188328986012255e+00,9.517635171103849823e-01,-1.157421436771552403e-01
1.402667778240933671e+01,1.348088186109027697e+00,1.237738569901305485e+00,2.158973427743633433e+00,1.089154219551000446e+00,9.517339993005125010e-01,-1.161176921302021769e-01
1.404126719466444229e+01,1.347940182531871756e+00,1.237641505078142634e+00,2.159043609275881792e+00,1.089120053748330763e+00,9.517043822773895156e-01,-1.164930067345878589e-01
1.405585660691954786e+01,1.347791962423453338e+00,1.237544295291316265e+00,2.159113911530570196e+00,1.089085835191204055e+00,9.516746726999947281e-01,-1.168681038025144170e-01
1.407044601917465521e+01,1.347643514617945515e+00,1.237446933037136709e+00,2.159184321705935439e+00,1.089051561435727233e+00,9.516448654145035491e-01,-1.172429718567387646e-01
1.408503543142976255e+01,1.347494849024515773e+00,1.237349424922954633e+00,2.159254848430560259e+00,1.089017234649314547e+00,9.516149642993224633e-01,-1.176176206111016476e-01
1.409962484368486813e+01,1.347345960989133173e+00,1.237251767803975611e+00,2.159325485484464124e+00,1.088982853813630802e+00,9.515849669771585528e-01,-1.179920451296977008e-01
1.411421425593997370e+01,1.347196853937969063e+00,1.237153963946966417e+00,2.159396234922468683e+00,1.088948419677633561e+00,9.515548745523659813e-01,-1.183662486152319837e-01
1.412880366819508104e+01,1.347047529614176176e+00,1.237056014492471601e+00,2.159467097116424927e+00,1.088913932621580427e+00,9.515246874177030190e-01,-1.187402325866303288e-01
1.414339308045018662e+01,1.346897985074706039e+00,1.236957917439687860e+00,2.159538067537471573e+00,1.088879392002742641e+00,9.514944039099261230e-01,-1.191139938215734217e-01
1.415798249270529219e+01,1.346748228347687704e+00,1.236859678142501862e+00,2.159609153158754680e+00,1.088844799573557953e+00,9.514640271854292175e-01,-1.194875402084150662e-01
1.417257190496039954e+01,1.346598250232233118e+00,1.236761290404002622e+00,2.159680342858392610e+00,1.088810153325829644e+00,9.514335528197611636e-01,-1.198608621848261807e-01
1.418716131721550688e+01,1.346448064253188637e+00,1.236662763265896414e+00,2.159751649498135251e+00,1.088775456210358206e+00,9.514029864250765911e-01,-1.202339732351154072e-01
1.420175072947061246e+01,1.346297657096131140e+00,1.236564087770284814e+00,2.159823057519039136e+00,1.088740705323015590e+00,9.513723217266129017e-01,-1.206068596083460648e-01
1.421634014172571803e+01,1.346147043247432507e+00,1.236465273606866866e+00,2.159894580933192199e+00,1.088705903822608123e+00,9.513415648055192353e-01,-1.209795357959502216e-01
1.423092955398082537e+01,1.345996213241483330e+00,1.236366314397322919e+00,2.159966208203559557e+00,1.088671049645671074e+00,9.513107110722327509e-01,-1.213519919447597073e-01
1.424551896623592917e+01,1.345845175296569884e+00,1.236267215628678029e+00,2.160037946750777760e+00,1.088636144583166265e+00,9.512797638460646077e-01,-1.217242361979775506e-01
1.426010837849103652e+01,1.345693926134285956e+00,1.236167975073232395e+00,2.160109791645804744e+00,1.088601187920731572e+00,9.512487212954072735e-01,-1.220962649965714186e-01
1.427469779074614387e+01,1.345542467812011367e+00,1.236068594084077432e+00,2.160181743709494118e+00,1.088566180106739001e+00,9.512175839840109060e-01,-1.224680802186042250e-01
1.428928720300124944e+01,1.345390803132836322e+00,1.235969074516349853e+00,2.160253804628700092e+00,1.088531121751006969e+00,9.511863528319830507e-01,-1.228396845167615825e-01
1.430387661525635679e+01,1.345238928098151820e+00,1.235869413656481619e+00,2.160325968616713332e+00,1.088496011984054324e+00,9.511550256537291137e-01,-1.232110735860132700e-01
1.431846602751146236e+01,1.345086851489089019e+00,1.235769617376113905e+00,2.160398243983638888e+00,1.088460852715481320e+00,9.511236061148931054e-01,-1.235822562093768645e-01
1.433305543976656793e+01,1.344934563353731516e+00,1.235669678960847895e+00,2.160470618327961834e+00,1.088425641782172271e+00,9.510920892866889798e-01,-1.239532219797502416e-01
1.434764485202167350e+01,1.344782077131617015e+00,1.235569607414914506e+00,2.160543105226170990e+00,1.088390382104978515e+00,9.510604810096237038e-01,-1.243239844786551973e-01
1.436223426427678085e+01,1.344629380673163066e+00,1.235469394544535859e+00,2.160615689746324009e+00,1.088355071044774691e+00,9.510287753114826659e-01,-1.246945310313020833e-01
1.437682367653188820e+01,1.344476486617321775e+00,1.235369048818930171e+00,2.160688384697058595e+00,1.088319711346745544e+00,9.509969777039212202e-01,-1.250648744250369704e-01
1.439141308878699377e+01,1.344323387047832830e+00,1.235268564888149623e+00,2.160761179821858224e+00,1.088284301292454348e+00,9.509650841538495047e-01,-1.254350063246672531e-01
1.440600250104210112e+01,1.344170088640520122e+00,1.235167947214287132e+00,2.160834081315982758e+00,1.088248842331173583e+00,9.509330974291134719e-01,-1.258049334074485548e-01
1.442059191329720846e+01,1.344016589367392767e+00,1.235067194406367364e+00,2.160907085551009299e+00,1.088213334023005796e+00,9.509010162366997587e-01,-1.261746533969189954e-01
1.443518132555231048e+01,1.343862890039936309e+00,1.234966306982662632e+00,2.160980192102499142e+00,1.088177776544637654e+00,9.508688406066907461e-01,-1.265441669394650193e-01
1.444977073780741783e+01,1.343708994421024538e+00,1.234865287448760007e+00,2.161053403976044507e+00,1.088142170711702716e+00,9.508365719801381566e-01,-1.269134777387608548e-01
1.446436015006252518e+01,1.343554897554463112e+00,1.234764132441038109e+00,2.161126714121700321e+00,1.088106515451136014e+00,9.508042076553491206e-01,-1.272825804885706069e-01
1.447894956231763075e+01,1.343400608898677184e+00,1.234662848300591698e+00,2.161200132184496692e+00,1.088070812811573473e+00,9.507717518014880964e-01,-1.276514847950751819e-01
1.449353897457273810e+01,1.343246117824382191e+00,1.234561427842487902e+00,2.161273644483663769e+00,1.088035060492559714e+00,9.507391989910148888e-01,-1.280201794767030776e-01
1.450812838682784545e+01,1.343091437683363587e+00,1.234459880032272139e+00,2.161347265300527010e+00,1.087999261384057004e+00,9.507065552908841033e-01,-1.283886781927096321e-01
1.452271779908295102e+01,1.342936557392580887e+00,1.234358197376967281e+00,2.161420980342912301e+00,1.087963413088959497e+00,9.506738150268685406e-01,-1.287569692807911947e-01
1.453730721133805481e+01,1.342781487900809756e+00,1.234256387226417395e+00,2.161494801196649274e+00,1.087927517975634473e+00,9.506409831490275630e-01,-1.291250639330488170e-01
1.455189662359316216e+01,1.342626222705748162e+00,1.234154445172078507e+00,2.161568718897866059e+00,1.087891574638817138e+00,9.506080561733645240e-01,-1.294929552332846345e-01
1.456648603584826951e+01,1.342470767073681515e+00,1.234052374736463564e+00,2.161642738402861585e+00,1.087855584217299665e+00,9.505750363234859446e-01,-1.298606484904446801e-01
1.458107544810337508e+01,1.342315120115541882e+00,1.233950175293829332e+00,2.161716857390329150e+00,1.087819546519298131e+00,9.505419228382566699e-01,-1.302281426226779282e-01
1.459566486035848243e+01,1.342159281506069002e+00,1.233847846597581066e+00,2.161791074182575212e+00,1.087783461475549052e+00,9.505087152206562751e-01,-1.305954371313789719e-01
1.461025427261358978e+01,1.342003255879749002e+00,1.233745391747378850e+00,2.161865393104964728e+00,1.087747330086511921e+00,9.504754154266189525e-01,-1.309625366940262436e-01
1.462484368486869535e+01,1.341847037408756993e+00,1.233642806784461809e+00,2.161939805841808226e+00,1.087711151095942963e+00,9.504420202442667165e-01,-1.313294350791537057e-01
1.463943309712379914e+01,1.341690636163415551e+00,1.233540098477766023e+00,2.162014323368788737e+00,1.087674926675761267e+00,9.504085343408679165e-01,-1.316961426494554499e-01
1.465402250937890649e+01,1.341534040900364877e+00,1.233437259212047499e+00,2.162088930728679248e+00,1.087638654403364269e+00,9.503749517953998804e-01,-1.320626475143972522e-01
1.466861192163401206e+01,1.341377264883959697e+00,1.233334297914756128e+00,2.162163642897315885e+00,1.087602337137526964e+00,9.503412788994707316e-01,-1.324289633928734944e-01
1.468320133388911941e+01,1.341220298008449996e+00,1.233231207736243729e+00,2.162238446232907840e+00,1.087565972702259298e+00,9.503075102725125900e-01,-1.327950795755646340e-01
1.469779074614422676e+01,1.341063149673850541e+00,1.233127994997846422e+00,2.162313351083051671e+00,1.087529563122271448e+00,9.502736503104746157e-01,-1.331610057609666220e-01
1.471238015839933233e+01,1.340905814670593665e+00,1.233024656154617427e+00,2.162388349785330455e+00,1.087493107276881865e+00,9.502396960714580842e-01,-1.335267363594302981e-01
1.472696957065443968e+01,1.340748296974177967e+00,1.232921193865664122e+00,2.162463446046967608e+00,1.087456606022349170e+00,9.502056492416748323e-01,-1.338922754027606077e-01
1.474155898290954347e+01,1.340590596735477869e+00,1.232817608207095628e+00,2.162538638857421258e+00,1.087420059391525085e+00,9.501715095855073345e-01,-1.342576229215755590e-01
1.475614839516465082e+01,1.340432712589105568e+00,1.232713898229267580e+00,2.162613925280788774e+00,1.087383467092056577e+00,9.501372760850453902e-01,-1.346227773532066574e-01
1.477073780741975639e+01,1.340274649963933529e+00,1.232610067576635604e+00,2.162689310960822731e+00,1.087346830290759403e+00,9.501029512053694726e-01,-1.349877442768696867e-01
1.478532721967486374e+01,1.340116402235474791e+00,1.232506111743087773e+00,2.162764786316172305e+00,1.087310147566082019e+00,9.500685312300088947e-01,-1.353525166067851837e-01
1.479991663192997109e+01,1.339957980029980344e+00,1.232402037889899438e+00,2.162840363646880260e+00,1.087273421199657086e+00,9.500340213192125516e-01,-1.357171053999440546e-01
1.481450604418507666e+01,1.339799371543835438e+00,1.232297838005595558e+00,2.162916026724250429e+00,1.087236648659730687e+00,9.499994150634573087e-01,-1.360814981179770955e-01
1.482909545644018401e+01,1.339640589956807570e+00,1.232193520981756718e+00,2.162991791207925729e+00,1.087199832774190966e+00,9.499647189773171574e-01,-1.364457085225737887e-01
1.484368486869528780e+01,1.339481626059457531e+00,1.232089080559948480e+00,2.163067644115175270e+00,1.087162971569151759e+00,9.499299279697717147e-01,-1.368097268017297585e-01
1.485827428095039338e+01,1.339322487830010067e+00,1.231984522114502045e+00,2.163143594543464054e+00,1.087126066755513820e+00,9.498950458897580384e-01,-1.371735612553578454e-01
1.487286369320550072e+01,1.339163171243318740e+00,1.231879842894631372e+00,2.163219636137682755e+00,1.087089117471551791e+00,9.498600703308429649e-01,-1.375372075339167943e-01
1.488745310546060807e+01,1.339003679089916021e+00,1.231775044763827154e+00,2.163295771348981322e+00,1.087052124315968982e+00,9.498250024483300136e-01,-1.379006684773004809e-01
1.490204251771571364e+01,1.338844012473093370e+00,1.231670128444090517e+00,2.163372000478652968e+00,1.087015087525415868e+00,9.497898425260912214e-01,-1.382639451517920226e-01
1.491663192997082099e+01,1.338684169072473784e+00,1.231565092337108869e+00,2.163448319330365077e+00,1.086978006604659264e+00,9.497545890312114603e-01,-1.386270350063132650e-01
1.493122134222592834e+01,1.338524155044108932e+00,1.231459940589348712e+00,2.163524734862677601e+00,1.086940882870718328e+00,9.497192449324848296e-01,-1.389899444544378249e-01
1.494581075448103213e+01,1.338363963031768300e+00,1.231354668188612500e+00,2.163601236231006641e+00,1.086903714752283534e+00,9.496838060141395976e-01,-1.393526656223614546e-01
1.496040016673613771e+01,1.338203603707800227e+00,1.231249282344965001e+00,2.163677836436265434e+00,1.086866504530371147e+00,9.496482776765907685e-01,-1.397152097134894966e-01
1.497498957899124505e+01,1.338043066140953474e+00,1.231143775620095582e+00,2.163754519831389889e+00,1.086829249871336556e+00,9.496126537704302484e-01,-1.400775650679042250e-01
1.498957899124635240e+01,1.337882362044105156e+00,1.231038155932507649e+00,2.163831300902639754e+00,1.086791953276755596e+00,9.495769402877014542e-01,-1.404397440052190804e-01
1.500416840350145797e+01,1.337721483493188313e+00,1.230932417881402730e+00,2.163908167948665362e+00,1.086754613056323260e+00,9.495411326709943811e-01,-1.408017380483287673e-01
1.501875781575656532e+01,1.337560437158400228e+00,1.230826565967047648e+00,2.163985128808081360e+00,1.086717230633946318e+00,9.495052342289668212e-01,-1.411635541875007060e-01
1.503334722801167267e+01,1.337399220102531094e+00,1.230720598171048064e+00,2.164062178436262585e+00,1.086679805383948372e+00,9.494692430843597597e-01,-1.415251892323796667e-01
1.504793664026677469e+01,1.337237834025120975e+00,1.230614515621382354e+00,2.164139318024100866e+00,1.086642337669729619e+00,9.494331598677167028e-01,-1.418866449107257788e-01
1.506252605252188204e+01,1.337076280904841763e+00,1.230508319636790970e+00,2.164216549183486382e+00,1.086604827913318250e+00,9.493969853766871525e-01,-1.422479232525826476e-01
1.507711546477698938e+01,1.336914557540951343e+00,1.230402008017844162e+00,2.164293866457887905e+00,1.086567275434390023e+00,9.493607175689233735e-01,-1.426090207892801165e-01
1.509170487703209496e+01,1.336752670758659001e+00,1.230295585376203205e+00,2.164371278115128305e+00,1.086529681686131621e+00,9.493243599117902054e-01,-1.429699447056637651e-01
1.510629428928720230e+01,1.336590612525691668e+00,1.230189046228856720e+00,2.164448772051926539e+00,1.086492044960901682e+00,9.492879076952209783e-01,-1.433306864019595339e-01
1.512088370154230965e+01,1.336428393537260506e+00,1.230082397819392215e+00,2.164526361933203802e+00,1.086454367533745247e+00,9.492513665468755857e-01,-1.436912571864275290e-01
1.513547311379741522e+01,1.336266003723118878e+00,1.229975633277489822e+00,2.164604032783616017e+00,1.086416647265116442e+00,9.492147306069232959e-01,-1.440516462923812913e-01
1.515006252605251902e+01,1.336103453385088402e+00,1.229868759582146698e+00,2.164681797823345466e+00,1.086378886344779859e+00,9.491780053183704879e-01,-1.444118646213626844e-01
1.516465193830762637e+01,1.335940735801825596e+00,1.229761772137995646e+00,2.164759646664894177e+00,1.086341083345950143e+00,9.491411866620407256e-01,-1.447719049693897697e-01
1.517924135056273371e+01,1.335777856437106781e+00,1.229654674636305067e+00,2.164837585882203985e+00,1.086303239429549317e+00,9.491042774127022019e-01,-1.451317731004274081e-01
1.519383076281783929e+01,1.335614813356051700e+00,1.229547465736348322e+00,2.164915611741879964e+00,1.086265354185559584e+00,9.490672762162991605e-01,-1.454914669074583722e-01
1.520842017507294663e+01,1.335451607250297545e+00,1.229440145883643254e+00,2.164993724172934453e+00,1.086227427761812692e+00,9.490301831844476510e-01,-1.458509870808789022e-01
1.522300958732805398e+01,1.335288240906500556e+00,1.229332716950763515e+00,2.165071926094504384e+00,1.086189460749526825e+00,9.489929996231565301e-01,-1.462103365470849570e-01
1.523759899958315955e+01,1.335124710308512874e+00,1.229225176178442736e+00,2.165150210792333496e+00,1.086151452298839803e+00,9.489557229859258980e-01,-1.465695109861983314e-01
1.525218841183826335e+01,1.334961022901135719e+00,1.229117528612211352e+00,2.165228587836162344e+00,1.086113403987030823e+00,9.489183572338198980e-01,-1.469285182951840241e-01
1.526677782409337425e+01,1.334797170023269031e+00,1.229009768327999907e+00,2.165307043870481341e+00,1.086075313981586188e+00,9.488808971672136883e-01,-1.472873492064803169e-01
1.528136723634847627e+01,1.334633162393842776e+00,1.228901902603895202e+00,2.165385593214455007e+00,1.086037184551440493e+00,9.488433486393478278e-01,-1.476460151155191136e-01
1.529595664860358362e+01,1.334468990734533289e+00,1.228793925093128125e+00,2.165464221570398973e+00,1.085999013734867180e+00,9.488057060761619921e-01,-1.480045060988172401e-01
1.531054606085869096e+01,1.334304664044314359e+00,1.228685841904553211e+00,2.165542940885215817e+00,1.085960803435355171e+00,9.487679743782327924e-01,-1.483628317262437879e-01
1.532513547311379654e+01,1.334140176711484438e+00,1.228577649188650422e+00,2.165621742087714630e+00,1.085922552467519786e+00,9.487301500584144343e-01,-1.487209859876796880e-01
1.533972488536890388e+01,1.333975533083862741e+00,1.228469349885527029e+00,2.165700630483950562e+00,1.085884261750744706e+00,9.486922353636493277e-01,-1.490789734989829418e-01
1.535431429762400768e+01,1.333810732153278167e+00,1.228360943283886453e+00,2.165779603650322738e+00,1.085845931072574988e+00,9.486542294574216161e-01,-1.494367931652917370e-01
1.536890370987911680e+01,1.333645773676543689e+00,1.228252429193326778e+00,2.165858660254651458e+00,1.085807560382710202e+00,9.486161319379473600e-01,-1.497944447098090992e-01
1.538349312213422060e+01,1.333480661189784255e+00,1.228143810003128333e+00,2.165937804518065946e+00,1.085769150427414287e+00,9.485779446144596561e-01,-1.501519318920025436e-01
1.539808253438932795e+01,1.333315389917502536e+00,1.228035082429674629e+00,2.166017028473091521e+00,1.085730700200787657e+00,9.485396644413089939e-01,-1.505092496031062432e-01
1.541267194664443529e+01,1.333149967882321540e+00,1.227926251926111156e+00,2.166096342982409162e+00,1.085692211393931572e+00,9.485012958686441786e-01,-1.508664063966528857e-01
1.542726135889954087e+01,1.332984385833694274e+00,1.227817312151967100e+00,2.166175733446512375e+00,1.085653682059103176e+00,9.484628332117658323e-01,-1.512233923919345246e-01
1.544185077115464821e+01,1.332818654517487378e+00,1.227708270422346981e+00,2.166255214828640252e+00,1.085615114459545838e+00,9.484242825479262118e-01,-1.515802190549351280e-01
1.545644018340975201e+01,1.332652765384609195e+00,1.227599120873739569e+00,2.166334773513299616e+00,1.085576506796533058e+00,9.483856385852129645e-01,-1.519368772583906679e-01
1.547102959566486113e+01,1.332486726228060192e+00,1.227489868806855844e+00,2.166414420169541444e+00,1.085537860710217739e+00,9.483469056880484693e-01,-1.522933753216379471e-01
1.548561900791996493e+01,1.332320532462957896e+00,1.227380511065105262e+00,2.166494147042689278e+00,1.085499175236852132e+00,9.483080808954259533e-01,-1.526497083539646027e-01
1.550020842017507228e+01,1.332154187401349610e+00,1.227271049888595700e+00,2.166573958170079361e+00,1.085460451073358756e+00,9.482691659322203259e-01,-1.530058798965819866e-01
1.551479783243017785e+01,1.331987690895372278e+00,1.227161485153206222e+00,2.166653852434459182e+00,1.085421688188884959e+00,9.482301604740761558e-01,-1.533618897998913766e-01
1.552938724468528520e+01,1.331821041830856478e+00,1.227051816073159385e+00,2.166733827245270305e+00,1.085382886350294562e+00,9.481910636110558732e-01,-1.537177368858486937e-01
1.554397665694039254e+01,1.331654244443080559e+00,1.226942045522642744e+00,2.166813888118634068e+00,1.085344046446654609e+00,9.481518776507456003e-01,-1.540734256874998764e-01
1.555856606919549634e+01,1.331487293245017467e+00,1.226832169723817145e+00,2.166894025840229610e+00,1.085305167327622389e+00,9.481125990530873127e-01,-1.544289503657877705e-01
1.557315548145060546e+01,1.331320196802570521e+00,1.226722194515900588e+00,2.166974252555196490e+00,1.085266250789525655e+00,9.480732327529424186e-01,-1.547843200785566364e-01
1.558774489370570926e+01,1.331152945307861879e+00,1.226612113161936524e+00,2.167054552429885650e+00,1.085227294777353801e+00,9.480337725847807206e-01,-1.551395243833601778e-01
1.560233430596081661e+01,1.330985549539104751e+00,1.226501933018012469e+00,2.167134941061082287e+00,1.085188301549589118e+00,9.479942248483889111e-01,-1.554945748010707618e-01
1.561692371821592218e+01,1.330818001619668012e+00,1.226391648667402912e+00,2.167215405518695626e+00,1.085149269457057031e+00,9.479545845305508145e-01,-1.558494629564761147e-01
1.563151313047102953e+01,1.330650308222967926e+00,1.226281264657886672e+00,2.167295955191802292e+00,1.085110199897083572e+00,9.479148554655016934e-01,-1.562041959946745273e-01
1.564610254272613687e+01,1.330482465717597984e+00,1.226170778479025447e+00,2.167376583640365340e+00,1.085071092109994195e+00,9.478750352127743861e-01,-1.565587700743300559e-01
1.566069195498123889e+01,1.330314476450527916e+00,1.226060191715930392e+00,2.167457293634352133e+00,1.085031946587131868e+00,9.478351249806430401e-01,-1.569131877311104317e-01
1.567528136723634979e+01,1.330146341076320793e+00,1.225949504794937139e+00,2.167538085357583633e+00,1.084992763465255861e+00,9.477951249518071775e-01,-1.572674496977315983e-01
1.568987077949145359e+01,1.329978057665120783e+00,1.225838716369878956e+00,2.167618954965879752e+00,1.084953542341714705e+00,9.477550337131518399e-01,-1.576215539569710278e-01
1.570446019174655916e+01,1.329809631108641144e+00,1.225727829772994326e+00,2.167699909261747493e+00,1.084914284237898707e+00,9.477148540659964260e-01,-1.579755057594326439e-01
1.571904960400166651e+01,1.329641055248522052e+00,1.225616840757384418e+00,2.167780937792108009e+00,1.084874987868847063e+00,9.476745819803655824e-01,-1.583292985909557360e-01
1.573363901625677386e+01,1.329472338847868418e+00,1.225505755312765288e+00,2.167862053472278117e+00,1.084835655062729165e+00,9.476342226737268781e-01,-1.586829418258244029e-01
1.574822842851187943e+01,1.329303472521538687e+00,1.225394566976398592e+00,2.167943240747084221e+00,1.084796283862699218e+00,9.475937700976366784e-01,-1.590364255241928093e-01
1.576281784076698322e+01,1.329134466132885883e+00,1.225283282495496673e+00,2.168024514334700115e+00,1.084756876324859842e+00,9.475532301791214085e-01,-1.593897602311361295e-01
1.577740725302209412e+01,1.328965312744615046e+00,1.225171897085556516e+00,2.168105862492910596e+00,1.084717431003733079e+00,9.475125983783431183e-01,-1.597429386205576896e-01
1.579199666527719792e+01,1.328796017987291522e+00,1.225060414590360303e+00,2.168187293330899212e+00,1.084677949072102354e+00,9.474718780050211953e-01,-1.600959667351470050e-01
1.580658607753230349e+01,1.328626579118399542e+00,1.224948833104539947e+00,2.168268801719505312e+00,1.084638429958822314e+00,9.474310671339052359e-01,-1.604488417169879499e-01
1.582117548978741084e+01,1.328456997581743515e+00,1.224837153597498007e+00,2.168350389164674485e+00,1.084598873964511379e+00,9.473901664618620266e-01,-1.608015651613020902e-01
1.583576490204251819e+01,1.328287274784325733e+00,1.224725377014447059e+00,2.168432057144347613e+00,1.084559281381377804e+00,9.473491766737973663e-01,-1.611541386237948792e-01
1.585035431429762376e+01,1.328117408027968294e+00,1.224613501478649447e+00,2.168513800567267058e+00,1.084519651648739647e+00,9.473080958581400202e-01,-1.615065593065768135e-01
1.586494372655272755e+01,1.327947402825164769e+00,1.224501530758148160e+00,2.168595627512243329e+00,1.084479985911465771e+00,9.472669273055622785e-01,-1.618588331249712631e-01
1.587953313880783668e+01,1.327777252379311657e+00,1.224389460157504272e+00,2.168677526297120739e+00,1.084440282758157403e+00,9.472256665004272769e-01,-1.622109529417832541e-01
1.589412255106294047e+01,1.327606965562469599e+00,1.224277295756907913e+00,2.168759510458949435e+00,1.084400544030082791e+00,9.471843188862668628e-01,-1.625629282337095749e-01
1.590871196331804782e+01,1.327436533631292326e+00,1.224165031520056068e+00,2.168841565139648431e+00,1.084360767912969425e+00,9.471428786933833166e-01,-1.629147498118733162e-01
1.592330137557315517e+01,1.327265965343710663e+00,1.224052673451073048e+00,2.168923703761693744e+00,1.084320956222937671e+00,9.471013513168744513e-01,-1.632664270289170549e-01
1.593789078782826074e+01,1.327095254722127304e+00,1.223940217414934084e+00,2.169005915907001203e+00,1.084281107720330928e+00,9.470597327397693999e-01,-1.636179536362390718e-01
1.595248020008336809e+01,1.326924406421999381e+00,1.223827666594521135e+00,2.169088208406980467e+00,1.084241223369594165e+00,9.470180257526619183e-01,-1.639693346418368836e-01
1.596706961233847188e+01,1.326753418533269446e+00,1.223715019653751179e+00,2.169170577437844027e+00,1.084201302774458808e+00,9.469762289404604072e-01,-1.643205681090090242e-01
1.598165902459358101e+01,1.326582291650300949e+00,1.223602276980283232e+00,2.169253023246713763e+00,1.084161346057773923e+00,9.469343424935565690e-01,-1.646716547539447129e-01
1.599624843684868480e+01,1.326411027889919492e+00,1.223489440011424678e+00,2.169335548597131957e+00,1.084121353656745779e+00,9.468923675944588281e-01,-1.650225968993423442e-01
1.601083784910379038e+01,1.326239623825593350e+00,1.223376506364863170e+00,2.169418147158975074e+00,1.084081324862431250e+00,9.468503018376186464e-01,-1.653733910218943004e-01
1.602542726135889950e+01,1.326068085561539656e+00,1.223263480226506106e+00,2.169500828275891635e+00,1.084041260935867834e+00,9.468081489989058630e-01,-1.657240436517193050e-01
1.604001667361400507e+01,1.325896405689360069e+00,1.223150356468556854e+00,2.169583579047817512e+00,1.084001160345853476e+00,9.467659040810548765e-01,-1.660745470778071387e-01
1.605460608586911064e+01,1.325724593194888890e+00,1.223037141265307159e+00,2.169666413623372758e+00,1.083961024947570406e+00,9.467235727522167466e-01,-1.664249108630520002e-01
1.606919549812421621e+01,1.325552639928096132e+00,1.222923828975769345e+00,2.169749317843044256e+00,1.083920853057774636e+00,9.466811495182300140e-01,-1.667751265295576990e-01
1.608378491037932534e+01,1.325380553614431411e+00,1.222810424907474935e+00,2.169832303834642762e+00,1.083880646270019676e+00,9.466386392478357559e-01,-1.671252023074932536e-01
1.609837432263443091e+01,1.325208329173787503e+00,1.222696925535322388e+00,2.169915362500009604e+00,1.083840403535474284e+00,9.465960384416790552e-01,-1.674751329610577322e-01
1.611296373488953648e+01,1.325035970345930680e+00,1.222583333418968854e+00,2.169998499396774250e+00,1.083800125624526434e+00,9.465533493763546025e-01,-1.678249225274852097e-01
1.612755314714464205e+01,1.324863476004388474e+00,1.222469647760759281e+00,2.170081711999416019e+00,1.083759812303878078e+00,9.465105711421205603e-01,-1.681745699325357668e-01
1.614214255939974763e+01,1.324690845940219797e+00,1.222355868395619938e+00,2.170164999303129783e+00,1.083719463529812854e+00,9.464677034275775780e-01,-1.685240750713960789e-01
1.615673197165485675e+01,1.324518082944296848e+00,1.222241997230642641e+00,2.170248365347110298e+00,1.083679079875664142e+00,9.464247479084666459e-01,-1.688734409808150538e-01
1.617132138390995877e+01,1.324345182894805406e+00,1.222128031398425962e+00,2.170331802572120772e+00,1.083638660492401096e+00,9.463817016895099687e-01,-1.692226634643280991e-01
1.618591079616506789e+01,1.324172152464805352e+00,1.222013975488844828e+00,2.170415321573893053e+00,1.083598206751354098e+00,9.463385690278366402e-01,-1.695717496195882357e-01
1.620050020842017346e+01,1.323998983654329331e+00,1.221899823953844777e+00,2.170498908247012526e+00,1.083557717006710330e+00,9.462953444483687138e-01,-1.699206912083914001e-01
1.621508962067527904e+01,1.323825685569899990e+00,1.221785583066842262e+00,2.170582577341115371e+00,1.083517193128866074e+00,9.462520338425183253e-01,-1.702694978644010149e-01
1.622967903293038816e+01,1.323652250610997783e+00,1.221671247554069417e+00,2.170666315395743506e+00,1.083476633555145341e+00,9.462086319885956165e-01,-1.706181617829742037e-01
1.624426844518549373e+01,1.323478685535073085e+00,1.221556822067460635e+00,2.170750133246978297e+00,1.083436039671991535e+00,9.461651432342910173e-01,-1.709666901378900927e-01
1.625885785744059930e+01,1.323304986105035441e+00,1.221442303657314987e+00,2.170834023110734368e+00,1.083395410608194220e+00,9.461215645928676699e-01,-1.713150786450110541e-01
1.627344726969570488e+01,1.323131155196612507e+00,1.221327694292682509e+00,2.170917989276595961e+00,1.083354746952568171e+00,9.460778978317939680e-01,-1.716633304312497610e-01
1.628803668195081400e+01,1.322957192425114226e+00,1.221212993688087112e+00,2.171002030508707215e+00,1.083314048624521853e+00,9.460341425421086026e-01,-1.720114452292480778e-01
1.630262609420591602e+01,1.322783096817300885e+00,1.221098201150084162e+00,2.171086144558835418e+00,1.083273315423317618e+00,9.459902979150691671e-01,-1.723594221681153393e-01
1.631721550646102514e+01,1.322608871808767184e+00,1.220983319037449721e+00,2.171170336730512407e+00,1.083232548051052069e+00,9.459463661155003145e-01,-1.727072649485056621e-01
1.633180491871613071e+01,1.322434512608994250e+00,1.220868344013934292e+00,2.171254598246606715e+00,1.083191745525265759e+00,9.459023437624232145e-01,-1.730549687503286083e-01
1.634639433097123629e+01,1.322260026442813263e+00,1.220753281063289952e+00,2.171338940940953144e+00,1.083150909323061351e+00,9.458582355904939787e-01,-1.734025411939392469e-01
1.636098374322634541e+01,1.322085404733038150e+00,1.220638124225452703e+00,2.171423349516683921e+00,1.083110037687834870e+00,9.458140356504367574e-01,-1.737499735581970461e-01
1.637557315548144743e+01,1.321910656715819421e+00,1.220522879879321509e+00,2.171507839313478350e+00,1.083069132506981447e+00,9.457697500556436765e-01,-1.740972755328084043e-01
1.639016256773655655e+01,1.321735775300665772e+00,1.220407543093066094e+00,2.171592397569545252e+00,1.083028192328923112e+00,9.457253738539767030e-01,-1.744444399507501242e-01
1.640475197999166213e+01,1.321560766333630399e+00,1.220292117898879258e+00,2.171677033833912862e+00,1.082987218346634251e+00,9.456809108771212502e-01,-1.747914729919244348e-01
1.641934139224676770e+01,1.321385626373400735e+00,1.220176601892659862e+00,2.171761741629200770e+00,1.082946209854993125e+00,9.456363586462055437e-01,-1.751383712659936587e-01
1.643393080450187327e+01,1.321210357476022557e+00,1.220060996480706095e+00,2.171846523984306998e+00,1.082905167272033120e+00,9.455917184242041973e-01,-1.754851370467870597e-01
1.644852021675698239e+01,1.321034959963431454e+00,1.219945301867817244e+00,2.171931380943039169e+00,1.082864090661146195e+00,9.455469902985933484e-01,-1.758317708211614427e-01
1.646310962901208796e+01,1.320859432130408129e+00,1.219829516852159790e+00,2.172016309023736991e+00,1.082822979672570796e+00,9.455021729675110453e-01,-1.761782710042297251e-01
1.647769904126719354e+01,1.320683778034000166e+00,1.219713644230063565e+00,2.172101314781670567e+00,1.082781835131206849e+00,9.454572690809276425e-01,-1.765246419129645750e-01
1.649228845352230266e+01,1.320507992235436356e+00,1.219597680208653889e+00,2.172186388234420562e+00,1.082740655926402118e+00,9.454122747759833301e-01,-1.768708781506886651e-01
1.650687786577740468e+01,1.320332082280789354e+00,1.219481630007065887e+00,2.172271542055887572e+00,1.082699443593208688e+00,9.453671951105546700e-01,-1.772169875944994977e-01
1.652146727803251025e+01,1.320156039681366078e+00,1.219365487713895524e+00,2.172356760921568153e+00,1.082658196400519524e+00,9.453220241168953653e-01,-1.775629617524489279e-01
1.653605669028761938e+01,1.319979873156882144e+00,1.219249259365085214e+00,2.172442059601173092e+00,1.082616916121197148e+00,9.452767676768676353e-01,-1.779088096861646540e-01
1.655064610254272495e+01,1.319803576310420112e+00,1.219132940500108786e+00,2.172527426413235041e+00,1.082575601450826541e+00,9.452314212558653450e-01,-1.782545250558882077e-01
1.656523551479783052e+01,1.319627154125835977e+00,1.219016534562461285e+00,2.172612869626065812e+00,1.082534253400825763e+00,9.451859881743749359e-01,-1.786001131068685466e-01
1.657982492705293964e+01,1.319450603917143194e+00,1.218900039668258550e+00,2.172698384060174792e+00,1.082492871422213510e+00,9.451404664568645586e-01,-1.789455712877179583e-01
1.659441433930804521e+01,1.319273926958233867e+00,1.218783456684446209e+00,2.172783971492673327e+00,1.082451455771445969e+00,9.450948568662199678e-01,-1.792909010734770603e-01
1.660900375156315079e+01,1.319097124248747033e+00,1.218666786288267856e+00,2.172869633235699371e+00,1.082410006648628853e+00,9.450491599822271604e-01,-1.796361036552230062e-01
1.662359316381825636e+01,1.318920193377502326e+00,1.218550026785361284e+00,2.172955364585591020e+00,1.082368523561503704e+00,9.450033740139137661e-01,-1.799811767835498288e-01
1.663818257607336193e+01,1.318743139005446263e+00,1.218433181399230181e+00,2.173041173335544585e+00,1.082327007453147028e+00,9.449575020926611613e-01,-1.803261253464989999e-01
1.665277198832847105e+01,1.318565955060234884e+00,1.218316245888799720e+00,2.173127048311769283e+00,1.082285457088606684e+00,9.449115398773458852e-01,-1.806709434155769067e-01
1.666736140058357662e+01,1.318388649273225965e+00,1.218199225614692960e+00,2.173213002771404501e+00,1.082243874032983610e+00,9.448654926507769058e-01,-1.810156389608096883e-01
1.668195081283868220e+01,1.318211213636532264e+00,1.218082114987844911e+00,2.173299022100381617e+00,1.082202256659590356e+00,9.448193547147932803e-01,-1.813602041292121103e-01
1.669654022509379132e+01,1.318033655977361329e+00,1.217964919437555915e+00,2.173385119765002038e+00,1.082160606551801241e+00,9.447731314337753927e-01,-1.817046469711743606e-01
1.671112963734889334e+01,1.317855970690309908e+00,1.217847635045255617e+00,2.173471285402693631e+00,1.082118922570587394e+00,9.447268187829304109e-01,-1.820489620655055540e-01
1.672571904960399891e+01,1.317678161939307646e+00,1.217730264692253872e+00,2.173557526008926377e+00,1.082077205556119415e+00,9.446804195761163703e-01,-1.823931537789982849e-01
1.674030846185910804e+01,1.317500227759618836e+00,1.217612806993673136e+00,2.173643837691939584e+00,1.082035455107088762e+00,9.446339323368383445e-01,-1.827372203471339662e-01
1.675489787411421361e+01,1.317322168674059046e+00,1.217495262296281799e+00,2.173730220987403872e+00,1.081993671326076933e+00,9.445873573320791028e-01,-1.830811624977614072e-01
1.676948728636931918e+01,1.317143986336955619e+00,1.217377631735812704e+00,2.173816678463198038e+00,1.081951854544008551e+00,9.445406956300136381e-01,-1.834249820786282847e-01
1.678407669862442830e+01,1.316965677651205091e+00,1.217259913137303862e+00,2.173903204206444784e+00,1.081910004131266145e+00,9.444939449543633403e-01,-1.837686762229126247e-01
1.679866611087953387e+01,1.316787247869552147e+00,1.217142110144644462e+00,2.173989807233274618e+00,1.081868121145743489e+00,9.444471089143786635e-01,-1.841122503466003646e-01
1.681325552313463589e+01,1.316608690295223871e+00,1.217024218073335495e+00,2.174076475193730928e+00,1.081826204230791788e+00,9.444001826940993105e-01,-1.844556980320959105e-01
1.682784493538974502e+01,1.316430012854200804e+00,1.216906242432176377e+00,2.174163221917178923e+00,1.081784254983449323e+00,9.443531718000265363e-01,-1.847990273271838124e-01
1.684243434764485059e+01,1.316251207985777105e+00,1.216788177932926374e+00,2.174250033498493107e+00,1.081742271873332939e+00,9.443060708008549353e-01,-1.851422309853734127e-01
1.685702375989995616e+01,1.316072282671271854e+00,1.216670029427626698e+00,2.174336922107483527e+00,1.081700256305654362e+00,9.442588845482111637e-01,-1.854853161036238984e-01
1.687161317215506529e+01,1.315893232057985252e+00,1.216551793515333824e+00,2.174423878691409406e+00,1.081658207297196528e+00,9.442116095226465999e-01,-1.858282781254469995e-01
1.688620258441017086e+01,1.315714059525639357e+00,1.216433472537397975e+00,2.174510908982236312e+00,1.081616125525671990e+00,9.441642480357422818e-01,-1.861711205925953017e-01
1.690079199666527643e+01,1.315534763802709284e+00,1.216315065590697797e+00,2.174598010364492850e+00,1.081574010730374180e+00,9.441167991059464804e-01,-1.865138424778782500e-01
1.691538140892038200e+01,1.315355344685897432e+00,1.216196572516980323e+00,2.174685182144135975e+00,1.081531862866298876e+00,9.440692625083157985e-01,-1.868564438110821291e-01
1.692997082117548757e+01,1.315175804466820031e+00,1.216077994900207404e+00,2.174772428130985258e+00,1.081489682390597507e+00,9.440216397956919803e-01,-1.871989270513064740e-01
1.694456023343059314e+01,1.314996139376789941e+00,1.215959330092996060e+00,2.174859741217054498e+00,1.081447468540102985e+00,9.439739282100968465e-01,-1.875412887592563249e-01
1.695914964568570227e+01,1.314816355253457525e+00,1.215840582156263228e+00,2.174947131625260877e+00,1.081405222485388062e+00,9.439261318352938357e-01,-1.878835348376653447e-01
1.697373905794080784e+01,1.314636444779463842e+00,1.215721745963363132e+00,2.175034585845944335e+00,1.081362942749468203e+00,9.438782453837281095e-01,-1.882256584206928873e-01
1.698832847019591341e+01,1.314456416086760004e+00,1.215602827179305789e+00,2.175122118269229965e+00,1.081320630963679807e+00,9.438302745844292518e-01,-1.885676676192566681e-01
1.700291788245102254e+01,1.314276262031721432e+00,1.215483820797450099e+00,2.175209715696743373e+00,1.081278285686646079e+00,9.437822142703389261e-01,-1.889095557625839195e-01
1.701750729470612455e+01,1.314095988789792502e+00,1.215364731117639430e+00,2.175297389010177440e+00,1.081235908155209202e+00,9.437340687848325693e-01,-1.892513290491579236e-01
1.703209670696123368e+01,1.313915592228270146e+00,1.215245555236229569e+00,2.175385130456277682e+00,1.081193497533805337e+00,9.436858351095528397e-01,-1.895929837359507653e-01
1.704668611921633925e+01,1.313735074972200323e+00,1.215126294972777465e+00,2.175472944514229123e+00,1.081151054345039997e+00,9.436375150579408011e-01,-1.899345225905430812e-01
1.706127553147144482e+01,1.313554436420954374e+00,1.215006949892421861e+00,2.175560829832174470e+00,1.081108578463076286e+00,9.435891081394963686e-01,-1.902759452758550907e-01
1.707586494372655395e+01,1.313373675664269546e+00,1.214887519343227140e+00,2.175648784499428334e+00,1.081066069700250543e+00,9.435406136411266242e-01,-1.906172511704891381e-01
1.709045435598165952e+01,1.313192795619004372e+00,1.214768005350647995e+00,2.175736813552769711e+00,1.081023528636602116e+00,9.434920335968065563e-01,-1.909584433016073002e-01
1.710504376823676509e+01,1.313011791853777366e+00,1.214648404799460790e+00,2.175824908704490301e+00,1.080980954377951386e+00,9.434433647702783476e-01,-1.912995177004275238e-01
1.711963318049187066e+01,1.312830670789250753e+00,1.214528722167563579e+00,2.175913081367029545e+00,1.080938348206576860e+00,9.433946117166396306e-01,-1.916404807169745650e-01
1.713422259274697623e+01,1.312649424486225458e+00,1.214408951884059507e+00,2.176001316888711123e+00,1.080895708525331234e+00,9.433457686798057962e-01,-1.919813250763510448e-01
1.714881200500208180e+01,1.312468061295938071e+00,1.214289099779525927e+00,2.176089630208491776e+00,1.080853037002669437e+00,9.432968416102437414e-01,-1.923220589384540824e-01
1.716340141725719093e+01,1.312286574465043820e+00,1.214169161111842365e+00,2.176178008831902488e+00,1.080810332279690922e+00,9.432478256026505248e-01,-1.926626761790192210e-01
1.717799082951229650e+01,1.312104969396862719e+00,1.214049139649615583e+00,2.176266462362292931e+00,1.080767595433202111e+00,9.431987244964383788e-01,-1.930031821503900569e-01
1.719258024176739852e+01,1.311923242651822141e+00,1.213929032969998323e+00,2.176354984334293530e+00,1.080724825768497599e+00,9.431495357702911475e-01,-1.933435738741619558e-01
1.720716965402251120e+01,1.311741396123889736e+00,1.213808842385028619e+00,2.176443577986394207e+00,1.080682023659040203e+00,9.431002607434449958e-01,-1.936838533922814465e-01
1.722175906627761321e+01,1.311559429866502313e+00,1.213688567918216332e+00,2.176532243216478868e+00,1.080639189109410037e+00,9.430508994127531075e-01,-1.940240210126823184e-01
1.723634847853272234e+01,1.311377342275995117e+00,1.213568208431600182e+00,2.176620976911590510e+00,1.080596321792907100e+00,9.430014505805570657e-01,-1.943640755076161408e-01
1.725093789078782791e+01,1.311195136887582047e+00,1.213447766388798366e+00,2.176709785319331125e+00,1.080553422410326148e+00,9.429519167586144501e-01,-1.947040204308573552e-01
1.726552730304293348e+01,1.311012808610813041e+00,1.213327238207845493e+00,2.176798658988923663e+00,1.080510489937780427e+00,9.429022942356248826e-01,-1.950438513253576200e-01
1.728011671529803905e+01,1.310830364305855200e+00,1.213206628684094124e+00,2.176887610237172144e+00,1.080467525740152590e+00,9.428525879292181111e-01,-1.953835748153008867e-01
1.729470612755314463e+01,1.310647795844824381e+00,1.213085932105073761e+00,2.176976624089619783e+00,1.080424528186928246e+00,9.428027919350627784e-01,-1.957231836601440178e-01
1.730929553980825375e+01,1.310465111374154779e+00,1.212965154169528548e+00,2.177065715221318865e+00,1.080381498899183779e+00,9.427529121066534623e-01,-1.960626856492981296e-01
1.732388495206335577e+01,1.310282304653544561e+00,1.212844290487502086e+00,2.177154872105024008e+00,1.080338436623943910e+00,9.427029439038568936e-01,-1.964020753124858520e-01
1.733847436431846845e+01,1.310099380341984032e+00,1.212723344313418439e+00,2.177244103076857673e+00,1.080295342284925519e+00,9.426528906662060558e-01,-1.967413572058463456e-01
1.735306377657357046e+01,1.309916335671696519e+00,1.212602313692360045e+00,2.177333402946541430e+00,1.080252215322776710e+00,9.426027503655721729e-01,-1.970805290689625067e-01
1.736765318882867604e+01,1.309733171823525666e+00,1.212481199439400026e+00,2.177422773725253169e+00,1.080209055966468545e+00,9.425525238307251863e-01,-1.974195922645600454e-01
1.738224260108378516e+01,1.309549889493391461e+00,1.212360002029998052e+00,2.177512216545578472e+00,1.080165864347765403e+00,9.425022115423593583e-01,-1.977585477024173810e-01
1.739683201333888718e+01,1.309366486392430584e+00,1.212238719844277668e+00,2.177601727107941088e+00,1.080122640003307044e+00,9.424518118216497209e-01,-1.980973935914164263e-01
1.741142142559399630e+01,1.309182966672288728e+00,1.212117355783982608e+00,2.177691312853487826e+00,1.080079383753667299e+00,9.424013276549617624e-01,-1.984361339721521511e-01
1.742601083784910188e+01,1.308999324581986423e+00,1.211995905798126438e+00,2.177780963186281671e+00,1.080036094445369521e+00,9.423507548590147609e-01,-1.987747639389489118e-01
1.744060025010421100e+01,1.308815567242361144e+00,1.211874374874469140e+00,2.177870690968179535e+00,1.079992773490184188e+00,9.423000985753755554e-01,-1.991132901938629240e-01
1.745518966235931657e+01,1.308631686885274092e+00,1.211752757544382941e+00,2.177960481941498383e+00,1.079949419333046334e+00,9.422493531614581919e-01,-1.994517060464391645e-01
1.746977907461442214e+01,1.308447690910098604e+00,1.211631058992731269e+00,2.178050349485073589e+00,1.079906033440455104e+00,9.421985239655702449e-01,-1.997900184228285358e-01
1.748436848686952771e+01,1.308263573755320097e+00,1.211509275299937460e+00,2.178140283374641495e+00,1.079862614697216339e+00,9.421476069462276781e-01,-2.001282226401085440e-01
1.749895789912463329e+01,1.308079339357699489e+00,1.211387409219548239e+00,2.178230290691513638e+00,1.079819163879576882e+00,9.420966049469687853e-01,-2.004663225059542808e-01
1.751354731137974241e+01,1.307894985605241089e+00,1.211265459255219001e+00,2.178320367506537458e+00,1.079775680559270201e+00,9.420455164291872130e-01,-2.008043164333080388e-01
1.752813672363484443e+01,1.307710512978170536e+00,1.211143425732013057e+00,2.178410514618251970e+00,1.079732164824155793e+00,9.419943417347385051e-01,-2.011422051501600416e-01
1.754272613588995711e+01,1.307525922808389085e+00,1.211021309574280114e+00,2.178500734377748049e+00,1.079688616931137268e+00,9.419430818248236692e-01,-2.014799901267072535e-01
1.755731554814505913e+01,1.307341212124821128e+00,1.210899108680879577e+00,2.178591021315756215e+00,1.079645036281348780e+00,9.418917345426730536e-01,-2.018176690497796022e-01
1.757190496040016470e+01,1.307156385698483803e+00,1.210776826394874606e+00,2.178681384048532621e+00,1.079601423815305772e+00,9.418403033462532381e-01,-2.021552464084823975e-01
1.758649437265527382e+01,1.306971437111400736e+00,1.210654458190645322e+00,2.178771810854167157e+00,1.079557778248884992e+00,9.417887835831975085e-01,-2.024927168867483862e-01
1.760108378491037584e+01,1.306786373759671438e+00,1.210532009258632247e+00,2.178862315127209293e+00,1.079514101043877794e+00,9.417371806179646310e-01,-2.028300872498909613e-01
1.761567319716548496e+01,1.306601188212217712e+00,1.210409474359617654e+00,2.178952883323270751e+00,1.079470390715085548e+00,9.416854890673765910e-01,-2.031673513307897250e-01
1.763026260942059054e+01,1.306415887147404975e+00,1.210286858180526615e+00,2.179043527536414171e+00,1.079426648580976034e+00,9.416337137785758538e-01,-2.035045152411620040e-01
1.764485202167569966e+01,1.306230465662257645e+00,1.210164157259987716e+00,2.179134238832470594e+00,1.079382873658876196e+00,9.415818512049196620e-01,-2.038415750396003479e-01
1.765944143393080168e+01,1.306044926987928845e+00,1.210041373860359259e+00,2.179225023051627019e+00,1.079339066581907369e+00,9.415299036976452207e-01,-2.041785338310599940e-01
1.767403084618591080e+01,1.305859269657315913e+00,1.209918506937899041e+00,2.179315877510741739e+00,1.079295227049817507e+00,9.414778702041860514e-01,-2.045153906590348736e-01
1.768862025844101638e+01,1.305673493457262913e+00,1.209795556331129784e+00,2.179406801811663463e+00,1.079251355011499713e+00,9.414257505828533823e-01,-2.048521456595261137e-01
1.770320967069611839e+01,1.305487600354079181e+00,1.209672523413498180e+00,2.179497799506628031e+00,1.079207450848107541e+00,9.413735462721938285e-01,-2.051888008232897465e-01
1.771779908295123107e+01,1.305301586692391380e+00,1.209549405599880778e+00,2.179588863974881274e+00,1.079163513825234677e+00,9.413212546405408387e-01,-2.055253533549358802e-01
1.773238849520633309e+01,1.305115457870254403e+00,1.209426206681003757e+00,2.179680004988197695e+00,1.079119545004608494e+00,9.412688796146219117e-01,-2.058618081550857293e-01
1.774697790746144221e+01,1.304929206791357377e+00,1.209302921647748219e+00,2.179771209719159941e+00,1.079075542969260892e+00,9.412164160757134912e-01,-2.061981595342814166e-01
1.776156731971654779e+01,1.304742841143706089e+00,1.209179555904899450e+00,2.179862492082090597e+00,1.079031509234615660e+00,9.411638696101912727e-01,-2.065344143067944505e-01
1.777615673197165336e+01,1.304556353813357550e+00,1.209056104430018097e+00,2.179953839241889124e+00,1.078987442380402006e+00,9.411112350920496361e-01,-2.068705668033529455e-01
1.779074614422675893e+01,1.304369750778244130e+00,1.208932571424422342e+00,2.180045262020540608e+00,1.078943343582325021e+00,9.410585168710960957e-01,-2.072066223680079089e-01
1.780533555648186450e+01,1.304183027778837101e+00,1.208808953876173486e+00,2.180136752759939345e+00,1.078899211986175777e+00,9.410057118919035180e-01,-2.075425777569198937e-01
1.781992496873697363e+01,1.303996187351978531e+00,1.208685253562611583e+00,2.180228316074116712e+00,1.078855048085046953e+00,9.409528220169209867e-01,-2.078784354162598880e-01
1.783451438099207920e+01,1.303809228669571274e+00,1.208561469889940065e+00,2.180319950509657989e+00,1.078810851704800067e+00,9.408998466763126567e-01,-2.082141949789101665e-01
1.784910379324718832e+01,1.303622150827171255e+00,1.208437602210190587e+00,2.180411654488953133e+00,1.078766622656305518e+00,9.408467852480401072e-01,-2.085498560300687310e-01
1.786369320550229034e+01,1.303434956428737745e+00,1.208313652349324308e+00,2.180503432746859982e+00,1.078722361445200173e+00,9.407936396450026217e-01,-2.088854210425897528e-01
1.787828261775739946e+01,1.303247641127532885e+00,1.208189617232188429e+00,2.180595277530641862e+00,1.078678067200337765e+00,9.407404067635178890e-01,-2.092208867773812653e-01
1.789287203001250504e+01,1.303060210961000109e+00,1.208065501106654560e+00,2.180687199746810467e+00,1.078633741107022148e+00,9.406870909963922500e-01,-2.095562585107409725e-01
1.790746144226761061e+01,1.302872658138286566e+00,1.207941298467971158e+00,2.180779185484230887e+00,1.078589381612100384e+00,9.406336867611151398e-01,-2.098915302157511875e-01
1.792205085452271973e+01,1.302684990658072195e+00,1.207817014948370682e+00,2.180871249163474968e+00,1.078544990288745620e+00,9.405801998650729079e-01,-2.102267087415886915e-01
1.793664026677782175e+01,1.302497201706233287e+00,1.207692645731273329e+00,2.180963378654220630e+00,1.078500565777275710e+00,9.405266254372947055e-01,-2.105617888925158943e-01
1.795122967903293087e+01,1.302309296575539843e+00,1.207568194541216888e+00,2.181055583520321139e+00,1.078456109114663608e+00,9.404729673338985130e-01,-2.108967752898115722e-01
1.796581909128803645e+01,1.302121271639810507e+00,1.207443658810225751e+00,2.181147857364560405e+00,1.078411619572276159e+00,9.404192229872252451e-01,-2.112316653449739234e-01
1.798040850354314202e+01,1.301933128747720492e+00,1.207319039833373298e+00,2.181240203591046534e+00,1.078367097505068095e+00,9.403653937742691982e-01,-2.115664608876960395e-01
1.799499791579824759e+01,1.301744867709146325e+00,1.207194337467380807e+00,2.181332621958651075e+00,1.078322542864247335e+00,9.403114796047867818e-01,-2.119011621005605639e-01
1.800958732805335671e+01,1.301556486925400824e+00,1.207069550574476180e+00,2.181425109728836187e+00,1.078277955322421766e+00,9.402574793794162833e-01,-2.122357680577610373e-01
1.802417674030846229e+01,1.301367989646103673e+00,1.206944681439733102e+00,2.181517672799357044e+00,1.078233335511065372e+00,9.402033954825770312e-01,-2.125702816770237980e-01
1.803876615256356430e+01,1.301179370821125447e+00,1.206819726488610245e+00,2.181610302306340010e+00,1.078188682419922051e+00,9.401492243412906680e-01,-2.129046993129264376e-01
1.805335556481867698e+01,1.300990637057006571e+00,1.206694690377070556e+00,2.181703010114059982e+00,1.078143997344075622e+00,9.400949707493220231e-01,-2.132390265141576313e-01
1.806794497707377900e+01,1.300801780109236860e+00,1.206569567274325960e+00,2.181795781715676785e+00,1.078099278641499348e+00,9.400406288505666064e-01,-2.135732571566887061e-01
1.808253438932888457e+01,1.300612808046131663e+00,1.206444362869627751e+00,2.181888631559008918e+00,1.078054527895937476e+00,9.399862044848039666e-01,-2.139073979053990604e-01
1.809712380158399370e+01,1.300423714425904764e+00,1.206319072604647991e+00,2.181981548368452817e+00,1.078009743821813915e+00,9.399316930966472583e-01,-2.142414440832943745e-01
1.811171321383909927e+01,1.300234503866262159e+00,1.206193699732545754e+00,2.182074540464920887e+00,1.077964927320187893e+00,9.398770980519913776e-01,-2.145753996320822754e-01
1.812630262609420484e+01,1.300045173369153595e+00,1.206068242127082080e+00,2.182167602695776143e+00,1.077920077786252984e+00,9.398224172676689081e-01,-2.149092625779142340e-01
1.814089203834931041e+01,1.299855724096155685e+00,1.205942700600437067e+00,2.182260737272717410e+00,1.077875195437527411e+00,9.397676516383827172e-01,-2.152430341748579334e-01
1.815548145060441954e+01,1.299666156498886505e+00,1.205817075463619270e+00,2.182353945148275187e+00,1.077830280350926095e+00,9.397128015505067378e-01,-2.155767151168165030e-01
1.817007086285952155e+01,1.299476468276460350e+00,1.205691365082401045e+00,2.182447222442846613e+00,1.077785332059377987e+00,9.396578654302162326e-01,-2.159103040055619926e-01
1.818466027511463068e+01,1.299286663336893133e+00,1.205565572210732572e+00,2.182540576196120963e+00,1.077740351322655554e+00,9.396028461307766033e-01,-2.162438041675397715e-01
1.819924968736973625e+01,1.299096735909721190e+00,1.205439692762019233e+00,2.182633996455312531e+00,1.077695336987871899e+00,9.395477396124749525e-01,-2.165772115873883241e-01
1.821383909962484182e+01,1.298906692943990970e+00,1.205313731640418329e+00,2.182727495588824951e+00,1.077650290415420375e+00,9.394925508922302715e-01,-2.169105318714049935e-01
1.822842851187995095e+01,1.298716526460387044e+00,1.205187683197348480e+00,2.182821059809699538e+00,1.077605210015843973e+00,9.394372743688906846e-01,-2.172437593750607965e-01
1.824301792413505297e+01,1.298526243875190778e+00,1.205061552668222236e+00,2.182914702287173547e+00,1.077560097241523351e+00,9.393819153875733186e-01,-2.175769000228316152e-01
1.825760733639016209e+01,1.298335839354814558e+00,1.204935335920909401e+00,2.183008413025201211e+00,1.077514950926823811e+00,9.393264698819490111e-01,-2.179099498150054437e-01
1.827219674864526766e+01,1.298145316846949671e+00,1.204809035739238920e+00,2.183102199118210240e+00,1.077469771838523771e+00,9.392709407309847158e-01,-2.182429120554023327e-01
1.828678616090037323e+01,1.297954673981256857e+00,1.204682650439671709e+00,2.183196056640654525e+00,1.077424559495020251e+00,9.392153263328928414e-01,-2.185757853455221056e-01
1.830137557315547880e+01,1.297763911228272837e+00,1.204556180347525096e+00,2.183289986630660096e+00,1.077379313975921349e+00,9.391596271030808740e-01,-2.189085704033761348e-01
1.831596498541058793e+01,1.297573029689866209e+00,1.204429626235040907e+00,2.183383991214568276e+00,1.077334035485314923e+00,9.391038439017259654e-01,-2.192412683969559017e-01
1.833055439766569350e+01,1.297382026350047068e+00,1.204302985961557493e+00,2.183478065392943090e+00,1.077288723413877491e+00,9.390479746832418595e-01,-2.195738774931437765e-01
1.834514380992079907e+01,1.297190905792664051e+00,1.204176262762829852e+00,2.183572217325168818e+00,1.077243378653241157e+00,9.389920227672181596e-01,-2.199064013918677341e-01
1.835973322217590820e+01,1.296999661505026546e+00,1.204049452024211542e+00,2.183666435993212307e+00,1.077197999903201531e+00,9.389359836496150580e-01,-2.202388357433988086e-01
1.837432263443101021e+01,1.296808300799618729e+00,1.203922558912680518e+00,2.183760734255241864e+00,1.077152588594093352e+00,9.388798625696528344e-01,-2.205711861970041099e-01
1.838891204668611934e+01,1.296616815947798873e+00,1.203795577952728513e+00,2.183855099039403225e+00,1.077107143185331850e+00,9.388236541791196155e-01,-2.209034475653084417e-01
1.840350145894122491e+01,1.296425213722851355e+00,1.203668513930662209e+00,2.183949542251659270e+00,1.077061665000512258e+00,9.387673633318887045e-01,-2.212356250746805586e-01
1.841809087119633048e+01,1.296233488894769748e+00,1.203541363138692200e+00,2.184044055159269693e+00,1.077016152992322118e+00,9.387109864474489918e-01,-2.215677153626841589e-01
1.843268028345143961e+01,1.296041644741294352e+00,1.203414127890035434e+00,2.184138643647905997e+00,1.076970607793731105e+00,9.386545259209634340e-01,-2.218997211355872579e-01
1.844726969570654163e+01,1.295849679524107234e+00,1.203286806947980958e+00,2.184233305000443437e+00,1.076925029046817972e+00,9.385979806290767335e-01,-2.222316415321517746e-01
1.846185910796165075e+01,1.295657593013787467e+00,1.203159400143681168e+00,2.184328039101626651e+00,1.076879416691637115e+00,9.385413505107345067e-01,-2.225634767727842356e-01
1.847644852021675632e+01,1.295465386975712230e+00,1.203031908720738397e+00,2.184422849230480246e+00,1.076833771062036371e+00,9.384846368972581399e-01,-2.228952284633224090e-01
1.849103793247186189e+01,1.295273057660875748e+00,1.202904330018720103e+00,2.184517729290416543e+00,1.076788091402678837e+00,9.384278372738434904e-01,-2.232268943724026455e-01
1.850562734472696746e+01,1.295080610351167616e+00,1.202776667771323638e+00,2.184612688536912817e+00,1.076742378741747608e+00,9.383709554240342587e-01,-2.235584785389617968e-01
1.852021675698207659e+01,1.294888037764761135e+00,1.202648916816467350e+00,2.184707714911880316e+00,1.076696631625844836e+00,9.383139863817195891e-01,-2.238899763138152699e-01
1.853480616923718216e+01,1.294695347600862911e+00,1.202521082600182201e+00,2.184802821748125901e+00,1.076650851560435385e+00,9.382569356076345679e-01,-2.242213933746377563e-01
1.854939558149228418e+01,1.294502532369239622e+00,1.202393159812380707e+00,2.184897996683692778e+00,1.076605037050636149e+00,9.381997980045829744e-01,-2.245527249698057726e-01
1.856398499374739686e+01,1.294309598204276712e+00,1.202265152791711422e+00,2.184993250377822438e+00,1.076559189292673135e+00,9.381425779384452435e-01,-2.248839756684661295e-01
1.857857440600249888e+01,1.294116540479635535e+00,1.202137058256002922e+00,2.185088575343663297e+00,1.076513307357042537e+00,9.380852723114488922e-01,-2.252151427067401179e-01
1.859316381825760445e+01,1.293923361798205995e+00,1.202008878043263396e+00,2.185183976277196294e+00,1.076467391742204960e+00,9.380278830379156219e-01,-2.255462282324966206e-01
1.860775323051271357e+01,1.293730061062737358e+00,1.201880611370910179e+00,2.185279451649799753e+00,1.076421442215512725e+00,9.379704094701299955e-01,-2.258772318847353244e-01
1.862234264276781914e+01,1.293536637329935735e+00,1.201752257565266380e+00,2.185375000214442309e+00,1.076375458574651001e+00,9.379128510732519519e-01,-2.262081534237543046e-01
1.863693205502292471e+01,1.293343093046716241e+00,1.201623818354641493e+00,2.185470626380379588e+00,1.076329441286927979e+00,9.378552096472398958e-01,-2.265389948578306334e-01
1.865152146727803029e+01,1.293149423708102042e+00,1.201495290542085037e+00,2.185566322978057308e+00,1.076283389446050176e+00,9.377974822104628849e-01,-2.268697535932719667e-01
1.866611087953313941e+01,1.292955635321052732e+00,1.201366678378642749e+00,2.185662100334022639e+00,1.076237304222569247e+00,9.377396730081954956e-01,-2.272004339741572898e-01
1.868070029178824143e+01,1.292761719802594689e+00,1.201237976131947160e+00,2.185757945376922695e+00,1.076191184002822654e+00,9.376817766143623611e-01,-2.275310310862612428e-01
1.869528970404335055e+01,1.292567685264364163e+00,1.201109189544981470e+00,2.185853871898280065e+00,1.076145030373158784e+00,9.376237987104957261e-01,-2.278615506211053021e-01
1.870987911629845613e+01,1.292373524444472954e+00,1.200980313466873506e+00,2.185949868240379068e+00,1.076098841881740986e+00,9.375657344485729405e-01,-2.281919882422824564e-01
1.872446852855356170e+01,1.292179242837612874e+00,1.200851351786798027e+00,2.186045943833580640e+00,1.076052619597691384e+00,9.375075877095685462e-01,-2.285223479013546999e-01
1.873905794080867082e+01,1.291984836425867034e+00,1.200722301652599411e+00,2.186142092418305261e+00,1.076006362709895248e+00,9.374493558755279121e-01,-2.288526273954157031e-01
1.875364735306377284e+01,1.291790307127414827e+00,1.200593164419150760e+00,2.186238317521295826e+00,1.075960071580438715e+00,9.373910403827345750e-01,-2.291828283520685738e-01
1.876823676531888196e+01,1.291595654499869461e+00,1.200463939768489974e+00,2.186334618781206718e+00,1.075913746104655511e+00,9.373326410564745137e-01,-2.295129508744311042e-01
1.878282617757398754e+01,1.291400876867103253e+00,1.200334626508053004e+00,2.186430993842336967e+00,1.075867385933850118e+00,9.372741568906424181e-01,-2.298429942993993891e-01
1.879741558982909311e+01,1.291205977380430303e+00,1.200205226867461894e+00,2.186527448220303871e+00,1.075820991673632765e+00,9.372155901514768184e-01,-2.301729610029603357e-01
1.881200500208420223e+01,1.291010950750800079e+00,1.200075737093017292e+00,2.186623973698380130e+00,1.075774562260593870e+00,9.371569373927595148e-01,-2.305028480644480127e-01
1.882659441433930780e+01,1.290815803711415244e+00,1.199946161954033474e+00,2.186720581597742186e+00,1.075728099008547600e+00,9.370982032986355792e-01,-2.308326600805605255e-01
1.884118382659441338e+01,1.290620527433305798e+00,1.199816495186964760e+00,2.186817258011952703e+00,1.075681600153522766e+00,9.370393820473728042e-01,-2.311623919634345770e-01
1.885577323884951895e+01,1.290425130376383178e+00,1.199686742785865956e+00,2.186914017024772505e+00,1.075635067350838581e+00,9.369804794783000990e-01,-2.314920493464805162e-01
1.887036265110462807e+01,1.290229605529971124e+00,1.199556899776129448e+00,2.187010847726534202e+00,1.075588499195631043e+00,9.369214910115923889e-01,-2.318216283078708417e-01
1.888495206335973009e+01,1.290033957743377258e+00,1.199426969592354064e+00,2.187107758337887287e+00,1.075541896629035765e+00,9.368624200462445373e-01,-2.321511322201358085e-01
1.889954147561483921e+01,1.289838183616557776e+00,1.199296949819953051e+00,2.187204743806654861e+00,1.075495258960007749e+00,9.368032644413533117e-01,-2.324805594047319734e-01
1.891413088786994479e+01,1.289642284368105907e+00,1.199166841319363241e+00,2.187301806512248259e+00,1.075448586411210883e+00,9.367440251578114108e-01,-2.328099110062747390e-01
1.892872030012505036e+01,1.289446260229102359e+00,1.199036644250979888e+00,2.187398947238001323e+00,1.075401879009794559e+00,9.366847024914183306e-01,-2.331391875566294625e-01
1.894330971238015948e+01,1.289250108766480274e+00,1.198906356885807822e+00,2.187496162544225964e+00,1.075355136255464306e+00,9.366252949671717287e-01,-2.334683880053694816e-01
1.895789912463526150e+01,1.289053833863770926e+00,1.198775981974749882e+00,2.187593459027526777e+00,1.075308358898136918e+00,9.365658053153796958e-01,-2.337975150619833464e-01
1.897248853689037063e+01,1.288857429414458355e+00,1.198645515183535126e+00,2.187690827451513442e+00,1.075261545709875755e+00,9.365062296273274356e-01,-2.341265655137888257e-01
1.898707794914547620e+01,1.288660902590097024e+00,1.198514961595461337e+00,2.187788279594517160e+00,1.075214698091572885e+00,9.364465728098210207e-01,-2.344555439890412540e-01
1.900166736140058177e+01,1.288464244747891119e+00,1.198384315077209328e+00,2.187885802273237257e+00,1.075167814312454562e+00,9.363868292901124102e-01,-2.347844458239719823e-01
1.901625677365568734e+01,1.288267463752094777e+00,1.198253581203864826e+00,2.187983408318043832e+00,1.075120895910692376e+00,9.363270044219146326e-01,-2.351132760152712664e-01
1.903084618591079646e+01,1.288070553162360854e+00,1.198122755404189332e+00,2.188081088070074287e+00,1.075073941591091264e+00,9.362670941061959073e-01,-2.354420312246029712e-01
1.904543559816590204e+01,1.287873517171992832e+00,1.197991840649793804e+00,2.188178848560839995e+00,1.075026952164755079e+00,9.362071012627407596e-01,-2.357707142830972047e-01
1.906002501042100405e+01,1.287676353013003316e+00,1.197860834974399769e+00,2.188276685924375187e+00,1.074979927063499874e+00,9.361470242250831131e-01,-2.360993240007848992e-01
1.907461442267611673e+01,1.287479061184429341e+00,1.197729738729265581e+00,2.188374601416210652e+00,1.074932866366316908e+00,9.360868634812178346e-01,-2.364278610758793198e-01
1.908920383493121875e+01,1.287281642614332755e+00,1.197598552570199315e+00,2.188472596940290504e+00,1.074885770237165028e+00,9.360266197951181422e-01,-2.367563264342155693e-01
1.910379324718632432e+01,1.287084094083321917e+00,1.197467274210656463e+00,2.188570667999320207e+00,1.074838638017676873e+00,9.359662912251034417e-01,-2.370847186736616263e-01
1.911838265944143345e+01,1.286886420240057838e+00,1.197335906946245254e+00,2.188668822243896805e+00,1.074791470609285815e+00,9.359058809634849263e-01,-2.374130408033633399e-01
1.913297207169653902e+01,1.286688614121688667e+00,1.197204445834574749e+00,2.188767049447330137e+00,1.074744266610816235e+00,9.358453846409956478e-01,-2.377412893533482896e-01
1.914756148395164459e+01,1.286490683367172316e+00,1.197072896293155386e+00,2.188865361827776468e+00,1.074697027516793080e+00,9.357848073864473148e-01,-2.380694689680356857e-01
1.916215089620675016e+01,1.286292619511443691e+00,1.196941252313705073e+00,2.188963746919530884e+00,1.074649751627342775e+00,9.357241438743356676e-01,-2.383975753888798732e-01
1.917674030846185929e+01,1.286094429816942109e+00,1.196809519046970749e+00,2.189062216318659271e+00,1.074602440362497857e+00,9.356633989756483194e-01,-2.387256130136130861e-01
1.919132972071696486e+01,1.285896108423201012e+00,1.196677692332668075e+00,2.189160761597478189e+00,1.074555092538426626e+00,9.356025690694074193e-01,-2.390535790514121128e-01
1.920591913297207043e+01,1.285697658851876923e+00,1.196545774667621131e+00,2.189259388620427682e+00,1.074507708832970199e+00,9.355416565988033950e-01,-2.393814758288774491e-01
1.922050854522717600e+01,1.285499078986054311e+00,1.196413764547859193e+00,2.189358094685144085e+00,1.074460288804736097e+00,9.354806603693408551e-01,-2.397093026094931911e-01
1.923509795748228512e+01,1.285300368580015729e+00,1.196281661797181428e+00,2.189456879948382007e+00,1.074412832383555116e+00,9.354195803984590718e-01,-2.400370596811278456e-01
1.924968736973739070e+01,1.285101529287366873e+00,1.196149467587292570e+00,2.189555747409056785e+00,1.074365339876375280e+00,9.353584179161119616e-01,-2.403647483292437603e-01
1.926427678199249272e+01,1.284902557067545414e+00,1.196017179049263079e+00,2.189654691540465326e+00,1.074317810458992772e+00,9.352971705160095794e-01,-2.406923668353267154e-01
1.927886619424760539e+01,1.284703457372539104e+00,1.195884800050433849e+00,2.189753721018456556e+00,1.074270245192814111e+00,9.352358418505447579e-01,-2.410199184745367429e-01
1.929345560650270741e+01,1.284504222338577417e+00,1.195752325008843098e+00,2.189852824657402497e+00,1.074222642493359192e+00,9.351744270916964030e-01,-2.413473995542805006e-01
1.930804501875781298e+01,1.284304860103979040e+00,1.195619759698445694e+00,2.189952015096884530e+00,1.074175003956024499e+00,9.351129315896924421e-01,-2.416748147195431073e-01
1.932263443101292211e+01,1.284105362374908132e+00,1.195487098232094203e+00,2.190051280582870241e+00,1.074127327909990992e+00,9.350513502646109476e-01,-2.420021600988210009e-01
1.933722384326802768e+01,1.283905735800950687e+00,1.195354345327538148e+00,2.190150631497612910e+00,1.074079615655012088e+00,9.349896875074497071e-01,-2.423294395278170754e-01
1.935181325552313325e+01,1.283705975115766229e+00,1.195221497246200748e+00,2.190250060623653017e+00,1.074031866121412992e+00,9.349279401726948713e-01,-2.426566507279878659e-01
1.936640266777823882e+01,1.283506083148596266e+00,1.195088555994846757e+00,2.190349572682011026e+00,1.073984079849335194e+00,9.348661102294063552e-01,-2.429837955576776565e-01
1.938099208003334795e+01,1.283306058457565735e+00,1.194955520549180417e+00,2.190449166109814882e+00,1.073936256529264721e+00,9.348041969527407513e-01,-2.433108736992118104e-01
1.939558149228844997e+01,1.283105900021597856e+00,1.194822390183579497e+00,2.190548839991919738e+00,1.073888395935109541e+00,9.347421998917745389e-01,-2.436378850658128259e-01
1.941017090454355909e+01,1.282905610253641804e+00,1.194689166609693265e+00,2.190648598394866475e+00,1.073840498524223142e+00,9.346801207403930833e-01,-2.439648312684993547e-01
1.942476031679866466e+01,1.282705184251424324e+00,1.194555846347489680e+00,2.190748434792717969e+00,1.073792563297448766e+00,9.346179566296188845e-01,-2.442917103075800400e-01
1.943934972905377023e+01,1.282504628313978934e+00,1.194422433866843880e+00,2.190848358855942646e+00,1.073744591485925381e+00,9.345557116701486144e-01,-2.446185256906182881e-01
1.945393914130887936e+01,1.282303933626047776e+00,1.194288922910672124e+00,2.190948358473502111e+00,1.073696581310382703e+00,9.344933805768571577e-01,-2.449452735371923928e-01
1.946852855356398138e+01,1.282103108860336516e+00,1.194155319633722900e+00,2.191048446686842954e+00,1.073648534475054150e+00,9.344309689208707415e-01,-2.452719584769613992e-01
1.948311796581909050e+01,1.281902145889673772e+00,1.194021618267366636e+00,2.191148612447264110e+00,1.073600449336779894e+00,9.343684718662601529e-01,-2.455985770079060770e-01
1.949770737807419607e+01,1.281701050734755265e+00,1.193887823084325284e+00,2.191248864945221975e+00,1.073552327071709778e+00,9.343058933266189525e-01,-2.459251324399577832e-01
1.951229679032930164e+01,1.281499818742438679e+00,1.193753930781742856e+00,2.191349198151085531e+00,1.073504166728258991e+00,9.342432306294529143e-01,-2.462516229722086503e-01
1.952688620258440721e+01,1.281298452023469814e+00,1.193619942857454319e+00,2.191449615667830475e+00,1.073455968703169061e+00,9.341804852720062557e-01,-2.465780500305916612e-01
1.954147561483951634e+01,1.281096949840121457e+00,1.193485858787688869e+00,2.191550117046321855e+00,1.073407732825109040e+00,9.341176569969137367e-01,-2.469044136820090773e-01
1.955606502709462191e+01,1.280895310359720929e+00,1.193351677271609956e+00,2.191650700328322987e+00,1.073359458703962321e+00,9.340547448869328528e-01,-2.472307135005518963e-01
1.957065443934972748e+01,1.280693536793817033e+00,1.193217400588584498e+00,2.191751370618811201e+00,1.073311146956189788e+00,9.339917510979761639e-01,-2.475569513888283557e-01
1.958524385160483661e+01,1.280491623331915019e+00,1.193083024614674637e+00,2.191852120424934824e+00,1.073262796397149721e+00,9.339286723001533064e-01,-2.478831251012369175e-01
1.959983326385993863e+01,1.280289577169636095e+00,1.192948554457077925e+00,2.191952960379068838e+00,1.073214408438851741e+00,9.338655130608285448e-01,-2.482092383439923888e-01
1.961442267611504775e+01,1.280087388483301281e+00,1.192813983143676593e+00,2.192053877480683255e+00,1.073165981094231114e+00,9.338022676392772059e-01,-2.485352870839478978e-01
1.962901208837015332e+01,1.279885066518357872e+00,1.192679317236652992e+00,2.192154885152227894e+00,1.073117516185116749e+00,9.337389418270741759e-01,-2.488612759191576596e-01
1.964360150062525889e+01,1.279682603311647737e+00,1.192544551084560700e+00,2.192255973043578443e+00,1.073069012095052788e+00,9.336755310307677247e-01,-2.491872017000834327e-01
1.965819091288036802e+01,1.279480004233789492e+00,1.192409688499568965e+00,2.192357149177027509e+00,1.073020469872047578e+00,9.336120386889814604e-01,-2.495130672466380484e-01
1.967278032513547004e+01,1.279277265268883745e+00,1.192274726631935122e+00,2.192458408686844606e+00,1.072971888687704212e+00,9.335484625999435071e-01,-2.498388712013352997e-01
1.968736973739057916e+01,1.279074387777579869e+00,1.192139666447934898e+00,2.192559754085190438e+00,1.072923268788356976e+00,9.334848037912477636e-01,-2.501646145932857057e-01
1.970195914964568473e+01,1.278871371760763154e+00,1.192004507948825953e+00,2.192661186009134067e+00,1.072874610148426111e+00,9.334210624709770032e-01,-2.504902978398863556e-01
1.971654856190079030e+01,1.278668214532014069e+00,1.191869249228723948e+00,2.192762701488259136e+00,1.072825912204261600e+00,9.333572372574667764e-01,-2.508159202116069242e-01
1.973113797415589588e+01,1.278464920146501260e+00,1.191733893166423863e+00,2.192864306634759064e+00,1.072777175741502109e+00,9.332933307668952461e-01,-2.511414838686092388e-01
1.974572738641100500e+01,1.278261481832654534e+00,1.191598434956937957e+00,2.192965993023545224e+00,1.072728399377973707e+00,9.332293392100856622e-01,-2.514669863548997242e-01
1.976031679866611057e+01,1.278057907376690006e+00,1.191462880127107438e+00,2.193067771732533089e+00,1.072679584646686113e+00,9.331652673969049738e-01,-2.517924313897215161e-01
1.977490621092121259e+01,1.277854186967956496e+00,1.191327221715339002e+00,2.193169630354375954e+00,1.072630729555588580e+00,9.331011097704055013e-01,-2.521178152774553594e-01
1.978949562317632527e+01,1.277650329381405658e+00,1.191191465950227846e+00,2.193271581226097666e+00,1.072581835836280639e+00,9.330368717042127891e-01,-2.524431421131436704e-01
1.980408503543142729e+01,1.277446327178893837e+00,1.191055607554177609e+00,2.193373615170324697e+00,1.072532901970982611e+00,9.329725490585798475e-01,-2.527684092347621259e-01
1.981867444768653286e+01,1.277242185054418444e+00,1.190919649859639717e+00,2.193475739066593988e+00,1.072483928873751102e+00,9.329081447994488352e-01,-2.530936190076206738e-01
1.983326385994164198e+01,1.277037899658557851e+00,1.190783590490909205e+00,2.193577949187458742e+00,1.072434915845699388e+00,9.328436571936146171e-01,-2.534187704837100874e-01
1.984785327219674755e+01,1.276833471564477573e+00,1.190647429856122486e+00,2.193680246983524373e+00,1.072385862974373438e+00,9.327790868010387149e-01,-2.537438643308294051e-01
1.986244268445185313e+01,1.276628901551756234e+00,1.190511168509909457e+00,2.193782634148591537e+00,1.072336770388836458e+00,9.327144342933665344e-01,-2.540689012827982429e-01
1.987703209670695870e+01,1.276424186031835939e+00,1.190374803907226386e+00,2.193885106733268309e+00,1.072287637340916033e+00,9.326496978262587279e-01,-2.543938803421612604e-01
1.989162150896206782e+01,1.276219329954594972e+00,1.190238339562178949e+00,2.193987671823545593e+00,1.072238464796927637e+00,9.325848804745436871e-01,-2.547188038923440256e-01
1.990621092121716984e+01,1.276014325527828452e+00,1.190101769946969368e+00,2.194090320099343128e+00,1.072189251163526480e+00,9.325199779912355380e-01,-2.550436693029326518e-01
1.992080033347227896e+01,1.275809181135376669e+00,1.189965101012499860e+00,2.194193063016630418e+00,1.072139998097284552e+00,9.324549954083046766e-01,-2.553684802741135185e-01
1.993538974572738454e+01,1.275603887074443277e+00,1.189828325875537551e+00,2.194295888892671353e+00,1.072090703619606344e+00,9.323899274109446189e-01,-2.556932334765963932e-01
1.994997915798249011e+01,1.275398451529486499e+00,1.189691450345472745e+00,2.194398808865178019e+00,1.072041369347594753e+00,9.323247788973675343e-01,-2.560179324925818678e-01
1.996456857023759923e+01,1.275192867643876182e+00,1.189554469558965710e+00,2.194501814951852481e+00,1.071991993873690818e+00,9.322595461992092547e-01,-2.563425751289564181e-01
1.997915798249270125e+01,1.274987139402830705e+00,1.189417386345757333e+00,2.194604912916812367e+00,1.071942577970857569e+00,9.321942318118693338e-01,-2.566671633316833789e-01
1.999374739474781038e+01,1.274781264158077798e+00,1.189280198828817525e+00,2.194708100143444529e+00,1.071893121077320821e+00,9.321288344686993188e-01,-2.569916965283836063e-01
2.000833680700291595e+01,1.274575241651789703e+00,1.189142906827372892e+00,2.194811377052281909e+00,1.071843623112002541e+00,9.320633542638971925e-01,-2.573161750611686061e-01
2.002292621925802152e+01,1.274369073488285542e+00,1.189005511481855626e+00,2.194914746362248259e+00,1.071794084368912214e+00,9.319977923309300527e-01,-2.576405999460342211e-01
2.003751563151313064e+01,1.274162755121803103e+00,1.188868009569373774e+00,2.195018203180720384e+00,1.071744503902770873e+00,9.319321463643823744e-01,-2.579649699536851748e-01
2.005210504376823621e+01,1.273956292454548445e+00,1.188730405279704527e+00,2.195121755531604268e+00,1.071694882873623911e+00,9.318664198962606227e-01,-2.582892876560710094e-01
2.006669445602334179e+01,1.273749676606871661e+00,1.188592692315498800e+00,2.195225393239947476e+00,1.071645219461578868e+00,9.318006082230984033e-01,-2.586135502849996048e-01
2.008128386827844736e+01,1.273542916604170960e+00,1.188454877082252947e+00,2.195329128116419337e+00,1.071595515456855718e+00,9.317347165986004098e-01,-2.589377615038769842e-01
2.009587328053355648e+01,1.273336002849062343e+00,1.188316952773822655e+00,2.195432949196779226e+00,1.071545768893378492e+00,9.316687399486611731e-01,-2.592619183342219080e-01
2.011046269278865850e+01,1.273128942909150352e+00,1.188178924761394084e+00,2.195536866444526503e+00,1.071495981267985842e+00,9.316026826983426767e-01,-2.595860238801218633e-01
2.012505210504376763e+01,1.272921730538006058e+00,1.188040788616401056e+00,2.195640873047330022e+00,1.071446151289517479e+00,9.315365416485255068e-01,-2.599100763840319628e-01
2.013964151729887320e+01,1.272714368973971055e+00,1.187902546638826218e+00,2.195744973683354750e+00,1.071396279581283917e+00,9.314703188260595734e-01,-2.602340774078539254e-01
2.015423092955397877e+01,1.272506856310373857e+00,1.187764197478898831e+00,2.195849166817332332e+00,1.071346365727596783e+00,9.314040134289844897e-01,-2.605580267209093304e-01
2.016882034180908789e+01,1.272299191408347685e+00,1.187625740331689217e+00,2.195953451873676521e+00,1.071296409467354716e+00,9.313376250874562112e-01,-2.608819243755600148e-01
2.018340975406418991e+01,1.272091376749351133e+00,1.187487176960219770e+00,2.196057832562458234e+00,1.071246411271324028e+00,9.312711553951663612e-01,-2.612057716353642367e-01
2.019799916631929904e+01,1.271883406768230307e+00,1.187348503420162960e+00,2.196162303086367729e+00,1.071196369982835073e+00,9.312046015870714122e-01,-2.615295670758767121e-01
2.021258857857440461e+01,1.271675288384081393e+00,1.187209724622114271e+00,2.196266872368656475e+00,1.071146286970360073e+00,9.311379676510331826e-01,-2.618533134221733283e-01
2.022717799082951018e+01,1.271467011555246440e+00,1.187070833447080087e+00,2.196371529422756819e+00,1.071096160170233569e+00,9.310712484282778201e-01,-2.621770078058262010e-01
2.024176740308461575e+01,1.271258585996812185e+00,1.186931836788595485e+00,2.196476286388942878e+00,1.071045991517401763e+00,9.310044493939517718e-01,-2.625006538350421748e-01
2.025635681533972488e+01,1.271050002216142616e+00,1.186792727917525436e+00,2.196581133014953835e+00,1.070995779057783759e+00,9.309375657132773485e-01,-2.628242488670557986e-01
2.027094622759483045e+01,1.270841267131960217e+00,1.186653511743978928e+00,2.196686078117155994e+00,1.070945524160842766e+00,9.308706013402830992e-01,-2.631477955624987874e-01
2.028553563984993247e+01,1.270632375142209280e+00,1.186514184298434360e+00,2.196791116026208357e+00,1.070895225659280747e+00,9.308035535430995155e-01,-2.634712925660788185e-01
2.030012505210504514e+01,1.270423328693945697e+00,1.186374747319735912e+00,2.196896250366122683e+00,1.070844884016701082e+00,9.307364238818696123e-01,-2.637947410911449242e-01
2.031471446436014716e+01,1.270214126668671062e+00,1.186235200018163738e+00,2.197001480651267880e+00,1.070794498973914655e+00,9.306692120175994454e-01,-2.641181412145197638e-01
2.032930387661525273e+01,1.270004766989448086e+00,1.186095540924577918e+00,2.197106805346594971e+00,1.070744070076734111e+00,9.306019171179719107e-01,-2.644414927352811695e-01
2.034389328887036186e+01,1.269795253074099239e+00,1.185955772466077862e+00,2.197212229116745519e+00,1.070693597986108303e+00,9.305345412354553147e-01,-2.647647971293617952e-01
2.035848270112546743e+01,1.269585578268170423e+00,1.185815889927995803e+00,2.197317745301377023e+00,1.070643081317843803e+00,9.304670811466719815e-01,-2.650880528146939419e-01
2.037307211338057300e+01,1.269375750579774476e+00,1.185675898992098798e+00,2.197423363681493491e+00,1.070592521665343799e+00,9.303995412941642451e-01,-2.654112626331980307e-01
2.038766152563567857e+01,1.269165758722207604e+00,1.185535791659816152e+00,2.197529072505708392e+00,1.070541916701903018e+00,9.303319160648700903e-01,-2.657344236549075700e-01
2.040225093789078770e+01,1.268955613153002648e+00,1.185395575349361907e+00,2.197634884216832507e+00,1.070491268519383254e+00,9.302642111551611137e-01,-2.660575394135809013e-01
2.041684035014589327e+01,1.268745304485415337e+00,1.185255243409753634e+00,2.197740789267643269e+00,1.070440575175585662e+00,9.301964219682811175e-01,-2.663806075874409207e-01
2.043142976240100239e+01,1.268534838951207888e+00,1.185114800263013413e+00,2.197846795356659388e+00,1.070389837904041963e+00,9.301285519891957509e-01,-2.667036304284406412e-01
2.044601917465610441e+01,1.268324211632731568e+00,1.184974242426942714e+00,2.197952897928460825e+00,1.070339055670172179e+00,9.300605989514326710e-01,-2.670266069500658035e-01
2.046060858691120998e+01,1.268113424134552192e+00,1.184833571043209410e+00,2.198059099587329257e+00,1.070288228766186567e+00,9.299925639501228636e-01,-2.673495380530595544e-01
2.047519799916631911e+01,1.267902476179519899e+00,1.184692785919466695e+00,2.198165400863060004e+00,1.070237357101379017e+00,9.299244471076619778e-01,-2.676724240870703153e-01
2.048978741142142113e+01,1.267691364688029232e+00,1.184551884877105721e+00,2.198271799300837603e+00,1.070186440013599860e+00,9.298562471306761612e-01,-2.679952646351189127e-01
2.050437682367653025e+01,1.267480094080865705e+00,1.184410871053868775e+00,2.198378300480378300e+00,1.070135478369160342e+00,9.297879665291106654e-01,-2.683180613495248501e-01
2.051896623593163582e+01,1.267268656536005400e+00,1.184269738910071590e+00,2.198484896923430298e+00,1.070084470538207766e+00,9.297196016223928661e-01,-2.686408125292190086e-01
2.053355564818674495e+01,1.267057060890412590e+00,1.184128494713365232e+00,2.198591598864962027e+00,1.070033418288039329e+00,9.296511571359197257e-01,-2.689635210044984404e-01
2.054814506044185052e+01,1.266845295541503491e+00,1.183987130245185204e+00,2.198698394916035248e+00,1.069982319215885047e+00,9.295826275156110485e-01,-2.692861840971508824e-01
2.056273447269695609e+01,1.266633370725641194e+00,1.183845652764678791e+00,2.198805296716197955e+00,1.069931175375459675e+00,9.295140181665165757e-01,-2.696088049730960279e-01
2.057732388495206166e+01,1.266421277505473064e+00,1.183704055942722766e+00,2.198912295774695824e+00,1.069879984906255022e+00,9.294453248994644090e-01,-2.699313817081724909e-01
2.059191329720716723e+01,1.266209021381261568e+00,1.183562343681809237e+00,2.199019398703927486e+00,1.069828748895775172e+00,9.293765507321799513e-01,-2.702539161807587242e-01
2.060650270946227636e+01,1.265996598166037712e+00,1.183420513019630471e+00,2.199126602031027833e+00,1.069777466452482839e+00,9.293076938618800575e-01,-2.705764077392882605e-01
2.062109212171737838e+01,1.265784008563364260e+00,1.183278564459605331e+00,2.199233907377858621e+00,1.069726137683765677e+00,9.292387549202255626e-01,-2.708988570085122949e-01
2.063568153397249105e+01,1.265571253197728563e+00,1.183136498448985385e+00,2.199341316252672041e+00,1.069674762681068314e+00,9.291697344895734068e-01,-2.712212645755330276e-01
2.065027094622759307e+01,1.265358327914055891e+00,1.182994312048773811e+00,2.199448825323958356e+00,1.069623340557436464e+00,9.291006308167547578e-01,-2.715436298455582431e-01
2.066486035848269864e+01,1.265145238210704459e+00,1.182852009159450102e+00,2.199556441043764021e+00,1.069571872401631207e+00,9.290314468680445081e-01,-2.718659546102603075e-01
2.067944977073780777e+01,1.264931975010663789e+00,1.182709583355319394e+00,2.199664155164931856e+00,1.069520356317804843e+00,9.289621785066523030e-01,-2.721882370895645775e-01
2.069403918299290979e+01,1.264718547920338443e+00,1.182567041447013523e+00,2.199771978219589474e+00,1.069468794236648534e+00,9.288928306807067159e-01,-2.725104800475008360e-01
2.070862859524801891e+01,1.264504945364921529e+00,1.182424375239976344e+00,2.199879899560708285e+00,1.069417183748674560e+00,9.288233980735798312e-01,-2.728326811469601321e-01
2.072321800750312448e+01,1.264291176976958919e+00,1.182281591562988288e+00,2.199987929668524078e+00,1.069365526790917231e+00,9.287538856211696725e-01,-2.731548431171760272e-01
2.073780741975823361e+01,1.264077234422144924e+00,1.182138684517627603e+00,2.200096061208929310e+00,1.069313821616414195e+00,9.286842895999731784e-01,-2.734769644332338268e-01
2.075239683201333563e+01,1.263863122417689722e+00,1.181995657450592985e+00,2.200204299742667402e+00,1.069262069154867989e+00,9.286146125621473901e-01,-2.737990466355951225e-01
2.076698624426844475e+01,1.263648837560369831e+00,1.181852507956703713e+00,2.200312642845466460e+00,1.069210268669720243e+00,9.285448531670366101e-01,-2.741210893732387022e-01
2.078157565652355032e+01,1.263434379586248602e+00,1.181709235854559559e+00,2.200421091197343859e+00,1.069158420068189619e+00,9.284750115842197449e-01,-2.744430930324587292e-01
2.079616506877865234e+01,1.263219750089495497e+00,1.181565842278579526e+00,2.200529647244930498e+00,1.069106523639386186e+00,9.284050888547382696e-01,-2.747650584015001174e-01
2.081075448103376502e+01,1.263004943757769061e+00,1.181422323472250291e+00,2.200638306826887103e+00,1.069054578252545573e+00,9.283350827667283811e-01,-2.750869847472985907e-01
2.082534389328886704e+01,1.262789967250383505e+00,1.181278684156946257e+00,2.200747077221207437e+00,1.069002585238055136e+00,9.282649967418049597e-01,-2.754088739625297766e-01
2.083993330554397616e+01,1.262574810137886194e+00,1.181134916953020975e+00,2.200855949465177375e+00,1.068950542411324145e+00,9.281948261877714934e-01,-2.757307242297930561e-01
2.085452271779908173e+01,1.262359482857530857e+00,1.180991029256762914e+00,2.200964934357032110e+00,1.068898451880685219e+00,9.281245762753788098e-01,-2.760525382253343762e-01
2.086911213005418730e+01,1.262143973861818091e+00,1.180847012897576542e+00,2.201074021986193063e+00,1.068846311229389556e+00,9.280542419241982754e-01,-2.763743139400885451e-01
2.088370154230929288e+01,1.261928292135961582e+00,1.180702874243176437e+00,2.201183221704643422e+00,1.068794122267933133e+00,9.279838276027845279e-01,-2.766960537009210963e-01
2.089829095456439845e+01,1.261712429993431250e+00,1.180558607857313813e+00,2.201292527304560931e+00,1.068741883372829493e+00,9.279133300516029248e-01,-2.770177563491260653e-01
2.091288036681950757e+01,1.261496391309215204e+00,1.180414216489382051e+00,2.201401943332570887e+00,1.068689595302381390e+00,9.278427513587612641e-01,-2.773394231237043539e-01
2.092746977907461314e+01,1.261280173524261361e+00,1.180269698333639150e+00,2.201511468376142311e+00,1.068637257488687986e+00,9.277720906443205351e-01,-2.776610539389728904e-01
2.094205919132972227e+01,1.261063775331914716e+00,1.180125052471270530e+00,2.201621102217671044e+00,1.068584869621361344e+00,9.277013476170046236e-01,-2.779826489815005464e-01
2.095664860358482429e+01,1.260847199372537863e+00,1.179980280777286117e+00,2.201730848198612200e+00,1.068532432204699623e+00,9.276305237754201016e-01,-2.783042092031597359e-01
2.097123801583993341e+01,1.260630439084859944e+00,1.179835378613697694e+00,2.201840701378919629e+00,1.068479943842755464e+00,9.275596164499423368e-01,-2.786257337737628736e-01
2.098582742809503898e+01,1.260413502382162987e+00,1.179690351587597386e+00,2.201950669812059669e+00,1.068427406129015544e+00,9.274886295166987482e-01,-2.789472246470240391e-01
2.100041684035014100e+01,1.260196377374010135e+00,1.179545191289770312e+00,2.202060743878013760e+00,1.068374816564723551e+00,9.274175579287267102e-01,-2.792686800119274504e-01
2.101500625260525368e+01,1.259979075396111536e+00,1.179399905749133781e+00,2.202170934607305508e+00,1.068322177451587418e+00,9.273464070793762115e-01,-2.795901024341057584e-01
2.102959566486035570e+01,1.259761584929428802e+00,1.179254486820110692e+00,2.202281232819998547e+00,1.068269486365413412e+00,9.272751721232294075e-01,-2.799114902197656907e-01
2.104418507711546482e+01,1.259543914261189279e+00,1.179108940373732040e+00,2.202391646773706135e+00,1.068216744978595756e+00,9.272038570631562227e-01,-2.802328453283690068e-01
2.105877448937057039e+01,1.259326056404216576e+00,1.178963261472108837e+00,2.202502171353900806e+00,1.068163951802673539e+00,9.271324591020354555e-01,-2.805541669337417443e-01
2.107336390162567596e+01,1.259108014323753855e+00,1.178817452220058737e+00,2.202612810134096044e+00,1.068111107408941551e+00,9.270609798652890143e-01,-2.808754560109496534e-01
2.108795331388078154e+01,1.258889786373413644e+00,1.178671511459153276e+00,2.202723562673373880e+00,1.068058211413757785e+00,9.269894189324352496e-01,-2.811967127033777047e-01
2.110254272613588711e+01,1.258671370118984445e+00,1.178525437473923576e+00,2.202834427904870385e+00,1.068005263269367733e+00,9.269177755524089513e-01,-2.815179370381079016e-01
2.111713213839099623e+01,1.258452769332879528e+00,1.178379232939850363e+00,2.202945410017367323e+00,1.067952263715017835e+00,9.268460516804192251e-01,-2.818391300916243125e-01
2.113172155064609825e+01,1.258233976102288265e+00,1.178232892265943299e+00,2.203056503348067352e+00,1.067899211065555409e+00,9.267742441898466632e-01,-2.821602909797230052e-01
2.114631096290121093e+01,1.258014999698135128e+00,1.178086422017214030e+00,2.203167716670807241e+00,1.067846107201593009e+00,9.267023574106704187e-01,-2.824814216752387641e-01
2.116090037515631295e+01,1.257795826648156368e+00,1.177939812670735664e+00,2.203279039772046755e+00,1.067792949281817450e+00,9.266303858416220507e-01,-2.828025204196745745e-01
2.117548978741141852e+01,1.257576469260998753e+00,1.177793072939803842e+00,2.203390483877682104e+00,1.067739739818687639e+00,9.265583350987220967e-01,-2.831235896436940513e-01
2.119007919966652764e+01,1.257356916048960160e+00,1.177646194706081673e+00,2.203502040532196560e+00,1.067686476380771410e+00,9.264862005704361803e-01,-2.834446279562310989e-01
2.120466861192162966e+01,1.257137174542785729e+00,1.177499183302893826e+00,2.203613716935917566e+00,1.067633160488915767e+00,9.264139857954541979e-01,-2.837656369852161187e-01
2.121925802417673879e+01,1.256917238513738377e+00,1.177352034332076913e+00,2.203725509031655427e+00,1.067579790803011131e+00,9.263416884376648452e-01,-2.840866162024448527e-01
2.123384743643184436e+01,1.256697109940574153e+00,1.177204749200229772e+00,2.203837419464736769e+00,1.067526367689520361e+00,9.262693096610051802e-01,-2.844075663579475055e-01
2.124843684868695348e+01,1.256476788166948744e+00,1.177057327450258484e+00,2.203949448722045457e+00,1.067472890966771004e+00,9.261968495033503501e-01,-2.847284877865546293e-01
2.126302626094205550e+01,1.256256269535601655e+00,1.176909766503422716e+00,2.204061594940484703e+00,1.067419359827317837e+00,9.261243067547407781e-01,-2.850493803979556318e-01
2.127761567319716463e+01,1.256035559047187444e+00,1.176762069902711039e+00,2.204173863104232023e+00,1.067365775267578476e+00,9.260516838261946271e-01,-2.853702453523964677e-01
2.129220508545227020e+01,1.255814647322587518e+00,1.176614231024173618e+00,2.204286246889137768e+00,1.067312135286239583e+00,9.259789771346816911e-01,-2.856910817571159389e-01
2.130679449770737577e+01,1.255593544791199889e+00,1.176466257248690583e+00,2.204398755485437622e+00,1.067258442012232633e+00,9.259061913335969729e-01,-2.860118915165822950e-01
2.132138390996248489e+01,1.255372237208417063e+00,1.176318138513352096e+00,2.204511378887078266e+00,1.067204692426977797e+00,9.258333208574954787e-01,-2.863326731035336636e-01
2.133597332221758691e+01,1.255150736993938310e+00,1.176169883605528321e+00,2.204624127743944229e+00,1.067150889075900722e+00,9.257603711553796799e-01,-2.866534286578259483e-01
2.135056273447269604e+01,1.254929033010773853e+00,1.176021484660042749e+00,2.204736994561899532e+00,1.067097029586616230e+00,9.256873379784876787e-01,-2.869741571219746046e-01
2.136515214672780161e+01,1.254707131966028566e+00,1.175872946425513321e+00,2.204849985524719447e+00,1.067043115312891643e+00,9.256142244026762667e-01,-2.872948598294531863e-01
2.137974155898290718e+01,1.254485028456765017e+00,1.175724265090582366e+00,2.204963097593217736e+00,1.066989145078259149e+00,9.255410285515939250e-01,-2.876155365143034381e-01
2.139433097123801630e+01,1.254262723388269274e+00,1.175575441302902924e+00,2.205076332533926209e+00,1.066935119024055467e+00,9.254677511287271452e-01,-2.879361877421369176e-01
2.140892038349312188e+01,1.254040217181484840e+00,1.175426475367562063e+00,2.205189691713520084e+00,1.066881037190641646e+00,9.253943926293708433e-01,-2.882568139999316936e-01
2.142350979574822745e+01,1.253817504848726561e+00,1.175277363767699423e+00,2.205303172531016376e+00,1.066826898485684572e+00,9.253209513853881685e-01,-2.885774151243269414e-01
2.143809920800333302e+01,1.253594592726581691e+00,1.175128110988818753e+00,2.205416780709007707e+00,1.066772704187747500e+00,9.252474302629865033e-01,-2.888979923162730001e-01
2.145268862025844214e+01,1.253371469841255914e+00,1.174978709284624001e+00,2.205530509329610034e+00,1.066718451949108637e+00,9.251738252231228588e-01,-2.892185447227101358e-01
2.146727803251354416e+01,1.253148147629880915e+00,1.174829166744253639e+00,2.205644367768131886e+00,1.066664144117794422e+00,9.251001411432827615e-01,-2.895390741162147674e-01
2.148186744476865329e+01,1.252924611763997387e+00,1.174679473252061568e+00,2.205758346798375236e+00,1.066609777640292522e+00,9.250263726909925266e-01,-2.898595793026814693e-01
2.149645685702375886e+01,1.252700874026693834e+00,1.174529637140979466e+00,2.205872455954618783e+00,1.066555354938507616e+00,9.249525248514359754e-01,-2.901800620534442654e-01
2.151104626927886443e+01,1.252476923917825502e+00,1.174379651000982960e+00,2.205986688861947265e+00,1.066500873759415269e+00,9.248785938366471671e-01,-2.905005216488231734e-01
2.152563568153397355e+01,1.252252767244042220e+00,1.174229518942307315e+00,2.206101050732479862e+00,1.066446335271842516e+00,9.248045822608343958e-01,-2.908209591664412952e-01
2.154022509378907557e+01,1.252028399504771183e+00,1.174079237793840713e+00,2.206215539501850564e+00,1.066391738480446438e+00,9.247304887063143575e-01,-2.911413745653944618e-01
2.155481450604418470e+01,1.251803820433405656e+00,1.173928807375644867e+00,2.206330156112280783e+00,1.066337083278374287e+00,9.246563134169836218e-01,-2.914617682695956336e-01
2.156940391829929027e+01,1.251579031626404381e+00,1.173778228823439518e+00,2.206444902757457971e+00,1.066282369950710462e+00,9.245820573447903756e-01,-2.917821408768314084e-01
2.158399333055439584e+01,1.251354026644959427e+00,1.173627497598164648e+00,2.206559776162926756e+00,1.066227597091805146e+00,9.245077183639527352e-01,-2.921024921977310451e-01
2.159858274280950141e+01,1.251128813282162078e+00,1.173476619211772043e+00,2.206674782726968154e+00,1.066172766290434781e+00,9.244332997954290976e-01,-2.924228234282568173e-01
2.161317215506461054e+01,1.250903378825896306e+00,1.173325584695632307e+00,2.206789915012651093e+00,1.066117874818512723e+00,9.243587971443625317e-01,-2.927431338066214250e-01
2.162776156731971611e+01,1.250677735809559987e+00,1.173174402908676806e+00,2.206905182536790022e+00,1.066062925263905781e+00,9.242842155125455816e-01,-2.930634249454183160e-01
2.164235097957481813e+01,1.250451869818700601e+00,1.173023063681204459e+00,2.207020576850030835e+00,1.066007914537082879e+00,9.242095497993761954e-01,-2.933836959735163230e-01
2.165694039182993080e+01,1.250225791935142494e+00,1.172871574846473086e+00,2.207136106410430898e+00,1.065952844921486786e+00,9.241348045275654677e-01,-2.937039483297110842e-01
2.167152980408503282e+01,1.249999492359386677e+00,1.172719929494197233e+00,2.207251765925020148e+00,1.065897714297838084e+00,9.240599763686867529e-01,-2.940241815976798456e-01
2.168611921634013839e+01,1.249772975910035555e+00,1.172568131035090611e+00,2.207367559683917513e+00,1.065842523629558336e+00,9.239850674763135929e-01,-2.943443966397089606e-01
2.170070862859524752e+01,1.249546239075686627e+00,1.172416176998822390e+00,2.207483486550016583e+00,1.065787272122347806e+00,9.239100768905069705e-01,-2.946645936009389399e-01
2.171529804085035309e+01,1.249319280306564250e+00,1.172264066300306551e+00,2.207599546701537907e+00,1.065731959394990103e+00,9.238350043962498814e-01,-2.949847728088516030e-01
2.172988745310545866e+01,1.249092102485194422e+00,1.172111800982894358e+00,2.207715743100955308e+00,1.065676586002928250e+00,9.237598514015572526e-01,-2.953049349282456659e-01
2.174447686536056423e+01,1.248864697585948980e+00,1.171959375390830838e+00,2.207832071871684843e+00,1.065621150195134925e+00,9.236846153233367884e-01,-2.956250797939924957e-01
2.175906627761567336e+01,1.248637074993470097e+00,1.171806796156504404e+00,2.207948540018415784e+00,1.065565653902133869e+00,9.236092999370533185e-01,-2.959452085482502937e-01
2.177365568987077893e+01,1.248409220096404537e+00,1.171654052976969451e+00,2.208065139667966914e+00,1.065510093977324990e+00,9.235339002920253115e-01,-2.962653205759792074e-01
2.178824510212588450e+01,1.248181146622742377e+00,1.171501155549289797e+00,2.208181880430513999e+00,1.065454473271517211e+00,9.234584217146787344e-01,-2.965854172993397930e-01
2.180283451438099007e+01,1.247952840071147929e+00,1.171348093649241529e+00,2.208298754630380056e+00,1.065398788658331597e+00,9.233828593352434444e-01,-2.969054981602459731e-01
2.181742392663609920e+01,1.247724310747619914e+00,1.171194874558317611e+00,2.208415769693100383e+00,1.065343042265415541e+00,9.233072172151407520e-01,-2.972255643025853433e-01
2.183201333889120477e+01,1.247495549626379541e+00,1.171041491916971822e+00,2.208532921366499924e+00,1.065287232123819816e+00,9.232314924843855186e-01,-2.975456155774202083e-01
2.184660275114630679e+01,1.247266560438210714e+00,1.170887948366823084e+00,2.208650213073841684e+00,1.065231358968142139e+00,9.231556868367516433e-01,-2.978656526745530608e-01
2.186119216340141946e+01,1.247037340759220347e+00,1.170734242206847631e+00,2.208767644552681819e+00,1.065175422227798263e+00,9.230797997692949952e-01,-2.981856758839420141e-01
2.187578157565652148e+01,1.246807887630656975e+00,1.170580371359174920e+00,2.208885215284254411e+00,1.065119421217505469e+00,9.230038306085686095e-01,-2.985056854849651442e-01
2.189037098791162705e+01,1.246578205345567403e+00,1.170426338861426663e+00,2.209002928935329457e+00,1.065063356792038896e+00,9.229277812182558050e-01,-2.988256821626983362e-01
2.190496040016673618e+01,1.246348284138784068e+00,1.170272137834851733e+00,2.209120781106540310e+00,1.065007226818783126e+00,9.228516485580809947e-01,-2.991456658303171534e-01
2.191954981242184175e+01,1.246118135137924687e+00,1.170117776137624688e+00,2.209238779332161062e+00,1.064951033605493258e+00,9.227754368579750288e-01,-2.994656375236715573e-01
2.193413922467694732e+01,1.245887741651900082e+00,1.169963242006902160e+00,2.209356915394875998e+00,1.064894773544133200e+00,9.226991407111946319e-01,-2.997855968345345401e-01
2.194872863693205289e+01,1.245657118712680145e+00,1.169808546053911158e+00,2.209475198944866214e+00,1.064838449774219375e+00,9.226227656692491674e-01,-3.001055449614482562e-01
2.196331804918716202e+01,1.245426251732516754e+00,1.169653678000361463e+00,2.209593623076752333e+00,1.064782059131978320e+00,9.225463070922197417e-01,-3.004254816496436109e-01
2.197790746144226404e+01,1.245195150155825603e+00,1.169498644516131280e+00,2.209712194232230420e+00,1.064725603569222523e+00,9.224697685812451864e-01,-3.007454077877875775e-01
2.199249687369737316e+01,1.244963805814037094e+00,1.169343439850634603e+00,2.209830909154328893e+00,1.064669081286385710e+00,9.223931477238552779e-01,-3.010653234564587555e-01
2.200708628595247873e+01,1.244732221236555914e+00,1.169188065797254428e+00,2.209949770460924778e+00,1.064612492762478713e+00,9.223164457546700890e-01,-3.013852292186681159e-01
2.202167569820758430e+01,1.244500395198361753e+00,1.169032521501833122e+00,2.210068778705843506e+00,1.064555837676420369e+00,9.222396626271749387e-01,-3.017051254652857728e-01
2.203626511046269343e+01,1.244268323189407610e+00,1.168876803794618002e+00,2.210187932748083117e+00,1.064499115005140162e+00,9.221627972097699022e-01,-3.020250124795685331e-01
2.205085452271779545e+01,1.244036011053447410e+00,1.168720916805065402e+00,2.210307236887034232e+00,1.064442325935494482e+00,9.220858518216106248e-01,-3.023448909166411291e-01
2.206544393497290457e+01,1.243803447113704941e+00,1.168564852311678059e+00,2.210426686289086895e+00,1.064385467912361438e+00,9.220088229651417500e-01,-3.026647608265499168e-01
2.208003334722801014e+01,1.243570644137253378e+00,1.168408619323887843e+00,2.210546288793065361e+00,1.064328543602202082e+00,9.219317152351005351e-01,-3.029846230737204826e-01
2.209462275948311571e+01,1.243337583971020788e+00,1.168252205056236726e+00,2.210666036359058229e+00,1.064271549062618449e+00,9.218545230377184208e-01,-3.033044775470022936e-01
2.210921217173822129e+01,1.243104282252356807e+00,1.168095620540518409e+00,2.210785938199216094e+00,1.064214487575194656e+00,9.217772518806521820e-01,-3.036243251601544180e-01
2.212380158399333041e+01,1.242870724582553654e+00,1.167938855638615214e+00,2.210905988314391113e+00,1.064157355997002563e+00,9.216998974427528246e-01,-3.039441659604087409e-01
2.213839099624843598e+01,1.242636919445937904e+00,1.167781916340115078e+00,2.211026192216939190e+00,1.064100156080873383e+00,9.216224628657047058e-01,-3.042640006234327843e-01
2.215298040850354155e+01,1.242402859626462019e+00,1.167624797569795980e+00,2.211146547594319056e+00,1.064042886218503847e+00,9.215449461937993414e-01,-3.045838294191278717e-01
2.216756982075865068e+01,1.242168546322840905e+00,1.167467500182741258e+00,2.211267056327849367e+00,1.063985546602716381e+00,9.214673482029495100e-01,-3.049036528328275542e-01
2.218215923301375270e+01,1.241933979635102991e+00,1.167310024259496481e+00,2.211387719722531120e+00,1.063928137191270551e+00,9.213896693026994988e-01,-3.052234713091969143e-01
2.219674864526886182e+01,1.241699153340688255e+00,1.167152365426207039e+00,2.211508536098851341e+00,1.063870656584977370e+00,9.213119079033549319e-01,-3.055432851917030956e-01
2.221133805752396739e+01,1.241464074992209010e+00,1.166994529014202753e+00,2.211629510308824376e+00,1.063813106339849712e+00,9.212340667795624327e-01,-3.058630950511528335e-01
2.222592746977907296e+01,1.241228730807017344e+00,1.166836505324072126e+00,2.211750637183810486e+00,1.063755483431917392e+00,9.211561419761487013e-01,-3.061829011383485066e-01
2.224051688203418209e+01,1.240993134908818352e+00,1.166678304315831083e+00,2.211871924582716087e+00,1.063697790828952883e+00,9.210781383143489265e-01,-3.065027040899167554e-01
2.225510629428928411e+01,1.240757268876337971e+00,1.166519913023597033e+00,2.211993365325284344e+00,1.063640024507013448e+00,9.210000504288010648e-01,-3.068225041468308767e-01
2.226969570654439323e+01,1.240521147666461932e+00,1.166361341993436662e+00,2.212114967552429423e+00,1.063582187614584562e+00,9.209218833678568528e-01,-3.071423019147656031e-01
2.228428511879949880e+01,1.240284757547116756e+00,1.166202581563639873e+00,2.212236726356284322e+00,1.063524277132149587e+00,9.208436332670044688e-01,-3.074620977278705869e-01
2.229887453105460438e+01,1.240048105929442368e+00,1.166043636964698260e+00,2.212358646381127780e+00,1.063466294586867589e+00,9.207653028091085101e-01,-3.077818920941250980e-01
2.231346394330970995e+01,1.239811186658670294e+00,1.165884503872492983e+00,2.212480726202096459e+00,1.063408238586780463e+00,9.206868904946563514e-01,-3.081016854297381480e-01
2.232805335556481907e+01,1.239573999455463316e+00,1.165725182101206681e+00,2.212602967041334079e+00,1.063350109003517341e+00,9.206083966410861796e-01,-3.084214781955857410e-01
2.234264276781992464e+01,1.239336545887981700e+00,1.165565672765663585e+00,2.212725370882148379e+00,1.063291906107078466e+00,9.205298221138390469e-01,-3.087412708391748528e-01
2.235723218007502666e+01,1.239098817838246491e+00,1.165405970160618754e+00,2.212847935600679161e+00,1.063233628078523729e+00,9.204511648649480460e-01,-3.090610638256841014e-01
2.237182159233013934e+01,1.238860824746420120e+00,1.165246080943588503e+00,2.212970666511926865e+00,1.063175276885050868e+00,9.203724281248002459e-01,-3.093808575823369100e-01
2.238641100458524136e+01,1.238622550504205000e+00,1.165085993784340745e+00,2.213093558223843793e+00,1.063116848981257245e+00,9.202936074800074362e-01,-3.097006526308594965e-01
2.240100041684034693e+01,1.238384010725570805e+00,1.164925719686386696e+00,2.213216618550320369e+00,1.063058347667832360e+00,9.202147079789609885e-01,-3.100204493403569961e-01
2.241558982909545605e+01,1.238145186709041612e+00,1.164765245495155810e+00,2.213339841174549960e+00,1.062999768835557246e+00,9.201357244837106153e-01,-3.103402482984355393e-01
2.243017924135056163e+01,1.237906092637987232e+00,1.164604581206120759e+00,2.213463233217945358e+00,1.062941115477969323e+00,9.200566615841496709e-01,-3.106600498430805435e-01
2.244476865360566720e+01,1.237666715534231576e+00,1.164443717694775060e+00,2.213586790817624994e+00,1.062882384718786266e+00,9.199775158716189116e-01,-3.109798545576276663e-01
2.245935806586077277e+01,1.237427061605816503e+00,1.164282659342037451e+00,2.213710517818984425e+00,1.062823577828698962e+00,9.198982895705906104e-01,-3.112996628314284031e-01
2.247394747811588189e+01,1.237187125883425498e+00,1.164121402661331572e+00,2.213834413621105224e+00,1.062764693660864124e+00,9.198189816373845140e-01,-3.116194751805774210e-01
2.248853689037098391e+01,1.236946906441456218e+00,1.163959946308851023e+00,2.213958478874348046e+00,1.062705731725615887e+00,9.197395919309638845e-01,-3.119392920996318930e-01
2.250312630262609304e+01,1.236706406478732090e+00,1.163798292546790458e+00,2.214082716158409792e+00,1.062646692643270274e+00,9.196601217727302657e-01,-3.122591139834142715e-01
2.251771571488119861e+01,1.236465615773853166e+00,1.163636434193778157e+00,2.214207123011447731e+00,1.062587574125362089e+00,9.195805686560081238e-01,-3.125789414864592608e-01
2.253230512713630418e+01,1.236224545856917878e+00,1.163474379374300094e+00,2.214331705110568649e+00,1.062528378598024403e+00,9.195009362674250175e-01,-3.128987748273465153e-01
2.254689453939141330e+01,1.235983178044631536e+00,1.163312114953839682e+00,2.214456456966459541e+00,1.062469101934587323e+00,9.194212197344969750e-01,-3.132186148763212441e-01
2.256148395164651532e+01,1.235741529591622312e+00,1.163149653083970891e+00,2.214581386274808494e+00,1.062409747804318627e+00,9.193414243335876757e-01,-3.135384616909183131e-01
2.257607336390162445e+01,1.235499581504118760e+00,1.162986980413092564e+00,2.214706487586653338e+00,1.062350312008883968e+00,9.192615451532160087e-01,-3.138583162004073834e-01
2.259066277615673002e+01,1.235257347083895230e+00,1.162824106310783145e+00,2.214831767062668710e+00,1.062290797361362227e+00,9.191815863254669816e-01,-3.141781785187271470e-01
2.260525218841183559e+01,1.235014814207256117e+00,1.162661022259779298e+00,2.214957221832783318e+00,1.062231201151689008e+00,9.191015448969390711e-01,-3.144980494378523117e-01
2.261984160066694116e+01,1.234771987729718079e+00,1.162497731687395452e+00,2.215082855022043162e+00,1.062171524358516139e+00,9.190214226339165071e-01,-3.148179292821016162e-01
2.263443101292205029e+01,1.234528864009382998e+00,1.162334232043395366e+00,2.215208666781557589e+00,1.062111766113150280e+00,9.189412189484027493e-01,-3.151378186169353501e-01
2.264902042517715586e+01,1.234285439281950003e+00,1.162170520692062281e+00,2.215334657289075082e+00,1.062051925518592510e+00,9.188609332406343366e-01,-3.154577180346170850e-01
2.266360983743226143e+01,1.234041718561914580e+00,1.162006601171672981e+00,2.215460829628162376e+00,1.061992003588970279e+00,9.187805672882812802e-01,-3.157776278163129113e-01
2.267819924968737055e+01,1.233797689287282395e+00,1.161842464659713192e+00,2.215587181119699434e+00,1.061931997509355741e+00,9.187001181252431037e-01,-3.160975488808644984e-01
2.269278866194247257e+01,1.233553365307879846e+00,1.161678120907476686e+00,2.215713717688879481e+00,1.061871910219205795e+00,9.186195898951613481e-01,-3.164174811662862075e-01
2.270737807419758170e+01,1.233308725081706303e+00,1.161513554778798474e+00,2.215840433892295458e+00,1.061811736942304352e+00,9.185389772652635676e-01,-3.167374259777351875e-01
2.272196748645268727e+01,1.233063787673804645e+00,1.161348779691356636e+00,2.215967337224820977e+00,1.061751481756847637e+00,9.184582857408726264e-01,-3.170573830120575476e-01
2.273655689870779284e+01,1.232818533785860593e+00,1.161183782088048400e+00,2.216094423110411160e+00,1.061691140371421760e+00,9.183775106360893004e-01,-3.173773535357435338e-01
2.275114631096290196e+01,1.232572975712403096e+00,1.161018570625061530e+00,2.216221696816116360e+00,1.061630715388831803e+00,9.182966556256295654e-01,-3.176973374863079624e-01
2.276573572321800398e+01,1.232327102300247557e+00,1.160853137473135899e+00,2.216349156405552634e+00,1.061570204291897968e+00,9.182157182109561555e-01,-3.180173358203861600e-01
2.278032513547311311e+01,1.232080916880161414e+00,1.160687484986111295e+00,2.216476804373015419e+00,1.061509607726066173e+00,9.181346997001285093e-01,-3.183373488563354670e-01
2.279491454772821868e+01,1.231834417300272655e+00,1.160521611663229091e+00,2.216604641540095511e+00,1.061448925138791521e+00,9.180535999609166220e-01,-3.186573771535417543e-01
2.280950395998332425e+01,1.231587597736842676e+00,1.160355513423265261e+00,2.216732667725019201e+00,1.061388155172744874e+00,9.179724179343070611e-01,-3.189774214730499158e-01
2.282409337223842982e+01,1.231340465231181680e+00,1.160189195227459447e+00,2.216860886410243481e+00,1.061327299285676151e+00,9.178911558548097371e-01,-3.192974819149101418e-01
2.283868278449353895e+01,1.231093004609406405e+00,1.160022646423406023e+00,2.216989294837000912e+00,1.061266354070866891e+00,9.178098102958744953e-01,-3.196175597459287587e-01
2.285327219674864452e+01,1.230845232103591647e+00,1.159855878431266030e+00,2.217117898995065062e+00,1.061205322999561274e+00,9.177283858090887758e-01,-3.199376545546293582e-01
2.286786160900374654e+01,1.230597123586686825e+00,1.159688874307833739e+00,2.217246693812318092e+00,1.061144200698808104e+00,9.176468767502813373e-01,-3.202577681445205604e-01
2.288245102125885921e+01,1.230348699528859058e+00,1.159521648450662079e+00,2.217375686327045070e+00,1.061082991570562850e+00,9.175652887044823958e-01,-3.205778998300851668e-01
2.289704043351396123e+01,1.230099940513909917e+00,1.159354187228443855e+00,2.217504872896014501e+00,1.061021691269853573e+00,9.174836172606882778e-01,-3.208980511999942054e-01
2.291162984576906680e+01,1.229850857682871723e+00,1.159186498482166261e+00,2.217634257969718359e+00,1.060960302154341006e+00,9.174018656364550939e-01,-3.212182220678265754e-01
2.292621925802417593e+01,1.229601440987045935e+00,1.159018575163799136e+00,2.217763840478133019e+00,1.060898821930676750e+00,9.173200317879354193e-01,-3.215384135067330118e-01
2.294080867027928150e+01,1.229351692033470167e+00,1.158850418415235950e+00,2.217893622387545172e+00,1.060837250863357228e+00,9.172381165646612544e-01,-3.218586258947955803e-01
2.295539808253438707e+01,1.229101610346986284e+00,1.158682027915071799e+00,2.218023605097110718e+00,1.060775588759780064e+00,9.171561202905081922e-01,-3.221788597239782503e-01
2.296998749478949264e+01,1.228851187790390043e+00,1.158513397959829438e+00,2.218153788195150966e+00,1.060713833741091960e+00,9.170740414463848245e-01,-3.224991160036432269e-01
2.298457690704460177e+01,1.228600433673532111e+00,1.158344535101855310e+00,2.218284175443300033e+00,1.060651987765884430e+00,9.169918827245053805e-01,-3.228193945775213458e-01
2.299916631929970379e+01,1.228349329899169229e+00,1.158175426642164219e+00,2.218414764160891117e+00,1.060590046760408578e+00,9.169096402365052301e-01,-3.231396971544487906e-01
2.301375573155481291e+01,1.228097894601035689e+00,1.158006085330389956e+00,2.218545560097283431e+00,1.060528014626665794e+00,9.168273187644638833e-01,-3.234600229455640852e-01
2.302834514380991848e+01,1.227846103034854863e+00,1.157836493800332933e+00,2.218676559210527532e+00,1.060465885821867182e+00,9.167449128874622932e-01,-3.237803741764904708e-01
2.304293455606502405e+01,1.227593974955447198e+00,1.157666665939144801e+00,2.218807767503918171e+00,1.060403664607181717e+00,9.166624277350562400e-01,-3.241007499027742655e-01
2.305752396832013318e+01,1.227341491595511203e+00,1.157496588579782104e+00,2.218939182431024726e+00,1.060341346751982217e+00,9.165798593492212598e-01,-3.244211519700722635e-01
2.307211338057523520e+01,1.227088662771928185e+00,1.157326268629263577e+00,2.219070807714793148e+00,1.060278934327906653e+00,9.164972104903122974e-01,-3.247415801264614821e-01
2.308670279283034432e+01,1.226835479695526976e+00,1.157155699928653858e+00,2.219202643074468906e+00,1.060216425301425902e+00,9.164144795692357182e-01,-3.250620355084062330e-01
2.310129220508544989e+01,1.226581942018935001e+00,1.156984882247383828e+00,2.219334690066808058e+00,1.060153819500530004e+00,9.163316669764021150e-01,-3.253825186274073022e-01
2.311588161734055547e+01,1.226328051158710686e+00,1.156813816592970223e+00,2.219466950562094532e+00,1.060091117143182826e+00,9.162487734924097404e-01,-3.257030298395549583e-01
2.313047102959566459e+01,1.226073796370755309e+00,1.156642495435526330e+00,2.219599424068110505e+00,1.060028315758090089e+00,9.161657971369273623e-01,-3.260235704922510580e-01
2.314506044185077016e+01,1.225819189511144547e+00,1.156470927111666880e+00,2.219732114488471186e+00,1.059965417870622817e+00,9.160827410610601351e-01,-3.263441400884349863e-01
2.315964985410587573e+01,1.225564209200247667e+00,1.156299096626044909e+00,2.219865019402343265e+00,1.059902418653020595e+00,9.159996009128825722e-01,-3.266647408855262169e-01
2.317423926636098130e+01,1.225308875688699395e+00,1.156127018207475432e+00,2.219998144213621405e+00,1.059839322489398716e+00,9.159163817062860868e-01,-3.269853716557576395e-01
2.318882867861609043e+01,1.225053163571370618e+00,1.155954674036419050e+00,2.220131485933012350e+00,1.059776123655151725e+00,9.158330782426141736e-01,-3.273060350517606465e-01
2.320341809087119245e+01,1.224797091753609957e+00,1.155782077396271479e+00,2.220265049599877027e+00,1.059712826238675021e+00,9.157496951962132981e-01,-3.276267299190213089e-01
2.321800750312630157e+01,1.224540642231445764e+00,1.155609215663866873e+00,2.220398833708004283e+00,1.059649426149634532e+00,9.156662290617795241e-01,-3.279474583176446023e-01
2.323259691538140714e+01,1.224283823297884322e+00,1.155436094673270020e+00,2.220532841356216647e+00,1.059585925125597461e+00,9.155826821421477746e-01,-3.282682199959146563e-01
2.324718632763651271e+01,1.224026627603175932e+00,1.155262709279786248e+00,2.220667072964257915e+00,1.059522321434800185e+00,9.154990533033043887e-01,-3.285890160942708804e-01
2.326177573989162184e+01,1.223769052577095451e+00,1.155089057693605037e+00,2.220801529816772479e+00,1.059458614403832710e+00,9.154153424756188429e-01,-3.289098473410465018e-01
2.327636515214672386e+01,1.223511101776386889e+00,1.154915142424006724e+00,2.220936214132589459e+00,1.059394804719943961e+00,9.153315508973399739e-01,-3.292307138794457466e-01
2.329095456440183298e+01,1.223252761509656894e+00,1.154740953877859022e+00,2.221071125512055655e+00,1.059330889236864026e+00,9.152476761253589554e-01,-3.295516174969408962e-01
2.330554397665693855e+01,1.222994046499512155e+00,1.154566502398857164e+00,2.221206267842672943e+00,1.059266871123042408e+00,9.151637217712178529e-01,-3.298725572600786360e-01
2.332013338891204413e+01,1.222734931668154612e+00,1.154391770406022921e+00,2.221341639174018834e+00,1.059202744695671328e+00,9.150796830172570617e-01,-3.301935360964651789e-01
2.333472280116714970e+01,1.222475439630030580e+00,1.154216773779096039e+00,2.221477244443780030e+00,1.059138514880046733e+00,9.149955651107365417e-01,-3.305145522694258875e-01
2.334931221342225882e+01,1.222215544270382814e+00,1.154041494211259788e+00,2.221613081741303120e+00,1.059074175756320901e+00,9.149113630743135328e-01,-3.308356088653401916e-01
2.336390162567736439e+01,1.221955263485850596e+00,1.153865944271336375e+00,2.221749155225455574e+00,1.059009731201931315e+00,9.148270811271332903e-01,-3.311567045746838245e-01
2.337849103793246641e+01,1.221694580170065825e+00,1.153690111973440624e+00,2.221885464364655505e+00,1.058945177297480944e+00,9.147427162165912007e-01,-3.314778416247340376e-01
2.339308045018757909e+01,1.221433500857503685e+00,1.153514001915408649e+00,2.222022011754544391e+00,1.058880515389769794e+00,9.146582701873755550e-01,-3.317990198386155942e-01
2.340766986244268111e+01,1.221172019847280854e+00,1.153337610112475708e+00,2.222158798412531056e+00,1.058815744097853395e+00,9.145737423611667305e-01,-3.321202402939446019e-01
2.342225927469778668e+01,1.220910132032537065e+00,1.153160932997269628e+00,2.222295825511523937e+00,1.058750862170794615e+00,9.144891322070113349e-01,-3.324415040311461400e-01
2.343684868695289580e+01,1.220647843398531052e+00,1.152983974781400800e+00,2.222433095476890497e+00,1.058685870833511844e+00,9.144044414220792172e-01,-3.327628108931732220e-01
2.345143809920800138e+01,1.220385136909758472e+00,1.152806723532406208e+00,2.222570608203392695e+00,1.058620766168226313e+00,9.143196670985257457e-01,-3.330841632245467032e-01
2.346602751146310695e+01,1.220122030526482160e+00,1.152629191859232627e+00,2.222708367379203409e+00,1.058555552075148398e+00,9.142348133102788932e-01,-3.334055595463946142e-01
2.348061692371821252e+01,1.219858494988799835e+00,1.152451359258568564e+00,2.222846371769775065e+00,1.058490221898473749e+00,9.141498747712886175e-01,-3.337270035963540438e-01
2.349520633597332164e+01,1.219594555559540439e+00,1.152273243459036145e+00,2.222984625707077555e+00,1.058424781172919493e+00,9.140648569640081877e-01,-3.340484930486821158e-01
2.350979574822842721e+01,1.219330185359301044e+00,1.152094825628237285e+00,2.223123128389239422e+00,1.058359223768234880e+00,9.139797551314982060e-01,-3.343700314323930223e-01
2.352438516048353279e+01,1.219065401086282474e+00,1.151916117488405389e+00,2.223261883193317523e+00,1.058293553305154511e+00,9.138945730374258281e-01,-3.346916173456858101e-01
2.353897457273863836e+01,1.218800186689706244e+00,1.151737107800821169e+00,2.223400890485846215e+00,1.058227766071493825e+00,9.138093080821271252e-01,-3.350132531299040428e-01
2.355356398499374748e+01,1.218534546668571528e+00,1.151557799734397536e+00,2.223540152501633393e+00,1.058161862956094712e+00,9.137239616511687590e-01,-3.353349387686370697e-01
2.356815339724885305e+01,1.218268477215667556e+00,1.151378190634587906e+00,2.223679670735931868e+00,1.058095842986406243e+00,9.136385335228647264e-01,-3.356566752007825727e-01
2.358274280950395507e+01,1.218001970318850269e+00,1.151198274899960072e+00,2.223819446438287883e+00,1.058029704244210611e+00,9.135530227032438999e-01,-3.359784638886280095e-01
2.359733222175906775e+01,1.217735034728023580e+00,1.151018058678284550e+00,2.223959482075125837e+00,1.057963448572084353e+00,9.134674313500570353e-01,-3.363003042749344584e-01
2.361192163401416977e+01,1.217467649598491519e+00,1.150837527374171554e+00,2.224099778072498257e+00,1.057897071167246184e+00,9.133817560882856457e-01,-3.366221993965081705e-01
2.362651104626927534e+01,1.217199836503713994e+00,1.150656696122782430e+00,2.224240337702196868e+00,1.057830576752521567e+00,9.132960014462085940e-01,-3.369441471107768593e-01
2.364110045852438446e+01,1.216931561605118395e+00,1.150475541223405340e+00,2.224381160743839736e+00,1.057763957598824245e+00,9.132101616974924729e-01,-3.372661521064234114e-01
2.365568987077949004e+01,1.216662852973738884e+00,1.150294082363858550e+00,2.224522250751242325e+00,1.057697219891362339e+00,9.131242425306015376e-01,-3.375882113973110998e-01
2.367027928303459561e+01,1.216393682959439282e+00,1.150112300182169811e+00,2.224663608069941567e+00,1.057630357284911282e+00,9.130382394185646566e-01,-3.379103289594855841e-01
2.368486869528970118e+01,1.216124066834963102e+00,1.149930205396037186e+00,2.224805235412745219e+00,1.057563373088481251e+00,9.129521556689736972e-01,-3.382325033712035856e-01
2.369945810754481030e+01,1.215853989791630507e+00,1.149747787643619290e+00,2.224947133954445544e+00,1.057496263840171702e+00,9.128659891356371014e-01,-3.385547370275767687e-01
2.371404751979991232e+01,1.215583453964386607e+00,1.149565048436290038e+00,2.225089305737772527e+00,1.057429029890825989e+00,9.127797407436335497e-01,-3.388770301718933009e-01
2.372863693205502500e+01,1.215312457727165896e+00,1.149381986649693044e+00,2.225231752595287382e+00,1.057361670744163984e+00,9.126934107292131726e-01,-3.391993835172953387e-01
2.374322634431012702e+01,1.215040989726938303e+00,1.149198594345244961e+00,2.225374476075991037e+00,1.057294183708262336e+00,9.126069976332237266e-01,-3.395217990755909909e-01
2.375781575656523259e+01,1.214769061872145839e+00,1.149014879880896123e+00,2.225517478493273416e+00,1.057226571337410048e+00,9.125205040760950848e-01,-3.398442757740495201e-01
2.377240516882034171e+01,1.214496648960519343e+00,1.148830825616764084e+00,2.225660761084399919e+00,1.057158827809570489e+00,9.124339262126480721e-01,-3.401668174994514904e-01
2.378699458107544373e+01,1.214223775392674565e+00,1.148646448661260200e+00,2.225804326432078817e+00,1.057090958499757871e+00,9.123472688082473470e-01,-3.404894214777448580e-01
2.380158399333055286e+01,1.213950405960469103e+00,1.148461724367131565e+00,2.225948175736415902e+00,1.057022955318276392e+00,9.122605263530012554e-01,-3.408120930059032605e-01
2.381617340558565843e+01,1.213676568051067051e+00,1.148276671933599502e+00,2.226092311517365641e+00,1.056954824317156705e+00,9.121737040832984533e-01,-3.411348288623210490e-01
2.383076281784076755e+01,1.213402234463430984e+00,1.148091272323817025e+00,2.226236735331295957e+00,1.056886559208328524e+00,9.120867979214910548e-01,-3.414576333071449032e-01
2.384535223009586957e+01,1.213127418771754673e+00,1.147905535060938398e+00,2.226381449367876186e+00,1.056818162922573467e+00,9.119998107181318536e-01,-3.417805049830818787e-01
2.385994164235097870e+01,1.212852107630598031e+00,1.147719450813811770e+00,2.226526455503937463e+00,1.056749632299603059e+00,9.119127407813638619e-01,-3.421034462698142042e-01
2.387453105460608427e+01,1.212576300418630293e+00,1.147533019163362145e+00,2.226671755791691520e+00,1.056680967056346399e+00,9.118255885739606770e-01,-3.424264577865225312e-01
2.388912046686118984e+01,1.212299998030294645e+00,1.147346240751499824e+00,2.226817352235050951e+00,1.056612167253235368e+00,9.117383547918230802e-01,-3.427495399198404735e-01
2.390370987911629896e+01,1.212023185253625623e+00,1.147159104942017782e+00,2.226963246948014064e+00,1.056543229297636444e+00,9.116510375079152073e-01,-3.430726953809612456e-01
2.391829929137140098e+01,1.211745877619882394e+00,1.146971622626056897e+00,2.227109441861735650e+00,1.056474156566769462e+00,9.115636398079470792e-01,-3.433959224474871785e-01
2.393288870362651011e+01,1.211468044918265541e+00,1.146783772666269519e+00,2.227255939357949188e+00,1.056404942059482766e+00,9.114761573729572852e-01,-3.437192260416824796e-01
2.394747811588161568e+01,1.211189714756759406e+00,1.146595574408863172e+00,2.227402741142840981e+00,1.056335591894463910e+00,9.113885952077991348e-01,-3.440426026515607805e-01
2.396206752813672125e+01,1.210910850414453899e+00,1.146407002160321653e+00,2.227549849915735791e+00,1.056266097583649977e+00,9.113009480177957089e-01,-3.443660582162850758e-01
2.397665694039183037e+01,1.210631478397077965e+00,1.146218074493834616e+00,2.227697267265756231e+00,1.056196464997891438e+00,9.112132205867977675e-01,-3.446895893427490143e-01
2.399124635264693239e+01,1.210351572084508165e+00,1.146028772789312589e+00,2.227844995900408964e+00,1.056126687935278197e+00,9.111254092867959731e-01,-3.450132005302464222e-01
2.400583576490204152e+01,1.210071143021843820e+00,1.145839105145381120e+00,2.227993037657008735e+00,1.056056768867486895e+00,9.110375165099220407e-01,-3.453368905855692672e-01
2.402042517715714709e+01,1.209790179590364279e+00,1.145649063444840632e+00,2.228141394987959600e+00,1.055986704997303738e+00,9.109495410198885645e-01,-3.456606617927113767e-01
2.403501458941225621e+01,1.209508677941079080e+00,1.145458645010166032e+00,2.228290070197654238e+00,1.055916495292018586e+00,9.108614828148264841e-01,-3.459845152842349614e-01
2.404960400166735823e+01,1.209226641891931520e+00,1.145267852529890051e+00,2.228439065263978947e+00,1.055846140464657967e+00,9.107733430524748153e-01,-3.463084510025196683e-01
2.406419341392246736e+01,1.208944051751469129e+00,1.145076672238366067e+00,2.228588383184956445e+00,1.055775635869218076e+00,9.106851193345865125e-01,-3.466324725358035930e-01
2.407878282617757293e+01,1.208660927224562975e+00,1.144885117943143849e+00,2.228738025236832954e+00,1.055704985838226584e+00,9.105968152153279815e-01,-3.469565773544817100e-01
2.409337223843267495e+01,1.208377232313359251e+00,1.144693164467651014e+00,2.228887995345825157e+00,1.055634181999614674e+00,9.105084258975983946e-01,-3.472807716365842734e-01
2.410796165068778762e+01,1.208092998281628194e+00,1.144500833707903453e+00,2.229038294119684238e+00,1.055563231323914053e+00,9.104199566285493539e-01,-3.476050510071024835e-01
2.412255106294288964e+01,1.207808186726757160e+00,1.144308098806477547e+00,2.229188925850843717e+00,1.055492124880100580e+00,9.103314023274774458e-01,-3.479294220888149991e-01
2.413714047519799877e+01,1.207522823028220893e+00,1.144114977540213962e+00,2.229339891325028855e+00,1.055420868297983761e+00,9.102427673248570938e-01,-3.482538813934889510e-01
2.415172988745310434e+01,1.207236881306358534e+00,1.143921451816694468e+00,2.229491194328862669e+00,1.055349455497238020e+00,9.101540484429498923e-01,-3.485784336076212520e-01
2.416631929970820991e+01,1.206950370674175099e+00,1.143727528029615748e+00,2.229642836555857155e+00,1.055277888391370711e+00,9.100652476135987490e-01,-3.489030778211447692e-01
2.418090871196331548e+01,1.206663281555461875e+00,1.143533199495387231e+00,2.229794820882251116e+00,1.055206164620259734e+00,9.099763640577442914e-01,-3.492278161282739157e-01
2.419549812421842105e+01,1.206375606302586112e+00,1.143338460880712004e+00,2.229947150159472535e+00,1.055134282260842271e+00,9.098873973059343756e-01,-3.495526503394223994e-01
2.421008753647353018e+01,1.206087352138780489e+00,1.143143317255939762e+00,2.230099826102775573e+00,1.055062242793786131e+00,9.097983489804767343e-01,-3.498775798137593318e-01
2.422467694872863220e+01,1.205798494143727195e+00,1.142947751204492324e+00,2.230252852980887379e+00,1.054990040334739421e+00,9.097092162078526112e-01,-3.502026092293519244e-01
2.423926636098374487e+01,1.205509056854064065e+00,1.142751779908279586e+00,2.230406231088193358e+00,1.054917680330212715e+00,9.096200030145329407e-01,-3.505277350626799238e-01
2.425385577323884689e+01,1.205218997546052329e+00,1.142555373498145066e+00,2.230559966379777936e+00,1.054845152805199193e+00,9.095307041200503262e-01,-3.508529650117168108e-01
2.426844518549395247e+01,1.204928351671941344e+00,1.142358556790601609e+00,2.230714058100264907e+00,1.054772465710876572e+00,9.094413250171429208e-01,-3.511782936902326235e-01
2.428303459774906159e+01,1.204637078945889561e+00,1.142161301623956238e+00,2.230868512248191937e+00,1.054699609620027845e+00,9.093518608378093893e-01,-3.515037284554855535e-01
2.429762401000416361e+01,1.204345203315599022e+00,1.141963624766152874e+00,2.231023328965046737e+00,1.054626589846257456e+00,9.092623154578771683e-01,-3.518292658166455311e-01
2.431221342225927273e+01,1.204052699835806539e+00,1.141765508787280003e+00,2.231178513029039578e+00,1.054553400474222080e+00,9.091726861508681035e-01,-3.521549105866219609e-01
2.432680283451437830e+01,1.203759574692023548e+00,1.141566958031383638e+00,2.231334066246970504e+00,1.054480042736950063e+00,9.090829743858973577e-01,-3.524806622825297775e-01
2.434139224676948743e+01,1.203465820731526748e+00,1.141367967513504444e+00,2.231489991735424727e+00,1.054406514801097705e+00,9.089931798432869803e-01,-3.528065226972917356e-01
2.435598165902459300e+01,1.203171425810354966e+00,1.141168528759053835e+00,2.231646293254509583e+00,1.054332813680662229e+00,9.089033015823441142e-01,-3.531324945181791852e-01
2.437057107127970212e+01,1.202876401137353390e+00,1.140968649623976372e+00,2.231802971970861638e+00,1.054258941763018376e+00,9.088133416933127373e-01,-3.534585763554896065e-01
2.438516048353480414e+01,1.202580715650169996e+00,1.140768308405250009e+00,2.231960033897135709e+00,1.054184891699289306e+00,9.087232968224725482e-01,-3.537847742347647872e-01
2.439974989578990971e+01,1.202284399509986779e+00,1.140567526210807037e+00,2.232117477950414042e+00,1.054110670241695802e+00,9.086331714732344134e-01,-3.541110834151095510e-01
2.441433930804501884e+01,1.201987402124473192e+00,1.140366267683614820e+00,2.232275312706944348e+00,1.054036265528992766e+00,9.085429598755047076e-01,-3.544375134346396394e-01
2.442892872030012086e+01,1.201689763772277209e+00,1.140164561004624932e+00,2.232433535729857255e+00,1.053961686647619578e+00,9.084526677714582776e-01,-3.547640577187730071e-01
2.444351813255522998e+01,1.201391442040935287e+00,1.139962376538358857e+00,2.232592154861313016e+00,1.053886923609806958e+00,9.083622905044802520e-01,-3.550907244221273018e-01
2.445810754481033555e+01,1.201092459061913642e+00,1.139759729776360864e+00,2.232751169799355839e+00,1.053811981317840818e+00,9.082718314939648430e-01,-3.554175101650499657e-01
2.447269695706544468e+01,1.200792791061313425e+00,1.139556604116001903e+00,2.232910586206615200e+00,1.053736854074760698e+00,9.081812884660995788e-01,-3.557444198148196346e-01
2.448728636932055025e+01,1.200492440682372486e+00,1.139353001423861533e+00,2.233070406323490520e+00,1.053661542280666552e+00,9.080906624241545932e-01,-3.560714534922769792e-01
2.450187578157565227e+01,1.200191403658922074e+00,1.139148918735767513e+00,2.233230633283084465e+00,1.053586044738469951e+00,9.079999535105620634e-01,-3.563986125554151063e-01
2.451646519383076139e+01,1.199889662489700415e+00,1.138944343836651107e+00,2.233391272202484235e+00,1.053510357185451829e+00,9.079091603088780271e-01,-3.567259008120936548e-01
2.453105460608586696e+01,1.199587233074063120e+00,1.138739287858542726e+00,2.233552323350858515e+00,1.053434483085191609e+00,9.078182853813969722e-01,-3.570533159241289778e-01
2.454564401834097609e+01,1.199284077083507150e+00,1.138533724029610283e+00,2.233713795070141561e+00,1.053358413344914535e+00,9.077273248882277157e-01,-3.573808655801761769e-01
2.456023343059607811e+01,1.198980229504932771e+00,1.138327676822600942e+00,2.233875684692006036e+00,1.053282155847805157e+00,9.076362836111213639e-01,-3.577085438810075346e-01
2.457482284285119079e+01,1.198675635759063773e+00,1.138121108109618529e+00,2.234038003321844545e+00,1.053205697722296330e+00,9.075451558953601117e-01,-3.580363616095754709e-01
2.458941225510629280e+01,1.198370336434666061e+00,1.137914046277296087e+00,2.234200747278995980e+00,1.053129048151882463e+00,9.074539471245712807e-01,-3.583643117771038722e-01
2.460400166736139482e+01,1.198064288457014737e+00,1.137706461240545419e+00,2.234363926143950962e+00,1.053052196917872552e+00,9.073626530563111414e-01,-3.586924030847172817e-01
2.461859107961650750e+01,1.197757511652717044e+00,1.137498366874521549e+00,2.234527539427577203e+00,1.052975148389679205e+00,9.072712766511419336e-01,-3.590206324059828646e-01
2.463318049187160952e+01,1.197449983710583643e+00,1.137289747606480494e+00,2.234691593544640309e+00,1.052897897154806195e+00,9.071798160898013608e-01,-3.593490045761058016e-01
2.464776990412671864e+01,1.197141702960361043e+00,1.137080602288820907e+00,2.234856091572891668e+00,1.052820442588364935e+00,9.070882719057834498e-01,-3.596775205390185248e-01
2.466235931638182421e+01,1.196832668590079862e+00,1.136870930373104160e+00,2.235021036386361626e+00,1.052742784264258713e+00,9.069966447070374471e-01,-3.600061810557723674e-01
2.467694872863693334e+01,1.196522856666768053e+00,1.136660715155998647e+00,2.235186435021391027e+00,1.052664916375291249e+00,9.069049325958269403e-01,-3.603349913572427843e-01
2.469153814089203536e+01,1.196212288644581623e+00,1.136449971647072621e+00,2.235352286419916013e+00,1.052586843669760963e+00,9.068131386115044767e-01,-3.606639479135185788e-01
2.470612755314714093e+01,1.195900917529156615e+00,1.136238667031447047e+00,2.235518601985811760e+00,1.052508554961946396e+00,9.067212584207733350e-01,-3.609930604680104960e-01
2.472071696540225005e+01,1.195588783665010979e+00,1.136026829516113112e+00,2.235685377109850158e+00,1.052430059397688744e+00,9.066292970581925070e-01,-3.613223217917050922e-01
2.473530637765735563e+01,1.195275828689839948e+00,1.135814418346313026e+00,2.235852625621979950e+00,1.052351343127075012e+00,9.065372490720692289e-01,-3.616517439225358510e-01
2.474989578991246475e+01,1.194962092490312155e+00,1.135601461407699686e+00,2.236020342844422082e+00,1.052272415191354726e+00,9.064451193961429176e-01,-3.619813196742477923e-01
2.476448520216756677e+01,1.194647531609928981e+00,1.135387928361333731e+00,2.236188540067553632e+00,1.052193265198902106e+00,9.063529042328791752e-01,-3.623110582343542219e-01
2.477907461442267589e+01,1.194332162942243869e+00,1.135173831028828628e+00,2.236357216946257331e+00,1.052113896829174555e+00,9.062606060808670039e-01,-3.626409569098216767e-01
2.479366402667778146e+01,1.194015965999503770e+00,1.134959155118216545e+00,2.236526380482847021e+00,1.052034305036409823e+00,9.061682235778448780e-01,-3.629710203987725481e-01
2.480825343893288348e+01,1.193698933818526653e+00,1.134743895786038292e+00,2.236696035107986980e+00,1.051954487925797599e+00,9.060757567826058789e-01,-3.633012507448531991e-01
2.482284285118799261e+01,1.193381069744024581e+00,1.134528055388395185e+00,2.236866183093842331e+00,1.051874446009606778e+00,9.059832067728338378e-01,-3.636316479133720470e-01
2.483743226344309818e+01,1.193062342053420544e+00,1.134311611788548557e+00,2.237036834110582628e+00,1.051794171596494243e+00,9.058905711626957791e-01,-3.639622189388605489e-01
2.485202167569820730e+01,1.192742778826685779e+00,1.134094584618968948e+00,2.237207985237575691e+00,1.051713670978705384e+00,9.057978534746801147e-01,-3.642929587996343588e-01
2.486661108795331288e+01,1.192422322637957111e+00,1.133876933792721697e+00,2.237379651869996877e+00,1.051632930435762558e+00,9.057050488733027205e-01,-3.646238797866773740e-01
2.488120050020842200e+01,1.192101020134574085e+00,1.133658691908926208e+00,2.237551826982945968e+00,1.051551960605743741e+00,9.056121626511796086e-01,-3.649549730789617974e-01
2.489578991246352402e+01,1.191778808535718159e+00,1.133439815143413743e+00,2.237724527486385284e+00,1.051470746494751252e+00,9.055191895571433891e-01,-3.652862521419202313e-01
2.491037932471862959e+01,1.191455726616618360e+00,1.133220330596064862e+00,2.237897747923951908e+00,1.051389296898620040e+00,9.054261340729671259e-01,-3.656177097117024322e-01
2.492496873697373871e+01,1.191131730593853799e+00,1.133000207712020480e+00,2.238071501296125199e+00,1.051307601257394309e+00,9.053329928471953725e-01,-3.659493554417795336e-01
2.493955814922884073e+01,1.190806833609346249e+00,1.132779455689658210e+00,2.238245787835984490e+00,1.051225662354866586e+00,9.052397679123819207e-01,-3.662811873049959810e-01
2.495414756148395341e+01,1.190481017449035450e+00,1.132558061830986729e+00,2.238420614926789565e+00,1.051143475615197831e+00,9.051464583663932917e-01,-3.666132097332303053e-01
2.496873697373905543e+01,1.190154268595187581e+00,1.132336016718557881e+00,2.238595989020195187e+00,1.051061037556840772e+00,9.050530637871649908e-01,-3.669454262243334597e-01
2.498332638599416455e+01,1.189826595427962541e+00,1.132113326224531091e+00,2.238771911355310174e+00,1.050978349840557602e+00,9.049595857273120547e-01,-3.672778357007610572e-01
2.499791579824927013e+01,1.189497956693966074e+00,1.131889961566737268e+00,2.238948395157832838e+00,1.050895402453688288e+00,9.048660213045313094e-01,-3.676104474873893024e-01
2.501250521050437214e+01,1.189168388442032542e+00,1.131665947935298400e+00,2.239125434969547523e+00,1.050812203558520341e+00,9.047723745318347888e-01,-3.679432546957301930e-01
2.502709462275948127e+01,1.188837820554442093e+00,1.131441236397770167e+00,2.239303051373638276e+00,1.050728736332262825e+00,9.046786400608304302e-01,-3.682762727942503478e-01
2.504168403501458684e+01,1.188506307157390252e+00,1.131215864763998047e+00,2.239481234336057280e+00,1.050645013191487065e+00,9.045848234484477057e-01,-3.686094910437906491e-01
2.505627344726969596e+01,1.188173780239389243e+00,1.130989785574812556e+00,2.239660004303035912e+00,1.050561017786304285e+00,9.044909196411916597e-01,-3.689429245594548212e-01
2.507086285952479798e+01,1.187840276902793368e+00,1.130763024753655532e+00,2.239839355341466387e+00,1.050476758524689469e+00,9.043969326660096231e-01,-3.692765661613190975e-01
2.508545227177991066e+01,1.187505753103699213e+00,1.130535551575715836e+00,2.240019302163379855e+00,1.050392224683761144e+00,9.043028596191509116e-01,-3.696104259459758734e-01
2.510004168403501268e+01,1.187170217148866058e+00,1.130307371861979604e+00,2.240199846158598351e+00,1.050307417878037164e+00,9.042087020619239413e-01,-3.699445028577163508e-01
2.511463109629011825e+01,1.186833653665003707e+00,1.130078474902944663e+00,2.240380994829596961e+00,1.050222334132090651e+00,9.041144595562622399e-01,-3.702788009012943360e-01
2.512922050854522737e+01,1.186496040928054718e+00,1.129848845557397174e+00,2.240562757529260374e+00,1.050136967961153633e+00,9.040201311915365689e-01,-3.706133254912423181e-01
2.514380992080032939e+01,1.186157393466245713e+00,1.129618493987880390e+00,2.240745133914529230e+00,1.050051322441408086e+00,9.039257190016892762e-01,-3.709480741957221217e-01
2.515839933305543852e+01,1.185817658225177373e+00,1.129387383186463589e+00,2.240928141975772281e+00,1.049965384666774693e+00,9.038312195975882757e-01,-3.712830592633269422e-01
2.517298874531054409e+01,1.185476880929579258e+00,1.129155545089086443e+00,2.241111772854341044e+00,1.049879165085310984e+00,9.037366374917751299e-01,-3.716182714631461881e-01
2.518757815756565321e+01,1.185134975826667603e+00,1.128922919868883268e+00,2.241296053889098694e+00,1.049792643030325712e+00,9.036419668097742663e-01,-3.719537302606190088e-01
2.520216756982075523e+01,1.184792006003954734e+00,1.128689551578371475e+00,2.241480971285246593e+00,1.049705833058460547e+00,9.035472133803280625e-01,-3.722894225873962792e-01
2.521675698207586080e+01,1.184447897160087804e+00,1.128455388385760205e+00,2.241666549622675308e+00,1.049618717186883377e+00,9.034523723442828835e-01,-3.726253654997510600e-01
2.523134639433096993e+01,1.184102683942364509e+00,1.128220454493701341e+00,2.241852782915277231e+00,1.049531303236069135e+00,9.033574472699044122e-01,-3.729615521239992293e-01
2.524593580658607550e+01,1.183756322123133309e+00,1.127984719060530105e+00,2.242039687592379149e+00,1.049443580325320369e+00,9.032624357033117724e-01,-3.732979929750375181e-01
2.526052521884118462e+01,1.183408813713204610e+00,1.127748183513023417e+00,2.242227266986015266e+00,1.049355548529277149e+00,9.031673387278837950e-01,-3.736346883785976458e-01
2.527511463109628664e+01,1.183060146901322884e+00,1.127510839632007933e+00,2.242415528383108647e+00,1.049267204639420470e+00,9.030721563745557345e-01,-3.739716417093429390e-01
2.528970404335139577e+01,1.182710289553245753e+00,1.127272665018324460e+00,2.242604485220030863e+00,1.049178540609800203e+00,9.029768872344331454e-01,-3.743088609141447809e-01
2.530429345560650134e+01,1.182359263773376412e+00,1.127033675118869427e+00,2.242794134862577060e+00,1.049089561275683868e+00,9.028815338306724891e-01,-3.746463418083839647e-01
2.531888286786160336e+01,1.182007001688805792e+00,1.126793822599271522e+00,2.242984501683247700e+00,1.049000250074294316e+00,9.027860922543966549e-01,-3.749841004053733884e-01
2.533347228011671604e+01,1.181653558485765476e+00,1.126553145988151927e+00,2.243175573042012427e+00,1.048910619702084546e+00,9.026905673600656987e-01,-3.753221250648853813e-01
2.534806169237181805e+01,1.181298836120636242e+00,1.126311576903423761e+00,2.243367382910720131e+00,1.048820646386668054e+00,9.025949532367180117e-01,-3.756604386988279809e-01
2.536265110462692718e+01,1.180942901285873869e+00,1.126069161900166815e+00,2.243559914985504111e+00,1.048730345561645017e+00,9.024992554880241213e-01,-3.759990270221291730e-01
2.537724051688203275e+01,1.180585674393776596e+00,1.125825845475966425e+00,2.243753198041175345e+00,1.048639697816369898e+00,9.024034696138253375e-01,-3.763379088771030001e-01
2.539182992913714187e+01,1.180227186525513838e+00,1.125581649339345125e+00,2.243947226645313098e+00,1.048548710098679004e+00,9.023075987185491531e-01,-3.766770780095821669e-01
2.540641934139224389e+01,1.179867393351030858e+00,1.125336542588055266e+00,2.244142018961165608e+00,1.048457371372269797e+00,9.022116408009883681e-01,-3.770165453276571599e-01
2.542100875364734947e+01,1.179506288572768069e+00,1.125090520853755161e+00,2.244337581352942479e+00,1.048365679659020167e+00,9.021155964579838926e-01,-3.773563131016027250e-01
2.543559816590245859e+01,1.179143864868664737e+00,1.124843579052764442e+00,2.244533920459590881e+00,1.048273632731785421e+00,9.020194661956340010e-01,-3.776963838166048082e-01
2.545018757815756061e+01,1.178780076687913292e+00,1.124595685435013204e+00,2.244731055424770361e+00,1.048181219219190385e+00,9.019232480944684438e-01,-3.780367687906468488e-01
2.546477699041267329e+01,1.178414955572693268e+00,1.124346862027526539e+00,2.244928980393586571e+00,1.048088446164794796e+00,9.018269451766259825e-01,-3.783774615679318942e-01
2.547936640266777530e+01,1.178048414729192750e+00,1.124097048313402514e+00,2.245127728334082473e+00,1.047995292307491555e+00,9.017305529971986200e-01,-3.787184830694281801e-01
2.549395581492288443e+01,1.177680519784041646e+00,1.123846290093756028e+00,2.245327282119053969e+00,1.047901772835673651e+00,9.016340766891016711e-01,-3.790598189196517365e-01
2.550854522717799000e+01,1.177311160836443493e+00,1.123594510737565555e+00,2.245527682896052202e+00,1.047807860919164336e+00,9.015375105156409052e-01,-3.794014955192717697e-01
2.552313463943309202e+01,1.176940404905066240e+00,1.123341757015285491e+00,2.245728912912752229e+00,1.047713572076401922e+00,9.014408596351743963e-01,-3.797434981184323322e-01
2.553772405168820114e+01,1.176568167090530803e+00,1.123087969737349701e+00,2.245931005466868857e+00,1.047618885425055435e+00,9.013441199786992319e-01,-3.800858474052387637e-01
2.555231346394330672e+01,1.176194473291703568e+00,1.122833166993124188e+00,2.246133956569184242e+00,1.047523806623452014e+00,9.012472941799096748e-01,-3.804285381985030301e-01
2.556690287619841584e+01,1.175819279146263385e+00,1.122577317868190372e+00,2.246337786158380645e+00,1.047428324473169692e+00,9.011503806938344630e-01,-3.807715817786672119e-01
2.558149228845351786e+01,1.175442567203783151e+00,1.122320410218799136e+00,2.246542505182834049e+00,1.047332434215134445e+00,9.010533796195820955e-01,-3.811149831551276512e-01
2.559608170070863054e+01,1.175064335836264462e+00,1.122062442935261695e+00,2.246748119069724492e+00,1.047236134882433500e+00,9.009562919461272523e-01,-3.814587435878472044e-01
2.561067111296373255e+01,1.174684521866157239e+00,1.121803371985398590e+00,2.246954654959796294e+00,1.047139410703649576e+00,9.008591152275899905e-01,-3.818028789399766643e-01
2.562526052521883813e+01,1.174303168742893089e+00,1.121543227695382283e+00,2.247162102537638706e+00,1.047042271527888646e+00,9.007618529972836185e-01,-3.821473797976318587e-01
2.563984993747394725e+01,1.173920165023192519e+00,1.121281932377338864e+00,2.247370506478275409e+00,1.046944689935608075e+00,9.006645002534284794e-01,-3.824922735856200462e-01
2.565443934972904927e+01,1.173535589269294688e+00,1.121019540841996731e+00,2.247579843901840846e+00,1.046846684213776690e+00,9.005670624184484163e-01,-3.828375425004705845e-01
2.566902876198415839e+01,1.173149316456360003e+00,1.120755965934433718e+00,2.247790164970669746e+00,1.046748223622653740e+00,9.004695339215978978e-01,-3.831832173403500463e-01
2.568361817423926396e+01,1.172761413046288892e+00,1.120491254025960837e+00,2.248001450993700967e+00,1.046649323528871633e+00,9.003719194716560681e-01,-3.835292831404190639e-01
2.569820758649437309e+01,1.172371787461110593e+00,1.120225341287609533e+00,2.248213740629469104e+00,1.046549961201165946e+00,9.002742154304391731e-01,-3.838757628144018885e-01
2.571279699874947866e+01,1.171980457996864233e+00,1.119958240504483227e+00,2.248427032674537251e+00,1.046450140381080418e+00,9.001764239516076849e-01,-3.842226529313941819e-01
2.572738641100458068e+01,1.171587380278777291e+00,1.119689920763301316e+00,2.248641348939456996e+00,1.046349849679897970e+00,9.000785439508934838e-01,-3.845699651387690099e-01
2.574197582325968980e+01,1.171192521556684074e+00,1.119420359257742303e+00,2.248856707236093655e+00,1.046249080491327144e+00,8.999805750149033612e-01,-3.849177083426085777e-01
2.575656523551479538e+01,1.170795887478663921e+00,1.119149559953164896e+00,2.249073111039050943e+00,1.046147833474250222e+00,8.998825186251770969e-01,-3.852658821379650322e-01
2.577115464776990450e+01,1.170397391155450384e+00,1.118877462298596637e+00,2.249290598818869391e+00,1.046046086897677307e+00,8.997843717887118453e-01,-3.856145086301680514e-01
2.578574406002500652e+01,1.169997091284910473e+00,1.118604107245321000e+00,2.249509154113939591e+00,1.045943854225736880e+00,8.996861385653635024e-01,-3.859635745182543598e-01
2.580033347228011920e+01,1.169594843513373172e+00,1.118329394182663084e+00,2.249728837823521843e+00,1.045841099766654736e+00,8.995878133693033796e-01,-3.863131160338183490e-01
2.581492288453522121e+01,1.169190742673631878e+00,1.118053389252789076e+00,2.249949619619573404e+00,1.045737845716847803e+00,8.994894019262321683e-01,-3.866631110189572285e-01
2.582951229679032323e+01,1.168784643872778917e+00,1.117775991473236141e+00,2.250171561360214234e+00,1.045634056187155103e+00,8.993908988204784016e-01,-3.870135959918538648e-01
2.584410170904543591e+01,1.168376611475484550e+00,1.117497245743837020e+00,2.250394644306915826e+00,1.045529745979625114e+00,8.992923083050173849e-01,-3.873645562053955049e-01
2.585869112130053793e+01,1.167966545157444358e+00,1.117217082155866681e+00,2.250618913740229043e+00,1.045424889944976288e+00,8.991936271718820040e-01,-3.877160173762791429e-01
2.587328053355564705e+01,1.167554451853220376e+00,1.116935505573274590e+00,2.250844373342886673e+00,1.045319488929636442e+00,8.990948570819524699e-01,-3.880679788743711112e-01
2.588786994581075263e+01,1.167140287051144476e+00,1.116652484996686345e+00,2.251071047014842730e+00,1.045213531275675178e+00,8.989959974171930490e-01,-3.884204527506010529e-01
2.590245935806586175e+01,1.166723996422997622e+00,1.116367982585816820e+00,2.251298962907628542e+00,1.045107002908254534e+00,8.988970472318136284e-01,-3.887734535603182828e-01
2.591704877032096377e+01,1.166305594985748817e+00,1.116082008837741668e+00,2.251528121567109686e+00,1.044999906593162109e+00,8.987980085121752838e-01,-3.891269786529704122e-01
2.593163818257606934e+01,1.165884962998095631e+00,1.115794480318407000e+00,2.251758577835042630e+00,1.044892212287512612e+00,8.986988776904178966e-01,-3.894810589264979805e-01
2.594622759483117846e+01,1.165462179027759504e+00,1.115505451821597438e+00,2.251990306763045790e+00,1.044783938191053974e+00,8.985996593725786852e-01,-3.898356759077822309e-01
2.596081700708628048e+01,1.165037053419043511e+00,1.115214791185539234e+00,2.252223392296953453e+00,1.044675037156331365e+00,8.985003473524407758e-01,-3.901908780924104869e-01
2.597540641934139316e+01,1.164609701819454113e+00,1.114922579047662454e+00,2.252457794348087017e+00,1.044565536392879412e+00,8.984009476763955560e-01,-3.905466377047248638e-01
2.598999583159649518e+01,1.164179952262242468e+00,1.114628695579963358e+00,2.252693590558339842e+00,1.044455392974156904e+00,8.983014550690607836e-01,-3.909029989952624295e-01
2.600458524385160430e+01,1.163747864254025322e+00,1.114333182288675284e+00,2.252930763742702069e+00,1.044344620397877454e+00,8.982018733184133907e-01,-3.912599482078432112e-01
2.601917465610670988e+01,1.163313325411327481e+00,1.114035960877803877e+00,2.253169367812865254e+00,1.044233190187770610e+00,8.981021996454070511e-01,-3.916175147899177977e-01
2.603376406836181189e+01,1.162876325199730720e+00,1.113737024037605883e+00,2.253409414774982356e+00,1.044121098698848282e+00,8.980024352002251575e-01,-3.919757026188519511e-01
2.604835348061692102e+01,1.162436818472978306e+00,1.113436340335351105e+00,2.253650931109396183e+00,1.044008333806375477e+00,8.979025798377970879e-01,-3.923345242924534682e-01
2.606294289287202659e+01,1.161994719361184369e+00,1.113133849959075494e+00,2.253893960863823764e+00,1.043894873382841926e+00,8.978026320523599946e-01,-3.926940027981716819e-01
2.607753230512713571e+01,1.161550055016028260e+00,1.112829571862792966e+00,2.254138500381889010e+00,1.043780722929281035e+00,8.977025943507327410e-01,-3.930541324732674813e-01
2.609212171738224129e+01,1.161102658437238144e+00,1.112523389697556153e+00,2.254384628878926655e+00,1.043665840367534514e+00,8.976024625519113398e-01,-3.934149570316189393e-01
2.610671112963735041e+01,1.160652630533130170e+00,1.112215373817232011e+00,2.254632311353259588e+00,1.043550249219858062e+00,8.975022416981217610e-01,-3.937764520471559448e-01
2.612130054189245243e+01,1.160199729045436889e+00,1.111905355431975106e+00,2.254881660354703499e+00,1.043433888844522484e+00,8.974019253191222179e-01,-3.941386806117553321e-01
2.613588995414755800e+01,1.159744084515964779e+00,1.111593425544933567e+00,2.255132628098122982e+00,1.043316789992192017e+00,8.973015193978487458e-01,-3.945016106984710058e-01
2.615047936640266713e+01,1.159285490399559082e+00,1.111279440258366336e+00,2.255385312848626533e+00,1.043198900656374661e+00,8.972010189136605529e-01,-3.948652964884870054e-01
2.616506877865776914e+01,1.158823996174864979e+00,1.110963434085161294e+00,2.255639701978998435e+00,1.043080231645171274e+00,8.971004271755667059e-01,-3.952297266633785222e-01
2.617965819091288182e+01,1.158359471703423793e+00,1.110645316374922809e+00,2.255895861465557761e+00,1.042960749597573678e+00,8.969997418305416526e-01,-3.955949359992612657e-01
2.619424760316798384e+01,1.157891878462940616e+00,1.110325060319670598e+00,2.256153817597380762e+00,1.042840443617092827e+00,8.968989634919596332e-01,-3.959609358220472775e-01
2.620883701542309296e+01,1.157421169217399681e+00,1.110002633039117947e+00,2.256413600573546230e+00,1.042719300627650503e+00,8.967980924956581168e-01,-3.963277396910795392e-01
2.622342642767819854e+01,1.156947209762110740e+00,1.109677941055933648e+00,2.256675279769418729e+00,1.042597286074910423e+00,8.966971267361562026e-01,-3.966953837203747724e-01
2.623801583993330055e+01,1.156470042946007082e+00,1.109351014260943735e+00,2.256938845741295552e+00,1.042474408982673850e+00,8.965960692608646587e-01,-3.970638582488303925e-01
2.625260525218840968e+01,1.155989430355118586e+00,1.109021686570245135e+00,2.257204415589422197e+00,1.042350608967914427e+00,8.964949152205676786e-01,-3.974332265588115809e-01
2.626719466444351525e+01,1.155505497883347443e+00,1.108690045737047880e+00,2.257471942742141913e+00,1.042225915463304231e+00,8.963936699947905318e-01,-3.978034574515210697e-01
2.628178407669862438e+01,1.155017938421145862e+00,1.108355877819044988e+00,2.257741576772051673e+00,1.042100250953619467e+00,8.962923271751888077e-01,-3.981746323148804834e-01
2.629637348895372639e+01,1.154526885716361972e+00,1.108019276040288936e+00,2.258013267618227626e+00,1.041973646742208714e+00,8.961908923123409476e-01,-3.985467178734889426e-01
2.631096290120883907e+01,1.154032085474001379e+00,1.107680063262042269e+00,2.258287142320618557e+00,1.041846038174105482e+00,8.960893607412901973e-01,-3.989197820221461188e-01
2.632555231346394109e+01,1.153533566816989930e+00,1.107338259812221004e+00,2.258563198822066465e+00,1.041717430600296090e+00,8.959877352698297770e-01,-3.992938187715949216e-01
2.634014172571904311e+01,1.153031171145060263e+00,1.106993755229005449e+00,2.258841521578711653e+00,1.041587782856580713e+00,8.958860139644143628e-01,-3.996688712331111781e-01
2.635473113797415579e+01,1.152524812386723996e+00,1.106646489584516280e+00,2.259122162314051163e+00,1.041457071643025367e+00,8.957841968615309902e-01,-4.000449636555707400e-01
2.636932055022925780e+01,1.152014437192196983e+00,1.106296425747514300e+00,2.259405157734646785e+00,1.041325281706294348e+00,8.956822847865740789e-01,-4.004221116994023388e-01
2.638390996248436693e+01,1.151499832376505772e+00,1.105943415234836413e+00,2.259690619873567563e+00,1.041192358048441235e+00,8.955802749738928092e-01,-4.008003731814683279e-01
2.639849937473947250e+01,1.150981060589643334e+00,1.105587501730644906e+00,2.259978531863620965e+00,1.041058314052882405e+00,8.954781710375335768e-01,-4.011797333100001750e-01
2.641308878699458162e+01,1.150457768043213758e+00,1.105228438803062430e+00,2.260269073452998878e+00,1.040923059570502573e+00,8.953759673762985427e-01,-4.015602872396537570e-01
2.642767819924968364e+01,1.149930112736009091e+00,1.104866336561411311e+00,2.260562183215186760e+00,1.040786631543908047e+00,8.952736697353402828e-01,-4.019419950213450887e-01
2.644226761150478922e+01,1.149397683302153750e+00,1.104500908469021825e+00,2.260858070236102524e+00,1.040648925219413767e+00,8.951712717106817818e-01,-4.023249673809086713e-01
2.645685702375989834e+01,1.148860608389910887e+00,1.104132244187137957e+00,2.261156687347928962e+00,1.040509970103900006e+00,8.950687784066516661e-01,-4.027091721249864698e-01
2.647144643601500391e+01,1.148318554628702914e+00,1.103760111519801912e+00,2.261458208545195525e+00,1.040369680552730935e+00,8.949661854798079963e-01,-4.030946996499998325e-01
2.648603584827011304e+01,1.147771508130105200e+00,1.103384500833046733e+00,2.261762655549074630e+00,1.040228050388188885e+00,8.948634951986754738e-01,-4.034815556446105234e-01
2.650062526052521505e+01,1.147219259200240593e+00,1.103005266091539038e+00,2.262070144777864389e+00,1.040085024494372901e+00,8.947607060339943796e-01,-4.038697979135262850e-01
2.651521467278032418e+01,1.146661633804010538e+00,1.102622286103458027e+00,2.262380776561324414e+00,1.039940556485741352e+00,8.946578173790965538e-01,-4.042594749519822228e-01
2.652980408503542975e+01,1.146098560888621387e+00,1.102235511414248359e+00,2.262694601601250355e+00,1.039794625576972775e+00,8.945548305559877234e-01,-4.046506077915901778e-01
2.654439349729053177e+01,1.145529685879415505e+00,1.101844695073563418e+00,2.263011810117787181e+00,1.039647139929221531e+00,8.944517420395576845e-01,-4.050432934388853434e-01
2.655898290954564445e+01,1.144955093607187946e+00,1.101449896214258484e+00,2.263332377694129871e+00,1.039498117474484395e+00,8.943485560436637005e-01,-4.054375113327121638e-01
2.657357232180074647e+01,1.144374225212097640e+00,1.101050725591908641e+00,2.263656597607619059e+00,1.039347414804071779e+00,8.942452660770910944e-01,-4.058334136358150990e-01
2.658816173405585559e+01,1.143787277197206409e+00,1.100647320126884265e+00,2.263984391311908428e+00,1.039195077552497848e+00,8.941418782867036619e-01,-4.062309498824090426e-01
2.660275114631096116e+01,1.143193651136329425e+00,1.100239263021991043e+00,2.264316074892991804e+00,1.039040951871102125e+00,8.940383861726967085e-01,-4.066302833639497405e-01
2.661734055856607029e+01,1.142593444554720561e+00,1.099826622252771502e+00,2.264651619836736796e+00,1.038885058277958295e+00,8.939347943619471160e-01,-4.070313902743776802e-01
2.663192997082117230e+01,1.141986174929597420e+00,1.099409061762265383e+00,2.264991287832471833e+00,1.038727271448067091e+00,8.938310987664728202e-01,-4.074344031871433569e-01
2.664651938307627788e+01,1.141371728251562967e+00,1.098986502183010749e+00,2.265335157713013192e+00,1.038567558367967880e+00,8.937273010429732656e-01,-4.078393554908340546e-01
2.666110879533138700e+01,1.140749787399407245e+00,1.098558722672525079e+00,2.265683411243475831e+00,1.038405834714271503e+00,8.936234000285556700e-01,-4.082463355160307339e-01
2.667569820758648902e+01,1.140119993086115668e+00,1.098125473022427467e+00,2.266036253434331016e+00,1.038242005212851149e+00,8.935193943509027736e-01,-4.086554432964977779e-01
2.669028761984160170e+01,1.139482218918850043e+00,1.097686665241254023e+00,2.266393772282917052e+00,1.038076032989259323e+00,8.934152858249140294e-01,-4.090667158348300636e-01
2.670487703209670372e+01,1.138835819584326892e+00,1.097241849902862887e+00,2.266756321773578442e+00,1.037907749950611302e+00,8.933110699830038026e-01,-4.094803312270055007e-01
2.671946644435181284e+01,1.138180889643925608e+00,1.096791092915108123e+00,2.267123879572598533e+00,1.037737174377309612e+00,8.932067516767658866e-01,-4.098962666884393702e-01
2.673405585660691841e+01,1.137516448092089627e+00,1.096333711046951986e+00,2.267496976490329885e+00,1.037564052468850750e+00,8.931023232682742119e-01,-4.103147922981334461e-01
2.674864526886202043e+01,9.999999999999998890e-01,1.000000000000000000e+00,2.350000000000000089e+00,9.999999999999998890e-01,8.929895855225877810e-01,-4.500773268541716776e-01
2.676323468111712955e+01,1.000000000000000000e+00,1.000000000000000000e+00,2.349999999999999645e+00,1.000000000000000000e+00,8.928749519080565467e-01,-4.503046971276067345e-01
2.677782409337223513e+01,9.999999999999998890e-01,1.000000000000000000e+00,2.350000000000000089e+00,9.999999999999998890e-01,8.927602604012039311e-01,-4.505320382041377303e-01
2.679241350562734425e+01,9.999999999999998890e-01,1.000000000000000000e+00,2.350000000000000089e+00,9.999999999999998890e-01,8.926455110094659862e-01,-4.507593500690243449e-01
2.680700291788244627e+01,9.999999999999998890e-01,1.000000000000000000e+00,2.350000000000000089e+00,9.999999999999998890e-01,8.925307037402832044e-01,-4.509866327075280346e-01
2.682159233013755895e+01,9.999999999999998890e-01,1.000000000000000000e+00,2.350000000000000089e+00,9.999999999999998890e-01,8.924158386010992983e-01,-4.512138861049123095e-01
2.683618174239266096e+01,9.999999999999998890e-01,1.000000000000000000e+00,2.350000000000000089e+00,9.999999999999998890e-01,8.923009155993618657e-01,-4.514411102464423453e-01
2.685077115464776654e+01,9.999999999999998890e-01,1.000000000000000000e+00,2.350000000000000089e+00,9.999999999999998890e-01,8.921859347425223907e-01,-4.516683051173854269e-01
2.686536056690287566e+01,9.999999999999998890e-01,1.000000000000000000e+00,2.350000000000000089e+00,9.999999999999998890e-01,8.920708960380359098e-01,-4.518954707030108375e-01
2.687994997915797768e+01,9.999999999999998890e-01,1.000000000000000000e+00,2.350000000000000089e+00,9.999999999999998890e-01,8.919557994933614564e-01,-4.521226069885893040e-01
2.689453939141308680e+01,1.000000000000000000e+00,1.000000000000000000e+00,2.349999999999999645e+00,1.000000000000000000e+00,8.918406451159615056e-01,-4.523497139593939953e-01
2.690912880366819238e+01,9.999999999999998890e-01,1.000000000000000000e+00,2.350000000000000089e+00,9.999999999999998890e-01,8.917254329133026403e-01,-4.525767916006995240e-01
2.692371821592330150e+01,1.000000000000000000e+00,1.000000000000000000e+00,2.349999999999999645e+00,1.000000000000000000e+00,8.916101628928547740e-01,-4.528038398977827783e-01
2.693830762817840352e+01,9.999999999999998890e-01,1.000000000000000000e+00,2.350000000000000089e+00,9.999999999999998890e-01,8.914948350620920392e-01,-4.530308588359222011e-01
2.695289704043350909e+01,9.999999999999998890e-01,1.000000000000000000e+00,2.350000000000000089e+00,9.999999999999998890e-01,8.913794494284920100e-01,-4.532578484003983998e-01
2.696748645268861821e+01,9.999999999999998890e-01,1.000000000000000000e+00,2.350000000000000089e+00,9.999999999999998890e-01,8.912640059995358133e-01,-4.534848085764939252e-01
2.698207586494372379e+01,1.000000000000000000e+00,1.000000000000000000e+00,2.349999999999999645e+00,1.000000000000000000e+00,8.911485047827089057e-01,-4.537117393494928819e-01
2.699666527719883291e+01,9.999999999999998890e-01,1.000000000000000000e+00,2.350000000000000089e+00,9.999999999999998890e-01,8.910329457855000745e-01,-4.539386407046817062e-01
2.701125468945393493e+01,9.999999999999998890e-01,1.000000000000000000e+00,2.350000000000000089e+00,9.999999999999998890e-01,8.909173290154018821e-01,-4.541655126273483889e-01
2.702584410170904405e+01,9.999999999999998890e-01,1.000000000000000000e+00,2.350000000000000089e+00,9.999999999999998890e-01,8.908016544799107761e-01,-4.543923551027830854e-01
2.704043351396414963e+01,9.999999999999998890e-01,1.000000000000000000e+00,2.350000000000000089e+00,9.999999999999998890e-01,8.906859221865267573e-01,-4.546191681162776721e-01
2.705502292621925164e+01,9.999999999999998890e-01,1.000000000000000000e+00,2.350000000000000089e+00,9.999999999999998890e-01,8.905701321427539341e-01,-4.548459516531260238e-01
2.706961233847436432e+01,9.999999999999998890e-01,1.000000000000000000e+00,2.350000000000000089e+00,9.999999999999998890e-01,8.904542843560995236e-01,-4.550727056986241248e-01
2.708420175072946634e+01,9.999999999999998890e-01,1.000000000000000000e+00,2.350000000000000089e+00,9.999999999999998890e-01,8.903383788340752947e-01,-4.552994302380694025e-01
2.709879116298457546e+01,9.999999999999998890e-01,1.000000000000000000e+00,2.350000000000000089e+00,9.999999999999998890e-01,8.902224155841960140e-01,-4.555261252567616714e-01
2.711338057523968104e+01,9.999999999999998890e-01,1.000000000000000000e+00,2.350000000000000089e+00,9.999999999999998890e-01,8.901063946139807781e-01,-4.557527907400023004e-01
2.712796998749479016e+01,9.999999999999998890e-01,1.000000000000000000e+00,2.350000000000000089e+00,9.999999999999998890e-01,8.899903159309520140e-01,-4.559794266730948786e-01
2.714255939974989218e+01,9.999999999999998890e-01,1.000000000000000000e+00,2.350000000000000089e+00,9.999999999999998890e-01,8.898741795426360346e-01,-4.562060330413446052e-01
2.715714881200499775e+01,1.000000000000000000e+00,1.000000000000000000e+00,2.349999999999999645e+00,1.000000000000000000e+00,8.897579854565629276e-01,-4.564326098300587886e-01
2.717173822426010688e+01,9.999999999999998890e-01,1.000000000000000000e+00,2.350000000000000089e+00,9.999999999999998890e-01,8.896417336802665554e-01,-4.566591570245467913e-01
2.718632763651520889e+01,9.999999999999998890e-01,1.000000000000000000e+00,2.350000000000000089e+00,9.999999999999998890e-01,8.895254242212844442e-01,-4.568856746101194743e-01
2.720091704877032157e+01,9.999999999999998890e-01,1.000000000000000000e+00,2.350000000000000089e+00,9.999999999999998890e-01,8.894090570871577839e-01,-4.571121625720900861e-01
2.721550646102542359e+01,9.999999999999998890e-01,1.000000000000000000e+00,2.350000000000000089e+00,9.999999999999998890e-01,8.892926322854317611e-01,-4.573386208957733734e-01
2.723009587328053271e+01,9.999999999999998890e-01,1.000000000000000000e+00,2.350000000000000089e+00,9.999999999999998890e-01,8.891761498236548933e-01,-4.575650495664864148e-01
2.724468528553563829e+01,9.999999999999998890e-01,1.000000000000000000e+00,2.350000000000000089e+00,9.999999999999998890e-01,8.890596097093800276e-01,-4.577914485695477875e-01
2.725927469779074030e+01,9.999999999999998890e-01,1.000000000000000000e+00,2.350000000000000089e+00,9.999999999999998890e-01,8.889430119501631200e-01,-4.580178178902782893e-01
2.727386411004584943e+01,9.999999999999998890e-01,1.000000000000000000e+00,2.350000000000000089e+00,9.999999999999998890e-01,8.888263565535642341e-01,-4.582441575140007162e-01
2.728845352230095500e+01,1.000000000000000000e+00,1.000000000000000000e+00,2.349999999999999645e+00,1.000000000000000000e+00,8.887096435271470973e-01,-4.584704674260393631e-01
2.730304293455606413e+01,9.999999999999998890e-01,1.000000000000000000e+00,2.350000000000000089e+00,9.999999999999998890e-01,8.885928728784792119e-01,-4.586967476117210230e-01
2.731763234681116614e+01,9.999999999999998890e-01,1.000000000000000000e+00,2.350000000000000089e+00,9.999999999999998890e-01,8.884760446151317437e-01,-4.589229980563738764e-01
2.733222175906627882e+01,1.000000000000000000e+00,1.000000000000000000e+00,2.349999999999999645e+00,1.000000000000000000e+00,8.883591587446794113e-01,-4.591492187453283802e-01
2.734681117132138084e+01,9.999999999999998890e-01,1.000000000000000000e+00,2.350000000000000089e+00,9.999999999999998890e-01,8.882422152747012634e-01,-4.593754096639167672e-01
2.736140058357648641e+01,9.999999999999998890e-01,1.000000000000000000e+00,2.350000000000000089e+00,9.999999999999998890e-01,8.881252142127793459e-01,-4.596015707974732134e-01
2.737598999583159554e+01,9.999999999999998890e-01,1.000000000000000000e+00,2.350000000000000089e+00,9.999999999999998890e-01,8.880081555664999238e-01,-4.598277021313340596e-01
2.739057940808669755e+01,9.999999999999998890e-01,1.000000000000000000e+00,2.350000000000000089e+00,9.999999999999998890e-01,8.878910393434529258e-01,-4.600538036508371453e-01
2.740516882034180668e+01,1.000000000000000000e+00,1.000000000000000000e+00,2.349999999999999645e+00,1.000000000000000000e+00,8.877738655512317223e-01,-4.602798753413226418e-01
2.741975823259691225e+01,9.999999999999998890e-01,1.000000000000000000e+00,2.350000000000000089e+00,9.999999999999998890e-01,8.876566341974339025e-01,-4.605059171881322744e-01
2.743434764485202138e+01,9.999999999999998890e-01,1.000000000000000000e+00,2.350000000000000089e+00,9.999999999999998890e-01,8.875393452896603863e-01,-4.607319291766102110e-01
2.744893705710712695e+01,9.999999999999998890e-01,1.000000000000000000e+00,2.350000000000000089e+00,9.999999999999998890e-01,8.874219988355160904e-01,-4.609579112921020072e-01
2.746352646936223607e+01,9.999999999999998890e-01,1.000000000000000000e+00,2.350000000000000089e+00,9.999999999999998890e-01,8.873045948426092622e-01,-4.611838635199555503e-01
2.747811588161733809e+01,9.999999999999998890e-01,1.000000000000000000e+00,2.350000000000000089e+00,9.999999999999998890e-01,8.871871333185524788e-01,-4.614097858455204482e-01
2.749270529387244366e+01,9.999999999999998890e-01,1.000000000000000000e+00,2.350000000000000089e+00,9.999999999999998890e-01,8.870696142709615373e-01,-4.616356782541483073e-01
2.750729470612755279e+01,9.999999999999998890e-01,1.000000000000000000e+00,2.350000000000000089e+00,9.999999999999998890e-01,8.869520377074561202e-01,-4.618615407311928989e-01
2.752188411838265480e+01,9.999999999999998890e-01,1.000000000000000000e+00,2.350000000000000089e+00,9.999999999999998890e-01,8.868344036356597959e-01,-4.620873732620094931e-01
2.753647353063776748e+01,1.000000000000000000e+00,1.000000000000000000e+00,2.349999999999999645e+00,1.000000000000000000e+00,8.867167120631995747e-01,-4.623131758319556361e-01
2.755106294289286950e+01,9.999999999999998890e-01,1.000000000000000000e+00,2.350000000000000089e+00,9.999999999999998890e-01,8.865989629977065745e-01,-4.625389484263906503e-01
2.756565235514797862e+01,9.999999999999998890e-01,1.000000000000000000e+00,2.350000000000000089e+00,9.999999999999998890e-01,8.864811564468152438e-01,-4.627646910306760231e-01
2.758024176740308420e+01,1.000000000000000000e+00,1.000000000000000000e+00,2.349999999999999645e+00,1.000000000000000000e+00,8.863632924181640282e-01,-4.629904036301747960e-01
2.759483117965818622e+01,9.999999999999998890e-01,1.000000000000000000e+00,2.350000000000000089e+00,9.999999999999998890e-01,8.862453709193950369e-01,-4.632160862102523424e-01
2.760942059191329534e+01,9.999999999999998890e-01,1.000000000000000000e+00,2.350000000000000089e+00,9.999999999999998890e-01,8.861273919581539316e-01,-4.634417387562759227e-01
2.762401000416840091e+01,9.999999999999998890e-01,1.000000000000000000e+00,2.350000000000000089e+00,9.999999999999998890e-01,8.860093555420903710e-01,-4.636673612536144073e-01
2.763859941642351004e+01,9.999999999999998890e-01,1.000000000000000000e+00,2.350000000000000089e+00,9.999999999999998890e-01,8.858912616788574557e-01,-4.638929536876391091e-01
2.765318882867861205e+01,9.999999999999998890e-01,1.000000000000000000e+00,2.350000000000000089e+00,9.999999999999998890e-01,8.857731103761123936e-01,-4.641185160437228396e-01
2.766777824093372473e+01,9.999999999999998890e-01,1.000000000000000000e+00,2.350000000000000089e+00,9.999999999999998890e-01,8.856549016415157238e-01,-4.643440483072407421e-01
2.768236765318882675e+01,9.999999999999998890e-01,1.000000000000000000e+00,2.350000000000000089e+00,9.999999999999998890e-01,8.855366354827319819e-01,-4.645695504635695139e-01
2.769695706544392877e+01,9.999999999999998890e-01,1.000000000000000000e+00,2.350000000000000089e+00,9.999999999999998890e-01,8.854183119074292563e-01,-4.647950224980881839e-01
2.771154647769904145e+01,9.999999999999998890e-01,1.000000000000000000e+00,2.350000000000000089e+00,9.999999999999998890e-01,8.852999309232794101e-01,-4.650204643961776130e-01
2.772613588995414347e+01,1.000000000000000000e+00,1.000000000000000000e+00,2.349999999999999645e+00,1.000000000000000000e+00,8.851814925379580812e-01,-4.652458761432203826e-01
2.774072530220925259e+01,9.999999999999998890e-01,1.000000000000000000e+00,2.350000000000000089e+00,9.999999999999998890e-01,8.850629967591446823e-01,-4.654712577246014615e-01
2.775531471446435816e+01,9.999999999999998890e-01,1.000000000000000000e+00,2.350000000000000089e+00,9.999999999999998890e-01,8.849444435945220677e-01,-4.656966091257072615e-01
2.776990412671946729e+01,1.000000000000000000e+00,1.000000000000000000e+00,2.349999999999999645e+00,1.000000000000000000e+00,8.848258330517769776e-01,-4.659219303319267480e-01
2.778449353897456930e+01,9.999999999999998890e-01,1.000000000000000000e+00,2.350000000000000089e+00,9.999999999999998890e-01,8.847071651386002600e-01,-4.661472213286502186e-01
2.779908295122967488e+01,1.000000000000000000e+00,1.000000000000000000e+00,2.349999999999999645e+00,1.000000000000000000e+00,8.845884398626856493e-01,-4.663724821012703026e-01
2.781367236348478400e+01,1.000000000000000000e+00,1.000000000000000000e+00,2.349999999999999645e+00,1.000000000000000000e+00,8.844696572317313210e-01,-4.665977126351817383e-01
2.782826177573988957e+01,9.999999999999998890e-01,1.000000000000000000e+00,2.350000000000000089e+00,9.999999999999998890e-01,8.843508172534390033e-01,-4.668229129157807078e-01
2.784285118799499870e+01,1.000000000000000000e+00,1.000000000000000000e+00,2.349999999999999645e+00,1.000000000000000000e+00,8.842319199355137549e-01,-4.670480829284658908e-01
2.785744060025010072e+01,9.999999999999998890e-01,1.000000000000000000e+00,2.350000000000000089e+00,9.999999999999998890e-01,8.841129652856649646e-01,-4.672732226586374660e-01
2.787203001250520984e+01,1.000000000000000000e+00,1.000000000000000000e+00,2.349999999999999645e+00,1.000000000000000000e+00,8.839939533116051296e-01,-4.674983320916980545e-01
2.788661942476031541e+01,9.999999999999998890e-01,1.000000000000000000e+00,2.350000000000000089e+00,9.999999999999998890e-01,8.838748840210510771e-01,-4.677234112130517207e-01
2.790120883701541743e+01,9.999999999999998890e-01,1.000000000000000000e+00,2.350000000000000089e+00,9.999999999999998890e-01,8.837557574217228540e-01,-4.679484600081048606e-01
2.791579824927053011e+01,9.999999999999998890e-01,1.000000000000000000e+00,2.350000000000000089e+00,9.999999999999998890e-01,8.836365735213443928e-01,-4.681734784622659240e-01
2.793038766152563213e+01,9.999999999999998890e-01,1.000000000000000000e+00,2.350000000000000089e+00,9.999999999999998890e-01,8.835173323276434010e-01,-4.683984665609448594e-01
2.794497707378074125e+01,1.000000000000000000e+00,1.000000000000000000e+00,2.349999999999999645e+00,1.000000000000000000e+00,8.833980338483511385e-01,-4.686234242895540580e-01
2.795956648603584682e+01,9.999999999999998890e-01,1.000000000000000000e+00,2.350000000000000089e+00,9.999999999999998890e-01,8.832786780912029734e-01,-4.688483516335075207e-01
2.797415589829095595e+01,9.999999999999998890e-01,1.000000000000000000e+00,2.350000000000000089e+00,9.999999999999998890e-01,8.831592650639373820e-01,-4.690732485782215799e-01
2.798874531054605796e+01,9.999999999999998890e-01,1.000000000000000000e+00,2.350000000000000089e+00,9.999999999999998890e-01,8.830397947742970599e-01,-4.692981151091141778e-01
2.800333472280116354e+01,9.999999999999998890e-01,1.000000000000000000e+00,2.350000000000000089e+00,9.999999999999998890e-01,8.829202672300282551e-01,-4.695229512116054216e-01
2.801792413505627266e+01,9.999999999999998890e-01,1.000000000000000000e+00,2.350000000000000089e+00,9.999999999999998890e-01,8.828006824388807683e-01,-4.697477568711174722e-01
2.803251354731137468e+01,9.999999999999998890e-01,1.000000000000000000e+00,2.350000000000000089e+00,9.999999999999998890e-01,8.826810404086082862e-01,-4.699725320730742117e-01
2.804710295956648736e+01,9.999999999999998890e-01,1.000000000000000000e+00,2.350000000000000089e+00,9.999999999999998890e-01,8.825613411469682701e-01,-4.701972768029017979e-01
2.806169237182158938e+01,1.000000000000000000e+00,1.000000000000000000e+00,2.349999999999999645e+00,1.000000000000000000e+00,8.824415846617217341e-01,-4.704219910460280540e-01
2.807628178407669850e+01,1.000000000000000000e+00,1.000000000000000000e+00,2.349999999999999645e+00,1.000000000000000000e+00,8.823217709606334669e-01,-4.706466747878830792e-01
2.809087119633180407e+01,9.999999999999998890e-01,1.000000000000000000e+00,2.350000000000000089e+00,9.999999999999998890e-01,8.822019000514720322e-01,-4.708713280138986379e-01
2.810546060858690609e+01,9.999999999999998890e-01,1.000000000000000000e+00,2.350000000000000089e+00,9.999999999999998890e-01,8.820819719420095462e-01,-4.710959507095087706e-01
2.812005002084201521e+01,9.999999999999998890e-01,1.000000000000000000e+00,2.350000000000000089e+00,9.999999999999998890e-01,8.819619866400218999e-01,-4.713205428601493496e-01
2.813463943309712079e+01,9.999999999999998890e-01,1.000000000000000000e+00,2.350000000000000089e+00,9.999999999999998890e-01,8.818419441532887593e-01,-4.715451044512581902e-01
2.814922884535222991e+01,1.000000000000000000e+00,1.000000000000000000e+00,2.349999999999999645e+00,1.000000000000000000e+00,8.817218444895933427e-01,-4.717696354682752169e-01
2.816381825760733193e+01,9.999999999999998890e-01,1.000000000000000000e+00,2.350000000000000089e+00,9.999999999999998890e-01,8.816016876567229765e-01,-4.719941358966421863e-01
2.817840766986244461e+01,9.999999999999998890e-01,1.000000000000000000e+00,2.350000000000000089e+00,9.999999999999998890e-01,8.814814736624680958e-01,-4.722186057218030197e-01
2.819299708211754663e+01,9.999999999999998890e-01,1.000000000000000000e+00,2.350000000000000089e+00,9.999999999999998890e-01,8.813612025146232432e-01,-4.724430449292033596e-01
2.820758649437265220e+01,9.999999999999998890e-01,1.000000000000000000e+00,2.350000000000000089e+00,9.999999999999998890e-01,8.812408742209866253e-01,-4.726674535042910685e-01
2.822217590662776132e+01,9.999999999999998890e-01,1.000000000000000000e+00,2.350000000000000089e+00,9.999999999999998890e-01,8.811204887893601123e-01,-4.728918314325160632e-01
2.823676531888286334e+01,1.000000000000000000e+00,1.000000000000000000e+00,2.349999999999999645e+00,1.000000000000000000e+00,8.810000462275491273e-01,-4.731161786993298146e-01
2.825135473113797246e+01,9.999999999999998890e-01,1.000000000000000000e+00,2.350000000000000089e+00,9.999999999999998890e-01,8.808795465433630900e-01,-4.733404952901864027e-01
2.826594414339307804e+01,9.999999999999998890e-01,1.000000000000000000e+00,2.350000000000000089e+00,9.999999999999998890e-01,8.807589897446149729e-01,-4.735647811905412397e-01
2.828053355564818716e+01,9.999999999999998890e-01,1.000000000000000000e+00,2.350000000000000089e+00,9.999999999999998890e-01,8.806383758391213012e-01,-4.737890363858523468e-01
2.829512296790329273e+01,9.999999999999998890e-01,1.000000000000000000e+00,2.350000000000000089e+00,9.999999999999998890e-01,8.805177048347025970e-01,-4.740132608615791887e-01
2.830971238015839475e+01,9.999999999999998890e-01,1.000000000000000000e+00,2.350000000000000089e+00,9.999999999999998890e-01,8.803969767391829349e-01,-4.742374546031836169e-01
2.832430179241350388e+01,9.999999999999998890e-01,1.000000000000000000e+00,2.350000000000000089e+00,9.999999999999998890e-01,8.802761915603899423e-01,-4.744616175961293703e-01
2.833889120466860945e+01,9.999999999999998890e-01,1.000000000000000000e+00,2.350000000000000089e+00,9.999999999999998890e-01,8.801553493061552436e-01,-4.746857498258819641e-01
2.835348061692371857e+01,9.999999999999998890e-01,1.000000000000000000e+00,2.350000000000000089e+00,9.999999999999998890e-01,8.800344499843140156e-01,-4.749098512779093006e-01
2.836807002917882059e+01,9.999999999999998890e-01,1.000000000000000000e+00,2.350000000000000089e+00,9.999999999999998890e-01,8.799134936027050991e-01,-4.751339219376808920e-01
2.838265944143393327e+01,9.999999999999998890e-01,1.000000000000000000e+00,2.350000000000000089e+00,9.999999999999998890e-01,8.797924801691711094e-01,-4.753579617906686372e-01
2.839724885368903529e+01,1.000000000000000000e+00,1.000000000000000000e+00,2.349999999999999645e+00,1.000000000000000000e+00,8.796714096915582148e-01,-4.755819708223459341e-01
2.841183826594413731e+01,1.000000000000000000e+00,1.000000000000000000e+00,2.349999999999999645e+00,1.000000000000000000e+00,8.795502821777165803e-01,-4.758059490181885676e-01
2.842642767819924998e+01,9.999999999999998890e-01,1.000000000000000000e+00,2.350000000000000089e+00,9.999999999999998890e-01,8.794290976354998124e-01,-4.760298963636744318e-01
2.844101709045435200e+01,9.999999999999998890e-01,1.000000000000000000e+00,2.350000000000000089e+00,9.999999999999998890e-01,8.793078560727651816e-01,-4.762538128442828644e-01
2.845560650270946113e+01,9.999999999999998890e-01,1.000000000000000000e+00,2.350000000000000089e+00,9.999999999999998890e-01,8.791865574973739550e-01,-4.764776984454958120e-01
2.847019591496456670e+01,9.999999999999998890e-01,1.000000000000000000e+00,2.350000000000000089e+00,9.999999999999998890e-01,8.790652019171907305e-01,-4.767015531527967753e-01
2.848478532721967582e+01,9.999999999999998890e-01,1.000000000000000000e+00,2.350000000000000089e+00,9.999999999999998890e-01,8.789437893400839918e-01,-4.769253769516715868e-01
2.849937473947477784e+01,9.999999999999998890e-01,1.000000000000000000e+00,2.350000000000000089e+00,9.999999999999998890e-01,8.788223197739259973e-01,-4.771491698276077997e-01
2.851396415172988341e+01,9.999999999999998890e-01,1.000000000000000000e+00,2.350000000000000089e+00,9.999999999999998890e-01,8.787007932265926691e-01,-4.773729317660951321e-01
2.852855356398499254e+01,9.999999999999998890e-01,1.000000000000000000e+00,2.350000000000000089e+00,9.999999999999998890e-01,8.785792097059632599e-01,-4.775966627526254116e-01
2.854314297624009455e+01,9.999999999999998890e-01,1.000000000000000000e+00,2.350000000000000089e+00,9.999999999999998890e-01,8.784575692199213526e-01,-4.778203627726921865e-01
2.855773238849520723e+01,1.000000000000000000e+00,1.000000000000000000e+00,2.349999999999999645e+00,1.000000000000000000e+00,8.783358717763535273e-01,-4.780440318117913368e-01
2.857232180075030925e+01,9.999999999999998890e-01,1.000000000000000000e+00,2.350000000000000089e+00,9.999999999999998890e-01,8.782141173831508052e-01,-4.782676698554203520e-01
2.858691121300541838e+01,9.999999999999998890e-01,1.000000000000000000e+00,2.350000000000000089e+00,9.999999999999998890e-01,8.780923060482073161e-01,-4.784912768890792201e-01
2.860150062526052395e+01,9.999999999999998890e-01,1.000000000000000000e+00,2.350000000000000089e+00,9.999999999999998890e-01,8.779704377794210757e-01,-4.787148528982694828e-01
2.861609003751562597e+01,9.999999999999998890e-01,1.000000000000000000e+00,2.350000000000000089e+00,9.999999999999998890e-01,8.778485125846937631e-01,-4.789383978684949583e-01
2.863067944977073509e+01,9.999999999999998890e-01,1.000000000000000000e+00,2.350000000000000089e+00,9.999999999999998890e-01,8.777265304719308325e-01,-4.791619117852615184e-01
2.864526886202584066e+01,9.999999999999998890e-01,1.000000000000000000e+00,2.350000000000000089e+00,9.999999999999998890e-01,8.776044914490412907e-01,-4.793853946340768113e-01
2.865985827428094979e+01,1.000000000000000000e+00,1.000000000000000000e+00,2.349999999999999645e+00,1.000000000000000000e+00,8.774823955239380302e-01,-4.796088464004507057e-01
2.867444768653605536e+01,1.000000000000000000e+00,1.000000000000000000e+00,2.349999999999999645e+00,1.000000000000000000e+00,8.773602427045374963e-01,-4.798322670698949022e-01
2.868903709879116448e+01,9.999999999999998890e-01,1.000000000000000000e+00,2.350000000000000089e+00,9.999999999999998890e-01,8.772380329987597980e-01,-4.800556566279234327e-01
2.870362651104626650e+01,9.999999999999998890e-01,1.000000000000000000e+00,2.350000000000000089e+00,9.999999999999998890e-01,8.771157664145289301e-01,-4.802790150600519392e-01
2.871821592330137207e+01,9.999999999999998890e-01,1.000000000000000000e+00,2.350000000000000089e+00,9.999999999999998890e-01,8.769934429597722181e-01,-4.805023423517983394e-01
2.873280533555648120e+01,9.999999999999998890e-01,1.000000000000000000e+00,2.350000000000000089e+00,9.999999999999998890e-01,8.768710626424208732e-01,-4.807256384886826051e-01
2.874739474781158322e+01,1.000000000000000000e+00,1.000000000000000000e+00,2.349999999999999645e+00,1.000000000000000000e+00,8.767486254704099924e-01,-4.809489034562264842e-01
2.876198416006669234e+01,9.999999999999998890e-01,1.000000000000000000e+00,2.350000000000000089e+00,9.999999999999998890e-01,8.766261314516781145e-01,-4.811721372399541119e-01
2.877657357232179791e+01,9.999999999999998890e-01,1.000000000000000000e+00,2.350000000000000089e+00,9.999999999999998890e-01,8.765035805941674418e-01,-4.813953398253911775e-01
2.879116298457690704e+01,9.999999999999998890e-01,1.000000000000000000e+00,2.350000000000000089e+00,9.999999999999998890e-01,8.763809729058239517e-01,-4.816185111980658684e-01
2.880575239683201261e+01,9.999999999999998890e-01,1.000000000000000000e+00,2.350000000000000089e+00,9.999999999999998890e-01,8.762583083945972851e-01,-4.818416513435080373e-01
2.882034180908711463e+01,9.999999999999998890e-01,1.000000000000000000e+00,2.350000000000000089e+00,9.999999999999998890e-01,8.761355870684409686e-01,-4.820647602472497018e-01
2.883493122134222375e+01,9.999999999999998890e-01,1.000000000000000000e+00,2.350000000000000089e+00,9.999999999999998890e-01,8.760128089353117486e-01,-4.822878378948250444e-01
2.884952063359732932e+01,9.999999999999998890e-01,1.000000000000000000e+00,2.350000000000000089e+00,9.999999999999998890e-01,8.758899740031704795e-01,-4.825108842717699686e-01
2.886411004585243845e+01,9.999999999999998890e-01,1.000000000000000000e+00,2.350000000000000089e+00,9.999999999999998890e-01,8.757670822799814569e-01,-4.827338993636227094e-01
2.887869945810754047e+01,9.999999999999998890e-01,1.000000000000000000e+00,2.350000000000000089e+00,9.999999999999998890e-01,8.756441337737128627e-01,-4.829568831559232223e-01
2.889328887036265314e+01,9.999999999999998890e-01,1.000000000000000000e+00,2.350000000000000089e+00,9.999999999999998890e-01,8.755211284923363202e-01,-4.831798356342138501e-01
2.890787828261775516e+01,9.999999999999998890e-01,1.000000000000000000e+00,2.350000000000000089e+00,9.999999999999998890e-01,8.753980664438274495e-01,-4.834027567840385453e-01
2.892246769487285718e+01,1.000000000000000000e+00,1.000000000000000000e+00,2.349999999999999645e+00,1.000000000000000000e+00,8.752749476361650904e-01,-4.836256465909437030e-01
2.893705710712796986e+01,9.999999999999998890e-01,1.000000000000000000e+00,2.350000000000000089e+00,9.999999999999998890e-01,8.751517720773323017e-01,-4.838485050404776056e-01
2.895164651938307188e+01,9.999999999999998890e-01,1.000000000000000000e+00,2.350000000000000089e+00,9.999999999999998890e-01,8.750285397753153616e-01,-4.840713321181903672e-01
2.896623593163818100e+01,9.999999999999998890e-01,1.000000000000000000e+00,2.350000000000000089e+00,9.999999999999998890e-01,8.749052507381044341e-01,-4.842941278096344893e-01
2.898082534389328657e+01,1.000000000000000000e+00,1.000000000000000000e+00,2.349999999999999645e+00,1.000000000000000000e+00,8.747819049736934582e-01,-4.845168921003640827e-01
2.899541475614839570e+01,9.999999999999998890e-01,1.000000000000000000e+00,2.350000000000000089e+00,9.999999999999998890e-01,8.746585024900799255e-01,-4.847396249759358122e-01
2.901000416840349772e+01,9.999999999999998890e-01,1.000000000000000000e+00,2.350000000000000089e+00,9.999999999999998890e-01,8.745350432952648800e-01,-4.849623264219078411e-01
2.902459358065860329e+01,1.000000000000000000e+00,1.000000000000000000e+00,2.349999999999999645e+00,1.000000000000000000e+00,8.744115273972533631e-01,-4.851849964238407753e-01
2.903918299291371241e+01,1.000000000000000000e+00,1.000000000000000000e+00,2.349999999999999645e+00,1.000000000000000000e+00,8.742879548040537463e-01,-4.854076349672971080e-01
2.905377240516881798e+01,9.999999999999998890e-01,1.000000000000000000e+00,2.350000000000000089e+00,9.999999999999998890e-01,8.741643255236783983e-01,-4.856302420378413309e-01
2.906836181742392711e+01,9.999999999999998890e-01,1.000000000000000000e+00,2.350000000000000089e+00,9.999999999999998890e-01,8.740406395641431292e-01,-4.858528176210401006e-01
2.908295122967902913e+01,9.999999999999998890e-01,1.000000000000000000e+00,2.350000000000000089e+00,9.999999999999998890e-01,8.739168969334675241e-01,-4.860753617024619055e-01
2.909754064193413825e+01,9.999999999999998890e-01,1.000000000000000000e+00,2.350000000000000089e+00,9.999999999999998890e-01,8.737930976396747207e-01,-4.862978742676775656e-01
2.911213005418924382e+01,9.999999999999998890e-01,1.000000000000000000e+00,2.350000000000000089e+00,9.999999999999998890e-01,8.736692416907917424e-01,-4.865203553022596217e-01
2.912671946644434584e+01,9.999999999999998890e-01,1.000000000000000000e+00,2.350000000000000089e+00,9.999999999999998890e-01,8.735453290948491656e-01,-4.867428047917828904e-01
2.914130887869945497e+01,1.000000000000000000e+00,1.000000000000000000e+00,2.349999999999999645e+00,1.000000000000000000e+00,8.734213598598811190e-01,-4.869652227218242979e-01
2.915589829095456054e+01,9.999999999999998890e-01,1.000000000000000000e+00,2.350000000000000089e+00,9.999999999999998890e-01,8.732973339939258395e-01,-4.871876090779624913e-01
2.917048770320966966e+01,9.999999999999998890e-01,1.000000000000000000e+00,2.350000000000000089e+00,9.999999999999998890e-01,8.731732515050245613e-01,-4.874099638457785044e-01
2.918507711546477523e+01,9.999999999999998890e-01,1.000000000000000000e+00,2.350000000000000089e+00,9.999999999999998890e-01,8.730491124012228488e-01,-4.876322870108551477e-01
2.919966652771988436e+01,1.000000000000000000e+00,1.000000000000000000e+00,2.349999999999999645e+00,1.000000000000000000e+00,8.729249166905693746e-01,-4.878545785587775629e-01
2.921425593997498638e+01,9.999999999999998890e-01,1.000000000000000000e+00,2.350000000000000089e+00,9.999999999999998890e-01,8.728006643811170306e-01,-4.880768384751326128e-01
2.922884535223009195e+01,9.999999999999998890e-01,1.000000000000000000e+00,2.350000000000000089e+00,9.999999999999998890e-01,8.726763554809220391e-01,-4.882990667455094358e-01
2.924343476448520107e+01,1.000000000000000000e+00,1.000000000000000000e+00,2.349999999999999645e+00,1.000000000000000000e+00,8.725519899980440641e-01,-4.885212633554993356e-01
2.925802417674030309e+01,1.000000000000000000e+00,1.000000000000000000e+00,2.349999999999999645e+00,1.000000000000000000e+00,8.724275679405470996e-01,-4.887434282906952809e-01
2.927261358899541577e+01,9.999999999999998890e-01,1.000000000000000000e+00,2.350000000000000089e+00,9.999999999999998890e-01,8.723030893164982480e-01,-4.889655615366926833e-01
2.928720300125051779e+01,9.999999999999998890e-01,1.000000000000000000e+00,2.350000000000000089e+00,9.999999999999998890e-01,8.721785541339686088e-01,-4.891876630790887304e-01
2.930179241350562691e+01,9.999999999999998890e-01,1.000000000000000000e+00,2.350000000000000089e+00,9.999999999999998890e-01,8.720539624010326119e-01,-4.894097329034828858e-01
2.931638182576073248e+01,9.999999999999998890e-01,1.000000000000000000e+00,2.350000000000000089e+00,9.999999999999998890e-01,8.719293141257686841e-01,-4.896317709954763897e-01
2.933097123801583450e+01,9.999999999999998890e-01,1.000000000000000000e+00,2.350000000000000089e+00,9.999999999999998890e-01,8.718046093162586940e-01,-4.898537773406728690e-01
2.934556065027094363e+01,9.999999999999998890e-01,1.000000000000000000e+00,2.350000000000000089e+00,9.999999999999998890e-01,8.716798479805883959e-01,-4.900757519246778382e-01
2.936015006252604920e+01,9.999999999999998890e-01,1.000000000000000000e+00,2.350000000000000089e+00,9.999999999999998890e-01,8.715550301268469857e-01,-4.902976947330988100e-01
2.937473947478115832e+01,9.999999999999998890e-01,1.000000000000000000e+00,2.350000000000000089e+00,9.999999999999998890e-01,8.714301557631273232e-01,-4.905196057515455732e-01
2.938932888703626034e+01,9.999999999999998890e-01,1.000000000000000000e+00,2.350000000000000089e+00,9.999999999999998890e-01,8.713052248975262648e-01,-4.907414849656295819e-01
2.940391829929137302e+01,9.999999999999998890e-01,1.000000000000000000e+00,2.350000000000000089e+00,9.999999999999998890e-01,8.711802375381437757e-01,-4.909633323609649547e-01
2.941850771154647504e+01,9.999999999999998890e-01,1.000000000000000000e+00,2.350000000000000089e+00,9.999999999999998890e-01,8.710551936930841510e-01,-4.911851479231671425e-01
2.943309712380158061e+01,9.999999999999998890e-01,1.000000000000000000e+00,2.350000000000000089e+00,9.999999999999998890e-01,8.709300933704549053e-01,-4.914069316378543162e-01
2.944768653605668973e+01,1.000000000000000000e+00,1.000000000000000000e+00,2.349999999999999645e+00,1.000000000000000000e+00,8.708049365783669948e-01,-4.916286834906464231e-01
2.946227594831179175e+01,1.000000000000000000e+00,1.000000000000000000e+00,2.349999999999999645e+00,1.000000000000000000e+00,8.706797233249357060e-01,-4.918504034671653535e-01
2.947686536056690088e+01,9.999999999999998890e-01,1.000000000000000000e+00,2.350000000000000089e+00,9.999999999999998890e-01,8.705544536182795445e-01,-4.920720915530353845e-01
2.949145477282200645e+01,9.999999999999998890e-01,1.000000000000000000e+00,2.350000000000000089e+00,9.999999999999998890e-01,8.704291274665206801e-01,-4.922937477338824586e-01
2.950604418507711557e+01,9.999999999999998890e-01,1.000000000000000000e+00,2.350000000000000089e+00,9.999999999999998890e-01,8.703037448777850571e-01,-4.925153719953350162e-01
2.952063359733221759e+01,9.999999999999998890e-01,1.000000000000000000e+00,2.350000000000000089e+00,9.999999999999998890e-01,8.701783058602022836e-01,-4.927369643230232188e-01
2.953522300958732316e+01,1.000000000000000000e+00,1.000000000000000000e+00,2.349999999999999645e+00,1.000000000000000000e+00,8.700528104219055203e-01,-4.929585247025794481e-01
2.954981242184243229e+01,9.999999999999998890e-01,1.000000000000000000e+00,2.350000000000000089e+00,9.999999999999998890e-01,8.699272585710317029e-01,-4.931800531196383064e-01
2.956440183409753786e+01,9.999999999999998890e-01,1.000000000000000000e+00,2.350000000000000089e+00,9.999999999999998890e-01,8.698016503157214308e-01,-4.934015495598361167e-01
2.957899124635264698e+01,9.999999999999998890e-01,1.000000000000000000e+00,2.350000000000000089e+00,9.999999999999998890e-01,8.696759856641187447e-01,-4.936230140088116447e-01
2.959358065860774900e+01,9.999999999999998890e-01,1.000000000000000000e+00,2.350000000000000089e+00,9.999999999999998890e-01,8.695502646243716827e-01,-4.938444464522053767e-01
2.960817007086285813e+01,9.999999999999998890e-01,1.000000000000000000e+00,2.350000000000000089e+00,9.999999999999998890e-01,8.694244872046316130e-01,-4.940658468756601862e-01
2.962275948311796370e+01,1.000000000000000000e+00,1.000000000000000000e+00,2.349999999999999645e+00,1.000000000000000000e+00,8.692986534130537901e-01,-4.942872152648207784e-01
2.963734889537306572e+01,9.999999999999998890e-01,1.000000000000000000e+00,2.350000000000000089e+00,9.999999999999998890e-01,8.691727632577971319e-01,-4.945085516053340791e-01
2.965193830762817839e+01,9.999999999999998890e-01,1.000000000000000000e+00,2.350000000000000089e+00,9.999999999999998890e-01,8.690468167470238869e-01,-4.947298558828492343e-01
2.966652771988328041e+01,9.999999999999998890e-01,1.000000000000000000e+00,2.350000000000000089e+00,9.999999999999998890e-01,8.689208138889003008e-01,-4.949511280830170001e-01
2.968111713213838954e+01,9.999999999999998890e-01,1.000000000000000000e+00,2.350000000000000089e+00,9.999999999999998890e-01,8.687947546915961716e-01,-4.951723681914907416e-01
2.969570654439349511e+01,1.000000000000000000e+00,1.000000000000000000e+00,2.349999999999999645e+00,1.000000000000000000e+00,8.686686391632848503e-01,-4.953935761939255444e-01
2.971029595664860423e+01,9.999999999999998890e-01,1.000000000000000000e+00,2.350000000000000089e+00,9.999999999999998890e-01,8.685424673121436845e-01,-4.956147520759787706e-01
2.972488536890370625e+01,9.999999999999998890e-01,1.000000000000000000e+00,2.350000000000000089e+00,9.999999999999998890e-01,8.684162391463531305e-01,-4.958358958233096692e-01
2.973947478115881182e+01,9.999999999999998890e-01,1.000000000000000000e+00,2.350000000000000089e+00,9.999999999999998890e-01,8.682899546740977526e-01,-4.960570074215798209e-01
2.975406419341392095e+01,9.999999999999998890e-01,1.000000000000000000e+00,2.350000000000000089e+00,9.999999999999998890e-01,8.681636139035654454e-01,-4.962780868564528047e-01
2.976865360566902297e+01,9.999999999999998890e-01,1.000000000000000000e+00,2.350000000000000089e+00,9.999999999999998890e-01,8.680372168429481006e-01,-4.964991341135940872e-01
2.978324301792413564e+01,9.999999999999998890e-01,1.000000000000000000e+00,2.350000000000000089e+00,9.999999999999998890e-01,8.679107635004409405e-01,-4.967201491786715772e-01
2.979783243017923766e+01,9.999999999999998890e-01,1.000000000000000000e+00,2.350000000000000089e+00,9.999999999999998890e-01,8.677842538842429621e-01,-4.969411320373548491e-01
2.981242184243434679e+01,9.999999999999998890e-01,1.000000000000000000e+00,2.350000000000000089e+00,9.999999999999998890e-01,8.676576880025568261e-01,-4.971620826753160860e-01
2.982701125468945236e+01,9.999999999999998890e-01,1.000000000000000000e+00,2.350000000000000089e+00,9.999999999999998890e-01,8.675310658635888572e-01,-4.973830010782289146e-01
2.984160066694455438e+01,1.000000000000000000e+00,1.000000000000000000e+00,2.349999999999999645e+00,1.000000000000000000e+00,8.674043874755489325e-01,-4.976038872317696260e-01
2.985619007919966350e+01,9.999999999999998890e-01,1.000000000000000000e+00,2.350000000000000089e+00,9.999999999999998890e-01,8.672776528466507040e-01,-4.978247411216164542e-01
2.987077949145476907e+01,9.999999999999998890e-01,1.000000000000000000e+00,2.350000000000000089e+00,9.999999999999998890e-01,8.671508619851113764e-01,-4.980455627334494650e-01
2.988536890370987820e+01,9.999999999999998890e-01,1.000000000000000000e+00,2.350000000000000089e+00,9.999999999999998890e-01,8.670240148991518181e-01,-4.982663520529511114e-01
2.989995831596498022e+01,9.999999999999998890e-01,1.000000000000000000e+00,2.350000000000000089e+00,9.999999999999998890e-01,8.668971115969965613e-01,-4.984871090658057335e-01
2.991454772822009289e+01,9.999999999999998890e-01,1.000000000000000000e+00,2.350000000000000089e+00,9.999999999999998890e-01,8.667701520868738019e-01,-4.987078337577000031e-01
2.992913714047519491e+01,9.999999999999998890e-01,1.000000000000000000e+00,2.350000000000000089e+00,9.999999999999998890e-01,8.666431363770152885e-01,-4.989285261143224237e-01
2.994372655273030048e+01,9.999999999999998890e-01,1.000000000000000000e+00,2.350000000000000089e+00,9.999999999999998890e-01,8.665160644756565445e-01,-4.991491861213637193e-01
2.995831596498540961e+01,9.999999999999998890e-01,1.000000000000000000e+00,2.350000000000000089e+00,9.999999999999998890e-01,8.663889363910366459e-01,-4.993698137645168900e-01
2.997290537724051163e+01,9.999999999999998890e-01,1.000000000000000000e+00,2.350000000000000089e+00,9.999999999999998890e-01,8.662617521313983326e-01,-4.995904090294766009e-01
2.998749478949562075e+01,9.999999999999998890e-01,1.000000000000000000e+00,2.350000000000000089e+00,9.999999999999998890e-01,8.661345117049880082e-01,-4.998109719019401265e-01
3.000208420175072632e+01,9.999999999999998890e-01,1.000000000000000000e+00,2.350000000000000089e+00,9.999999999999998890e-01,8.660072151200557400e-01,-5.000315023676064063e-01
3.001667361400583545e+01,9.999999999999998890e-01,1.000000000000000000e+00,2.350000000000000089e+00,9.999999999999998890e-01,8.658798623848550369e-01,-5.002520004121767672e-01
3.003126302626094102e+01,9.999999999999998890e-01,1.000000000000000000e+00,2.350000000000000089e+00,9.999999999999998890e-01,8.657524535076434047e-01,-5.004724660213544229e-01
3.004585243851604304e+01,9.999999999999998890e-01,1.000000000000000000e+00,2.350000000000000089e+00,9.999999999999998890e-01,8.656249884966816799e-01,-5.006928991808448082e-01
3.006044185077115216e+01,9.999999999999998890e-01,1.000000000000000000e+00,2.350000000000000089e+00,9.999999999999998890e-01,8.654974673602344737e-01,-5.009132998763556888e-01
3.007503126302625773e+01,1.000000000000000000e+00,1.000000000000000000e+00,2.349999999999999645e+00,1.000000000000000000e+00,8.653698901065700611e-01,-5.011336680935963850e-01
3.008962067528136686e+01,9.999999999999998890e-01,1.000000000000000000e+00,2.350000000000000089e+00,9.999999999999998890e-01,8.652422567439602696e-01,-5.013540038182788816e-01
3.010421008753646888e+01,9.999999999999998890e-01,1.000000000000000000e+00,2.350000000000000089e+00,9.999999999999998890e-01,8.651145672806805909e-01,-5.015743070361167177e-01
3.011879949979158155e+01,9.999999999999998890e-01,1.000000000000000000e+00,2.350000000000000089e+00,9.999999999999998890e-01,8.649868217250101798e-01,-5.017945777328263190e-01
3.013338891204668357e+01,9.999999999999998890e-01,1.000000000000000000e+00,2.350000000000000089e+00,9.999999999999998890e-01,8.648590200852318555e-01,-5.020148158941253325e-01
3.014797832430178559e+01,9.999999999999998890e-01,1.000000000000000000e+00,2.350000000000000089e+00,9.999999999999998890e-01,8.647311623696319893e-01,-5.022350215057340694e-01
3.016256773655689827e+01,9.999999999999998890e-01,1.000000000000000000e+00,2.350000000000000089e+00,9.999999999999998890e-01,8.646032485865006167e-01,-5.024551945533749508e-01
3.017715714881200029e+01,9.999999999999998890e-01,1.000000000000000000e+00,2.350000000000000089e+00,9.999999999999998890e-01,8.644752787441314368e-01,-5.026753350227720629e-01
3.019174656106710941e+01,9.999999999999998890e-01,1.000000000000000000e+00,2.350000000000000089e+00,9.999999999999998890e-01,8.643472528508218122e-01,-5.028954428996522674e-01
3.020633597332221498e+01,9.999999999999998890e-01,1.000000000000000000e+00,2.350000000000000089e+00,9.999999999999998890e-01,8.642191709148727696e-01,-5.031155181697439804e-01
3.022092538557732411e+01,9.999999999999998890e-01,1.000000000000000000e+00,2.350000000000000089e+00,9.999999999999998890e-01,8.640910329445886662e-01,-5.033355608187780605e-01
3.023551479783242613e+01,9.999999999999998890e-01,1.000000000000000000e+00,2.350000000000000089e+00,9.999999999999998890e-01,8.639628389482779669e-01,-5.035555708324871427e-01
3.025010421008753170e+01,9.999999999999998890e-01,1.000000000000000000e+00,2.350000000000000089e+00,9.999999999999998890e-01,8.638345889342523565e-01,-5.037755481966064153e-01
3.026469362234264082e+01,9.999999999999998890e-01,1.000000000000000000e+00,2.350000000000000089e+00,9.999999999999998890e-01,8.637062829108274054e-01,-5.039954928968728431e-01
3.027928303459774284e+01,9.999999999999998890e-01,1.000000000000000000e+00,2.350000000000000089e+00,9.999999999999998890e-01,8.635779208863222367e-01,-5.042154049190256115e-01
3.029387244685285552e+01,9.999999999999998890e-01,1.000000000000000000e+00,2.350000000000000089e+00,9.999999999999998890e-01,8.634495028690595264e-01,-5.044352842488062372e-01
3.030846185910795754e+01,9.999999999999998890e-01,1.000000000000000000e+00,2.350000000000000089e+00,9.999999999999998890e-01,8.633210288673657251e-01,-5.046551308719579021e-01
3.032305127136306666e+01,9.999999999999998890e-01,1.000000000000000000e+00,2.350000000000000089e+00,9.999999999999998890e-01,8.631924988895708362e-01,-5.048749447742264529e-01
3.033764068361817223e+01,9.999999999999998890e-01,1.000000000000000000e+00,2.350000000000000089e+00,9.999999999999998890e-01,8.630639129440086377e-01,-5.050947259413591794e-01
3.035223009587327425e+01,9.999999999999998890e-01,1.000000000000000000e+00,2.350000000000000089e+00,9.999999999999998890e-01,8.629352710390161274e-01,-5.053144743591061472e-01
3.036681950812838338e+01,9.999999999999998890e-01,1.000000000000000000e+00,2.350000000000000089e+00,9.999999999999998890e-01,8.628065731829342999e-01,-5.055341900132194199e-01
3.038140892038348895e+01,9.999999999999998890e-01,1.000000000000000000e+00,2.350000000000000089e+00,9.999999999999998890e-01,8.626778193841078135e-01,-5.057538728894527269e-01
3.039599833263859807e+01,9.999999999999998890e-01,1.000000000000000000e+00,2.350000000000000089e+00,9.999999999999998890e-01,8.625490096508846571e-01,-5.059735229735624618e-01
3.041058774489370364e+01,9.999999999999998890e-01,1.000000000000000000e+00,2.350000000000000089e+00,9.999999999999998890e-01,8.624201439916167056e-01,-5.061931402513067946e-01
3.042517715714881277e+01,9.999999999999998890e-01,1.000000000000000000e+00,2.350000000000000089e+00,9.999999999999998890e-01,8.622912224146592752e-01,-5.064127247084463379e-01
3.043976656940391479e+01,9.999999999999998890e-01,1.000000000000000000e+00,2.350000000000000089e+00,9.999999999999998890e-01,8.621622449283714573e-01,-5.066322763307433696e-01
3.045435598165902036e+01,9.999999999999998890e-01,1.000000000000000000e+00,2.350000000000000089e+00,9.999999999999998890e-01,8.620332115411160068e-01,-5.068517951039628322e-01
3.046894539391412948e+01,9.999999999999998890e-01,1.000000000000000000e+00,2.350000000000000089e+00,9.999999999999998890e-01,8.619041222612590092e-01,-5.070712810138715554e-01
3.048353480616923150e+01,9.999999999999998890e-01,1.000000000000000000e+00,2.350000000000000089e+00,9.999999999999998890e-01,8.617749770971705470e-01,-5.072907340462382564e-01
3.049812421842434418e+01,9.999999999999998890e-01,1.000000000000000000e+00,2.350000000000000089e+00,9.999999999999998890e-01,8.616457760572239222e-01,-5.075101541868343169e-01
3.051271363067944620e+01,9.999999999999998890e-01,1.000000000000000000e+00,2.350000000000000089e+00,9.999999999999998890e-01,8.615165191497965447e-01,-5.077295414214325620e-01
3.052730304293455532e+01,9.999999999999998890e-01,1.000000000000000000e+00,2.350000000000000089e+00,9.999999999999998890e-01,8.613872063832690440e-01,-5.079488957358088141e-01
3.054189245518966089e+01,9.999999999999998890e-01,1.000000000000000000e+00,2.350000000000000089e+00,9.999999999999998890e-01,8.612578377660258244e-01,-5.081682171157401173e-01
3.055648186744476291e+01,9.999999999999998890e-01,1.000000000000000000e+00,2.350000000000000089e+00,9.999999999999998890e-01,8.611284133064549540e-01,-5.083875055470062909e-01
3.057107127969987204e+01,9.999999999999998890e-01,1.000000000000000000e+00,2.350000000000000089e+00,9.999999999999998890e-01,8.609989330129479423e-01,-5.086067610153891527e-01
3.058566069195497761e+01,9.999999999999998890e-01,1.000000000000000000e+00,2.350000000000000089e+00,9.999999999999998890e-01,8.608693968939001850e-01,-5.088259835066724079e-01
3.060025010421008673e+01,9.999999999999998890e-01,1.000000000000000000e+00,2.350000000000000089e+00,9.999999999999998890e-01,8.607398049577105192e-01,-5.090451730066423153e-01
3.061483951646518875e+01,9.999999999999998890e-01,1.000000000000000000e+00,2.350000000000000089e+00,9.999999999999998890e-01,8.606101572127814459e-01,-5.092643295010867988e-01
3.062942892872030143e+01,1.000000000000000000e+00,1.000000000000000000e+00,2.349999999999999645e+00,1.000000000000000000e+00,8.604804536675190185e-01,-5.094834529757964470e-01
3.064401834097540345e+01,9.999999999999998890e-01,1.000000000000000000e+00,2.350000000000000089e+00,9.999999999999998890e-01,8.603506943303330656e-01,-5.097025434165634028e-01
3.065860775323050547e+01,9.999999999999998890e-01,1.000000000000000000e+00,2.350000000000000089e+00,9.999999999999998890e-01,8.602208792096369683e-01,-5.099216008091823626e-01
3.067319716548561814e+01,9.999999999999998890e-01,1.000000000000000000e+00,2.350000000000000089e+00,9.999999999999998890e-01,8.600910083138475493e-01,-5.101406251394502434e-01
3.068778657774072016e+01,9.999999999999998890e-01,1.000000000000000000e+00,2.350000000000000089e+00,9.999999999999998890e-01,8.599610816513854061e-01,-5.103596163931657381e-01
3.070237598999582929e+01,9.999999999999998890e-01,1.000000000000000000e+00,2.350000000000000089e+00,9.999999999999998890e-01,8.598310992306748002e-01,-5.105785745561298716e-01
3.071696540225093486e+01,9.999999999999998890e-01,1.000000000000000000e+00,2.350000000000000089e+00,9.999999999999998890e-01,8.597010610601435454e-01,-5.107974996141458890e-01
3.073155481450604398e+01,1.000000000000000000e+00,1.000000000000000000e+00,2.349999999999999645e+00,1.000000000000000000e+00,8.595709671482230085e-01,-5.110163915530190337e-01
3.074614422676114600e+01,1.000000000000000000e+00,1.000000000000000000e+00,2.349999999999999645e+00,1.000000000000000000e+00,8.594408175033483310e-01,-5.112352503585567698e-01
3.076073363901625868e+01,9.999999999999998890e-01,1.000000000000000000e+00,2.350000000000000089e+00,9.999999999999998890e-01,8.593106121339582071e-01,-5.114540760165687816e-01
3.077532305127136070e+01,9.999999999999998890e-01,1.000000000000000000e+00,2.350000000000000089e+00,9.999999999999998890e-01,8.591803510484946615e-01,-5.116728685128667520e-01
3.078991246352646627e+01,9.999999999999998890e-01,1.000000000000000000e+00,2.350000000000000089e+00,9.999999999999998890e-01,8.590500342554038271e-01,-5.118916278332645842e-01
3.080450187578157539e+01,9.999999999999998890e-01,1.000000000000000000e+00,2.350000000000000089e+00,9.999999999999998890e-01,8.589196617631350561e-01,-5.121103539635784019e-01
3.081909128803667741e+01,1.000000000000000000e+00,1.000000000000000000e+00,2.349999999999999645e+00,1.000000000000000000e+00,8.587892335801415866e-01,-5.123290468896263272e-01
3.083368070029178654e+01,9.999999999999998890e-01,1.000000000000000000e+00,2.350000000000000089e+00,9.999999999999998890e-01,8.586587497148799875e-01,-5.125477065972289248e-01
3.084827011254689211e+01,9.999999999999998890e-01,1.000000000000000000e+00,2.350000000000000089e+00,9.999999999999998890e-01,8.585282101758107132e-01,-5.127663330722084245e-01
3.086285952480200123e+01,9.999999999999998890e-01,1.000000000000000000e+00,2.350000000000000089e+00,9.999999999999998890e-01,8.583976149713975490e-01,-5.129849263003898319e-01
3.087744893705710680e+01,9.999999999999998890e-01,1.000000000000000000e+00,2.350000000000000089e+00,9.999999999999998890e-01,8.582669641101081659e-01,-5.132034862675995956e-01
3.089203834931220882e+01,1.000000000000000000e+00,1.000000000000000000e+00,2.349999999999999645e+00,1.000000000000000000e+00,8.581362576004136766e-01,-5.134220129596669402e-01
3.090662776156731795e+01,9.999999999999998890e-01,1.000000000000000000e+00,2.350000000000000089e+00,9.999999999999998890e-01,8.580054954507888576e-01,-5.136405063624229772e-01
3.092121717382242352e+01,9.999999999999998890e-01,1.000000000000000000e+00,2.350000000000000089e+00,9.999999999999998890e-01,8.578746776697121490e-01,-5.138589664617010389e-01
3.093580658607753264e+01,9.999999999999998890e-01,1.000000000000000000e+00,2.350000000000000089e+00,9.999999999999998890e-01,8.577438042656653217e-01,-5.140773932433364557e-01
3.095039599833263466e+01,9.999999999999998890e-01,1.000000000000000000e+00,2.350000000000000089e+00,9.999999999999998890e-01,8.576128752471341432e-01,-5.142957866931670008e-01
3.096498541058774379e+01,9.999999999999998890e-01,1.000000000000000000e+00,2.350000000000000089e+00,9.999999999999998890e-01,8.574818906226077120e-01,-5.145141467970324456e-01
3.097957482284284936e+01,9.999999999999998890e-01,1.000000000000000000e+00,2.350000000000000089e+00,9.999999999999998890e-01,8.573508504005789010e-01,-5.147324735407745600e-01
3.099416423509795138e+01,9.999999999999998890e-01,1.000000000000000000e+00,2.350000000000000089e+00,9.999999999999998890e-01,8.572197545895440252e-01,-5.149507669102375562e-01
3.100875364735306405e+01,9.999999999999998890e-01,1.000000000000000000e+00,2.350000000000000089e+00,9.999999999999998890e-01,8.570886031980031738e-01,-5.151690268912678672e-01
3.102334305960816607e+01,9.999999999999998890e-01,1.000000000000000000e+00,2.350000000000000089e+00,9.999999999999998890e-01,8.569573962344599893e-01,-5.153872534697135910e-01
3.103793247186327520e+01,9.999999999999998890e-01,1.000000000000000000e+00,2.350000000000000089e+00,9.999999999999998890e-01,8.568261337074214445e-01,-5.156054466314257123e-01
3.105252188411838077e+01,9.999999999999998890e-01,1.000000000000000000e+00,2.350000000000000089e+00,9.999999999999998890e-01,8.566948156253986202e-01,-5.158236063622566592e-01
3.106711129637348989e+01,9.999999999999998890e-01,1.000000000000000000e+00,2.350000000000000089e+00,9.999999999999998890e-01,8.565634419969057056e-01,-5.160417326480616351e-01
3.108170070862859191e+01,9.999999999999998890e-01,1.000000000000000000e+00,2.350000000000000089e+00,9.999999999999998890e-01,8.564320128304609980e-01,-5.162598254746975091e-01
3.109629012088369748e+01,9.999999999999998890e-01,1.000000000000000000e+00,2.350000000000000089e+00,9.999999999999998890e-01,8.563005281345859032e-01,-5.164778848280237034e-01
3.111087953313880661e+01,1.000000000000000000e+00,1.000000000000000000e+00,2.349999999999999645e+00,1.000000000000000000e+00,8.561689879178056017e-01,-5.166959106939016388e-01
3.112546894539390863e+01,9.999999999999998890e-01,1.000000000000000000e+00,2.350000000000000089e+00,9.999999999999998890e-01,8.560373921886491599e-01,-5.169139030581949568e-01
3.114005835764902130e+01,9.999999999999998890e-01,1.000000000000000000e+00,2.350000000000000089e+00,9.999999999999998890e-01,8.559057409556486418e-01,-5.171318619067694078e-01
3.115464776990412332e+01,9.999999999999998890e-01,1.000000000000000000e+00,2.350000000000000089e+00,9.999999999999998890e-01,8.557740342273404410e-01,-5.173497872254928520e-01
3.116923718215923245e+01,1.000000000000000000e+00,1.000000000000000000e+00,2.349999999999999645e+00,1.000000000000000000e+00,8.556422720122638381e-01,-5.175676790002357031e-01
3.118382659441433802e+01,1.000000000000000000e+00,1.000000000000000000e+00,2.349999999999999645e+00,1.000000000000000000e+00,8.555104543189623323e-01,-5.177855372168699288e-01
3.119841600666944004e+01,9.999999999999998890e-01,1.000000000000000000e+00,2.350000000000000089e+00,9.999999999999998890e-01,8.553785811559826424e-01,-5.180033618612702728e-01
3.121300541892454916e+01,9.999999999999998890e-01,1.000000000000000000e+00,2.350000000000000089e+00,9.999999999999998890e-01,8.552466525318749291e-01,-5.182211529193133659e-01
3.122759483117965473e+01,9.999999999999998890e-01,1.000000000000000000e+00,2.350000000000000089e+00,9.999999999999998890e-01,8.551146684551935717e-01,-5.184389103768778373e-01
3.124218424343476386e+01,9.999999999999998890e-01,1.000000000000000000e+00,2.350000000000000089e+00,9.999999999999998890e-01,8.549826289344959473e-01,-5.186566342198449808e-01
3.125677365568986943e+01,9.999999999999998890e-01,1.000000000000000000e+00,2.350000000000000089e+00,9.999999999999998890e-01,8.548505339783433188e-01,-5.188743244340977556e-01
3.127136306794497855e+01,9.999999999999998890e-01,1.000000000000000000e+00,2.350000000000000089e+00,9.999999999999998890e-01,8.547183835953003905e-01,-5.190919810055217853e-01
3.128595248020008057e+01,9.999999999999998890e-01,1.000000000000000000e+00,2.350000000000000089e+00,9.999999999999998890e-01,8.545861777939356418e-01,-5.193096039200043590e-01
3.130054189245518614e+01,9.999999999999998890e-01,1.000000000000000000e+00,2.350000000000000089e+00,9.999999999999998890e-01,8.544539165828209937e-01,-5.195271931634354301e-01
3.131513130471029527e+01,9.999999999999998890e-01,1.000000000000000000e+00,2.350000000000000089e+00,9.999999999999998890e-01,8.543215999705320307e-01,-5.197447487217069506e-01
3.132972071696539729e+01,1.000000000000000000e+00,1.000000000000000000e+00,2.349999999999999645e+00,1.000000000000000000e+00,8.541892279656478904e-01,-5.199622705807127598e-01
3.134431012922050641e+01,9.999999999999998890e-01,1.000000000000000000e+00,2.350000000000000089e+00,9.999999999999998890e-01,8.540568005767513737e-01,-5.201797587263494727e-01
3.135889954147561198e+01,9.999999999999998890e-01,1.000000000000000000e+00,2.350000000000000089e+00,9.999999999999998890e-01,8.539243178124288347e-01,-5.203972131445152582e-01
3.137348895373072111e+01,9.999999999999998890e-01,1.000000000000000000e+00,2.350000000000000089e+00,9.999999999999998890e-01,8.537917796812700688e-01,-5.206146338211111724e-01
3.138807836598582668e+01,9.999999999999998890e-01,1.000000000000000000e+00,2.350000000000000089e+00,9.999999999999998890e-01,8.536591861918687574e-01,-5.208320207420396031e-01
3.140266777824092870e+01,9.999999999999998890e-01,1.000000000000000000e+00,2.350000000000000089e+00,9.999999999999998890e-01,8.535265373528219124e-01,-5.210493738932059360e-01
3.141725719049603782e+01,9.999999999999998890e-01,1.000000000000000000e+00,2.350000000000000089e+00,9.999999999999998890e-01,8.533938331727302096e-01,-5.212666932605173331e-01
3.143184660275114339e+01,9.999999999999998890e-01,1.000000000000000000e+00,2.350000000000000089e+00,9.999999999999998890e-01,8.532610736601980994e-01,-5.214839788298831769e-01
3.144643601500625252e+01,9.999999999999998890e-01,1.000000000000000000e+00,2.350000000000000089e+00,9.999999999999998890e-01,8.531282588238332520e-01,-5.217012305872151812e-01
3.146102542726135454e+01,9.999999999999998890e-01,1.000000000000000000e+00,2.350000000000000089e+00,9.999999999999998890e-01,8.529953886722472234e-01,-5.219184485184269473e-01
3.147561483951646721e+01,9.999999999999998890e-01,1.000000000000000000e+00,2.350000000000000089e+00,9.999999999999998890e-01,8.528624632140551221e-01,-5.221356326094346301e-01
3.149020425177156923e+01,9.999999999999998890e-01,1.000000000000000000e+00,2.350000000000000089e+00,9.999999999999998890e-01,8.527294824578754984e-01,-5.223527828461563827e-01
3.150479366402667125e+01,9.999999999999998890e-01,1.000000000000000000e+00,2.350000000000000089e+00,9.999999999999998890e-01,8.525964464123306774e-01,-5.225698992145125787e-01
3.151938307628178393e+01,9.999999999999998890e-01,1.000000000000000000e+00,2.350000000000000089e+00,9.999999999999998890e-01,8.524633550860462039e-01,-5.227869817004259234e-01
3.153397248853688595e+01,9.999999999999998890e-01,1.000000000000000000e+00,2.350000000000000089e+00,9.999999999999998890e-01,8.523302084876518414e-01,-5.230040302898208981e-01
3.154856190079199507e+01,9.999999999999998890e-01,1.000000000000000000e+00,2.350000000000000089e+00,9.999999999999998890e-01,8.521970066257802401e-01,-5.232210449686249820e-01
3.156315131304710064e+01,9.999999999999998890e-01,1.000000000000000000e+00,2.350000000000000089e+00,9.999999999999998890e-01,8.520637495090681579e-01,-5.234380257227667643e-01
3.157774072530220977e+01,9.999999999999998890e-01,1.000000000000000000e+00,2.350000000000000089e+00,9.999999999999998890e-01,8.519304371461556835e-01,-5.236549725381781650e-01
3.159233013755731179e+01,1.000000000000000000e+00,1.000000000000000000e+00,2.349999999999999645e+00,1.000000000000000000e+00,8.517970695456864583e-01,-5.238718854007923253e-01
3.160691954981241736e+01,9.999999999999998890e-01,1.000000000000000000e+00,2.350000000000000089e+00,9.999999999999998890e-01,8.516636467163078983e-01,-5.240887642965452731e-01
3.162150896206752648e+01,9.999999999999998890e-01,1.000000000000000000e+00,2.350000000000000089e+00,9.999999999999998890e-01,8.515301686666708614e-01,-5.243056092113750344e-01
3.163609837432262850e+01,9.999999999999998890e-01,1.000000000000000000e+00,2.350000000000000089e+00,9.999999999999998890e-01,8.513966354054297581e-01,-5.245224201312216339e-01
3.165068778657774118e+01,1.000000000000000000e+00,1.000000000000000000e+00,2.349999999999999645e+00,1.000000000000000000e+00,8.512630469412425516e-01,-5.247391970420275387e-01
3.166527719883284320e+01,9.999999999999998890e-01,1.000000000000000000e+00,2.350000000000000089e+00,9.999999999999998890e-01,8.511294032827710909e-01,-5.249559399297373252e-01
3.167986661108795232e+01,9.999999999999998890e-01,1.000000000000000000e+00,2.350000000000000089e+00,9.999999999999998890e-01,8.509957044386804448e-01,-5.251726487802979015e-01
3.169445602334305789e+01,1.000000000000000000e+00,1.000000000000000000e+00,2.349999999999999645e+00,1.000000000000000000e+00,8.508619504176393455e-01,-5.253893235796579519e-01
3.170904543559815991e+01,9.999999999999998890e-01,1.000000000000000000e+00,2.350000000000000089e+00,9.999999999999998890e-01,8.507281412283203004e-01,-5.256059643137690474e-01
3.172363484785326904e+01,9.999999999999998890e-01,1.000000000000000000e+00,2.350000000000000089e+00,9.999999999999998890e-01,8.505942768793991471e-01,-5.258225709685845350e-01
3.173822426010837461e+01,9.999999999999998890e-01,1.000000000000000000e+00,2.350000000000000089e+00,9.999999999999998890e-01,8.504603573795553872e-01,-5.260391435300598717e-01
3.175281367236348373e+01,1.000000000000000000e+00,1.000000000000000000e+00,2.349999999999999645e+00,1.000000000000000000e+00,8.503263827374720751e-01,-5.262556819841530675e-01
3.176740308461858930e+01,9.999999999999998890e-01,1.000000000000000000e+00,2.350000000000000089e+00,9.999999999999998890e-01,8.501923529618360398e-01,-5.264721863168241311e-01
3.178199249687369843e+01,9.999999999999998890e-01,1.000000000000000000e+00,2.350000000000000089e+00,9.999999999999998890e-01,8.500582680613373299e-01,-5.266886565140355136e-01
3.179658190912880045e+01,9.999999999999998890e-01,1.000000000000000000e+00,2.350000000000000089e+00,9.999999999999998890e-01,8.499241280446697688e-01,-5.269050925617513315e-01
3.181117132138390602e+01,9.999999999999998890e-01,1.000000000000000000e+00,2.350000000000000089e+00,9.999999999999998890e-01,8.497899329205309549e-01,-5.271214944459384766e-01
3.182576073363901514e+01,9.999999999999998890e-01,1.000000000000000000e+00,2.350000000000000089e+00,9.999999999999998890e-01,8.496556826976215948e-01,-5.273378621525659504e-01
3.184035014589411716e+01,9.999999999999998890e-01,1.000000000000000000e+00,2.350000000000000089e+00,9.999999999999998890e-01,8.495213773846463923e-01,-5.275541956676046418e-01
3.185493955814922984e+01,9.999999999999998890e-01,1.000000000000000000e+00,2.350000000000000089e+00,9.999999999999998890e-01,8.493870169903132705e-01,-5.277704949770282150e-01
3.186952897040433186e+01,9.999999999999998890e-01,1.000000000000000000e+00,2.350000000000000089e+00,9.999999999999998890e-01,8.492526015233340386e-01,-5.279867600668118888e-01
3.188411838265944098e+01,9.999999999999998890e-01,1.000000000000000000e+00,2.350000000000000089e+00,9.999999999999998890e-01,8.491181309924238363e-01,-5.282029909229337683e-01
3.189870779491454655e+01,9.999999999999998890e-01,1.000000000000000000e+00,2.350000000000000089e+00,9.999999999999998890e-01,8.489836054063016890e-01,-5.284191875313736242e-01
3.191329720716964857e+01,9.999999999999998890e-01,1.000000000000000000e+00,2.350000000000000089e+00,9.999999999999998890e-01,8.488490247736898420e-01,-5.286353498781136695e-01
3.192788661942475770e+01,9.999999999999998890e-01,1.000000000000000000e+00,2.350000000000000089e+00,9.999999999999998890e-01,8.487143891033142040e-01,-5.288514779491385598e-01
3.194247603167986327e+01,9.999999999999998890e-01,1.000000000000000000e+00,2.350000000000000089e+00,9.999999999999998890e-01,8.485796984039043478e-01,-5.290675717304347270e-01
3.195706544393497239e+01,9.999999999999998890e-01,1.000000000000000000e+00,2.350000000000000089e+00,9.999999999999998890e-01,8.484449526841932876e-01,-5.292836312079912675e-01
3.197165485619007441e+01,9.999999999999998890e-01,1.000000000000000000e+00,2.350000000000000089e+00,9.999999999999998890e-01,8.483101519529179235e-01,-5.294996563677991652e-01
3.198624426844518709e+01,9.999999999999998890e-01,1.000000000000000000e+00,2.350000000000000089e+00,9.999999999999998890e-01,8.481752962188181533e-01,-5.297156471958518464e-01
3.200083368070028911e+01,9.999999999999998890e-01,1.000000000000000000e+00,2.350000000000000089e+00,9.999999999999998890e-01,8.480403854906379824e-01,-5.299316036781446249e-01
3.201542309295539468e+01,9.999999999999998890e-01,1.000000000000000000e+00,2.350000000000000089e+00,9.999999999999998890e-01,8.479054197771247470e-01,-5.301475258006754787e-01
3.203001250521050025e+01,9.999999999999998890e-01,1.000000000000000000e+00,2.350000000000000089e+00,9.999999999999998890e-01,8.477703990870292250e-01,-5.303634135494446067e-01
3.204460191746560582e+01,9.999999999999998890e-01,1.000000000000000000e+00,2.350000000000000089e+00,9.999999999999998890e-01,8.476353234291060801e-01,-5.305792669104539838e-01
3.205919132972071850e+01,1.000000000000000000e+00,1.000000000000000000e+00,2.349999999999999645e+00,1.000000000000000000e+00,8.475001928121131956e-01,-5.307950858697081387e-01
3.207378074197581697e+01,9.999999999999998890e-01,1.000000000000000000e+00,2.350000000000000089e+00,9.999999999999998890e-01,8.473650072448124515e-01,-5.310108704132138202e-01
3.208837015423092964e+01,9.999999999999998890e-01,1.000000000000000000e+00,2.350000000000000089e+00,9.999999999999998890e-01,8.472297667359687257e-01,-5.312266205269801089e-01
3.210295956648603521e+01,9.999999999999998890e-01,1.000000000000000000e+00,2.350000000000000089e+00,9.999999999999998890e-01,8.470944712943508925e-01,-5.314423361970178616e-01
3.211754897874113368e+01,9.999999999999998890e-01,1.000000000000000000e+00,2.350000000000000089e+00,9.999999999999998890e-01,8.469591209287312683e-01,-5.316580174093405997e-01
3.213213839099624636e+01,1.000000000000000000e+00,1.000000000000000000e+00,2.349999999999999645e+00,1.000000000000000000e+00,8.468237156478856109e-01,-5.318736641499641760e-01
3.214672780325135193e+01,9.999999999999998890e-01,1.000000000000000000e+00,2.350000000000000089e+00,9.999999999999998890e-01,8.466882554605935640e-01,-5.320892764049062196e-01
3.216131721550645750e+01,1.000000000000000000e+00,1.000000000000000000e+00,2.349999999999999645e+00,1.000000000000000000e+00,8.465527403756377689e-01,-5.323048541601870243e-01
3.217590662776156307e+01,1.000000000000000000e+00,1.000000000000000000e+00,2.349999999999999645e+00,1.000000000000000000e+00,8.464171704018050857e-01,-5.325203974018286601e-01
3.219049604001667575e+01,9.999999999999998890e-01,1.000000000000000000e+00,2.350000000000000089e+00,9.999999999999998890e-01,8.462815455478854831e-01,-5.327359061158560838e-01
3.220508545227177422e+01,9.999999999999998890e-01,1.000000000000000000e+00,2.350000000000000089e+00,9.999999999999998890e-01,8.461458658226727048e-01,-5.329513802882956952e-01
3.221967486452687979e+01,9.999999999999998890e-01,1.000000000000000000e+00,2.350000000000000089e+00,9.999999999999998890e-01,8.460101312349638247e-01,-5.331668199051768919e-01
3.223426427678199246e+01,1.000000000000000000e+00,1.000000000000000000e+00,2.349999999999999645e+00,1.000000000000000000e+00,8.458743417935595810e-01,-5.333822249525308479e-01
3.224885368903709093e+01,9.999999999999998890e-01,1.000000000000000000e+00,2.350000000000000089e+00,9.999999999999998890e-01,8.457384975072645972e-01,-5.335975954163911794e-01
3.226344310129220361e+01,9.999999999999998890e-01,1.000000000000000000e+00,2.350000000000000089e+00,9.999999999999998890e-01,8.456025983848863836e-01,-5.338129312827936124e-01
3.227803251354730918e+01,9.999999999999998890e-01,1.000000000000000000e+00,2.350000000000000089e+00,9.999999999999998890e-01,8.454666444352366694e-01,-5.340282325377760930e-01
3.229262192580241475e+01,9.999999999999998890e-01,1.000000000000000000e+00,2.350000000000000089e+00,9.999999999999998890e-01,8.453306356671302924e-01,-5.342434991673791211e-01
3.230721133805752032e+01,9.999999999999998890e-01,1.000000000000000000e+00,2.350000000000000089e+00,9.999999999999998890e-01,8.451945720893859759e-01,-5.344587311576449729e-01
3.232180075031262589e+01,9.999999999999998890e-01,1.000000000000000000e+00,2.350000000000000089e+00,9.999999999999998890e-01,8.450584537108255523e-01,-5.346739284946184778e-01
3.233639016256773147e+01,9.999999999999998890e-01,1.000000000000000000e+00,2.350000000000000089e+00,9.999999999999998890e-01,8.449222805402749614e-01,-5.348890911643467971e-01
3.235097957482283704e+01,9.999999999999998890e-01,1.000000000000000000e+00,2.350000000000000089e+00,9.999999999999998890e-01,8.447860525865632519e-01,-5.351042191528790903e-01
3.236556898707794971e+01,9.999999999999998890e-01,1.000000000000000000e+00,2.350000000000000089e+00,9.999999999999998890e-01,8.446497698585231362e-01,-5.353193124462668484e-01
3.238015839933305529e+01,9.999999999999998890e-01,1.000000000000000000e+00,2.350000000000000089e+00,9.999999999999998890e-01,8.445134323649911012e-01,-5.355343710305637828e-01
3.239474781158816086e+01,9.999999999999998890e-01,1.000000000000000000e+00,2.350000000000000089e+00,9.999999999999998890e-01,8.443770401148069649e-01,-5.357493948918260473e-01
3.240933722384326643e+01,1.000000000000000000e+00,1.000000000000000000e+00,2.349999999999999645e+00,1.000000000000000000e+00,8.442405931168139865e-01,-5.359643840161116835e-01
3.242392663609837200e+01,9.999999999999998890e-01,1.000000000000000000e+00,2.350000000000000089e+00,9.999999999999998890e-01,8.441040913798594225e-01,-5.361793383894813969e-01
3.243851604835347757e+01,9.999999999999998890e-01,1.000000000000000000e+00,2.350000000000000089e+00,9.999999999999998890e-01,8.439675349127934156e-01,-5.363942579979980030e-01
3.245310546060858314e+01,9.999999999999998890e-01,1.000000000000000000e+00,2.350000000000000089e+00,9.999999999999998890e-01,8.438309237244703276e-01,-5.366091428277262043e-01
3.246769487286369582e+01,9.999999999999998890e-01,1.000000000000000000e+00,2.350000000000000089e+00,9.999999999999998890e-01,8.436942578237476287e-01,-5.368239928647337011e-01
3.248228428511879429e+01,9.999999999999998890e-01,1.000000000000000000e+00,2.350000000000000089e+00,9.999999999999998890e-01,8.435575372194865640e-01,-5.370388080950896370e-01
3.249687369737390696e+01,1.000000000000000000e+00,1.000000000000000000e+00,2.349999999999999645e+00,1.000000000000000000e+00,8.434207619205517092e-01,-5.372535885048660420e-01
3.251146310962901254e+01,9.999999999999998890e-01,1.000000000000000000e+00,2.350000000000000089e+00,9.999999999999998890e-01,8.432839319358115260e-01,-5.374683340801368336e-01
3.252605252188411100e+01,9.999999999999998890e-01,1.000000000000000000e+00,2.350000000000000089e+00,9.999999999999998890e-01,8.431470472741375843e-01,-5.376830448069783719e-01
3.254064193413922368e+01,9.999999999999998890e-01,1.000000000000000000e+00,2.350000000000000089e+00,9.999999999999998890e-01,8.430101079444053402e-01,-5.378977206714693482e-01
3.255523134639432925e+01,9.999999999999998890e-01,1.000000000000000000e+00,2.350000000000000089e+00,9.999999999999998890e-01,8.428731139554936913e-01,-5.381123616596903414e-01
3.256982075864943482e+01,9.999999999999998890e-01,1.000000000000000000e+00,2.350000000000000089e+00,9.999999999999998890e-01,8.427360653162849768e-01,-5.383269677577245949e-01
3.258441017090454039e+01,9.999999999999998890e-01,1.000000000000000000e+00,2.350000000000000089e+00,9.999999999999998890e-01,8.425989620356653109e-01,-5.385415389516573503e-01
3.259899958315965307e+01,9.999999999999998890e-01,1.000000000000000000e+00,2.350000000000000089e+00,9.999999999999998890e-01,8.424618041225241383e-01,-5.387560752275762921e-01
3.261358899541475154e+01,9.999999999999998890e-01,1.000000000000000000e+00,2.350000000000000089e+00,9.999999999999998890e-01,8.423245915857544563e-01,-5.389705765715712138e-01
3.262817840766985711e+01,9.999999999999998890e-01,1.000000000000000000e+00,2.350000000000000089e+00,9.999999999999998890e-01,8.421873244342529263e-01,-5.391850429697343516e-01
3.264276781992496979e+01,9.999999999999998890e-01,1.000000000000000000e+00,2.350000000000000089e+00,9.999999999999998890e-01,8.420500026769197621e-01,-5.393994744081601622e-01
3.265735723218006825e+01,1.000000000000000000e+00,1.000000000000000000e+00,2.349999999999999645e+00,1.000000000000000000e+00,8.419126263226585083e-01,-5.396138708729451006e-01
3.267194664443518093e+01,9.999999999999998890e-01,1.000000000000000000e+00,2.350000000000000089e+00,9.999999999999998890e-01,8.417751953803764842e-01,-5.398282323501883972e-01
3.268653605669028650e+01,9.999999999999998890e-01,1.000000000000000000e+00,2.350000000000000089e+00,9.999999999999998890e-01,8.416377098589844508e-01,-5.400425588259909482e-01
3.270112546894539207e+01,9.999999999999998890e-01,1.000000000000000000e+00,2.350000000000000089e+00,9.999999999999998890e-01,8.415001697673966108e-01,-5.402568502864565358e-01
3.271571488120049764e+01,9.999999999999998890e-01,1.000000000000000000e+00,2.350000000000000089e+00,9.999999999999998890e-01,8.413625751145309417e-01,-5.404711067176906081e-01
3.273030429345560322e+01,9.999999999999998890e-01,1.000000000000000000e+00,2.350000000000000089e+00,9.999999999999998890e-01,8.412249259093087517e-01,-5.406853281058013883e-01
3.274489370571070879e+01,9.999999999999998890e-01,1.000000000000000000e+00,2.350000000000000089e+00,9.999999999999998890e-01,8.410872221606549015e-01,-5.408995144368990982e-01
3.275948311796581436e+01,9.999999999999998890e-01,1.000000000000000000e+00,2.350000000000000089e+00,9.999999999999998890e-01,8.409494638774979158e-01,-5.411136656970962910e-01
3.277407253022092704e+01,9.999999999999998890e-01,1.000000000000000000e+00,2.350000000000000089e+00,9.999999999999998890e-01,8.408116510687696499e-01,-5.413277818725079626e-01
3.278866194247602550e+01,9.999999999999998890e-01,1.000000000000000000e+00,2.350000000000000089e+00,9.999999999999998890e-01,8.406737837434058447e-01,-5.415418629492508851e-01
3.280325135473113818e+01,9.999999999999998890e-01,1.000000000000000000e+00,2.350000000000000089e+00,9.999999999999998890e-01,8.405358619103454609e-01,-5.417559089134448280e-01
3.281784076698624375e+01,9.999999999999998890e-01,1.000000000000000000e+00,2.350000000000000089e+00,9.999999999999998890e-01,8.403978855785311231e-01,-5.419699197512111155e-01
3.283243017924134222e+01,1.000000000000000000e+00,1.000000000000000000e+00,2.349999999999999645e+00,1.000000000000000000e+00,8.402598547569087861e-01,-5.421838954486738471e-01
3.284701959149645489e+01,9.999999999999998890e-01,1.000000000000000000e+00,2.350000000000000089e+00,9.999999999999998890e-01,8.401217694544282910e-01,-5.423978359919593428e-01
3.286160900375156046e+01,9.999999999999998890e-01,1.000000000000000000e+00,2.350000000000000089e+00,9.999999999999998890e-01,8.399836296800426982e-01,-5.426117413671960321e-01
3.287619841600666604e+01,9.999999999999998890e-01,1.000000000000000000e+00,2.350000000000000089e+00,9.999999999999998890e-01,8.398454354427088431e-01,-5.428256115605146759e-01
3.289078782826177161e+01,9.999999999999998890e-01,1.000000000000000000e+00,2.350000000000000089e+00,9.999999999999998890e-01,8.397071867513870025e-01,-5.430394465580482555e-01
3.290537724051688429e+01,9.999999999999998890e-01,1.000000000000000000e+00,2.350000000000000089e+00,9.999999999999998890e-01,8.395688836150407841e-01,-5.432532463459321947e-01
3.291996665277198275e+01,9.999999999999998890e-01,1.000000000000000000e+00,2.350000000000000089e+00,9.999999999999998890e-01,8.394305260426376813e-01,-5.434670109103041380e-01
3.293455606502708832e+01,9.999999999999998890e-01,1.000000000000000000e+00,2.350000000000000089e+00,9.999999999999998890e-01,8.392921140431484073e-01,-5.436807402373039499e-01
3.294914547728220100e+01,9.999999999999998890e-01,1.000000000000000000e+00,2.350000000000000089e+00,9.999999999999998890e-01,8.391536476255473387e-01,-5.438944343130739378e-01
3.296373488953729947e+01,9.999999999999998890e-01,1.000000000000000000e+00,2.350000000000000089e+00,9.999999999999998890e-01,8.390151267988125161e-01,-5.441080931237584073e-01
3.297832430179241214e+01,1.000000000000000000e+00,1.000000000000000000e+00,2.349999999999999645e+00,1.000000000000000000e+00,8.388765515719251997e-01,-5.443217166555042175e-01
3.299291371404751771e+01,9.999999999999998890e-01,1.000000000000000000e+00,2.350000000000000089e+00,9.999999999999998890e-01,8.387379219538705355e-01,-5.445353048944604479e-01
3.300750312630262329e+01,9.999999999999998890e-01,1.000000000000000000e+00,2.350000000000000089e+00,9.999999999999998890e-01,8.385992379536367780e-01,-5.447488578267783987e-01
3.302209253855772886e+01,9.999999999999998890e-01,1.000000000000000000e+00,2.350000000000000089e+00,9.999999999999998890e-01,8.384604995802160676e-01,-5.449623754386117014e-01
3.303668195081283443e+01,1.000000000000000000e+00,1.000000000000000000e+00,2.349999999999999645e+00,1.000000000000000000e+00,8.383217068426039864e-01,-5.451758577161162078e-01
3.305127136306794000e+01,9.999999999999998890e-01,1.000000000000000000e+00,2.350000000000000089e+00,9.999999999999998890e-01,8.381828597497995581e-01,-5.453893046454504345e-01
3.306586077532304557e+01,9.999999999999998890e-01,1.000000000000000000e+00,2.350000000000000089e+00,9.999999999999998890e-01,8.380439583108052481e-01,-5.456027162127744523e-01
3.308045018757815825e+01,9.999999999999998890e-01,1.000000000000000000e+00,2.350000000000000089e+00,9.999999999999998890e-01,8.379050025346271857e-01,-5.458160924042514406e-01
3.309503959983325672e+01,9.999999999999998890e-01,1.000000000000000000e+00,2.350000000000000089e+00,9.999999999999998890e-01,8.377659924302751637e-01,-5.460294332060462441e-01
3.310962901208836939e+01,9.999999999999998890e-01,1.000000000000000000e+00,2.350000000000000089e+00,9.999999999999998890e-01,8.376269280067621947e-01,-5.462427386043263722e-01
3.312421842434347496e+01,9.999999999999998890e-01,1.000000000000000000e+00,2.350000000000000089e+00,9.999999999999998890e-01,8.374878092731050661e-01,-5.464560085852613325e-01
3.313880783659858054e+01,1.000000000000000000e+00,1.000000000000000000e+00,2.349999999999999645e+00,1.000000000000000000e+00,8.373486362383237847e-01,-5.466692431350232972e-01
3.315339724885368611e+01,9.999999999999998890e-01,1.000000000000000000e+00,2.350000000000000089e+00,9.999999999999998890e-01,8.372094089114422433e-01,-5.468824422397865481e-01
3.316798666110879168e+01,9.999999999999998890e-01,1.000000000000000000e+00,2.350000000000000089e+00,9.999999999999998890e-01,8.370701273014875543e-01,-5.470956058857275872e-01
3.318257607336389725e+01,9.999999999999998890e-01,1.000000000000000000e+00,2.350000000000000089e+00,9.999999999999998890e-01,8.369307914174906049e-01,-5.473087340590252481e-01
3.319716548561900282e+01,9.999999999999998890e-01,1.000000000000000000e+00,2.350000000000000089e+00,9.999999999999998890e-01,8.367914012684856129e-01,-5.475218267458606958e-01
3.321175489787411550e+01,1.000000000000000000e+00,1.000000000000000000e+00,2.349999999999999645e+00,1.000000000000000000e+00,8.366519568635102377e-01,-5.477348839324175378e-01
3.322634431012922107e+01,9.999999999999998890e-01,1.000000000000000000e+00,2.350000000000000089e+00,9.999999999999998890e-01,8.365124582116060248e-01,-5.479479056048814911e-01
3.324093372238431954e+01,9.999999999999998890e-01,1.000000000000000000e+00,2.350000000000000089e+00,9.999999999999998890e-01,8.363729053218177389e-01,-5.481608917494404931e-01
3.325552313463943221e+01,9.999999999999998890e-01,1.000000000000000000e+00,2.350000000000000089e+00,9.999999999999998890e-01,8.362332982031934758e-01,-5.483738423522851457e-01
3.327011254689453779e+01,9.999999999999998890e-01,1.000000000000000000e+00,2.350000000000000089e+00,9.999999999999998890e-01,8.360936368647854389e-01,-5.485867573996079383e-01
3.328470195914964336e+01,9.999999999999998890e-01,1.000000000000000000e+00,2.350000000000000089e+00,9.999999999999998890e-01,8.359539213156488291e-01,-5.487996368776040246e-01
3.329929137140474893e+01,1.000000000000000000e+00,1.000000000000000000e+00,2.349999999999999645e+00,1.000000000000000000e+00,8.358141515648425113e-01,-5.490124807724705569e-01
3.331388078365985450e+01,9.999999999999998890e-01,1.000000000000000000e+00,2.350000000000000089e+00,9.999999999999998890e-01,8.356743276214290139e-01,-5.492252890704073520e-01
3.332847019591496007e+01,9.999999999999998890e-01,1.000000000000000000e+00,2.350000000000000089e+00,9.999999999999998890e-01,8.355344494944741962e-01,-5.494380617576160031e-01
3.334305960817006564e+01,9.999999999999998890e-01,1.000000000000000000e+00,2.350000000000000089e+00,9.999999999999998890e-01,8.353945171930475810e-01,-5.496507988203009898e-01
3.335764902042517832e+01,9.999999999999998890e-01,1.000000000000000000e+00,2.350000000000000089e+00,9.999999999999998890e-01,8.352545307262219110e-01,-5.498635002446687903e-01
3.337223843268027679e+01,9.999999999999998890e-01,1.000000000000000000e+00,2.350000000000000089e+00,9.999999999999998890e-01,8.351144901030737033e-01,-5.500761660169282141e-01
3.338682784493538946e+01,9.999999999999998890e-01,1.000000000000000000e+00,2.350000000000000089e+00,9.999999999999998890e-01,8.349743953326830281e-01,-5.502887961232905134e-01
3.340141725719049504e+01,9.999999999999998890e-01,1.000000000000000000e+00,2.350000000000000089e+00,9.999999999999998890e-01,8.348342464241333971e-01,-5.505013905499689386e-01
3.341600666944560061e+01,9.999999999999998890e-01,1.000000000000000000e+00,2.350000000000000089e+00,9.999999999999998890e-01,8.346940433865115416e-01,-5.507139492831794048e-01
3.343059608170070618e+01,9.999999999999998890e-01,1.000000000000000000e+00,2.350000000000000089e+00,9.999999999999998890e-01,8.345537862289083009e-01,-5.509264723091400473e-01
3.344518549395581175e+01,9.999999999999998890e-01,1.000000000000000000e+00,2.350000000000000089e+00,9.999999999999998890e-01,8.344134749604175116e-01,-5.511389596140711111e-01
3.345977490621091732e+01,9.999999999999998890e-01,1.000000000000000000e+00,2.350000000000000089e+00,9.999999999999998890e-01,8.342731095901365634e-01,-5.513514111841956167e-01
3.347436431846602289e+01,9.999999999999998890e-01,1.000000000000000000e+00,2.350000000000000089e+00,9.999999999999998890e-01,8.341326901271667316e-01,-5.515638270057383608e-01
3.348895373072113557e+01,9.999999999999998890e-01,1.000000000000000000e+00,2.350000000000000089e+00,9.999999999999998890e-01,8.339922165806123999e-01,-5.517762070649268047e-01
3.350354314297623404e+01,9.999999999999998890e-01,1.000000000000000000e+00,2.350000000000000089e+00,9.999999999999998890e-01,8.338516889595816162e-01,-5.519885513479905192e-01
3.351813255523134671e+01,9.999999999999998890e-01,1.000000000000000000e+00,2.350000000000000089e+00,9.999999999999998890e-01,8.337111072731859807e-01,-5.522008598411616287e-01
3.353272196748645229e+01,9.999999999999998890e-01,1.000000000000000000e+00,2.350000000000000089e+00,9.999999999999998890e-01,8.335704715305405355e-01,-5.524131325306742557e-01
3.354731137974155075e+01,9.999999999999998890e-01,1.000000000000000000e+00,2.350000000000000089e+00,9.999999999999998890e-01,8.334297817407637643e-01,-5.526253694027652985e-01
3.356190079199666343e+01,9.999999999999998890e-01,1.000000000000000000e+00,2.350000000000000089e+00,9.999999999999998890e-01,8.332890379129778147e-01,-5.528375704436736537e-01
3.357649020425176900e+01,9.999999999999998890e-01,1.000000000000000000e+00,2.350000000000000089e+00,9.999999999999998890e-01,8.331482400563081647e-01,-5.530497356396405495e-01
3.359107961650687457e+01,9.999999999999998890e-01,1.000000000000000000e+00,2.350000000000000089e+00,9.999999999999998890e-01,8.330073881798839563e-01,-5.532618649769095454e-01
3.360566902876198014e+01,9.999999999999998890e-01,1.000000000000000000e+00,2.350000000000000089e+00,9.999999999999998890e-01,8.328664822928377731e-01,-5.534739584417266434e-01
3.362025844101709282e+01,9.999999999999998890e-01,1.000000000000000000e+00,2.350000000000000089e+00,9.999999999999998890e-01,8.327255224043055293e-01,-5.536860160203401771e-01
3.363484785327219129e+01,9.999999999999998890e-01,1.000000000000000000e+00,2.350000000000000089e+00,9.999999999999998890e-01,8.325845085234270249e-01,-5.538980376990005894e-01
3.364943726552729686e+01,9.999999999999998890e-01,1.000000000000000000e+00,2.350000000000000089e+00,9.999999999999998890e-01,8.324434406593451685e-01,-5.541100234639608768e-01
3.366402667778240954e+01,9.999999999999998890e-01,1.000000000000000000e+00,2.350000000000000089e+00,9.999999999999998890e-01,8.323023188212065326e-01,-5.543219733014763673e-01
3.367861609003750800e+01,9.999999999999998890e-01,1.000000000000000000e+00,2.350000000000000089e+00,9.999999999999998890e-01,8.321611430181613533e-01,-5.545338871978043871e-01
3.369320550229262068e+01,1.000000000000000000e+00,1.000000000000000000e+00,2.349999999999999645e+00,1.000000000000000000e+00,8.320199132593629754e-01,-5.547457651392050382e-01
3.370779491454772625e+01,9.999999999999998890e-01,1.000000000000000000e+00,2.350000000000000089e+00,9.999999999999998890e-01,8.318786295539686293e-01,-5.549576071119405318e-01
3.372238432680283182e+01,9.999999999999998890e-01,1.000000000000000000e+00,2.350000000000000089e+00,9.999999999999998890e-01,8.317372919111388763e-01,-5.551694131022755219e-01
3.373697373905793739e+01,9.999999999999998890e-01,1.000000000000000000e+00,2.350000000000000089e+00,9.999999999999998890e-01,8.315959003400377192e-01,-5.553811830964765495e-01
3.375156315131304297e+01,9.999999999999998890e-01,1.000000000000000000e+00,2.350000000000000089e+00,9.999999999999998890e-01,8.314544548498327137e-01,-5.555929170808132644e-01
3.376615256356814854e+01,9.999999999999998890e-01,1.000000000000000000e+00,2.350000000000000089e+00,9.999999999999998890e-01,8.313129554496949680e-01,-5.558046150415570930e-01
3.378074197582325411e+01,9.999999999999998890e-01,1.000000000000000000e+00,2.350000000000000089e+00,9.999999999999998890e-01,8.311714021487990323e-01,-5.560162769649817927e-01
3.379533138807836679e+01,9.999999999999998890e-01,1.000000000000000000e+00,2.350000000000000089e+00,9.999999999999998890e-01,8.310297949563228981e-01,-5.562279028373638967e-01
3.380992080033346525e+01,9.999999999999998890e-01,1.000000000000000000e+00,2.350000000000000089e+00,9.999999999999998890e-01,8.308881338814482209e-01,-5.564394926449817147e-01
3.382451021258857793e+01,9.999999999999998890e-01,1.000000000000000000e+00,2.350000000000000089e+00,9.999999999999998890e-01,8.307464189333598759e-01,-5.566510463741163317e-01
3.383909962484368350e+01,9.999999999999998890e-01,1.000000000000000000e+00,2.350000000000000089e+00,9.999999999999998890e-01,8.306046501212465127e-01,-5.568625640110508312e-01
3.385368903709878197e+01,9.999999999999998890e-01,1.000000000000000000e+00,2.350000000000000089e+00,9.999999999999998890e-01,8.304628274543001121e-01,-5.570740455420709614e-01
3.386827844935389464e+01,9.999999999999998890e-01,1.000000000000000000e+00,2.350000000000000089e+00,9.999999999999998890e-01,8.303209509417162071e-01,-5.572854909534646906e-01
3.388286786160900022e+01,9.999999999999998890e-01,1.000000000000000000e+00,2.350000000000000089e+00,9.999999999999998890e-01,8.301790205926937727e-01,-5.574969002315220967e-01
3.389745727386410579e+01,9.999999999999998890e-01,1.000000000000000000e+00,2.350000000000000089e+00,9.999999999999998890e-01,8.300370364164352255e-01,-5.577082733625361444e-01
3.391204668611921136e+01,9.999999999999998890e-01,1.000000000000000000e+00,2.350000000000000089e+00,9.999999999999998890e-01,8.298949984221467568e-01,-5.579196103328013523e-01
3.392663609837432404e+01,1.000000000000000000e+00,1.000000000000000000e+00,2.349999999999999645e+00,1.000000000000000000e+00,8.297529066190376668e-01,-5.581309111286154589e-01
3.394122551062942250e+01,9.999999999999998890e-01,1.000000000000000000e+00,2.350000000000000089e+00,9.999999999999998890e-01,8.296107610163211410e-01,-5.583421757362777571e-01
3.395581492288452807e+01,9.999999999999998890e-01,1.000000000000000000e+00,2.350000000000000089e+00,9.999999999999998890e-01,8.294685616232133629e-01,-5.585534041420905371e-01
3.397040433513964075e+01,9.999999999999998890e-01,1.000000000000000000e+00,2.350000000000000089e+00,9.999999999999998890e-01,8.293263084489342907e-01,-5.587645963323579767e-01
3.398499374739473922e+01,9.999999999999998890e-01,1.000000000000000000e+00,2.350000000000000089e+00,9.999999999999998890e-01,8.291840015027075461e-01,-5.589757522933869183e-01
3.399958315964985189e+01,9.999999999999998890e-01,1.000000000000000000e+00,2.350000000000000089e+00,9.999999999999998890e-01,8.290416407937599708e-01,-5.591868720114863134e-01
3.401417257190495746e+01,9.999999999999998890e-01,1.000000000000000000e+00,2.350000000000000089e+00,9.999999999999998890e-01,8.288992263313218478e-01,-5.593979554729674453e-01
3.402876198416006304e+01,9.999999999999998890e-01,1.000000000000000000e+00,2.350000000000000089e+00,9.999999999999998890e-01,8.287567581246271242e-01,-5.596090026641442616e-01
3.404335139641516861e+01,9.999999999999998890e-01,1.000000000000000000e+00,2.350000000000000089e+00,9.999999999999998890e-01,8.286142361829132996e-01,-5.598200135713328196e-01
3.405794080867027418e+01,9.999999999999998890e-01,1.000000000000000000e+00,2.350000000000000089e+00,9.999999999999998890e-01,8.284716605154210933e-01,-5.600309881808513968e-01
3.407253022092537975e+01,9.999999999999998890e-01,1.000000000000000000e+00,2.350000000000000089e+00,9.999999999999998890e-01,8.283290311313947774e-01,-5.602419264790210462e-01
3.408711963318048532e+01,9.999999999999998890e-01,1.000000000000000000e+00,2.350000000000000089e+00,9.999999999999998890e-01,8.281863480400822874e-01,-5.604528284521648196e-01
3.410170904543559800e+01,9.999999999999998890e-01,1.000000000000000000e+00,2.350000000000000089e+00,9.999999999999998890e-01,8.280436112507348900e-01,-5.606636940866083219e-01
3.411629845769070357e+01,9.999999999999998890e-01,1.000000000000000000e+00,2.350000000000000089e+00,9.999999999999998890e-01,8.279008207726074042e-01,-5.608745233686791565e-01
3.413088786994580914e+01,1.000000000000000000e+00,1.000000000000000000e+00,2.349999999999999645e+00,1.000000000000000000e+00,8.277579766149579799e-01,-5.610853162847078135e-01
3.414547728220091471e+01,9.999999999999998890e-01,1.000000000000000000e+00,2.350000000000000089e+00,9.999999999999998890e-01,8.276150787870485415e-01,-5.612960728210267813e-01
3.416006669445602029e+01,9.999999999999998890e-01,1.000000000000000000e+00,2.350000000000000089e+00,9.999999999999998890e-01,8.274721272981441222e-01,-5.615067929639711020e-01
3.417465610671112586e+01,9.999999999999998890e-01,1.000000000000000000e+00,2.350000000000000089e+00,9.999999999999998890e-01,8.273291221575136412e-01,-5.617174766998779267e-01
3.418924551896623143e+01,9.999999999999998890e-01,1.000000000000000000e+00,2.350000000000000089e+00,9.999999999999998890e-01,8.271860633744291258e-01,-5.619281240150869605e-01
3.420383493122134411e+01,1.000000000000000000e+00,1.000000000000000000e+00,2.349999999999999645e+00,1.000000000000000000e+00,8.270429509581661565e-01,-5.621387348959403507e-01
3.421842434347644257e+01,9.999999999999998890e-01,1.000000000000000000e+00,2.350000000000000089e+00,9.999999999999998890e-01,8.268997849180041992e-01,-5.623493093287822431e-01
3.423301375573155525e+01,9.999999999999998890e-01,1.000000000000000000e+00,2.350000000000000089e+00,9.999999999999998890e-01,8.267565652632254958e-01,-5.625598472999597810e-01
3.424760316798666082e+01,9.999999999999998890e-01,1.000000000000000000e+00,2.350000000000000089e+00,9.999999999999998890e-01,8.266132920031162845e-01,-5.627703487958216622e-01
3.426219258024176639e+01,9.999999999999998890e-01,1.000000000000000000e+00,2.350000000000000089e+00,9.999999999999998890e-01,8.264699651469661346e-01,-5.629808138027195819e-01
3.427678199249687196e+01,9.999999999999998890e-01,1.000000000000000000e+00,2.350000000000000089e+00,9.999999999999998890e-01,8.263265847040682788e-01,-5.631912423070073448e-01
3.429137140475197754e+01,9.999999999999998890e-01,1.000000000000000000e+00,2.350000000000000089e+00,9.999999999999998890e-01,8.261831506837189476e-01,-5.634016342950411982e-01
3.430596081700708311e+01,1.000000000000000000e+00,1.000000000000000000e+00,2.349999999999999645e+00,1.000000000000000000e+00,8.260396630952181463e-01,-5.636119897531797207e-01
3.432055022926218868e+01,9.999999999999998890e-01,1.000000000000000000e+00,2.350000000000000089e+00,9.999999999999998890e-01,8.258961219478695437e-01,-5.638223086677838225e-01
3.433513964151730136e+01,9.999999999999998890e-01,1.000000000000000000e+00,2.350000000000000089e+00,9.999999999999998890e-01,8.257525272509799175e-01,-5.640325910252169672e-01
3.434972905377239982e+01,9.999999999999998890e-01,1.000000000000000000e+00,2.350000000000000089e+00,9.999999999999998890e-01,8.256088790138598199e-01,-5.642428368118446169e-01
3.436431846602751250e+01,9.999999999999998890e-01,1.000000000000000000e+00,2.350000000000000089e+00,9.999999999999998890e-01,8.254651772458229120e-01,-5.644530460140348982e-01
3.437890787828261807e+01,9.999999999999998890e-01,1.000000000000000000e+00,2.350000000000000089e+00,9.999999999999998890e-01,8.253214219561866294e-01,-5.646632186181583801e-01
3.439349729053771654e+01,9.999999999999998890e-01,1.000000000000000000e+00,2.350000000000000089e+00,9.999999999999998890e-01,8.251776131542719606e-01,-5.648733546105876302e-01
3.440808670279282921e+01,9.999999999999998890e-01,1.000000000000000000e+00,2.350000000000000089e+00,9.999999999999998890e-01,8.250337508494028915e-01,-5.650834539776981025e-01
3.442267611504793479e+01,1.000000000000000000e+00,1.000000000000000000e+00,2.349999999999999645e+00,1.000000000000000000e+00,8.248898350509075161e-01,-5.652935167058671384e-01
3.443726552730304036e+01,1.000000000000000000e+00,1.000000000000000000e+00,2.349999999999999645e+00,1.000000000000000000e+00,8.247458657681168148e-01,-5.655035427814748550e-01
3.445185493955814593e+01,9.999999999999998890e-01,1.000000000000000000e+00,2.350000000000000089e+00,9.999999999999998890e-01,8.246018430103656538e-01,-5.657135321909033676e-01
3.446644435181325861e+01,9.999999999999998890e-01,1.000000000000000000e+00,2.350000000000000089e+00,9.999999999999998890e-01,8.244577667869920079e-01,-5.659234849205375673e-01
3.448103376406835707e+01,9.999999999999998890e-01,1.000000000000000000e+00,2.350000000000000089e+00,9.999999999999998890e-01,8.243136371073376267e-01,-5.661334009567643433e-01
3.449562317632346264e+01,9.999999999999998890e-01,1.000000000000000000e+00,2.350000000000000089e+00,9.999999999999998890e-01,8.241694539807477016e-01,-5.663432802859730275e-01
3.451021258857857532e+01,9.999999999999998890e-01,1.000000000000000000e+00,2.350000000000000089e+00,9.999999999999998890e-01,8.240252174165705323e-01,-5.665531228945558384e-01
3.452480200083367379e+01,9.999999999999998890e-01,1.000000000000000000e+00,2.350000000000000089e+00,9.999999999999998890e-01,8.238809274241583047e-01,-5.667629287689066597e-01
3.453939141308878646e+01,9.999999999999998890e-01,1.000000000000000000e+00,2.350000000000000089e+00,9.999999999999998890e-01,8.237365840128665351e-01,-5.669726978954221508e-01
3.455398082534389204e+01,9.999999999999998890e-01,1.000000000000000000e+00,2.350000000000000089e+00,9.999999999999998890e-01,8.235921871920541815e-01,-5.671824302605013024e-01
3.456857023759899761e+01,9.999999999999998890e-01,1.000000000000000000e+00,2.350000000000000089e+00,9.999999999999998890e-01,8.234477369710835326e-01,-5.673921258505454368e-01
3.458315964985410318e+01,9.999999999999998890e-01,1.000000000000000000e+00,2.350000000000000089e+00,9.999999999999998890e-01,8.233032333593206520e-01,-5.676017846519583188e-01
3.459774906210920875e+01,1.000000000000000000e+00,1.000000000000000000e+00,2.349999999999999645e+00,1.000000000000000000e+00,8.231586763661347117e-01,-5.678114066511459335e-01
3.461233847436431432e+01,9.999999999999998890e-01,1.000000000000000000e+00,2.350000000000000089e+00,9.999999999999998890e-01,8.230140660008985476e-01,-5.680209918345171527e-01
3.462692788661941989e+01,9.999999999999998890e-01,1.000000000000000000e+00,2.350000000000000089e+00,9.999999999999998890e-01,8.228694022729885482e-01,-5.682305401884824025e-01
3.464151729887453257e+01,1.000000000000000000e+00,1.000000000000000000e+00,2.349999999999999645e+00,1.000000000000000000e+00,8.227246851917842108e-01,-5.684400516994553287e-01
3.465610671112963104e+01,9.999999999999998890e-01,1.000000000000000000e+00,2.350000000000000089e+00,9.999999999999998890e-01,8.225799147666690292e-01,-5.686495263538514644e-01
3.467069612338474371e+01,1.000000000000000000e+00,1.000000000000000000e+00,2.349999999999999645e+00,1.000000000000000000e+00,8.224350910070292731e-01,-5.688589641380887851e-01
3.468528553563984929e+01,9.999999999999998890e-01,1.000000000000000000e+00,2.350000000000000089e+00,9.999999999999998890e-01,8.222902139222554307e-01,-5.690683650385878201e-01
3.469987494789494775e+01,9.999999999999998890e-01,1.000000000000000000e+00,2.350000000000000089e+00,9.999999999999998890e-01,8.221452835217407662e-01,-5.692777290417714298e-01
3.471446436015006043e+01,9.999999999999998890e-01,1.000000000000000000e+00,2.350000000000000089e+00,9.999999999999998890e-01,8.220002998148823181e-01,-5.694870561340649173e-01
3.472905377240516600e+01,9.999999999999998890e-01,1.000000000000000000e+00,2.350000000000000089e+00,9.999999999999998890e-01,8.218552628110806779e-01,-5.696963463018956952e-01
3.474364318466027157e+01,9.999999999999998890e-01,1.000000000000000000e+00,2.350000000000000089e+00,9.999999999999998890e-01,8.217101725197396567e-01,-5.699055995316940626e-01
3.475823259691537714e+01,9.999999999999998890e-01,1.000000000000000000e+00,2.350000000000000089e+00,9.999999999999998890e-01,8.215650289502668402e-01,-5.701148158098920948e-01
3.477282200917048982e+01,9.999999999999998890e-01,1.000000000000000000e+00,2.350000000000000089e+00,9.999999999999998890e-01,8.214198321120728119e-01,-5.703239951229249760e-01
3.478741142142558829e+01,9.999999999999998890e-01,1.000000000000000000e+00,2.350000000000000089e+00,9.999999999999998890e-01,8.212745820145719300e-01,-5.705331374572296665e-01
3.480200083368069386e+01,9.999999999999998890e-01,1.000000000000000000e+00,2.350000000000000089e+00,9.999999999999998890e-01,8.211292786671821053e-01,-5.707422427992457914e-01
3.481659024593580654e+01,9.999999999999998890e-01,1.000000000000000000e+00,2.350000000000000089e+00,9.999999999999998890e-01,8.209839220793242465e-01,-5.709513111354155290e-01
3.483117965819090500e+01,9.999999999999998890e-01,1.000000000000000000e+00,2.350000000000000089e+00,9.999999999999998890e-01,8.208385122604232587e-01,-5.711603424521830563e-01
3.484576907044601768e+01,9.999999999999998890e-01,1.000000000000000000e+00,2.350000000000000089e+00,9.999999999999998890e-01,8.206930492199069338e-01,-5.713693367359954367e-01
3.486035848270112325e+01,9.999999999999998890e-01,1.000000000000000000e+00,2.350000000000000089e+00,9.999999999999998890e-01,8.205475329672072826e-01,-5.715782939733015100e-01
3.487494789495622882e+01,9.999999999999998890e-01,1.000000000000000000e+00,2.350000000000000089e+00,9.999999999999998890e-01,8.204019635117588694e-01,-5.717872141505533357e-01
3.488953730721133439e+01,9.999999999999998890e-01,1.000000000000000000e+00,2.350000000000000089e+00,9.999999999999998890e-01,8.202563408630003661e-01,-5.719960972542045274e-01
3.490412671946643997e+01,9.999999999999998890e-01,1.000000000000000000e+00,2.350000000000000089e+00,9.999999999999998890e-01,8.201106650303736645e-01,-5.722049432707115857e-01
3.491871613172154554e+01,9.999999999999998890e-01,1.000000000000000000e+00,2.350000000000000089e+00,9.999999999999998890e-01,8.199649360233238760e-01,-5.724137521865336753e-01
3.493330554397665111e+01,9.999999999999998890e-01,1.000000000000000000e+00,2.350000000000000089e+00,9.999999999999998890e-01,8.198191538513001086e-01,-5.726225239881315154e-01
3.494789495623176379e+01,9.999999999999998890e-01,1.000000000000000000e+00,2.350000000000000089e+00,9.999999999999998890e-01,8.196733185237544683e-01,-5.728312586619691560e-01
3.496248436848686936e+01,9.999999999999998890e-01,1.000000000000000000e+00,2.350000000000000089e+00,9.999999999999998890e-01,8.195274300501426135e-01,-5.730399561945123121e-01
3.497707378074197493e+01,9.999999999999998890e-01,1.000000000000000000e+00,2.350000000000000089e+00,9.999999999999998890e-01,8.193814884399237553e-01,-5.732486165722296967e-01
3.499166319299708050e+01,9.999999999999998890e-01,1.000000000000000000e+00,2.350000000000000089e+00,9.999999999999998890e-01,8.192354937025603245e-01,-5.734572397815919098e-01
3.500625260525218607e+01,1.000000000000000000e+00,1.000000000000000000e+00,2.349999999999999645e+00,1.000000000000000000e+00,8.190894458475185269e-01,-5.736658258090723272e-01
3.502084201750729164e+01,9.999999999999998890e-01,1.000000000000000000e+00,2.350000000000000089e+00,9.999999999999998890e-01,8.189433448842676766e-01,-5.738743746411468782e-01
3.503543142976239722e+01,9.999999999999998890e-01,1.000000000000000000e+00,2.350000000000000089e+00,9.999999999999998890e-01,8.187971908222808626e-01,-5.740828862642931574e-01
3.505002084201750989e+01,9.999999999999998890e-01,1.000000000000000000e+00,2.350000000000000089e+00,9.999999999999998890e-01,8.186509836710341714e-01,-5.742913606649922009e-01
3.506461025427260836e+01,9.999999999999998890e-01,1.000000000000000000e+00,2.350000000000000089e+00,9.999999999999998890e-01,8.185047234400076865e-01,-5.744997978297264885e-01
3.507919966652772104e+01,9.999999999999998890e-01,1.000000000000000000e+00,2.350000000000000089e+00,9.999999999999998890e-01,8.183584101386843779e-01,-5.747081977449814971e-01
3.509378907878282661e+01,9.999999999999998890e-01,1.000000000000000000e+00,2.350000000000000089e+00,9.999999999999998890e-01,8.182120437765512122e-01,-5.749165603972450356e-01
3.510837849103792507e+01,9.999999999999998890e-01,1.000000000000000000e+00,2.350000000000000089e+00,9.999999999999998890e-01,8.180656243630980429e-01,-5.751248857730071329e-01
3.512296790329303775e+01,9.999999999999998890e-01,1.000000000000000000e+00,2.350000000000000089e+00,9.999999999999998890e-01,8.179191519078184980e-01,-5.753331738587605937e-01
3.513755731554814332e+01,9.999999999999998890e-01,1.000000000000000000e+00,2.350000000000000089e+00,9.999999999999998890e-01,8.177726264202097584e-01,-5.755414246410002210e-01
3.515214672780324889e+01,9.999999999999998890e-01,1.000000000000000000e+00,2.350000000000000089e+00,9.999999999999998890e-01,8.176260479097718914e-01,-5.757496381062234825e-01
3.516673614005835447e+01,9.999999999999998890e-01,1.000000000000000000e+00,2.350000000000000089e+00,9.999999999999998890e-01,8.174794163860091833e-01,-5.759578142409301771e-01
3.518132555231346714e+01,9.999999999999998890e-01,1.000000000000000000e+00,2.350000000000000089e+00,9.999999999999998890e-01,8.173327318584285850e-01,-5.761659530316226574e-01
3.519591496456856561e+01,9.999999999999998890e-01,1.000000000000000000e+00,2.350000000000000089e+00,9.999999999999998890e-01,8.171859943365411549e-01,-5.763740544648053854e-01
3.521050437682367118e+01,9.999999999999998890e-01,1.000000000000000000e+00,2.350000000000000089e+00,9.999999999999998890e-01,8.170392038298609494e-01,-5.765821185269857097e-01
3.522509378907878386e+01,9.999999999999998890e-01,1.000000000000000000e+00,2.350000000000000089e+00,9.999999999999998890e-01,8.168923603479054663e-01,-5.767901452046729771e-01
3.523968320133388232e+01,9.999999999999998890e-01,1.000000000000000000e+00,2.350000000000000089e+00,9.999999999999998890e-01,8.167454639001958672e-01,-5.769981344843791993e-01
3.525427261358899500e+01,9.999999999999998890e-01,1.000000000000000000e+00,2.350000000000000089e+00,9.999999999999998890e-01,8.165985144962566444e-01,-5.772060863526188301e-01
3.526886202584410057e+01,9.999999999999998890e-01,1.000000000000000000e+00,2.350000000000000089e+00,9.999999999999998890e-01,8.164515121456157321e-01,-5.774140007959085441e-01
3.528345143809920614e+01,1.000000000000000000e+00,1.000000000000000000e+00,2.349999999999999645e+00,1.000000000000000000e+00,8.163044568578043947e-01,-5.776218778007675692e-01
3.529804085035431171e+01,1.000000000000000000e+00,1.000000000000000000e+00,2.349999999999999645e+00,1.000000000000000000e+00,8.161573486423575607e-01,-5.778297173537175757e-01
3.531263026260941729e+01,1.000000000000000000e+00,1.000000000000000000e+00,2.349999999999999645e+00,1.000000000000000000e+00,8.160101875088133783e-01,-5.780375194412825657e-01
3.532721967486452286e+01,9.999999999999998890e-01,1.000000000000000000e+00,2.350000000000000089e+00,9.999999999999998890e-01,8.158629734667134370e-01,-5.782452840499893165e-01
3.534180908711962843e+01,9.999999999999998890e-01,1.000000000000000000e+00,2.350000000000000089e+00,9.999999999999998890e-01,8.157157065256029904e-01,-5.784530111663663821e-01
3.535639849937474111e+01,9.999999999999998890e-01,1.000000000000000000e+00,2.350000000000000089e+00,9.999999999999998890e-01,8.155683866950302896e-01,-5.786607007769454247e-01
3.537098791162983957e+01,9.999999999999998890e-01,1.000000000000000000e+00,2.350000000000000089e+00,9.999999999999998890e-01,8.154210139845474714e-01,-5.788683528682601054e-01
3.538557732388495225e+01,9.999999999999998890e-01,1.000000000000000000e+00,2.350000000000000089e+00,9.999999999999998890e-01,8.152735884037097813e-01,-5.790759674268467494e-01
3.540016673614005782e+01,9.999999999999998890e-01,1.000000000000000000e+00,2.350000000000000089e+00,9.999999999999998890e-01,8.151261099620761286e-01,-5.792835444392437916e-01
3.541475614839515629e+01,9.999999999999998890e-01,1.000000000000000000e+00,2.350000000000000089e+00,9.999999999999998890e-01,8.149785786692087530e-01,-5.794910838919925533e-01
3.542934556065026896e+01,9.999999999999998890e-01,1.000000000000000000e+00,2.350000000000000089e+00,9.999999999999998890e-01,8.148309945346731142e-01,-5.796985857716366874e-01
3.544393497290537454e+01,9.999999999999998890e-01,1.000000000000000000e+00,2.350000000000000089e+00,9.999999999999998890e-01,8.146833575680384465e-01,-5.799060500647218452e-01
3.545852438516048011e+01,9.999999999999998890e-01,1.000000000000000000e+00,2.350000000000000089e+00,9.999999999999998890e-01,8.145356677788772037e-01,-5.801134767577966755e-01
3.547311379741558568e+01,9.999999999999998890e-01,1.000000000000000000e+00,2.350000000000000089e+00,9.999999999999998890e-01,8.143879251767652816e-01,-5.803208658374117146e-01
3.548770320967069836e+01,9.999999999999998890e-01,1.000000000000000000e+00,2.350000000000000089e+00,9.999999999999998890e-01,8.142401297712821284e-01,-5.805282172901207183e-01
3.550229262192579682e+01,9.999999999999998890e-01,1.000000000000000000e+00,2.350000000000000089e+00,9.999999999999998890e-01,8.140922815720105232e-01,-5.807355311024789968e-01
3.551688203418090239e+01,9.999999999999998890e-01,1.000000000000000000e+00,2.350000000000000089e+00,9.999999999999998890e-01,8.139443805885365757e-01,-5.809428072610448579e-01
3.553147144643601507e+01,9.999999999999998890e-01,1.000000000000000000e+00,2.350000000000000089e+00,9.999999999999998890e-01,8.137964268304498372e-01,-5.811500457523790519e-01
3.554606085869111354e+01,9.999999999999998890e-01,1.000000000000000000e+00,2.350000000000000089e+00,9.999999999999998890e-01,8.136484203073435229e-01,-5.813572465630444386e-01
3.556065027094622621e+01,9.999999999999998890e-01,1.000000000000000000e+00,2.350000000000000089e+00,9.999999999999998890e-01,8.135003610288139564e-01,-5.815644096796066531e-01
3.557523968320133179e+01,1.000000000000000000e+00,1.000000000000000000e+00,2.349999999999999645e+00,1.000000000000000000e+00,8.133522490044611253e-01,-5.817715350886333292e-01
3.558982909545643736e+01,9.999999999999998890e-01,1.000000000000000000e+00,2.350000000000000089e+00,9.999999999999998890e-01,8.132040842438883477e-01,-5.819786227766953202e-01
3.560441850771154293e+01,1.000000000000000000e+00,1.000000000000000000e+00,2.349999999999999645e+00,1.000000000000000000e+00,8.130558667567021613e-01,-5.821856727303650336e-01
3.561900791996664850e+01,9.999999999999998890e-01,1.000000000000000000e+00,2.350000000000000089e+00,9.999999999999998890e-01,8.129075965525129899e-01,-5.823926849362178748e-01
3.563359733222175407e+01,9.999999999999998890e-01,1.000000000000000000e+00,2.350000000000000089e+00,9.999999999999998890e-01,8.127592736409341434e-01,-5.825996593808318025e-01
3.564818674447685964e+01,9.999999999999998890e-01,1.000000000000000000e+00,2.350000000000000089e+00,9.999999999999998890e-01,8.126108980315827068e-01,-5.828065960507865517e-01
3.566277615673197232e+01,9.999999999999998890e-01,1.000000000000000000e+00,2.350000000000000089e+00,9.999999999999998890e-01,8.124624697340789847e-01,-5.830134949326651883e-01
3.567736556898707079e+01,9.999999999999998890e-01,1.000000000000000000e+00,2.350000000000000089e+00,9.999999999999998890e-01,8.123139887580469454e-01,-5.832203560130523323e-01
3.569195498124218346e+01,9.999999999999998890e-01,1.000000000000000000e+00,2.350000000000000089e+00,9.999999999999998890e-01,8.121654551131136657e-01,-5.834271792785359345e-01
3.570654439349728904e+01,9.999999999999998890e-01,1.000000000000000000e+00,2.350000000000000089e+00,9.999999999999998890e-01,8.120168688089099973e-01,-5.836339647157056110e-01
3.572113380575239461e+01,1.000000000000000000e+00,1.000000000000000000e+00,2.349999999999999645e+00,1.000000000000000000e+00,8.118682298550696785e-01,-5.838407123111539754e-01
3.573572321800750018e+01,9.999999999999998890e-01,1.000000000000000000e+00,2.350000000000000089e+00,9.999999999999998890e-01,8.117195382612304444e-01,-5.840474220514759729e-01
3.575031263026260575e+01,9.999999999999998890e-01,1.000000000000000000e+00,2.350000000000000089e+00,9.999999999999998890e-01,8.115707940370330276e-01,-5.842540939232687691e-01
3.576490204251771132e+01,1.000000000000000000e+00,1.000000000000000000e+00,2.349999999999999645e+00,1.000000000000000000e+00,8.114219971921217134e-01,-5.844607279131321942e-01
3.577949145477281689e+01,9.999999999999998890e-01,1.000000000000000000e+00,2.350000000000000089e+00,9.999999999999998890e-01,8.112731477361444510e-01,-5.846673240076685207e-01
3.579408086702792957e+01,9.999999999999998890e-01,1.000000000000000000e+00,2.350000000000000089e+00,9.999999999999998890e-01,8.111242456787519650e-01,-5.848738821934824639e-01
3.580867027928302804e+01,9.999999999999998890e-01,1.000000000000000000e+00,2.350000000000000089e+00,9.999999999999998890e-01,8.109752910295991990e-01,-5.850804024571810702e-01
3.582325969153813361e+01,9.999999999999998890e-01,1.000000000000000000e+00,2.350000000000000089e+00,9.999999999999998890e-01,8.108262837983437610e-01,-5.852868847853740508e-01
3.583784910379324629e+01,9.999999999999998890e-01,1.000000000000000000e+00,2.350000000000000089e+00,9.999999999999998890e-01,8.106772239946471448e-01,-5.854933291646735594e-01
3.585243851604835186e+01,9.999999999999998890e-01,1.000000000000000000e+00,2.350000000000000089e+00,9.999999999999998890e-01,8.105281116281740639e-01,-5.856997355816939699e-01
3.586702792830345743e+01,9.999999999999998890e-01,1.000000000000000000e+00,2.350000000000000089e+00,9.999999999999998890e-01,8.103789467085926734e-01,-5.859061040230524320e-01
3.588161734055856300e+01,9.999999999999998890e-01,1.000000000000000000e+00,2.350000000000000089e+00,9.999999999999998890e-01,8.102297292455745703e-01,-5.861124344753683157e-01
3.589620675281366857e+01,9.999999999999998890e-01,1.000000000000000000e+00,2.350000000000000089e+00,9.999999999999998890e-01,8.100804592487947930e-01,-5.863187269252635447e-01
3.591079616506877414e+01,1.000000000000000000e+00,1.000000000000000000e+00,2.349999999999999645e+00,1.000000000000000000e+00,8.099311367279315999e-01,-5.865249813593624850e-01
3.592538557732387972e+01,9.999999999999998890e-01,1.000000000000000000e+00,2.350000000000000089e+00,9.999999999999998890e-01,8.097817616926669126e-01,-5.867311977642920562e-01
3.593997498957899239e+01,9.999999999999998890e-01,1.000000000000000000e+00,2.350000000000000089e+00,9.999999999999998890e-01,8.096323341526857620e-01,-5.869373761266816203e-01
3.595456440183409086e+01,9.999999999999998890e-01,1.000000000000000000e+00,2.350000000000000089e+00,9.999999999999998890e-01,8.094828541176769532e-01,-5.871435164331627599e-01
3.596915381408920354e+01,9.999999999999998890e-01,1.000000000000000000e+00,2.350000000000000089e+00,9.999999999999998890e-01,8.093333215973322892e-01,-5.873496186703700550e-01
3.598374322634430911e+01,9.999999999999998890e-01,1.000000000000000000e+00,2.350000000000000089e+00,9.999999999999998890e-01,8.091837366013473476e-01,-5.875556828249398622e-01
3.599833263859941468e+01,9.999999999999998890e-01,1.000000000000000000e+00,2.350000000000000089e+00,9.999999999999998890e-01,8.090340991394208148e-01,-5.877617088835116466e-01
3.601292205085452025e+01,9.999999999999998890e-01,1.000000000000000000e+00,2.350000000000000089e+00,9.999999999999998890e-01,8.088844092212549297e-01,-5.879676968327268716e-01
3.602751146310962582e+01,9.999999999999998890e-01,1.000000000000000000e+00,2.350000000000000089e+00,9.999999999999998890e-01,8.087346668565553731e-01,-5.881736466592297763e-01
3.604210087536473139e+01,9.999999999999998890e-01,1.000000000000000000e+00,2.350000000000000089e+00,9.999999999999998890e-01,8.085848720550310453e-01,-5.883795583496669312e-01
3.605669028761983697e+01,9.999999999999998890e-01,1.000000000000000000e+00,2.350000000000000089e+00,9.999999999999998890e-01,8.084350248263943994e-01,-5.885854318906874605e-01
3.607127969987494964e+01,9.999999999999998890e-01,1.000000000000000000e+00,2.350000000000000089e+00,9.999999999999998890e-01,8.082851251803612191e-01,-5.887912672689429305e-01
3.608586911213004811e+01,9.999999999999998890e-01,1.000000000000000000e+00,2.350000000000000089e+00,9.999999999999998890e-01,8.081351731266508409e-01,-5.889970644710872394e-01
3.610045852438516079e+01,1.000000000000000000e+00,1.000000000000000000e+00,2.349999999999999645e+00,1.000000000000000000e+00,8.079851686749855988e-01,-5.892028234837770606e-01
3.611504793664026636e+01,1.000000000000000000e+00,1.000000000000000000e+00,2.349999999999999645e+00,1.000000000000000000e+00,8.078351118350918236e-01,-5.894085442936711772e-01
3.612963734889536482e+01,9.999999999999998890e-01,1.000000000000000000e+00,2.350000000000000089e+00,9.999999999999998890e-01,8.076850026166988439e-01,-5.896142268874311476e-01
3.614422676115047750e+01,9.999999999999998890e-01,1.000000000000000000e+00,2.350000000000000089e+00,9.999999999999998890e-01,8.075348410295393187e-01,-5.898198712517209730e-01
3.615881617340558307e+01,1.000000000000000000e+00,1.000000000000000000e+00,2.349999999999999645e+00,1.000000000000000000e+00,8.073846270833494598e-01,-5.900254773732068747e-01
3.617340558566068864e+01,9.999999999999998890e-01,1.000000000000000000e+00,2.350000000000000089e+00,9.999999999999998890e-01,8.072343607878689209e-01,-5.902310452385579609e-01
3.618799499791579422e+01,9.999999999999998890e-01,1.000000000000000000e+00,2.350000000000000089e+00,9.999999999999998890e-01,8.070840421528406861e-01,-5.904365748344454490e-01
3.620258441017090689e+01,9.999999999999998890e-01,1.000000000000000000e+00,2.350000000000000089e+00,9.999999999999998890e-01,8.069336711880110702e-01,-5.906420661475432210e-01
3.621717382242600536e+01,9.999999999999998890e-01,1.000000000000000000e+00,2.350000000000000089e+00,9.999999999999998890e-01,8.067832479031299409e-01,-5.908475191645276015e-01
3.623176323468111093e+01,9.999999999999998890e-01,1.000000000000000000e+00,2.350000000000000089e+00,9.999999999999998890e-01,8.066327723079503853e-01,-5.910529338720773573e-01
3.624635264693622361e+01,9.999999999999998890e-01,1.000000000000000000e+00,2.350000000000000089e+00,9.999999999999998890e-01,8.064822444122289324e-01,-5.912583102568739202e-01
3.626094205919132207e+01,9.999999999999998890e-01,1.000000000000000000e+00,2.350000000000000089e+00,9.999999999999998890e-01,8.063316642257256639e-01,-5.914636483056009419e-01
3.627553147144643475e+01,1.000000000000000000e+00,1.000000000000000000e+00,2.349999999999999645e+00,1.000000000000000000e+00,8.061810317582036589e-01,-5.916689480049448502e-01
3.629012088370154032e+01,9.999999999999998890e-01,1.000000000000000000e+00,2.350000000000000089e+00,9.999999999999998890e-01,8.060303470194299935e-01,-5.918742093415942929e-01
3.630471029595664589e+01,9.999999999999998890e-01,1.000000000000000000e+00,2.350000000000000089e+00,9.999999999999998890e-01,8.058796100191744083e-01,-5.920794323022404715e-01
3.631929970821175147e+01,9.999999999999998890e-01,1.000000000000000000e+00,2.350000000000000089e+00,9.999999999999998890e-01,8.057288207672107516e-01,-5.922846168735771410e-01
3.633388912046685704e+01,9.999999999999998890e-01,1.000000000000000000e+00,2.350000000000000089e+00,9.999999999999998890e-01,8.055779792733156475e-01,-5.924897630423006101e-01
3.634847853272196261e+01,9.999999999999998890e-01,1.000000000000000000e+00,2.350000000000000089e+00,9.999999999999998890e-01,8.054270855472693835e-01,-5.926948707951095185e-01
3.636306794497706818e+01,9.999999999999998890e-01,1.000000000000000000e+00,2.350000000000000089e+00,9.999999999999998890e-01,8.052761395988558002e-01,-5.928999401187050600e-01
3.637765735723218086e+01,1.000000000000000000e+00,1.000000000000000000e+00,2.349999999999999645e+00,1.000000000000000000e+00,8.051251414378618465e-01,-5.931049709997909813e-01
3.639224676948727932e+01,9.999999999999998890e-01,1.000000000000000000e+00,2.350000000000000089e+00,9.999999999999998890e-01,8.049740910740780242e-01,-5.933099634250734722e-01
3.640683618174239200e+01,9.999999999999998890e-01,1.000000000000000000e+00,2.350000000000000089e+00,9.999999999999998890e-01,8.048229885172979436e-01,-5.935149173812611645e-01
3.642142559399749757e+01,9.999999999999998890e-01,1.000000000000000000e+00,2.350000000000000089e+00,9.999999999999998890e-01,8.046718337773191010e-01,-5.937198328550651327e-01
3.643601500625259604e+01,9.999999999999998890e-01,1.000000000000000000e+00,2.350000000000000089e+00,9.999999999999998890e-01,8.045206268639419900e-01,-5.939247098331992269e-01
3.645060441850770871e+01,9.999999999999998890e-01,1.000000000000000000e+00,2.350000000000000089e+00,9.999999999999998890e-01,8.043693677869704350e-01,-5.941295483023795176e-01
3.646519383076281429e+01,9.999999999999998890e-01,1.000000000000000000e+00,2.350000000000000089e+00,9.999999999999998890e-01,8.042180565562119243e-01,-5.943343482493247398e-01
3.647978324301791986e+01,9.999999999999998890e-01,1.000000000000000000e+00,2.350000000000000089e+00,9.999999999999998890e-01,8.040666931814770546e-01,-5.945391096607559600e-01
3.649437265527302543e+01,9.999999999999998890e-01,1.000000000000000000e+00,2.350000000000000089e+00,9.999999999999998890e-01,8.039152776725800864e-01,-5.947438325233969092e-01
3.650896206752813811e+01,9.999999999999998890e-01,1.000000000000000000e+00,2.350000000000000089e+00,9.999999999999998890e-01,8.037638100393384999e-01,-5.949485168239737609e-01
3.652355147978323657e+01,9.999999999999998890e-01,1.000000000000000000e+00,2.350000000000000089e+00,9.999999999999998890e-01,8.036122902915732169e-01,-5.951531625492150201e-01
3.653814089203834214e+01,9.999999999999998890e-01,1.000000000000000000e+00,2.350000000000000089e+00,9.999999999999998890e-01,8.034607184391082679e-01,-5.953577696858519674e-01
3.655273030429345482e+01,9.999999999999998890e-01,1.000000000000000000e+00,2.350000000000000089e+00,9.999999999999998890e-01,8.033090944917714582e-01,-5.955623382206183258e-01
3.656731971654855329e+01,1.000000000000000000e+00,1.000000000000000000e+00,2.349999999999999645e+00,1.000000000000000000e+00,8.031574184593938126e-01,-5.957668681402500388e-01
3.658190912880366596e+01,9.999999999999998890e-01,1.000000000000000000e+00,2.350000000000000089e+00,9.999999999999998890e-01,8.030056903518096867e-01,-5.959713594314860474e-01
3.659649854105877154e+01,9.999999999999998890e-01,1.000000000000000000e+00,2.350000000000000089e+00,9.999999999999998890e-01,8.028539101788568777e-01,-5.961758120810672912e-01
3.661108795331387711e+01,9.999999999999998890e-01,1.000000000000000000e+00,2.350000000000000089e+00,9.999999999999998890e-01,8.027020779503762915e-01,-5.963802260757377072e-01
3.662567736556898268e+01,9.999999999999998890e-01,1.000000000000000000e+00,2.350000000000000089e+00,9.999999999999998890e-01,8.025501936762128308e-01,-5.965846014022431198e-01
3.664026677782408825e+01,9.999999999999998890e-01,1.000000000000000000e+00,2.350000000000000089e+00,9.999999999999998890e-01,8.023982573662140627e-01,-5.967889380473324623e-01
3.665485619007919382e+01,1.000000000000000000e+00,1.000000000000000000e+00,2.349999999999999645e+00,1.000000000000000000e+00,8.022462690302313293e-01,-5.969932359977569991e-01
3.666944560233429939e+01,9.999999999999998890e-01,1.000000000000000000e+00,2.350000000000000089e+00,9.999999999999998890e-01,8.020942286781195252e-01,-5.971974952402702153e-01
3.668403501458941207e+01,9.999999999999998890e-01,1.000000000000000000e+00,2.350000000000000089e+00,9.999999999999998890e-01,8.019421363197362096e-01,-5.974017157616285933e-01
3.669862442684451764e+01,1.000000000000000000e+00,1.000000000000000000e+00,2.349999999999999645e+00,1.000000000000000000e+00,8.017899919649430496e-01,-5.976058975485905034e-01
3.671321383909962321e+01,9.999999999999998890e-01,1.000000000000000000e+00,2.350000000000000089e+00,9.999999999999998890e-01,8.016377956236048208e-01,-5.978100405879175350e-01
3.672780325135472879e+01,9.999999999999998890e-01,1.000000000000000000e+00,2.350000000000000089e+00,9.999999999999998890e-01,8.014855473055895185e-01,-5.980141448663732762e-01
3.674239266360983436e+01,9.999999999999998890e-01,1.000000000000000000e+00,2.350000000000000089e+00,9.999999999999998890e-01,8.013332470207686908e-01,-5.982182103707238685e-01
3.675698207586493993e+01,9.999999999999998890e-01,1.000000000000000000e+00,2.350000000000000089e+00,9.999999999999998890e-01,8.011808947790172164e-01,-5.984222370877384511e-01
3.677157148812004550e+01,1.000000000000000000e+00,1.000000000000000000e+00,2.349999999999999645e+00,1.000000000000000000e+00,8.010284905902131936e-01,-5.986262250041879396e-01
3.678616090037515818e+01,9.999999999999998890e-01,1.000000000000000000e+00,2.350000000000000089e+00,9.999999999999998890e-01,8.008760344642383844e-01,-5.988301741068464690e-01
3.680075031263025664e+01,9.999999999999998890e-01,1.000000000000000000e+00,2.350000000000000089e+00,9.999999999999998890e-01,8.007235264109777706e-01,-5.990340843824900618e-01
3.681533972488536932e+01,9.999999999999998890e-01,1.000000000000000000e+00,2.350000000000000089e+00,9.999999999999998890e-01,8.005709664403195536e-01,-5.992379558178977383e-01
3.682992913714047489e+01,9.999999999999998890e-01,1.000000000000000000e+00,2.350000000000000089e+00,9.999999999999998890e-01,8.004183545621554874e-01,-5.994417883998508501e-01
3.684451854939557336e+01,1.000000000000000000e+00,1.000000000000000000e+00,2.349999999999999645e+00,1.000000000000000000e+00,8.002656907863806568e-01,-5.996455821151331911e-01
3.685910796165068604e+01,1.000000000000000000e+00,1.000000000000000000e+00,2.349999999999999645e+00,1.000000000000000000e+00,8.001129751228934772e-01,-5.998493369505312200e-01
3.687369737390579161e+01,9.999999999999998890e-01,1.000000000000000000e+00,2.350000000000000089e+00,9.999999999999998890e-01,7.999602075815958058e-01,-6.000530528928339491e-01
3.688828678616089718e+01,9.999999999999998890e-01,1.000000000000000000e+00,2.350000000000000089e+00,9.999999999999998890e-01,7.998073881723927192e-01,-6.002567299288327218e-01
3.690287619841600275e+01,9.999999999999998890e-01,1.000000000000000000e+00,2.350000000000000089e+00,9.999999999999998890e-01,7.996545169051927360e-01,-6.004603680453214354e-01
3.691746561067111543e+01,9.999999999999998890e-01,1.000000000000000000e+00,2.350000000000000089e+00,9.999999999999998890e-01,7.995015937899077052e-01,-6.006639672290967624e-01
3.693205502292621389e+01,9.999999999999998890e-01,1.000000000000000000e+00,2.350000000000000089e+00,9.999999999999998890e-01,7.993486188364530287e-01,-6.008675274669574851e-01
3.694664443518131947e+01,9.999999999999998890e-01,1.000000000000000000e+00,2.350000000000000089e+00,9.999999999999998890e-01,7.991955920547472170e-01,-6.010710487457053830e-01
3.696123384743643214e+01,9.999999999999998890e-01,1.000000000000000000e+00,2.350000000000000089e+00,9.999999999999998890e-01,7.990425134547121111e-01,-6.012745310521443454e-01
3.697582325969153061e+01,9.999999999999998890e-01,1.000000000000000000e+00,2.350000000000000089e+00,9.999999999999998890e-01,7.988893830462733270e-01,-6.014779743730810369e-01
3.699041267194664329e+01,1.000000000000000000e+00,1.000000000000000000e+00,2.349999999999999645e+00,1.000000000000000000e+00,7.987362008393592561e-01,-6.016813786953246757e-01
3.700500208420174886e+01,9.999999999999998890e-01,1.000000000000000000e+00,2.350000000000000089e+00,9.999999999999998890e-01,7.985829668439021756e-01,-6.018847440056868114e-01
3.701959149645685443e+01,9.999999999999998890e-01,1.000000000000000000e+00,2.350000000000000089e+00,9.999999999999998890e-01,7.984296810698372493e-01,-6.020880702909815474e-01
3.703418090871196000e+01,9.999999999999998890e-01,1.000000000000000000e+00,2.350000000000000089e+00,9.999999999999998890e-01,7.982763435271035268e-01,-6.022913575380256512e-01
3.704877032096706557e+01,9.999999999999998890e-01,1.000000000000000000e+00,2.350000000000000089e+00,9.999999999999998890e-01,7.981229542256429443e-01,-6.024946057336383332e-01
3.706335973322217114e+01,9.999999999999998890e-01,1.000000000000000000e+00,2.350000000000000089e+00,9.999999999999998890e-01,7.979695131754008797e-01,-6.026978148646415789e-01
3.707794914547727672e+01,9.999999999999998890e-01,1.000000000000000000e+00,2.350000000000000089e+00,9.999999999999998890e-01,7.978160203863263744e-01,-6.029009849178593727e-01
3.709253855773238939e+01,9.999999999999998890e-01,1.000000000000000000e+00,2.350000000000000089e+00,9.999999999999998890e-01,7.976624758683714678e-01,-6.031041158801188073e-01
3.710712796998748786e+01,9.999999999999998890e-01,1.000000000000000000e+00,2.350000000000000089e+00,9.999999999999998890e-01,7.975088796314917516e-01,-6.033072077382489740e-01
3.712171738224260054e+01,9.999999999999998890e-01,1.000000000000000000e+00,2.350000000000000089e+00,9.999999999999998890e-01,7.973552316856461486e-01,-6.035102604790821834e-01
3.713630679449770611e+01,9.999999999999998890e-01,1.000000000000000000e+00,2.350000000000000089e+00,9.999999999999998890e-01,7.972015320407968009e-01,-6.037132740894525229e-01
3.715089620675280457e+01,9.999999999999998890e-01,1.000000000000000000e+00,2.350000000000000089e+00,9.999999999999998890e-01,7.970477807069094034e-01,-6.039162485561970772e-01
3.716548561900791725e+01,9.999999999999998890e-01,1.000000000000000000e+00,2.350000000000000089e+00,9.999999999999998890e-01,7.968939776939528707e-01,-6.041191838661554847e-01
3.718007503126302282e+01,9.999999999999998890e-01,1.000000000000000000e+00,2.350000000000000089e+00,9.999999999999998890e-01,7.967401230118994482e-01,-6.043220800061696041e-01
3.719466444351812839e+01,9.999999999999998890e-01,1.000000000000000000e+00,2.350000000000000089e+00,9.999999999999998890e-01,7.965862166707248226e-01,-6.045249369630842917e-01
3.720925385577323397e+01,9.999999999999998890e-01,1.000000000000000000e+00,2.350000000000000089e+00,9.999999999999998890e-01,7.964322586804080117e-01,-6.047277547237465134e-01
3.722384326802834664e+01,1.000000000000000000e+00,1.000000000000000000e+00,2.349999999999999645e+00,1.000000000000000000e+00,7.962782490509312527e-01,-6.049305332750058994e-01
3.723843268028344511e+01,9.999999999999998890e-01,1.000000000000000000e+00,2.350000000000000089e+00,9.999999999999998890e-01,7.961241877922804466e-01,-6.051332726037147447e-01
3.725302209253855068e+01,9.999999999999998890e-01,1.000000000000000000e+00,2.350000000000000089e+00,9.999999999999998890e-01,7.959700749144444920e-01,-6.053359726967278975e-01
3.726761150479366336e+01,9.999999999999998890e-01,1.000000000000000000e+00,2.350000000000000089e+00,9.999999999999998890e-01,7.958159104274156181e-01,-6.055386335409025378e-01
3.728220091704876182e+01,9.999999999999998890e-01,1.000000000000000000e+00,2.350000000000000089e+00,9.999999999999998890e-01,7.956616943411899401e-01,-6.057412551230986208e-01
3.729679032930387450e+01,9.999999999999998890e-01,1.000000000000000000e+00,2.350000000000000089e+00,9.999999999999998890e-01,7.955074266657662374e-01,-6.059438374301784336e-01
3.731137974155898007e+01,9.999999999999998890e-01,1.000000000000000000e+00,2.350000000000000089e+00,9.999999999999998890e-01,7.953531074111470645e-01,-6.061463804490070384e-01
3.732596915381408564e+01,9.999999999999998890e-01,1.000000000000000000e+00,2.350000000000000089e+00,9.999999999999998890e-01,7.951987365873380842e-01,-6.063488841664518292e-01
3.734055856606919122e+01,9.999999999999998890e-01,1.000000000000000000e+00,2.350000000000000089e+00,9.999999999999998890e-01,7.950443142043486233e-01,-6.065513485693829754e-01
3.735514797832429679e+01,9.999999999999998890e-01,1.000000000000000000e+00,2.350000000000000089e+00,9.999999999999998890e-01,7.948898402721907841e-01,-6.067537736446728669e-01
3.736973739057940236e+01,9.999999999999998890e-01,1.000000000000000000e+00,2.350000000000000089e+00,9.999999999999998890e-01,7.947353148008806656e-01,-6.069561593791968912e-01
3.738432680283450793e+01,9.999999999999998890e-01,1.000000000000000000e+00,2.350000000000000089e+00,9.999999999999998890e-01,7.945807378004373644e-01,-6.071585057598325452e-01
3.739891621508962061e+01,9.999999999999998890e-01,1.000000000000000000e+00,2.350000000000000089e+00,9.999999999999998890e-01,7.944261092808831970e-01,-6.073608127734602125e-01
3.741350562734471907e+01,9.999999999999998890e-01,1.000000000000000000e+00,2.350000000000000089e+00,9.999999999999998890e-01,7.942714292522442543e-01,-6.075630804069624968e-01
3.742809503959983175e+01,9.999999999999998890e-01,1.000000000000000000e+00,2.350000000000000089e+00,9.999999999999998890e-01,7.941166977245494030e-01,-6.077653086472249999e-01
3.744268445185493732e+01,9.999999999999998890e-01,1.000000000000000000e+00,2.350000000000000089e+00,9.999999999999998890e-01,7.939619147078312844e-01,-6.079674974811354327e-01
3.745727386411004289e+01,9.999999999999998890e-01,1.000000000000000000e+00,2.350000000000000089e+00,9.999999999999998890e-01,7.938070802121257596e-01,-6.081696468955843926e-01
3.747186327636514847e+01,9.999999999999998890e-01,1.000000000000000000e+00,2.350000000000000089e+00,9.999999999999998890e-01,7.936521942474720204e-01,-6.083717568774646978e-01
3.748645268862025404e+01,9.999999999999998890e-01,1.000000000000000000e+00,2.350000000000000089e+00,9.999999999999998890e-01,7.934972568239124779e-01,-6.085738274136720527e-01
3.750104210087535961e+01,9.999999999999998890e-01,1.000000000000000000e+00,2.350000000000000089e+00,9.999999999999998890e-01,7.933422679514929854e-01,-6.087758584911047155e-01
3.751563151313046518e+01,9.999999999999998890e-01,1.000000000000000000e+00,2.350000000000000089e+00,9.999999999999998890e-01,7.931872276402628374e-01,-6.089778500966630537e-01
3.753022092538557786e+01,9.999999999999998890e-01,1.000000000000000000e+00,2.350000000000000089e+00,9.999999999999998890e-01,7.930321359002744375e-01,-6.091798022172506544e-01
3.754481033764068343e+01,9.999999999999998890e-01,1.000000000000000000e+00,2.350000000000000089e+00,9.999999999999998890e-01,7.928769927415837415e-01,-6.093817148397731032e-01
3.755939974989578900e+01,9.999999999999998890e-01,1.000000000000000000e+00,2.350000000000000089e+00,9.999999999999998890e-01,7.927217981742499253e-01,-6.095835879511388722e-01
3.757398916215089457e+01,9.999999999999998890e-01,1.000000000000000000e+00,2.350000000000000089e+00,9.999999999999998890e-01,7.925665522083354952e-01,-6.097854215382587650e-01
3.758857857440600014e+01,9.999999999999998890e-01,1.000000000000000000e+00,2.350000000000000089e+00,9.999999999999998890e-01,7.924112548539061773e-01,-6.099872155880463609e-01
3.760316798666110572e+01,9.999999999999998890e-01,1.000000000000000000e+00,2.350000000000000089e+00,9.999999999999998890e-01,7.922559061210313613e-01,-6.101889700874177924e-01
3.761775739891621129e+01,9.999999999999998890e-01,1.000000000000000000e+00,2.350000000000000089e+00,9.999999999999998890e-01,7.921005060197834347e-01,-6.103906850232915238e-01
3.763234681117131686e+01,9.999999999999998890e-01,1.000000000000000000e+00,2.350000000000000089e+00,9.999999999999998890e-01,7.919450545602382263e-01,-6.105923603825889057e-01
3.764693622342642243e+01,9.999999999999998890e-01,1.000000000000000000e+00,2.350000000000000089e+00,9.999999999999998890e-01,7.917895517524751181e-01,-6.107939961522333983e-01
3.766152563568153511e+01,9.999999999999998890e-01,1.000000000000000000e+00,2.350000000000000089e+00,9.999999999999998890e-01,7.916339976065763784e-01,-6.109955923191517924e-01
3.767611504793664068e+01,9.999999999999998890e-01,1.000000000000000000e+00,2.350000000000000089e+00,9.999999999999998890e-01,7.914783921326279392e-01,-6.111971488702725441e-01
3.769070446019173914e+01,9.999999999999998890e-01,1.000000000000000000e+00,2.350000000000000089e+00,9.999999999999998890e-01,7.913227353407190634e-01,-6.113986657925272183e-01
3.770529387244685182e+01,9.999999999999998890e-01,1.000000000000000000e+00,2.350000000000000089e+00,9.999999999999998890e-01,7.911670272409420113e-01,-6.116001430728500443e-01
3.771988328470195739e+01,9.999999999999998890e-01,1.000000000000000000e+00,2.350000000000000089e+00,9.999999999999998890e-01,7.910112678433928179e-01,-6.118015806981773608e-01
3.773447269695706296e+01,9.999999999999998890e-01,1.000000000000000000e+00,2.350000000000000089e+00,9.999999999999998890e-01,7.908554571581704051e-01,-6.120029786554485041e-01
3.774906210921216854e+01,9.999999999999998890e-01,1.000000000000000000e+00,2.350000000000000089e+00,9.999999999999998890e-01,7.906995951953774693e-01,-6.122043369316050310e-01
3.776365152146728121e+01,9.999999999999998890e-01,1.000000000000000000e+00,2.350000000000000089e+00,9.999999999999998890e-01,7.905436819651197045e-01,-6.124056555135914959e-01
3.777824093372237968e+01,9.999999999999998890e-01,1.000000000000000000e+00,2.350000000000000089e+00,9.999999999999998890e-01,7.903877174775063574e-01,-6.126069343883545626e-01
3.779283034597748525e+01,9.999999999999998890e-01,1.000000000000000000e+00,2.350000000000000089e+00,9.999999999999998890e-01,7.902317017426495616e-01,-6.128081735428436705e-01
3.780741975823259793e+01,9.999999999999998890e-01,1.000000000000000000e+00,2.350000000000000089e+00,9.999999999999998890e-01,7.900756347706653360e-01,-6.130093729640111455e-01
3.782200917048769639e+01,9.999999999999998890e-01,1.000000000000000000e+00,2.350000000000000089e+00,9.999999999999998890e-01,7.899195165716728084e-01,-6.132105326388113120e-01
3.783659858274280907e+01,9.999999999999998890e-01,1.000000000000000000e+00,2.350000000000000089e+00,9.999999999999998890e-01,7.897633471557942153e-01,-6.134116525542016030e-01
3.785118799499791464e+01,9.999999999999998890e-01,1.000000000000000000e+00,2.350000000000000089e+00,9.999999999999998890e-01,7.896071265331553457e-01,-6.136127326971414497e-01
3.786577740725302021e+01,1.000000000000000000e+00,1.000000000000000000e+00,2.349999999999999645e+00,1.000000000000000000e+00,7.894508547138852084e-01,-6.138137730545935034e-01
3.788036681950812579e+01,9.999999999999998890e-01,1.000000000000000000e+00,2.350000000000000089e+00,9.999999999999998890e-01,7.892945317081163648e-01,-6.140147736135225243e-01
3.789495623176323136e+01,9.999999999999998890e-01,1.000000000000000000e+00,2.350000000000000089e+00,9.999999999999998890e-01,7.891381575259842629e-01,-6.142157343608960485e-01
3.790954564401833693e+01,9.999999999999998890e-01,1.000000000000000000e+00,2.350000000000000089e+00,9.999999999999998890e-01,7.889817321776280146e-01,-6.144166552836842765e-01
3.792413505627344250e+01,9.999999999999998890e-01,1.000000000000000000e+00,2.350000000000000089e+00,9.999999999999998890e-01,7.888252556731899512e-01,-6.146175363688596294e-01
3.793872446852855518e+01,9.999999999999998890e-01,1.000000000000000000e+00,2.350000000000000089e+00,9.999999999999998890e-01,7.886687280228156238e-01,-6.148183776033976367e-01
3.795331388078365364e+01,9.999999999999998890e-01,1.000000000000000000e+00,2.350000000000000089e+00,9.999999999999998890e-01,7.885121492366541363e-01,-6.150191789742759374e-01
3.796790329303876632e+01,9.999999999999998890e-01,1.000000000000000000e+00,2.350000000000000089e+00,9.999999999999998890e-01,7.883555193248577009e-01,-6.152199404684750572e-01
3.798249270529387189e+01,9.999999999999998890e-01,1.000000000000000000e+00,2.350000000000000089e+00,9.999999999999998890e-01,7.881988382975818608e-01,-6.154206620729778532e-01
3.799708211754897036e+01,9.999999999999998890e-01,1.000000000000000000e+00,2.350000000000000089e+00,9.999999999999998890e-01,7.880421061649856007e-01,-6.156213437747700690e-01
3.801167152980408304e+01,1.000000000000000000e+00,1.000000000000000000e+00,2.349999999999999645e+00,1.000000000000000000e+00,7.878853229372309031e-01,-6.158219855608398907e-01
3.802626094205918861e+01,9.999999999999998890e-01,1.000000000000000000e+00,2.350000000000000089e+00,9.999999999999998890e-01,7.877284886244836359e-01,-6.160225874181780581e-01
3.804085035431429418e+01,9.999999999999998890e-01,1.000000000000000000e+00,2.350000000000000089e+00,9.999999999999998890e-01,7.875716032369124431e-01,-6.162231493337778643e-01
3.805543976656939975e+01,9.999999999999998890e-01,1.000000000000000000e+00,2.350000000000000089e+00,9.999999999999998890e-01,7.874146667846895209e-01,-6.164236712946351560e-01
3.807002917882451243e+01,9.999999999999998890e-01,1.000000000000000000e+00,2.350000000000000089e+00,9.999999999999998890e-01,7.872576792779901744e-01,-6.166241532877487774e-01
3.808461859107961089e+01,9.999999999999998890e-01,1.000000000000000000e+00,2.350000000000000089e+00,9.999999999999998890e-01,7.871006407269934835e-01,-6.168245953001195714e-01
3.809920800333471647e+01,9.999999999999998890e-01,1.000000000000000000e+00,2.350000000000000089e+00,9.999999999999998890e-01,7.869435511418814144e-01,-6.170249973187513781e-01
3.811379741558982914e+01,9.999999999999998890e-01,1.000000000000000000e+00,2.350000000000000089e+00,9.999999999999998890e-01,7.867864105328391533e-01,-6.172253593306504804e-01
3.812838682784492761e+01,9.999999999999998890e-01,1.000000000000000000e+00,2.350000000000000089e+00,9.999999999999998890e-01,7.866292189100556609e-01,-6.174256813228258256e-01
3.814297624010004029e+01,9.999999999999998890e-01,1.000000000000000000e+00,2.350000000000000089e+00,9.999999999999998890e-01,7.864719762837227846e-01,-6.176259632822890255e-01
3.815756565235514586e+01,1.000000000000000000e+00,1.000000000000000000e+00,2.349999999999999645e+00,1.000000000000000000e+00,7.863146826640359244e-01,-6.178262051960538015e-01
3.817215506461025143e+01,9.999999999999998890e-01,1.000000000000000000e+00,2.350000000000000089e+00,9.999999999999998890e-01,7.861573380611937001e-01,-6.180264070511373165e-01
3.818674447686535700e+01,9.999999999999998890e-01,1.000000000000000000e+00,2.350000000000000089e+00,9.999999999999998890e-01,7.859999424853980621e-01,-6.182265688345583987e-01
3.820133388912046257e+01,9.999999999999998890e-01,1.000000000000000000e+00,2.350000000000000089e+00,9.999999999999998890e-01,7.858424959468540694e-01,-6.184266905333393183e-01
3.821592330137556814e+01,9.999999999999998890e-01,1.000000000000000000e+00,2.350000000000000089e+00,9.999999999999998890e-01,7.856849984557704447e-01,-6.186267721345044546e-01
3.823051271363067372e+01,9.999999999999998890e-01,1.000000000000000000e+00,2.350000000000000089e+00,9.999999999999998890e-01,7.855274500223589085e-01,-6.188268136250807405e-01
3.824510212588578639e+01,9.999999999999998890e-01,1.000000000000000000e+00,2.350000000000000089e+00,9.999999999999998890e-01,7.853698506568347337e-01,-6.190268149920979956e-01
3.825969153814088486e+01,9.999999999999998890e-01,1.000000000000000000e+00,2.350000000000000089e+00,9.999999999999998890e-01,7.852122003694163022e-01,-6.192267762225884820e-01
3.827428095039599754e+01,9.999999999999998890e-01,1.000000000000000000e+00,2.350000000000000089e+00,9.999999999999998890e-01,7.850544991703252151e-01,-6.194266973035872370e-01
3.828887036265110311e+01,9.999999999999998890e-01,1.000000000000000000e+00,2.350000000000000089e+00,9.999999999999998890e-01,7.848967470697867377e-01,-6.196265782221315188e-01
3.830345977490620157e+01,9.999999999999998890e-01,1.000000000000000000e+00,2.350000000000000089e+00,9.999999999999998890e-01,7.847389440780291325e-01,-6.198264189652614720e-01
3.831804918716131425e+01,9.999999999999998890e-01,1.000000000000000000e+00,2.350000000000000089e+00,9.999999999999998890e-01,7.845810902052839930e-01,-6.200262195200200166e-01
3.833263859941641982e+01,9.999999999999998890e-01,1.000000000000000000e+00,2.350000000000000089e+00,9.999999999999998890e-01,7.844231854617863542e-01,-6.202259798734521823e-01
3.834722801167152539e+01,9.999999999999998890e-01,1.000000000000000000e+00,2.350000000000000089e+00,9.999999999999998890e-01,7.842652298577743597e-01,-6.204257000126061072e-01
3.836181742392663097e+01,9.999999999999998890e-01,1.000000000000000000e+00,2.350000000000000089e+00,9.999999999999998890e-01,7.841072234034897059e-01,-6.206253799245321501e-01
3.837640683618174364e+01,9.999999999999998890e-01,1.000000000000000000e+00,2.350000000000000089e+00,9.999999999999998890e-01,7.839491661091770869e-01,-6.208250195962835560e-01
3.839099624843684211e+01,9.999999999999998890e-01,1.000000000000000000e+00,2.350000000000000089e+00,9.999999999999998890e-01,7.837910579850847492e-01,-6.210246190149160128e-01
3.840558566069194768e+01,9.999999999999998890e-01,1.000000000000000000e+00,2.350000000000000089e+00,9.999999999999998890e-01,7.836328990414640483e-01,-6.212241781674877616e-01
3.842017507294706036e+01,9.999999999999998890e-01,1.000000000000000000e+00,2.350000000000000089e+00,9.999999999999998890e-01,7.834746892885696701e-01,-6.214236970410600414e-01
3.843476448520216593e+01,9.999999999999998890e-01,1.000000000000000000e+00,2.350000000000000089e+00,9.999999999999998890e-01,7.833164287366597422e-01,-6.216231756226962002e-01
3.844935389745727150e+01,9.999999999999998890e-01,1.000000000000000000e+00,2.350000000000000089e+00,9.999999999999998890e-01,7.831581173959955011e-01,-6.218226138994625840e-01
3.846394330971237707e+01,1.000000000000000000e+00,1.000000000000000000e+00,2.349999999999999645e+00,1.000000000000000000e+00,7.829997552768416247e-01,-6.220220118584277591e-01
3.847853272196748264e+01,9.999999999999998890e-01,1.000000000000000000e+00,2.350000000000000089e+00,9.999999999999998890e-01,7.828413423894660106e-01,-6.222213694866634004e-01
3.849312213422258822e+01,9.999999999999998890e-01,1.000000000000000000e+00,2.350000000000000089e+00,9.999999999999998890e-01,7.826828787441397761e-01,-6.224206867712434033e-01
3.850771154647769379e+01,9.999999999999998890e-01,1.000000000000000000e+00,2.350000000000000089e+00,9.999999999999998890e-01,7.825243643511374803e-01,-6.226199636992443276e-01
3.852230095873280646e+01,1.000000000000000000e+00,1.000000000000000000e+00,2.349999999999999645e+00,1.000000000000000000e+00,7.823657992207366796e-01,-6.228192002577456199e-01
3.853689037098790493e+01,9.999999999999998890e-01,1.000000000000000000e+00,2.350000000000000089e+00,9.999999999999998890e-01,7.822071833632188165e-01,-6.230183964338290581e-01
3.855147978324301761e+01,9.999999999999998890e-01,1.000000000000000000e+00,2.350000000000000089e+00,9.999999999999998890e-01,7.820485167888678868e-01,-6.232175522145791957e-01
3.856606919549812318e+01,9.999999999999998890e-01,1.000000000000000000e+00,2.350000000000000089e+00,9.999999999999998890e-01,7.818897995079717722e-01,-6.234166675870830288e-01
3.858065860775322875e+01,9.999999999999998890e-01,1.000000000000000000e+00,2.350000000000000089e+00,9.999999999999998890e-01,7.817310315308213520e-01,-6.236157425384305508e-01
3.859524802000833432e+01,9.999999999999998890e-01,1.000000000000000000e+00,2.350000000000000089e+00,9.999999999999998890e-01,7.815722128677107250e-01,-6.238147770557137539e-01
3.860983743226343989e+01,9.999999999999998890e-01,1.000000000000000000e+00,2.350000000000000089e+00,9.999999999999998890e-01,7.814133435289375429e-01,-6.240137711260278497e-01
3.862442684451854547e+01,9.999999999999998890e-01,1.000000000000000000e+00,2.350000000000000089e+00,9.999999999999998890e-01,7.812544235248024549e-01,-6.242127247364703813e-01
3.863901625677365104e+01,9.999999999999998890e-01,1.000000000000000000e+00,2.350000000000000089e+00,9.999999999999998890e-01,7.810954528656096629e-01,-6.244116378741416673e-01
3.865360566902876371e+01,9.999999999999998890e-01,1.000000000000000000e+00,2.350000000000000089e+00,9.999999999999998890e-01,7.809364315616663665e-01,-6.246105105261444690e-01
3.866819508128386218e+01,9.999999999999998890e-01,1.000000000000000000e+00,2.350000000000000089e+00,9.999999999999998890e-01,7.807773596232834290e-01,-6.248093426795841010e-01
3.868278449353897486e+01,9.999999999999998890e-01,1.000000000000000000e+00,2.350000000000000089e+00,9.999999999999998890e-01,7.806182370607744891e-01,-6.250081343215690977e-01
3.869737390579408043e+01,9.999999999999998890e-01,1.000000000000000000e+00,2.350000000000000089e+00,9.999999999999998890e-01,7.804590638844570716e-01,-6.252068854392096586e-01
3.871196331804918600e+01,1.000000000000000000e+00,1.000000000000000000e+00,2.349999999999999645e+00,1.000000000000000000e+00,7.802998401046512544e-01,-6.254055960196195363e-01
3.872655273030429157e+01,9.999999999999998890e-01,1.000000000000000000e+00,2.350000000000000089e+00,9.999999999999998890e-01,7.801405657316813347e-01,-6.256042660499144814e-01
3.874114214255940425e+01,9.999999999999998890e-01,1.000000000000000000e+00,2.350000000000000089e+00,9.999999999999998890e-01,7.799812407758739408e-01,-6.258028955172133534e-01
3.875573155481450272e+01,9.999999999999998890e-01,1.000000000000000000e+00,2.350000000000000089e+00,9.999999999999998890e-01,7.798218652475594759e-01,-6.260014844086371211e-01
3.877032096706960829e+01,9.999999999999998890e-01,1.000000000000000000e+00,2.350000000000000089e+00,9.999999999999998890e-01,7.796624391570717849e-01,-6.262000327113097509e-01
3.878491037932472096e+01,9.999999999999998890e-01,1.000000000000000000e+00,2.350000000000000089e+00,9.999999999999998890e-01,7.795029625147473773e-01,-6.263985404123578737e-01
3.879949979157981943e+01,1.000000000000000000e+00,1.000000000000000000e+00,2.349999999999999645e+00,1.000000000000000000e+00,7.793434353309267593e-01,-6.265970074989103411e-01
3.881408920383493211e+01,9.999999999999998890e-01,1.000000000000000000e+00,2.350000000000000089e+00,9.999999999999998890e-01,7.791838576159532126e-01,-6.267954339580993350e-01
3.882867861609003768e+01,9.999999999999998890e-01,1.000000000000000000e+00,2.350000000000000089e+00,9.999999999999998890e-01,7.790242293801734608e-01,-6.269938197770588140e-01
3.884326802834514325e+01,9.999999999999998890e-01,1.000000000000000000e+00,2.350000000000000089e+00,9.999999999999998890e-01,7.788645506339374469e-01,-6.271921649429261780e-01
3.885785744060024882e+01,9.999999999999998890e-01,1.000000000000000000e+00,2.350000000000000089e+00,9.999999999999998890e-01,7.787048213875985558e-01,-6.273904694428408257e-01
3.887244685285535439e+01,9.999999999999998890e-01,1.000000000000000000e+00,2.350000000000000089e+00,9.999999999999998890e-01,7.785450416515132810e-01,-6.275887332639452643e-01
3.888703626511045996e+01,9.999999999999998890e-01,1.000000000000000000e+00,2.350000000000000089e+00,9.999999999999998890e-01,7.783852114360414465e-01,-6.277869563933844432e-01
3.890162567736556554e+01,9.999999999999998890e-01,1.000000000000000000e+00,2.350000000000000089e+00,9.999999999999998890e-01,7.782253307515460961e-01,-6.279851388183057548e-01
3.891621508962067821e+01,9.999999999999998890e-01,1.000000000000000000e+00,2.350000000000000089e+00,9.999999999999998890e-01,7.780653996083934931e-01,-6.281832805258596997e-01
3.893080450187577668e+01,9.999999999999998890e-01,1.000000000000000000e+00,2.350000000000000089e+00,9.999999999999998890e-01,7.779054180169535648e-01,-6.283813815031988881e-01
3.894539391413088936e+01,9.999999999999998890e-01,1.000000000000000000e+00,2.350000000000000089e+00,9.999999999999998890e-01,7.777453859875990139e-01,-6.285794417374789278e-01
3.895998332638599493e+01,1.000000000000000000e+00,1.000000000000000000e+00,2.349999999999999645e+00,1.000000000000000000e+00,7.775853035307059846e-01,-6.287774612158579801e-01
3.897457273864109339e+01,9.999999999999998890e-01,1.000000000000000000e+00,2.350000000000000089e+00,9.999999999999998890e-01,7.774251706566540632e-01,-6.289754399254968709e-01
3.898916215089620607e+01,9.999999999999998890e-01,1.000000000000000000e+00,2.350000000000000089e+00,9.999999999999998890e-01,7.772649873758258332e-01,-6.291733778535589794e-01
3.900375156315131164e+01,1.000000000000000000e+00,1.000000000000000000e+00,2.349999999999999645e+00,1.000000000000000000e+00,7.771047536986073201e-01,-6.293712749872103496e-01
3.901834097540641721e+01,9.999999999999998890e-01,1.000000000000000000e+00,2.350000000000000089e+00,9.999999999999998890e-01,7.769444696353877688e-01,-6.295691313136199119e-01
3.903293038766152279e+01,9.999999999999998890e-01,1.000000000000000000e+00,2.350000000000000089e+00,9.999999999999998890e-01,7.767841351965597552e-01,-6.297669468199588172e-01
3.904751979991663546e+01,9.999999999999998890e-01,1.000000000000000000e+00,2.350000000000000089e+00,9.999999999999998890e-01,7.766237503925189634e-01,-6.299647214934011030e-01
3.906210921217173393e+01,9.999999999999998890e-01,1.000000000000000000e+00,2.350000000000000089e+00,9.999999999999998890e-01,7.764633152336645194e-01,-6.301624553211234714e-01
3.907669862442683950e+01,9.999999999999998890e-01,1.000000000000000000e+00,2.350000000000000089e+00,9.999999999999998890e-01,7.763028297303986580e-01,-6.303601482903052888e-01
3.909128803668195218e+01,9.999999999999998890e-01,1.000000000000000000e+00,2.350000000000000089e+00,9.999999999999998890e-01,7.761422938931269444e-01,-6.305578003881285865e-01
3.910587744893705064e+01,9.999999999999998890e-01,1.000000000000000000e+00,2.350000000000000089e+00,9.999999999999998890e-01,7.759817077322583856e-01,-6.307554116017777268e-01
3.912046686119216332e+01,9.999999999999998890e-01,1.000000000000000000e+00,2.350000000000000089e+00,9.999999999999998890e-01,7.758210712582048751e-01,-6.309529819184401811e-01
3.913505627344726889e+01,9.999999999999998890e-01,1.000000000000000000e+00,2.350000000000000089e+00,9.999999999999998890e-01,7.756603844813819704e-01,-6.311505113253056409e-01
3.914964568570237446e+01,9.999999999999998890e-01,1.000000000000000000e+00,2.350000000000000089e+00,9.999999999999998890e-01,7.754996474122080041e-01,-6.313479998095670176e-01
3.916423509795748004e+01,9.999999999999998890e-01,1.000000000000000000e+00,2.350000000000000089e+00,9.999999999999998890e-01,7.753388600611051951e-01,-6.315454473584192208e-01
3.917882451021258561e+01,9.999999999999998890e-01,1.000000000000000000e+00,2.350000000000000089e+00,9.999999999999998890e-01,7.751780224384986484e-01,-6.317428539590602687e-01
3.919341392246769118e+01,9.999999999999998890e-01,1.000000000000000000e+00,2.350000000000000089e+00,9.999999999999998890e-01,7.750171345548165780e-01,-6.319402195986907333e-01
3.920800333472279675e+01,9.999999999999998890e-01,1.000000000000000000e+00,2.350000000000000089e+00,9.999999999999998890e-01,7.748561964204907504e-01,-6.321375442645136289e-01
3.922259274697790943e+01,9.999999999999998890e-01,1.000000000000000000e+00,2.350000000000000089e+00,9.999999999999998890e-01,7.746952080459560408e-01,-6.323348279437349673e-01
3.923718215923300789e+01,9.999999999999998890e-01,1.000000000000000000e+00,2.350000000000000089e+00,9.999999999999998890e-01,7.745341694416507661e-01,-6.325320706235632029e-01
3.925177157148812057e+01,9.999999999999998890e-01,1.000000000000000000e+00,2.350000000000000089e+00,9.999999999999998890e-01,7.743730806180161297e-01,-6.327292722912094547e-01
3.926636098374322614e+01,9.999999999999998890e-01,1.000000000000000000e+00,2.350000000000000089e+00,9.999999999999998890e-01,7.742119415854971098e-01,-6.329264329338875061e-01
3.928095039599833171e+01,9.999999999999998890e-01,1.000000000000000000e+00,2.350000000000000089e+00,9.999999999999998890e-01,7.740507523545415713e-01,-6.331235525388139163e-01
3.929553980825343729e+01,9.999999999999998890e-01,1.000000000000000000e+00,2.350000000000000089e+00,9.999999999999998890e-01,7.738895129356004876e-01,-6.333206310932079086e-01
3.931012922050854286e+01,9.999999999999998890e-01,1.000000000000000000e+00,2.350000000000000089e+00,9.999999999999998890e-01,7.737282233391286068e-01,-6.335176685842909272e-01
3.932471863276364843e+01,9.999999999999998890e-01,1.000000000000000000e+00,2.350000000000000089e+00,9.999999999999998890e-01,7.735668835755834527e-01,-6.337146649992879688e-01
3.933930804501875400e+01,1.000000000000000000e+00,1.000000000000000000e+00,2.349999999999999645e+00,1.000000000000000000e+00,7.734054936554261017e-01,-6.339116203254255844e-01
3.935389745727386668e+01,9.999999999999998890e-01,1.000000000000000000e+00,2.350000000000000089e+00,9.999999999999998890e-01,7.732440535891207389e-01,-6.341085345499340997e-01
3.936848686952897225e+01,9.999999999999998890e-01,1.000000000000000000e+00,2.350000000000000089e+00,9.999999999999998890e-01,7.730825633871348801e-01,-6.343054076600455060e-01
3.938307628178407072e+01,9.999999999999998890e-01,1.000000000000000000e+00,2.350000000000000089e+00,9.999999999999998890e-01,7.729210230599391496e-01,-6.345022396429952360e-01
3.939766569403918339e+01,9.999999999999998890e-01,1.000000000000000000e+00,2.350000000000000089e+00,9.999999999999998890e-01,7.727594326180076134e-01,-6.346990304860209431e-01
3.941225510629428896e+01,9.999999999999998890e-01,1.000000000000000000e+00,2.350000000000000089e+00,9.999999999999998890e-01,7.725977920718174463e-01,-6.348957801763631670e-01
3.942684451854939454e+01,9.999999999999998890e-01,1.000000000000000000e+00,2.350000000000000089e+00,9.999999999999998890e-01,7.724361014318489316e-01,-6.350924887012650011e-01
3.944143393080450011e+01,9.999999999999998890e-01,1.000000000000000000e+00,2.350000000000000089e+00,9.999999999999998890e-01,7.722743607085861273e-01,-6.352891560479720923e-01
3.945602334305960568e+01,9.999999999999998890e-01,1.000000000000000000e+00,2.350000000000000089e+00,9.999999999999998890e-01,7.721125699125157560e-01,-6.354857822037330850e-01
3.947061275531471125e+01,9.999999999999998890e-01,1.000000000000000000e+00,2.350000000000000089e+00,9.999999999999998890e-01,7.719507290541280931e-01,-6.356823671557989552e-01
3.948520216756981682e+01,9.999999999999998890e-01,1.000000000000000000e+00,2.350000000000000089e+00,9.999999999999998890e-01,7.717888381439167444e-01,-6.358789108914236765e-01
3.949979157982492950e+01,9.999999999999998890e-01,1.000000000000000000e+00,2.350000000000000089e+00,9.999999999999998890e-01,7.716268971923780917e-01,-6.360754133978636649e-01
3.951438099208002797e+01,1.000000000000000000e+00,1.000000000000000000e+00,2.349999999999999645e+00,1.000000000000000000e+00,7.714649062100122912e-01,-6.362718746623780008e-01
3.952897040433514064e+01,9.999999999999998890e-01,1.000000000000000000e+00,2.350000000000000089e+00,9.999999999999998890e-01,7.713028652073224967e-01,-6.364682946722286516e-01
3.954355981659024621e+01,9.999999999999998890e-01,1.000000000000000000e+00,2.350000000000000089e+00,9.999999999999998890e-01,7.711407741948151928e-01,-6.366646734146799158e-01
3.955814922884535179e+01,9.999999999999998890e-01,1.000000000000000000e+00,2.350000000000000089e+00,9.999999999999998890e-01,7.709786331829998618e-01,-6.368610108769992006e-01
3.957273864110045736e+01,9.999999999999998890e-01,1.000000000000000000e+00,2.350000000000000089e+00,9.999999999999998890e-01,7.708164421823896495e-01,-6.370573070464561338e-01
3.958732805335556293e+01,9.999999999999998890e-01,1.000000000000000000e+00,2.350000000000000089e+00,9.999999999999998890e-01,7.706542012035006994e-01,-6.372535619103233406e-01
3.960191746561066850e+01,9.999999999999998890e-01,1.000000000000000000e+00,2.350000000000000089e+00,9.999999999999998890e-01,7.704919102568521527e-01,-6.374497754558761109e-01
3.961650687786577407e+01,9.999999999999998890e-01,1.000000000000000000e+00,2.350000000000000089e+00,9.999999999999998890e-01,7.703295693529669252e-01,-6.376459476703921769e-01
3.963109629012088675e+01,9.999999999999998890e-01,1.000000000000000000e+00,2.350000000000000089e+00,9.999999999999998890e-01,7.701671785023708194e-01,-6.378420785411521576e-01
3.964568570237598522e+01,9.999999999999998890e-01,1.000000000000000000e+00,2.350000000000000089e+00,9.999999999999998890e-01,7.700047377155928574e-01,-6.380381680554393364e-01
3.966027511463109789e+01,9.999999999999998890e-01,1.000000000000000000e+00,2.350000000000000089e+00,9.999999999999998890e-01,7.698422470031655029e-01,-6.382342162005396613e-01
3.967486452688620346e+01,9.999999999999998890e-01,1.000000000000000000e+00,2.350000000000000089e+00,9.999999999999998890e-01,7.696797063756242174e-01,-6.384302229637416337e-01
3.968945393914130193e+01,9.999999999999998890e-01,1.000000000000000000e+00,2.350000000000000089e+00,9.999999999999998890e-01,7.695171158435080150e-01,-6.386261883323365307e-01
3.970404335139641461e+01,9.999999999999998890e-01,1.000000000000000000e+00,2.350000000000000089e+00,9.999999999999998890e-01,7.693544754173587963e-01,-6.388221122936186269e-01
3.971863276365152018e+01,1.000000000000000000e+00,1.000000000000000000e+00,2.349999999999999645e+00,1.000000000000000000e+00,7.691917851077219037e-01,-6.390179948348841954e-01
3.973322217590662575e+01,1.000000000000000000e+00,1.000000000000000000e+00,2.349999999999999645e+00,1.000000000000000000e+00,7.690290449251458993e-01,-6.392138359434328398e-01
3.974781158816173132e+01,9.999999999999998890e-01,1.000000000000000000e+00,2.350000000000000089e+00,9.999999999999998890e-01,7.688662548801825647e-01,-6.394096356065664954e-01
3.976240100041684400e+01,1.000000000000000000e+00,1.000000000000000000e+00,2.349999999999999645e+00,1.000000000000000000e+00,7.687034149833867902e-01,-6.396053938115898729e-01
3.977699041267194247e+01,9.999999999999998890e-01,1.000000000000000000e+00,2.350000000000000089e+00,9.999999999999998890e-01,7.685405252453170188e-01,-6.398011105458103476e-01
3.979157982492704804e+01,1.000000000000000000e+00,1.000000000000000000e+00,2.349999999999999645e+00,1.000000000000000000e+00,7.683775856765344692e-01,-6.399967857965380702e-01
3.980616923718216071e+01,9.999999999999998890e-01,1.000000000000000000e+00,2.350000000000000089e+00,9.999999999999998890e-01,7.682145962876039125e-01,-6.401924195510859672e-01
3.982075864943725918e+01,9.999999999999998890e-01,1.000000000000000000e+00,2.350000000000000089e+00,9.999999999999998890e-01,7.680515570890933397e-01,-6.403880117967692964e-01
3.983534806169237186e+01,1.000000000000000000e+00,1.000000000000000000e+00,2.349999999999999645e+00,1.000000000000000000e+00,7.678884680915738503e-01,-6.405835625209063133e-01
3.984993747394747743e+01,1.000000000000000000e+00,1.000000000000000000e+00,2.349999999999999645e+00,1.000000000000000000e+00,7.677253293056198746e-01,-6.407790717108178269e-01
3.986452688620258300e+01,1.000000000000000000e+00,1.000000000000000000e+00,2.349999999999999645e+00,1.000000000000000000e+00,7.675621407418089515e-01,-6.409745393538275327e-01
3.987911629845768857e+01,9.999999999999998890e-01,1.000000000000000000e+00,2.350000000000000089e+00,9.999999999999998890e-01,7.673989024107220613e-01,-6.411699654372615687e-01
3.989370571071279414e+01,9.999999999999998890e-01,1.000000000000000000e+00,2.350000000000000089e+00,9.999999999999998890e-01,7.672356143229430714e-01,-6.413653499484488485e-01
3.990829512296789972e+01,9.999999999999998890e-01,1.000000000000000000e+00,2.350000000000000089e+00,9.999999999999998890e-01,7.670722764890592904e-01,-6.415606928747210613e-01
3.992288453522300529e+01,9.999999999999998890e-01,1.000000000000000000e+00,2.350000000000000089e+00,9.999999999999998890e-01,7.669088889196613579e-01,-6.417559942034125609e-01
3.993747394747811796e+01,9.999999999999998890e-01,1.000000000000000000e+00,2.350000000000000089e+00,9.999999999999998890e-01,7.667454516253430219e-01,-6.419512539218603653e-01
3.995206335973321643e+01,9.999999999999998890e-01,1.000000000000000000e+00,2.350000000000000089e+00,9.999999999999998890e-01,7.665819646167011392e-01,-6.421464720174041574e-01
3.996665277198832911e+01,9.999999999999998890e-01,1.000000000000000000e+00,2.350000000000000089e+00,9.999999999999998890e-01,7.664184279043358972e-01,-6.423416484773863955e-01
3.998124218424343468e+01,1.000000000000000000e+00,1.000000000000000000e+00,2.349999999999999645e+00,1.000000000000000000e+00,7.662548414988508139e-01,-6.425367832891522024e-01
3.999583159649853314e+01,9.999999999999998890e-01,1.000000000000000000e+00,2.350000000000000089e+00,9.999999999999998890e-01,7.660912054108525160e-01,-6.427318764400493656e-01
4.001042100875364582e+01,9.999999999999998890e-01,1.000000000000000000e+00,2.350000000000000089e+00,9.999999999999998890e-01,7.659275196509507388e-01,-6.429269279174286700e-01
4.002501042100875139e+01,9.999999999999998890e-01,1.000000000000000000e+00,2.350000000000000089e+00,9.999999999999998890e-01,7.657637842297586594e-01,-6.431219377086430100e-01
4.003959983326385697e+01,9.999999999999998890e-01,1.000000000000000000e+00,2.350000000000000089e+00,9.999999999999998890e-01,7.655999991578924524e-01,-6.433169058010484997e-01
4.005418924551896254e+01,9.999999999999998890e-01,1.000000000000000000e+00,2.350000000000000089e+00,9.999999999999998890e-01,7.654361644459718450e-01,-6.435118321820035847e-01
4.006877865777407521e+01,9.999999999999998890e-01,1.000000000000000000e+00,2.350000000000000089e+00,9.999999999999998890e-01,7.652722801046193402e-01,-6.437067168388699301e-01
4.008336807002917368e+01,1.000000000000000000e+00,1.000000000000000000e+00,2.349999999999999645e+00,1.000000000000000000e+00,7.651083461444609934e-01,-6.439015597590113105e-01
4.009795748228427925e+01,9.999999999999998890e-01,1.000000000000000000e+00,2.350000000000000089e+00,9.999999999999998890e-01,7.649443625761260801e-01,-6.440963609297946091e-01
4.011254689453939193e+01,9.999999999999998890e-01,1.000000000000000000e+00,2.350000000000000089e+00,9.999999999999998890e-01,7.647803294102467619e-01,-6.442911203385892627e-01
4.012713630679449039e+01,9.999999999999998890e-01,1.000000000000000000e+00,2.350000000000000089e+00,9.999999999999998890e-01,7.646162466574587535e-01,-6.444858379727673725e-01
4.014172571904960307e+01,9.999999999999998890e-01,1.000000000000000000e+00,2.350000000000000089e+00,9.999999999999998890e-01,7.644521143284008780e-01,-6.446805138197039264e-01
4.015631513130470864e+01,9.999999999999998890e-01,1.000000000000000000e+00,2.350000000000000089e+00,9.999999999999998890e-01,7.642879324337151781e-01,-6.448751478667764658e-01
4.017090454355981421e+01,9.999999999999998890e-01,1.000000000000000000e+00,2.350000000000000089e+00,9.999999999999998890e-01,7.641237009840468053e-01,-6.450697401013653076e-01
4.018549395581491979e+01,9.999999999999998890e-01,1.000000000000000000e+00,2.350000000000000089e+00,9.999999999999998890e-01,7.639594199900444638e-01,-6.452642905108533222e-01
4.020008336807002536e+01,9.999999999999998890e-01,1.000000000000000000e+00,2.350000000000000089e+00,9.999999999999998890e-01,7.637950894623595222e-01,-6.454587990826263777e-01
4.021467278032513093e+01,1.000000000000000000e+00,1.000000000000000000e+00,2.349999999999999645e+00,1.000000000000000000e+00,7.636307094116469019e-01,-6.456532658040728956e-01
4.022926219258023650e+01,1.000000000000000000e+00,1.000000000000000000e+00,2.349999999999999645e+00,1.000000000000000000e+00,7.634662798485648549e-01,-6.458476906625839620e-01
4.024385160483534918e+01,9.999999999999998890e-01,1.000000000000000000e+00,2.350000000000000089e+00,9.999999999999998890e-01,7.633018007837745200e-01,-6.460420736455535495e-01
4.025844101709045475e+01,9.999999999999998890e-01,1.000000000000000000e+00,2.350000000000000089e+00,9.999999999999998890e-01,7.631372722279406995e-01,-6.462364147403781844e-01
4.027303042934556032e+01,9.999999999999998890e-01,1.000000000000000000e+00,2.350000000000000089e+00,9.999999999999998890e-01,7.629726941917306382e-01,-6.464307139344570574e-01
4.028761984160066589e+01,9.999999999999998890e-01,1.000000000000000000e+00,2.350000000000000089e+00,9.999999999999998890e-01,7.628080666858156889e-01,-6.466249712151922457e-01
4.030220925385577146e+01,9.999999999999998890e-01,1.000000000000000000e+00,2.350000000000000089e+00,9.999999999999998890e-01,7.626433897208698687e-01,-6.468191865699883802e-01
4.031679866611087704e+01,9.999999999999998890e-01,1.000000000000000000e+00,2.350000000000000089e+00,9.999999999999998890e-01,7.624786633075703035e-01,-6.470133599862532003e-01
4.033138807836598261e+01,9.999999999999998890e-01,1.000000000000000000e+00,2.350000000000000089e+00,9.999999999999998890e-01,7.623138874565978940e-01,-6.472074914513964439e-01
4.034597749062109528e+01,9.999999999999998890e-01,1.000000000000000000e+00,2.350000000000000089e+00,9.999999999999998890e-01,7.621490621786360942e-01,-6.474015809528314014e-01
4.036056690287619375e+01,9.999999999999998890e-01,1.000000000000000000e+00,2.350000000000000089e+00,9.999999999999998890e-01,7.619841874843720220e-01,-6.475956284779734728e-01
4.037515631513130643e+01,9.999999999999998890e-01,1.000000000000000000e+00,2.350000000000000089e+00,9.999999999999998890e-01,7.618192633844957928e-01,-6.477896340142409448e-01
4.038974572738641200e+01,9.999999999999998890e-01,1.000000000000000000e+00,2.350000000000000089e+00,9.999999999999998890e-01,7.616542898897008529e-01,-6.479835975490549904e-01
4.040433513964151047e+01,9.999999999999998890e-01,1.000000000000000000e+00,2.350000000000000089e+00,9.999999999999998890e-01,7.614892670106836459e-01,-6.481775190698392253e-01
4.041892455189662314e+01,1.000000000000000000e+00,1.000000000000000000e+00,2.349999999999999645e+00,1.000000000000000000e+00,7.613241947581439462e-01,-6.483713985640202626e-01
4.043351396415172871e+01,9.999999999999998890e-01,1.000000000000000000e+00,2.350000000000000089e+00,9.999999999999998890e-01,7.611590731427848588e-01,-6.485652360190273802e-01
4.044810337640683429e+01,9.999999999999998890e-01,1.000000000000000000e+00,2.350000000000000089e+00,9.999999999999998890e-01,7.609939021753124866e-01,-6.487590314222924093e-01
4.046269278866193986e+01,9.999999999999998890e-01,1.000000000000000000e+00,2.350000000000000089e+00,9.999999999999998890e-01,7.608286818664361517e-01,-6.489527847612500677e-01
4.047728220091705253e+01,9.999999999999998890e-01,1.000000000000000000e+00,2.350000000000000089e+00,9.999999999999998890e-01,7.606634122268683962e-01,-6.491464960233377379e-01
4.049187161317215100e+01,9.999999999999998890e-01,1.000000000000000000e+00,2.350000000000000089e+00,9.999999999999998890e-01,7.604980932673252036e-01,-6.493401651959954668e-01
4.050646102542725657e+01,9.999999999999998890e-01,1.000000000000000000e+00,2.350000000000000089e+00,9.999999999999998890e-01,7.603327249985254443e-01,-6.495337922666661878e-01
4.052105043768236925e+01,9.999999999999998890e-01,1.000000000000000000e+00,2.350000000000000089e+00,9.999999999999998890e-01,7.601673074311910971e-01,-6.497273772227957211e-01
4.053563984993746772e+01,9.999999999999998890e-01,1.000000000000000000e+00,2.350000000000000089e+00,9.999999999999998890e-01,7.600018405760476936e-01,-6.499209200518319962e-01
4.055022926219258039e+01,9.999999999999998890e-01,1.000000000000000000e+00,2.350000000000000089e+00,9.999999999999998890e-01,7.598363244438237629e-01,-6.501144207412262732e-01
4.056481867444768596e+01,9.999999999999998890e-01,1.000000000000000000e+00,2.350000000000000089e+00,9.999999999999998890e-01,7.596707590452511649e-01,-6.503078792784322548e-01
4.057940808670279154e+01,9.999999999999998890e-01,1.000000000000000000e+00,2.350000000000000089e+00,9.999999999999998890e-01,7.595051443910645350e-01,-6.505012956509065303e-01
4.059399749895789711e+01,9.999999999999998890e-01,1.000000000000000000e+00,2.350000000000000089e+00,9.999999999999998890e-01,7.593394804920025054e-01,-6.506946698461082423e-01
4.060858691121300268e+01,9.999999999999998890e-01,1.000000000000000000e+00,2.350000000000000089e+00,9.999999999999998890e-01,7.591737673588059288e-01,-6.508880018514995314e-01
4.062317632346810825e+01,9.999999999999998890e-01,1.000000000000000000e+00,2.350000000000000089e+00,9.999999999999998890e-01,7.590080050022195435e-01,-6.510812916545449802e-01
4.063776573572321382e+01,9.999999999999998890e-01,1.000000000000000000e+00,2.350000000000000089e+00,9.999999999999998890e-01,7.588421934329910856e-01,-6.512745392427121693e-01
4.065235514797832650e+01,9.999999999999998890e-01,1.000000000000000000e+00,2.350000000000000089e+00,9.999999999999998890e-01,7.586763326618713998e-01,-6.514677446034711217e-01
4.066694456023342497e+01,1.000000000000000000e+00,1.000000000000000000e+00,2.349999999999999645e+00,1.000000000000000000e+00,7.585104226996145504e-01,-6.516609077242948578e-01
4.068153397248853764e+01,1.000000000000000000e+00,1.000000000000000000e+00,2.349999999999999645e+00,1.000000000000000000e+00,7.583444635569779324e-01,-6.518540285926591737e-01
4.069612338474364321e+01,9.999999999999998890e-01,1.000000000000000000e+00,2.350000000000000089e+00,9.999999999999998890e-01,7.581784552447221603e-01,-6.520471071960421972e-01
4.071071279699874168e+01,9.999999999999998890e-01,1.000000000000000000e+00,2.350000000000000089e+00,9.999999999999998890e-01,7.580123977736105134e-01,-6.522401435219251642e-01
4.072530220925385436e+01,9.999999999999998890e-01,1.000000000000000000e+00,2.350000000000000089e+00,9.999999999999998890e-01,7.578462911544101566e-01,-6.524331375577923087e-01
4.073989162150895993e+01,9.999999999999998890e-01,1.000000000000000000e+00,2.350000000000000089e+00,9.999999999999998890e-01,7.576801353978909193e-01,-6.526260892911297518e-01
4.075448103376406550e+01,9.999999999999998890e-01,1.000000000000000000e+00,2.350000000000000089e+00,9.999999999999998890e-01,7.575139305148261837e-01,-6.528189987094271673e-01
4.076907044601917107e+01,1.000000000000000000e+00,1.000000000000000000e+00,2.349999999999999645e+00,1.000000000000000000e+00,7.573476765159922186e-01,-6.530118658001766718e-01
4.078365985827428375e+01,9.999999999999998890e-01,1.000000000000000000e+00,2.350000000000000089e+00,9.999999999999998890e-01,7.571813734121688455e-01,-6.532046905508730461e-01
4.079824927052938222e+01,1.000000000000000000e+00,1.000000000000000000e+00,2.349999999999999645e+00,1.000000000000000000e+00,7.570150212141385504e-01,-6.533974729490138467e-01
4.081283868278448779e+01,9.999999999999998890e-01,1.000000000000000000e+00,2.350000000000000089e+00,9.999999999999998890e-01,7.568486199326875941e-01,-6.535902129820995166e-01
4.082742809503960046e+01,9.999999999999998890e-01,1.000000000000000000e+00,2.350000000000000089e+00,9.999999999999998890e-01,7.566821695786049018e-01,-6.537829106376331634e-01
4.084201750729469893e+01,1.000000000000000000e+00,1.000000000000000000e+00,2.349999999999999645e+00,1.000000000000000000e+00,7.565156701626828406e-01,-6.539755659031205592e-01
4.085660691954981161e+01,9.999999999999998890e-01,1.000000000000000000e+00,2.350000000000000089e+00,9.999999999999998890e-01,7.563491216957169971e-01,-6.541681787660704739e-01
4.087119633180491718e+01,9.999999999999998890e-01,1.000000000000000000e+00,2.350000000000000089e+00,9.999999999999998890e-01,7.561825241885059556e-01,-6.543607492139940085e-01
4.088578574406002275e+01,9.999999999999998890e-01,1.000000000000000000e+00,2.350000000000000089e+00,9.999999999999998890e-01,7.560158776518516310e-01,-6.545532772344054839e-01
4.090037515631512832e+01,9.999999999999998890e-01,1.000000000000000000e+00,2.350000000000000089e+00,9.999999999999998890e-01,7.558491820965591579e-01,-6.547457628148215525e-01
4.091496456857023389e+01,9.999999999999998890e-01,1.000000000000000000e+00,2.350000000000000089e+00,9.999999999999998890e-01,7.556824375334366684e-01,-6.549382059427619751e-01
4.092955398082533947e+01,9.999999999999998890e-01,1.000000000000000000e+00,2.350000000000000089e+00,9.999999999999998890e-01,7.555156439732954032e-01,-6.551306066057490662e-01
4.094414339308044504e+01,9.999999999999998890e-01,1.000000000000000000e+00,2.350000000000000089e+00,9.999999999999998890e-01,7.553488014269502671e-01,-6.553229647913078049e-01
4.095873280533555771e+01,9.999999999999998890e-01,1.000000000000000000e+00,2.350000000000000089e+00,9.999999999999998890e-01,7.551819099052187179e-01,-6.555152804869662786e-01
4.097332221759065618e+01,9.999999999999998890e-01,1.000000000000000000e+00,2.350000000000000089e+00,9.999999999999998890e-01,7.550149694189219884e-01,-6.557075536802549065e-01
4.098791162984576886e+01,1.000000000000000000e+00,1.000000000000000000e+00,2.349999999999999645e+00,1.000000000000000000e+00,7.548479799788838651e-01,-6.558997843587071053e-01
4.100250104210087443e+01,9.999999999999998890e-01,1.000000000000000000e+00,2.350000000000000089e+00,9.999999999999998890e-01,7.546809415959319089e-01,-6.560919725098590671e-01
4.101709045435598000e+01,9.999999999999998890e-01,1.000000000000000000e+00,2.350000000000000089e+00,9.999999999999998890e-01,7.545138542808964566e-01,-6.562841181212495378e-01
4.103167986661108557e+01,9.999999999999998890e-01,1.000000000000000000e+00,2.350000000000000089e+00,9.999999999999998890e-01,7.543467180446109532e-01,-6.564762211804203718e-01
4.104626927886619114e+01,9.999999999999998890e-01,1.000000000000000000e+00,2.350000000000000089e+00,9.999999999999998890e-01,7.541795328979125079e-01,-6.566682816749157547e-01
4.106085869112129672e+01,9.999999999999998890e-01,1.000000000000000000e+00,2.350000000000000089e+00,9.999999999999998890e-01,7.540122988516408942e-01,-6.568602995922829813e-01
4.107544810337640229e+01,9.999999999999998890e-01,1.000000000000000000e+00,2.350000000000000089e+00,9.999999999999998890e-01,7.538450159166393272e-01,-6.570522749200718993e-01
4.109003751563151496e+01,9.999999999999998890e-01,1.000000000000000000e+00,2.350000000000000089e+00,9.999999999999998890e-01,7.536776841037540198e-01,-6.572442076458353544e-01
4.110462692788662054e+01,9.999999999999998890e-01,1.000000000000000000e+00,2.350000000000000089e+00,9.999999999999998890e-01,7.535103034238346265e-01,-6.574360977571285236e-01
4.111921634014171900e+01,9.999999999999998890e-01,1.000000000000000000e+00,2.350000000000000089e+00,9.999999999999998890e-01,7.533428738877336883e-01,-6.576279452415098037e-01
4.113380575239683168e+01,9.999999999999998890e-01,1.000000000000000000e+00,2.350000000000000089e+00,9.999999999999998890e-01,7.531753955063069661e-01,-6.578197500865401448e-01
4.114839516465193725e+01,9.999999999999998890e-01,1.000000000000000000e+00,2.350000000000000089e+00,9.999999999999998890e-01,7.530078682904134402e-01,-6.580115122797831617e-01
4.116298457690704282e+01,9.999999999999998890e-01,1.000000000000000000e+00,2.350000000000000089e+00,9.999999999999998890e-01,7.528402922509154216e-01,-6.582032318088055778e-01
4.117757398916214839e+01,9.999999999999998890e-01,1.000000000000000000e+00,2.350000000000000089e+00,9.999999999999998890e-01,7.526726673986779970e-01,-6.583949086611764479e-01
4.119216340141726107e+01,9.999999999999998890e-01,1.000000000000000000e+00,2.350000000000000089e+00,9.999999999999998890e-01,7.525049937445698056e-01,-6.585865428244680464e-01
4.120675281367235954e+01,9.999999999999998890e-01,1.000000000000000000e+00,2.350000000000000089e+00,9.999999999999998890e-01,7.523372712994625955e-01,-6.587781342862548684e-01
4.122134222592746511e+01,9.999999999999998890e-01,1.000000000000000000e+00,2.350000000000000089e+00,9.999999999999998890e-01,7.521695000742308901e-01,-6.589696830341147393e-01
4.123593163818257779e+01,9.999999999999998890e-01,1.000000000000000000e+00,2.350000000000000089e+00,9.999999999999998890e-01,7.520016800797527656e-01,-6.591611890556278164e-01
4.125052105043767625e+01,9.999999999999998890e-01,1.000000000000000000e+00,2.350000000000000089e+00,9.999999999999998890e-01,7.518338113269094070e-01,-6.593526523383773652e-01
4.126511046269278893e+01,9.999999999999998890e-01,1.000000000000000000e+00,2.350000000000000089e+00,9.999999999999998890e-01,7.516658938265851075e-01,-6.595440728699493160e-01
4.127969987494789450e+01,9.999999999999998890e-01,1.000000000000000000e+00,2.350000000000000089e+00,9.999999999999998890e-01,7.514979275896672695e-01,-6.597354506379320416e-01
4.129428928720300007e+01,9.999999999999998890e-01,1.000000000000000000e+00,2.350000000000000089e+00,9.999999999999998890e-01,7.513299126270465145e-01,-6.599267856299172452e-01
4.130887869945810564e+01,9.999999999999998890e-01,1.000000000000000000e+00,2.350000000000000089e+00,9.999999999999998890e-01,7.511618489496165729e-01,-6.601180778334989618e-01
4.132346811171321121e+01,9.999999999999998890e-01,1.000000000000000000e+00,2.350000000000000089e+00,9.999999999999998890e-01,7.509937365682745058e-01,-6.603093272362742239e-01
4.133805752396831679e+01,1.000000000000000000e+00,1.000000000000000000e+00,2.349999999999999645e+00,1.000000000000000000e+00,7.508255754939202609e-01,-6.605005338258428393e-01
4.135264693622342236e+01,9.999999999999998890e-01,1.000000000000000000e+00,2.350000000000000089e+00,9.999999999999998890e-01,7.506573657374572273e-01,-6.606916975898072808e-01
4.136723634847853504e+01,9.999999999999998890e-01,1.000000000000000000e+00,2.350000000000000089e+00,9.999999999999998890e-01,7.504891073097916809e-01,-6.608828185157729074e-01
4.138182576073363350e+01,9.999999999999998890e-01,1.000000000000000000e+00,2.350000000000000089e+00,9.999999999999998890e-01,7.503208002218332284e-01,-6.610738965913476317e-01
4.139641517298874618e+01,9.999999999999998890e-01,1.000000000000000000e+00,2.350000000000000089e+00,9.999999999999998890e-01,7.501524444844945849e-01,-6.612649318041425861e-01
4.141100458524385175e+01,1.000000000000000000e+00,1.000000000000000000e+00,2.349999999999999645e+00,1.000000000000000000e+00,7.499840401086915742e-01,-6.614559241417711233e-01
4.142559399749895022e+01,9.999999999999998890e-01,1.000000000000000000e+00,2.350000000000000089e+00,9.999999999999998890e-01,7.498155871053433508e-01,-6.616468735918498156e-01
4.144018340975406289e+01,9.999999999999998890e-01,1.000000000000000000e+00,2.350000000000000089e+00,9.999999999999998890e-01,7.496470854853718446e-01,-6.618377801419979001e-01
4.145477282200916846e+01,1.000000000000000000e+00,1.000000000000000000e+00,2.349999999999999645e+00,1.000000000000000000e+00,7.494785352597026495e-01,-6.620286437798371670e-01
4.146936223426427404e+01,9.999999999999998890e-01,1.000000000000000000e+00,2.350000000000000089e+00,9.999999999999998890e-01,7.493099364392641348e-01,-6.622194644929926266e-01
4.148395164651937961e+01,9.999999999999998890e-01,1.000000000000000000e+00,2.350000000000000089e+00,9.999999999999998890e-01,7.491412890349878895e-01,-6.624102422690917313e-01
4.149854105877449229e+01,9.999999999999998890e-01,1.000000000000000000e+00,2.350000000000000089e+00,9.999999999999998890e-01,7.489725930578086111e-01,-6.626009770957647094e-01
4.151313047102959075e+01,9.999999999999998890e-01,1.000000000000000000e+00,2.350000000000000089e+00,9.999999999999998890e-01,7.488038485186645499e-01,-6.627916689606447864e-01
4.152771988328469632e+01,9.999999999999998890e-01,1.000000000000000000e+00,2.350000000000000089e+00,9.999999999999998890e-01,7.486350554284963987e-01,-6.629823178513677417e-01
4.154230929553980900e+01,9.999999999999998890e-01,1.000000000000000000e+00,2.350000000000000089e+00,9.999999999999998890e-01,7.484662137982486252e-01,-6.631729237555724632e-01
4.155689870779490747e+01,9.999999999999998890e-01,1.000000000000000000e+00,2.350000000000000089e+00,9.999999999999998890e-01,7.482973236388685834e-01,-6.633634866609002811e-01
4.157148812005002014e+01,9.999999999999998890e-01,1.000000000000000000e+00,2.350000000000000089e+00,9.999999999999998890e-01,7.481283849613066250e-01,-6.635540065549955235e-01
4.158607753230512571e+01,9.999999999999998890e-01,1.000000000000000000e+00,2.350000000000000089e+00,9.999999999999998890e-01,7.479593977765165436e-01,-6.637444834255051829e-01
4.160066694456023129e+01,9.999999999999998890e-01,1.000000000000000000e+00,2.350000000000000089e+00,9.999999999999998890e-01,7.477903620954551300e-01,-6.639349172600791382e-01
4.161525635681533686e+01,9.999999999999998890e-01,1.000000000000000000e+00,2.350000000000000089e+00,9.999999999999998890e-01,7.476212779290823951e-01,-6.641253080463699332e-01
4.162984576907044953e+01,9.999999999999998890e-01,1.000000000000000000e+00,2.350000000000000089e+00,9.999999999999998890e-01,7.474521452883613470e-01,-6.643156557720331090e-01
4.164443518132554800e+01,9.999999999999998890e-01,1.000000000000000000e+00,2.350000000000000089e+00,9.999999999999998890e-01,7.472829641842582138e-01,-6.645059604247268714e-01
4.165902459358065357e+01,9.999999999999998890e-01,1.000000000000000000e+00,2.350000000000000089e+00,9.999999999999998890e-01,7.471137346277425539e-01,-6.646962219921120907e-01
4.167361400583576625e+01,9.999999999999998890e-01,1.000000000000000000e+00,2.350000000000000089e+00,9.999999999999998890e-01,7.469444566297865906e-01,-6.648864404618527457e-01
4.168820341809086472e+01,9.999999999999998890e-01,1.000000000000000000e+00,2.350000000000000089e+00,9.999999999999998890e-01,7.467751302013663217e-01,-6.650766158216152579e-01
4.170279283034597739e+01,9.999999999999998890e-01,1.000000000000000000e+00,2.350000000000000089e+00,9.999999999999998890e-01,7.466057553534601876e-01,-6.652667480590692684e-01
4.171738224260108296e+01,9.999999999999998890e-01,1.000000000000000000e+00,2.350000000000000089e+00,9.999999999999998890e-01,7.464363320970505145e-01,-6.654568371618866385e-01
4.173197165485618854e+01,9.999999999999998890e-01,1.000000000000000000e+00,2.350000000000000089e+00,9.999999999999998890e-01,7.462668604431220709e-01,-6.656468831177426715e-01
4.174656106711129411e+01,9.999999999999998890e-01,1.000000000000000000e+00,2.350000000000000089e+00,9.999999999999998890e-01,7.460973404026632894e-01,-6.658368859143148910e-01
4.176115047936639968e+01,9.999999999999998890e-01,1.000000000000000000e+00,2.350000000000000089e+00,9.999999999999998890e-01,7.459277719866654888e-01,-6.660268455392839293e-01
4.177573989162150525e+01,9.999999999999998890e-01,1.000000000000000000e+00,2.350000000000000089e+00,9.999999999999998890e-01,7.457581552061230967e-01,-6.662167619803333052e-01
4.179032930387661082e+01,9.999999999999998890e-01,1.000000000000000000e+00,2.350000000000000089e+00,9.999999999999998890e-01,7.455884900720337605e-01,-6.664066352251489800e-01
4.180491871613172350e+01,9.999999999999998890e-01,1.000000000000000000e+00,2.350000000000000089e+00,9.999999999999998890e-01,7.454187765953982359e-01,-6.665964652614202457e-01
4.181950812838682197e+01,9.999999999999998890e-01,1.000000000000000000e+00,2.350000000000000089e+00,9.999999999999998890e-01,7.452490147872204984e-01,-6.667862520768385037e-01
4.183409754064193464e+01,9.999999999999998890e-01,1.000000000000000000e+00,2.350000000000000089e+00,9.999999999999998890e-01,7.450792046585074102e-01,-6.669759956590987082e-01
4.184868695289704021e+01,1.000000000000000000e+00,1.000000000000000000e+00,2.349999999999999645e+00,1.000000000000000000e+00,7.449093462202693861e-01,-6.671656959958978117e-01
4.186327636515214579e+01,9.999999999999998890e-01,1.000000000000000000e+00,2.350000000000000089e+00,9.999999999999998890e-01,7.447394394835196163e-01,-6.673553530749364304e-01
4.187786577740725136e+01,9.999999999999998890e-01,1.000000000000000000e+00,2.350000000000000089e+00,9.999999999999998890e-01,7.445694844592743999e-01,-6.675449668839174011e-01
4.189245518966235693e+01,1.000000000000000000e+00,1.000000000000000000e+00,2.349999999999999645e+00,1.000000000000000000e+00,7.443994811585534777e-01,-6.677345374105463360e-01
4.190704460191746250e+01,9.999999999999998890e-01,1.000000000000000000e+00,2.350000000000000089e+00,9.999999999999998890e-01,7.442294295923794767e-01,-6.679240646425321781e-01
4.192163401417256807e+01,1.000000000000000000e+00,1.000000000000000000e+00,2.349999999999999645e+00,1.000000000000000000e+00,7.440593297717782439e-01,-6.681135485675859798e-01
4.193622342642768075e+01,9.999999999999998890e-01,1.000000000000000000e+00,2.350000000000000089e+00,9.999999999999998890e-01,7.438891817077786239e-01,-6.683029891734223460e-01
4.195081283868277922e+01,9.999999999999998890e-01,1.000000000000000000e+00,2.350000000000000089e+00,9.999999999999998890e-01,7.437189854114129028e-01,-6.684923864477579913e-01
4.196540225093788479e+01,9.999999999999998890e-01,1.000000000000000000e+00,2.350000000000000089e+00,9.999999999999998890e-01,7.435487408937161424e-01,-6.686817403783128499e-01
4.197999166319299746e+01,9.999999999999998890e-01,1.000000000000000000e+00,2.350000000000000089e+00,9.999999999999998890e-01,7.433784481657265131e-01,-6.688710509528097425e-01
4.199458107544810304e+01,1.000000000000000000e+00,1.000000000000000000e+00,2.349999999999999645e+00,1.000000000000000000e+00,7.432081072384858489e-01,-6.690603181589738213e-01
4.200917048770320861e+01,9.999999999999998890e-01,1.000000000000000000e+00,2.350000000000000089e+00,9.999999999999998890e-01,7.430377181230384265e-01,-6.692495419845336802e-01
4.202375989995831418e+01,9.999999999999998890e-01,1.000000000000000000e+00,2.350000000000000089e+00,9.999999999999998890e-01,7.428672808304320752e-01,-6.694387224172201334e-01
4.203834931221341975e+01,9.999999999999998890e-01,1.000000000000000000e+00,2.350000000000000089e+00,9.999999999999998890e-01,7.426967953717176218e-01,-6.696278594447672150e-01
4.205293872446852532e+01,9.999999999999998890e-01,1.000000000000000000e+00,2.350000000000000089e+00,9.999999999999998890e-01,7.425262617579491131e-01,-6.698169530549116235e-01
4.206752813672363089e+01,1.000000000000000000e+00,1.000000000000000000e+00,2.349999999999999645e+00,1.000000000000000000e+00,7.423556800001833711e-01,-6.700060032353928330e-01
4.208211754897874357e+01,9.999999999999998890e-01,1.000000000000000000e+00,2.350000000000000089e+00,9.999999999999998890e-01,7.421850501094808816e-01,-6.701950099739533151e-01
4.209670696123384204e+01,9.999999999999998890e-01,1.000000000000000000e+00,2.350000000000000089e+00,9.999999999999998890e-01,7.420143720969047951e-01,-6.703839732583380950e-01
4.211129637348895471e+01,9.999999999999998890e-01,1.000000000000000000e+00,2.350000000000000089e+00,9.999999999999998890e-01,7.418436459735214816e-01,-6.705728930762953066e-01
4.212588578574406029e+01,9.999999999999998890e-01,1.000000000000000000e+00,2.350000000000000089e+00,9.999999999999998890e-01,7.416728717504007529e-01,-6.707617694155755261e-01
4.214047519799916586e+01,9.999999999999998890e-01,1.000000000000000000e+00,2.350000000000000089e+00,9.999999999999998890e-01,7.415020494386149741e-01,-6.709506022639325495e-01
4.215506461025427143e+01,9.999999999999998890e-01,1.000000000000000000e+00,2.350000000000000089e+00,9.999999999999998890e-01,7.413311790492402853e-01,-6.711393916091226153e-01
4.216965402250937700e+01,9.999999999999998890e-01,1.000000000000000000e+00,2.350000000000000089e+00,9.999999999999998890e-01,7.411602605933553800e-01,-6.713281374389051814e-01
4.218424343476448257e+01,9.999999999999998890e-01,1.000000000000000000e+00,2.350000000000000089e+00,9.999999999999998890e-01,7.409892940820421714e-01,-6.715168397410423706e-01
4.219883284701958814e+01,9.999999999999998890e-01,1.000000000000000000e+00,2.350000000000000089e+00,9.999999999999998890e-01,7.408182795263861253e-01,-6.717054985032988590e-01
4.221342225927470082e+01,9.999999999999998890e-01,1.000000000000000000e+00,2.350000000000000089e+00,9.999999999999998890e-01,7.406472169374752612e-01,-6.718941137134425423e-01
4.222801167152979929e+01,9.999999999999998890e-01,1.000000000000000000e+00,2.350000000000000089e+00,9.999999999999998890e-01,7.404761063264010401e-01,-6.720826853592438699e-01
4.224260108378491196e+01,9.999999999999998890e-01,1.000000000000000000e+00,2.350000000000000089e+00,9.999999999999998890e-01,7.403049477042579207e-01,-6.722712134284762886e-01
4.225719049604001754e+01,9.999999999999998890e-01,1.000000000000000000e+00,2.350000000000000089e+00,9.999999999999998890e-01,7.401337410821435814e-01,-6.724596979089159099e-01
4.227177990829511600e+01,9.999999999999998890e-01,1.000000000000000000e+00,2.350000000000000089e+00,9.999999999999998890e-01,7.399624864711586980e-01,-6.726481387883418428e-01
4.228636932055022868e+01,9.999999999999998890e-01,1.000000000000000000e+00,2.350000000000000089e+00,9.999999999999998890e-01,7.397911838824069442e-01,-6.728365360545358609e-01
4.230095873280533425e+01,9.999999999999998890e-01,1.000000000000000000e+00,2.350000000000000089e+00,9.999999999999998890e-01,7.396198333269954350e-01,-6.730248896952827353e-01
4.231554814506043982e+01,9.999999999999998890e-01,1.000000000000000000e+00,2.350000000000000089e+00,9.999999999999998890e-01,7.394484348160341725e-01,-6.732131996983699018e-01
4.233013755731554539e+01,9.999999999999998890e-01,1.000000000000000000e+00,2.350000000000000089e+00,9.999999999999998890e-01,7.392769883606363779e-01,-6.734014660515876827e-01
4.234472696957065807e+01,1.000000000000000000e+00,1.000000000000000000e+00,2.349999999999999645e+00,1.000000000000000000e+00,7.391054939719180483e-01,-6.735896887427292867e-01
4.235931638182575654e+01,9.999999999999998890e-01,1.000000000000000000e+00,2.350000000000000089e+00,9.999999999999998890e-01,7.389339516609989555e-01,-6.737778677595906984e-01
4.237390579408086211e+01,9.999999999999998890e-01,1.000000000000000000e+00,2.350000000000000089e+00,9.999999999999998890e-01,7.387623614390013138e-01,-6.739660030899706777e-01
4.238849520633597479e+01,9.999999999999998890e-01,1.000000000000000000e+00,2.350000000000000089e+00,9.999999999999998890e-01,7.385907233170506681e-01,-6.741540947216710933e-01
4.240308461859107325e+01,1.000000000000000000e+00,1.000000000000000000e+00,2.349999999999999645e+00,1.000000000000000000e+00,7.384190373062758939e-01,-6.743421426424961451e-01
4.241767403084618593e+01,1.000000000000000000e+00,1.000000000000000000e+00,2.349999999999999645e+00,1.000000000000000000e+00,7.382473034178086424e-01,-6.745301468402534750e-01
4.243226344310129150e+01,9.999999999999998890e-01,1.000000000000000000e+00,2.350000000000000089e+00,9.999999999999998890e-01,7.380755216627840065e-01,-6.747181073027529452e-01
4.244685285535639707e+01,9.999999999999998890e-01,1.000000000000000000e+00,2.350000000000000089e+00,9.999999999999998890e-01,7.379036920523396326e-01,-6.749060240178078596e-01
4.246144226761150264e+01,9.999999999999998890e-01,1.000000000000000000e+00,2.350000000000000089e+00,9.999999999999998890e-01,7.377318145976170527e-01,-6.750938969732337425e-01
4.247603167986660821e+01,9.999999999999998890e-01,1.000000000000000000e+00,2.350000000000000089e+00,9.999999999999998890e-01,7.375598893097602415e-01,-6.752817261568494489e-01
4.249062109212171379e+01,1.000000000000000000e+00,1.000000000000000000e+00,2.349999999999999645e+00,1.000000000000000000e+00,7.373879161999163934e-01,-6.754695115564764984e-01
4.250521050437681936e+01,9.999999999999998890e-01,1.000000000000000000e+00,2.350000000000000089e+00,9.999999999999998890e-01,7.372158952792362552e-01,-6.756572531599391862e-01
4.251979991663193204e+01,9.999999999999998890e-01,1.000000000000000000e+00,2.350000000000000089e+00,9.999999999999998890e-01,7.370438265588730165e-01,-6.758449509550648049e-01
4.253438932888703050e+01,1.000000000000000000e+00,1.000000000000000000e+00,2.349999999999999645e+00,1.000000000000000000e+00,7.368717100499834194e-01,-6.760326049296832007e-01
4.254897874114214318e+01,1.000000000000000000e+00,1.000000000000000000e+00,2.349999999999999645e+00,1.000000000000000000e+00,7.366995457637272038e-01,-6.762202150716273286e-01
4.256356815339724875e+01,9.999999999999998890e-01,1.000000000000000000e+00,2.350000000000000089e+00,9.999999999999998890e-01,7.365273337112671070e-01,-6.764077813687329188e-01
4.257815756565234722e+01,9.999999999999998890e-01,1.000000000000000000e+00,2.350000000000000089e+00,9.999999999999998890e-01,7.363550739037691972e-01,-6.765953038088385885e-01
4.259274697790745989e+01,9.999999999999998890e-01,1.000000000000000000e+00,2.350000000000000089e+00,9.999999999999998890e-01,7.361827663524022070e-01,-6.767827823797856190e-01
4.260733639016256546e+01,9.999999999999998890e-01,1.000000000000000000e+00,2.350000000000000089e+00,9.999999999999998890e-01,7.360104110683385326e-01,-6.769702170694182897e-01
4.262192580241767104e+01,9.999999999999998890e-01,1.000000000000000000e+00,2.350000000000000089e+00,9.999999999999998890e-01,7.358380080627530129e-01,-6.771576078655838771e-01
4.263651521467277661e+01,9.999999999999998890e-01,1.000000000000000000e+00,2.350000000000000089e+00,9.999999999999998890e-01,7.356655573468242615e-01,-6.773449547561319894e-01
4.265110462692788929e+01,9.999999999999998890e-01,1.000000000000000000e+00,2.350000000000000089e+00,9.999999999999998890e-01,7.354930589317334455e-01,-6.775322577289156767e-01
4.266569403918298775e+01,9.999999999999998890e-01,1.000000000000000000e+00,2.350000000000000089e+00,9.999999999999998890e-01,7.353205128286650627e-01,-6.777195167717903201e-01
4.268028345143809332e+01,1.000000000000000000e+00,1.000000000000000000e+00,2.349999999999999645e+00,1.000000000000000000e+00,7.351479190488068305e-01,-6.779067318726145208e-01
4.269487286369320600e+01,9.999999999999998890e-01,1.000000000000000000e+00,2.350000000000000089e+00,9.999999999999998890e-01,7.349752776033492419e-01,-6.780939030192497663e-01
4.270946227594830447e+01,9.999999999999998890e-01,1.000000000000000000e+00,2.350000000000000089e+00,9.999999999999998890e-01,7.348025885034861204e-01,-6.782810301995599866e-01
4.272405168820341714e+01,9.999999999999998890e-01,1.000000000000000000e+00,2.350000000000000089e+00,9.999999999999998890e-01,7.346298517604141765e-01,-6.784681134014124426e-01
4.273864110045852271e+01,9.999999999999998890e-01,1.000000000000000000e+00,2.350000000000000089e+00,9.999999999999998890e-01,7.344570673853335618e-01,-6.786551526126768374e-01
4.275323051271362829e+01,9.999999999999998890e-01,1.000000000000000000e+00,2.350000000000000089e+00,9.999999999999998890e-01,7.342842353894469820e-01,-6.788421478212258720e-01
4.276781992496873386e+01,9.999999999999998890e-01,1.000000000000000000e+00,2.350000000000000089e+00,9.999999999999998890e-01,7.341113557839609172e-01,-6.790290990149352446e-01
4.278240933722383943e+01,9.999999999999998890e-01,1.000000000000000000e+00,2.350000000000000089e+00,9.999999999999998890e-01,7.339384285800841790e-01,-6.792160061816834293e-01
4.279699874947894500e+01,9.999999999999998890e-01,1.000000000000000000e+00,2.350000000000000089e+00,9.999999999999998890e-01,7.337654537890293538e-01,-6.794028693093515647e-01
4.281158816173405057e+01,9.999999999999998890e-01,1.000000000000000000e+00,2.350000000000000089e+00,9.999999999999998890e-01,7.335924314220115816e-01,-6.795896883858238979e-01
4.282617757398916325e+01,9.999999999999998890e-01,1.000000000000000000e+00,2.350000000000000089e+00,9.999999999999998890e-01,7.334193614902493330e-01,-6.797764633989875627e-01
4.284076698624426882e+01,9.999999999999998890e-01,1.000000000000000000e+00,2.350000000000000089e+00,9.999999999999998890e-01,7.332462440049641872e-01,-6.799631943367321352e-01
4.285535639849937439e+01,9.999999999999998890e-01,1.000000000000000000e+00,2.350000000000000089e+00,9.999999999999998890e-01,7.330730789773807210e-01,-6.801498811869505223e-01
4.286994581075447996e+01,9.999999999999998890e-01,1.000000000000000000e+00,2.350000000000000089e+00,9.999999999999998890e-01,7.328998664187267309e-01,-6.803365239375381845e-01
4.288453522300958554e+01,9.999999999999998890e-01,1.000000000000000000e+00,2.350000000000000089e+00,9.999999999999998890e-01,7.327266063402328999e-01,-6.805231225763935798e-01
4.289912463526469111e+01,9.999999999999998890e-01,1.000000000000000000e+00,2.350000000000000089e+00,9.999999999999998890e-01,7.325532987531331308e-01,-6.807096770914182748e-01
4.291371404751979668e+01,1.000000000000000000e+00,1.000000000000000000e+00,2.349999999999999645e+00,1.000000000000000000e+00,7.323799436686642128e-01,-6.808961874705160566e-01
4.292830345977490936e+01,9.999999999999998890e-01,1.000000000000000000e+00,2.350000000000000089e+00,9.999999999999998890e-01,7.322065410980663769e-01,-6.810826537015941540e-01
4.294289287203000782e+01,9.999999999999998890e-01,1.000000000000000000e+00,2.350000000000000089e+00,9.999999999999998890e-01,7.320330910525826296e-01,-6.812690757725623492e-01
4.295748228428512050e+01,9.999999999999998890e-01,1.000000000000000000e+00,2.350000000000000089e+00,9.999999999999998890e-01,7.318595935434589750e-01,-6.814554536713335331e-01
4.297207169654022607e+01,9.999999999999998890e-01,1.000000000000000000e+00,2.350000000000000089e+00,9.999999999999998890e-01,7.316860485819449700e-01,-6.816417873858231502e-01
4.298666110879532454e+01,9.999999999999998890e-01,1.000000000000000000e+00,2.350000000000000089e+00,9.999999999999998890e-01,7.315124561792927249e-01,-6.818280769039496425e-01
4.300125052105043721e+01,9.999999999999998890e-01,1.000000000000000000e+00,2.350000000000000089e+00,9.999999999999998890e-01,7.313388163467576808e-01,-6.820143222136346717e-01
4.301583993330554279e+01,9.999999999999998890e-01,1.000000000000000000e+00,2.350000000000000089e+00,9.999999999999998890e-01,7.311651290955983873e-01,-6.822005233028020088e-01
4.303042934556064836e+01,9.999999999999998890e-01,1.000000000000000000e+00,2.350000000000000089e+00,9.999999999999998890e-01,7.309913944370762806e-01,-6.823866801593790887e-01
4.304501875781575393e+01,9.999999999999998890e-01,1.000000000000000000e+00,2.350000000000000089e+00,9.999999999999998890e-01,7.308176123824561277e-01,-6.825727927712956777e-01
4.305960817007086661e+01,9.999999999999998890e-01,1.000000000000000000e+00,2.350000000000000089e+00,9.999999999999998890e-01,7.306437829430054709e-01,-6.827588611264846508e-01
4.307419758232596507e+01,9.999999999999998890e-01,1.000000000000000000e+00,2.350000000000000089e+00,9.999999999999998890e-01,7.304699061299952945e-01,-6.829448852128815473e-01
4.308878699458107064e+01,9.999999999999998890e-01,1.000000000000000000e+00,2.350000000000000089e+00,9.999999999999998890e-01,7.302959819546992470e-01,-6.831308650184250153e-01
4.310337640683618332e+01,9.999999999999998890e-01,1.000000000000000000e+00,2.350000000000000089e+00,9.999999999999998890e-01,7.301220104283943080e-01,-6.833168005310565896e-01
4.311796581909128179e+01,9.999999999999998890e-01,1.000000000000000000e+00,2.350000000000000089e+00,9.999999999999998890e-01,7.299479915623604542e-01,-6.835026917387203582e-01
4.313255523134639446e+01,1.000000000000000000e+00,1.000000000000000000e+00,2.349999999999999645e+00,1.000000000000000000e+00,7.297739253678806604e-01,-6.836885386293636291e-01
4.314714464360150004e+01,9.999999999999998890e-01,1.000000000000000000e+00,2.350000000000000089e+00,9.999999999999998890e-01,7.295998118562413426e-01,-6.838743411909363745e-01
4.316173405585660561e+01,9.999999999999998890e-01,1.000000000000000000e+00,2.350000000000000089e+00,9.999999999999998890e-01,7.294256510387312487e-01,-6.840600994113916755e-01
4.317632346811171118e+01,9.999999999999998890e-01,1.000000000000000000e+00,2.350000000000000089e+00,9.999999999999998890e-01,7.292514429266431231e-01,-6.842458132786850555e-01
4.319091288036681675e+01,9.999999999999998890e-01,1.000000000000000000e+00,2.350000000000000089e+00,9.999999999999998890e-01,7.290771875312719308e-01,-6.844314827807752577e-01
4.320550229262192232e+01,9.999999999999998890e-01,1.000000000000000000e+00,2.350000000000000089e+00,9.999999999999998890e-01,7.289028848639160785e-01,-6.846171079056239117e-01
4.322009170487702789e+01,9.999999999999998890e-01,1.000000000000000000e+00,2.350000000000000089e+00,9.999999999999998890e-01,7.287285349358771924e-01,-6.848026886411953118e-01
4.323468111713214057e+01,9.999999999999998890e-01,1.000000000000000000e+00,2.350000000000000089e+00,9.999999999999998890e-01,7.285541377584596745e-01,-6.849882249754569719e-01
4.324927052938723904e+01,9.999999999999998890e-01,1.000000000000000000e+00,2.350000000000000089e+00,9.999999999999998890e-01,7.283796933429712572e-01,-6.851737168963788482e-01
4.326385994164235171e+01,9.999999999999998890e-01,1.000000000000000000e+00,2.350000000000000089e+00,9.999999999999998890e-01,7.282052017007223377e-01,-6.853591643919342280e-01
4.327844935389745729e+01,9.999999999999998890e-01,1.000000000000000000e+00,2.350000000000000089e+00,9.999999999999998890e-01,7.280306628430268656e-01,-6.855445674500987296e-01
4.329303876615255575e+01,1.000000000000000000e+00,1.000000000000000000e+00,2.349999999999999645e+00,1.000000000000000000e+00,7.278560767812014554e-01,-6.857299260588513024e-01
4.330762817840766843e+01,1.000000000000000000e+00,1.000000000000000000e+00,2.349999999999999645e+00,1.000000000000000000e+00,7.276814435265659409e-01,-6.859152402061737819e-01
4.332221759066277400e+01,1.000000000000000000e+00,1.000000000000000000e+00,2.349999999999999645e+00,1.000000000000000000e+00,7.275067630904433758e-01,-6.861005098800505575e-01
4.333680700291787957e+01,1.000000000000000000e+00,1.000000000000000000e+00,2.349999999999999645e+00,1.000000000000000000e+00,7.273320354841594781e-01,-6.862857350684693492e-01
4.335139641517298514e+01,9.999999999999998890e-01,1.000000000000000000e+00,2.350000000000000089e+00,9.999999999999998890e-01,7.271572607190435189e-01,-6.864709157594202082e-01
4.336598582742809782e+01,9.999999999999998890e-01,1.000000000000000000e+00,2.350000000000000089e+00,9.999999999999998890e-01,7.269824388064272114e-01,-6.866560519408965169e-01
4.338057523968319629e+01,9.999999999999998890e-01,1.000000000000000000e+00,2.350000000000000089e+00,9.999999999999998890e-01,7.268075697576460437e-01,-6.868411436008944326e-01
4.339516465193830186e+01,9.999999999999998890e-01,1.000000000000000000e+00,2.350000000000000089e+00,9.999999999999998890e-01,7.266326535840380574e-01,-6.870261907274127777e-01
4.340975406419341454e+01,9.999999999999998890e-01,1.000000000000000000e+00,2.350000000000000089e+00,9.999999999999998890e-01,7.264576902969442918e-01,-6.872111933084537050e-01
4.342434347644851300e+01,9.999999999999998890e-01,1.000000000000000000e+00,2.350000000000000089e+00,9.999999999999998890e-01,7.262826799077093387e-01,-6.873961513320218097e-01
4.343893288870362568e+01,9.999999999999998890e-01,1.000000000000000000e+00,2.350000000000000089e+00,9.999999999999998890e-01,7.261076224276802327e-01,-6.875810647861249070e-01
4.345352230095873125e+01,9.999999999999998890e-01,1.000000000000000000e+00,2.350000000000000089e+00,9.999999999999998890e-01,7.259325178682077828e-01,-6.877659336587733652e-01
4.346811171321383682e+01,9.999999999999998890e-01,1.000000000000000000e+00,2.350000000000000089e+00,9.999999999999998890e-01,7.257573662406449078e-01,-6.879507579379808835e-01
4.348270112546894239e+01,1.000000000000000000e+00,1.000000000000000000e+00,2.349999999999999645e+00,1.000000000000000000e+00,7.255821675563486339e-01,-6.881355376117634925e-01
4.349729053772404797e+01,1.000000000000000000e+00,1.000000000000000000e+00,2.349999999999999645e+00,1.000000000000000000e+00,7.254069218266782082e-01,-6.883202726681406647e-01
4.351187994997915354e+01,1.000000000000000000e+00,1.000000000000000000e+00,2.349999999999999645e+00,1.000000000000000000e+00,7.252316290629962081e-01,-6.885049630951345367e-01
4.352646936223425911e+01,9.999999999999998890e-01,1.000000000000000000e+00,2.350000000000000089e+00,9.999999999999998890e-01,7.250562892766685419e-01,-6.886896088807700211e-01
4.354105877448937179e+01,9.999999999999998890e-01,1.000000000000000000e+00,2.350000000000000089e+00,9.999999999999998890e-01,7.248809024790635602e-01,-6.888742100130751389e-01
4.355564818674447025e+01,9.999999999999998890e-01,1.000000000000000000e+00,2.350000000000000089e+00,9.999999999999998890e-01,7.247054686815532776e-01,-6.890587664800805756e-01
4.357023759899958293e+01,9.999999999999998890e-01,1.000000000000000000e+00,2.350000000000000089e+00,9.999999999999998890e-01,7.245299878955123729e-01,-6.892432782698201255e-01
4.358482701125468850e+01,9.999999999999998890e-01,1.000000000000000000e+00,2.350000000000000089e+00,9.999999999999998890e-01,7.243544601323187448e-01,-6.894277453703303582e-01
4.359941642350979407e+01,9.999999999999998890e-01,1.000000000000000000e+00,2.350000000000000089e+00,9.999999999999998890e-01,7.241788854033532896e-01,-6.896121677696507302e-01
4.361400583576489964e+01,9.999999999999998890e-01,1.000000000000000000e+00,2.350000000000000089e+00,9.999999999999998890e-01,7.240032637199997900e-01,-6.897965454558238063e-01
4.362859524802000522e+01,9.999999999999998890e-01,1.000000000000000000e+00,2.350000000000000089e+00,9.999999999999998890e-01,7.238275950936453595e-01,-6.899808784168947051e-01
4.364318466027511079e+01,9.999999999999998890e-01,1.000000000000000000e+00,2.350000000000000089e+00,9.999999999999998890e-01,7.236518795356801093e-01,-6.901651666409118757e-01
4.365777407253021636e+01,9.999999999999998890e-01,1.000000000000000000e+00,2.350000000000000089e+00,9.999999999999998890e-01,7.234761170574969258e-01,-6.903494101159259877e-01
4.367236348478532904e+01,9.999999999999998890e-01,1.000000000000000000e+00,2.350000000000000089e+00,9.999999999999998890e-01,7.233003076704919154e-01,-6.905336088299914854e-01
4.368695289704043461e+01,9.999999999999998890e-01,1.000000000000000000e+00,2.350000000000000089e+00,9.999999999999998890e-01,7.231244513860644041e-01,-6.907177627711650336e-01
4.370154230929553307e+01,9.999999999999998890e-01,1.000000000000000000e+00,2.350000000000000089e+00,9.999999999999998890e-01,7.229485482156163823e-01,-6.909018719275065168e-01
4.371613172155064575e+01,9.999999999999998890e-01,1.000000000000000000e+00,2.350000000000000089e+00,9.999999999999998890e-01,7.227725981705531710e-01,-6.910859362870785949e-01
4.373072113380575132e+01,9.999999999999998890e-01,1.000000000000000000e+00,2.350000000000000089e+00,9.999999999999998890e-01,7.225966012622830892e-01,-6.912699558379469256e-01
4.374531054606085689e+01,9.999999999999998890e-01,1.000000000000000000e+00,2.350000000000000089e+00,9.999999999999998890e-01,7.224205575022173420e-01,-6.914539305681800530e-01
4.375989995831596246e+01,9.999999999999998890e-01,1.000000000000000000e+00,2.350000000000000089e+00,9.999999999999998890e-01,7.222444669017703545e-01,-6.916378604658492968e-01
4.377448937057106804e+01,9.999999999999998890e-01,1.000000000000000000e+00,2.350000000000000089e+00,9.999999999999998890e-01,7.220683294723594381e-01,-6.918217455190290854e-01
4.378907878282617361e+01,9.999999999999998890e-01,1.000000000000000000e+00,2.350000000000000089e+00,9.999999999999998890e-01,7.218921452254050131e-01,-6.920055857157966228e-01
4.380366819508127918e+01,9.999999999999998890e-01,1.000000000000000000e+00,2.350000000000000089e+00,9.999999999999998890e-01,7.217159141723306082e-01,-6.921893810442319994e-01
4.381825760733639186e+01,9.999999999999998890e-01,1.000000000000000000e+00,2.350000000000000089e+00,9.999999999999998890e-01,7.215396363245626388e-01,-6.923731314924185254e-01
4.383284701959149032e+01,9.999999999999998890e-01,1.000000000000000000e+00,2.350000000000000089e+00,9.999999999999998890e-01,7.213633116935306289e-01,-6.925568370484418423e-01
4.384743643184660300e+01,9.999999999999998890e-01,1.000000000000000000e+00,2.350000000000000089e+00,9.999999999999998890e-01,7.211869402906672111e-01,-6.927404977003911446e-01
4.386202584410170857e+01,9.999999999999998890e-01,1.000000000000000000e+00,2.350000000000000089e+00,9.999999999999998890e-01,7.210105221274079046e-01,-6.929241134363578469e-01
4.387661525635681414e+01,9.999999999999998890e-01,1.000000000000000000e+00,2.350000000000000089e+00,9.999999999999998890e-01,7.208340572151913372e-01,-6.931076842444370278e-01
4.389120466861191971e+01,9.999999999999998890e-01,1.000000000000000000e+00,2.350000000000000089e+00,9.999999999999998890e-01,7.206575455654592455e-01,-6.932912101127259863e-01
4.390579408086702529e+01,9.999999999999998890e-01,1.000000000000000000e+00,2.350000000000000089e+00,9.999999999999998890e-01,7.204809871896561413e-01,-6.934746910293254629e-01
4.392038349312213086e+01,9.999999999999998890e-01,1.000000000000000000e+00,2.350000000000000089e+00,9.999999999999998890e-01,7.203043820992298674e-01,-6.936581269823389739e-01
4.393497290537723643e+01,9.999999999999998890e-01,1.000000000000000000e+00,2.350000000000000089e+00,9.999999999999998890e-01,7.201277303056310419e-01,-6.938415179598725890e-01
4.394956231763234911e+01,9.999999999999998890e-01,1.000000000000000000e+00,2.350000000000000089e+00,9.999999999999998890e-01,7.199510318203136139e-01,-6.940248639500358196e-01
4.396415172988744757e+01,9.999999999999998890e-01,1.000000000000000000e+00,2.350000000000000089e+00,9.999999999999998890e-01,7.197742866547341967e-01,-6.942081649409407307e-01
4.397874114214256025e+01,9.999999999999998890e-01,1.000000000000000000e+00,2.350000000000000089e+00,9.999999999999998890e-01,7.195974948203527344e-01,-6.943914209207026067e-01
4.399333055439766582e+01,9.999999999999998890e-01,1.000000000000000000e+00,2.350000000000000089e+00,9.999999999999998890e-01,7.194206563286320577e-01,-6.945746318774392858e-01
4.400791996665276429e+01,1.000000000000000000e+00,1.000000000000000000e+00,2.349999999999999645e+00,1.000000000000000000e+00,7.192437711910379949e-01,-6.947577977992717146e-01
4.402250937890787696e+01,9.999999999999998890e-01,1.000000000000000000e+00,2.350000000000000089e+00,9.999999999999998890e-01,7.190668394190394830e-01,-6.949409186743239486e-01
4.403709879116298254e+01,9.999999999999998890e-01,1.000000000000000000e+00,2.350000000000000089e+00,9.999999999999998890e-01,7.188898610241083453e-01,-6.951239944907225965e-01
4.405168820341808811e+01,9.999999999999998890e-01,1.000000000000000000e+00,2.350000000000000089e+00,9.999999999999998890e-01,7.187128360177196251e-01,-6.953070252365974868e-01
4.406627761567319368e+01,9.999999999999998890e-01,1.000000000000000000e+00,2.350000000000000089e+00,9.999999999999998890e-01,7.185357644113513631e-01,-6.954900109000811126e-01
4.408086702792830636e+01,9.999999999999998890e-01,1.000000000000000000e+00,2.350000000000000089e+00,9.999999999999998890e-01,7.183586462164843756e-01,-6.956729514693091865e-01
4.409545644018340482e+01,9.999999999999998890e-01,1.000000000000000000e+00,2.350000000000000089e+00,9.999999999999998890e-01,7.181814814446028095e-01,-6.958558469324200857e-01
4.411004585243851039e+01,1.000000000000000000e+00,1.000000000000000000e+00,2.349999999999999645e+00,1.000000000000000000e+00,7.180042701071935873e-01,-6.960386972775551850e-01
4.412463526469362307e+01,9.999999999999998890e-01,1.000000000000000000e+00,2.350000000000000089e+00,9.999999999999998890e-01,7.178270122157467403e-01,-6.962215024928590790e-01
4.413922467694872154e+01,9.999999999999998890e-01,1.000000000000000000e+00,2.350000000000000089e+00,9.999999999999998890e-01,7.176497077817555192e-01,-6.964042625664785824e-01
4.415381408920383421e+01,9.999999999999998890e-01,1.000000000000000000e+00,2.350000000000000089e+00,9.999999999999998890e-01,7.174723568167157284e-01,-6.965869774865642849e-01
4.416840350145893979e+01,9.999999999999998890e-01,1.000000000000000000e+00,2.350000000000000089e+00,9.999999999999998890e-01,7.172949593321268358e-01,-6.967696472412691078e-01
4.418299291371404536e+01,9.999999999999998890e-01,1.000000000000000000e+00,2.350000000000000089e+00,9.999999999999998890e-01,7.171175153394905299e-01,-6.969522718187490806e-01
4.419758232596915093e+01,9.999999999999998890e-01,1.000000000000000000e+00,2.350000000000000089e+00,9.999999999999998890e-01,7.169400248503122741e-01,-6.971348512071632308e-01
4.421217173822425650e+01,9.999999999999998890e-01,1.000000000000000000e+00,2.350000000000000089e+00,9.999999999999998890e-01,7.167624878761001961e-01,-6.973173853946733614e-01
4.422676115047936207e+01,9.999999999999998890e-01,1.000000000000000000e+00,2.350000000000000089e+00,9.999999999999998890e-01,7.165849044283651992e-01,-6.974998743694443837e-01
4.424135056273446764e+01,9.999999999999998890e-01,1.000000000000000000e+00,2.350000000000000089e+00,9.999999999999998890e-01,7.164072745186217395e-01,-6.976823181196440959e-01
4.425593997498958032e+01,9.999999999999998890e-01,1.000000000000000000e+00,2.350000000000000089e+00,9.999999999999998890e-01,7.162295981583867155e-01,-6.978647166334431828e-01
4.427052938724467879e+01,9.999999999999998890e-01,1.000000000000000000e+00,2.350000000000000089e+00,9.999999999999998890e-01,7.160518753591805785e-01,-6.980470698990151046e-01
4.428511879949979146e+01,9.999999999999998890e-01,1.000000000000000000e+00,2.350000000000000089e+00,9.999999999999998890e-01,7.158741061325264443e-01,-6.982293779045366522e-01
4.429970821175489704e+01,9.999999999999998890e-01,1.000000000000000000e+00,2.350000000000000089e+00,9.999999999999998890e-01,7.156962904899506484e-01,-6.984116406381870590e-01
4.431429762400999550e+01,9.999999999999998890e-01,1.000000000000000000e+00,2.350000000000000089e+00,9.999999999999998890e-01,7.155184284429823016e-01,-6.985938580881490001e-01
4.432888703626510818e+01,9.999999999999998890e-01,1.000000000000000000e+00,2.350000000000000089e+00,9.999999999999998890e-01,7.153405200031536237e-01,-6.987760302426077041e-01
4.434347644852021375e+01,9.999999999999998890e-01,1.000000000000000000e+00,2.350000000000000089e+00,9.999999999999998890e-01,7.151625651819998319e-01,-6.989581570897516194e-01
4.435806586077531932e+01,1.000000000000000000e+00,1.000000000000000000e+00,2.349999999999999645e+00,1.000000000000000000e+00,7.149845639910592521e-01,-6.991402386177717476e-01
4.437265527303042489e+01,9.999999999999998890e-01,1.000000000000000000e+00,2.350000000000000089e+00,9.999999999999998890e-01,7.148065164418732076e-01,-6.993222748148625323e-01
4.438724468528553757e+01,9.999999999999998890e-01,1.000000000000000000e+00,2.350000000000000089e+00,9.999999999999998890e-01,7.146284225459857975e-01,-6.995042656692208594e-01
4.440183409754063604e+01,1.000000000000000000e+00,1.000000000000000000e+00,2.349999999999999645e+00,1.000000000000000000e+00,7.144502823149444515e-01,-6.996862111690468344e-01
4.441642350979574161e+01,9.999999999999998890e-01,1.000000000000000000e+00,2.350000000000000089e+00,9.999999999999998890e-01,7.142720957602994858e-01,-6.998681113025436717e-01
4.443101292205085429e+01,1.000000000000000000e+00,1.000000000000000000e+00,2.349999999999999645e+00,1.000000000000000000e+00,7.140938628936038812e-01,-7.000499660579170280e-01
4.444560233430595275e+01,9.999999999999998890e-01,1.000000000000000000e+00,2.350000000000000089e+00,9.999999999999998890e-01,7.139155837264142823e-01,-7.002317754233758906e-01
4.446019174656106543e+01,9.999999999999998890e-01,1.000000000000000000e+00,2.350000000000000089e+00,9.999999999999998890e-01,7.137372582702896651e-01,-7.004135393871322446e-01
4.447478115881617100e+01,9.999999999999998890e-01,1.000000000000000000e+00,2.350000000000000089e+00,9.999999999999998890e-01,7.135588865367925582e-01,-7.005952579374006284e-01
4.448937057107127657e+01,9.999999999999998890e-01,1.000000000000000000e+00,2.350000000000000089e+00,9.999999999999998890e-01,7.133804685374880439e-01,-7.007769310623988002e-01
4.450395998332638214e+01,9.999999999999998890e-01,1.000000000000000000e+00,2.350000000000000089e+00,9.999999999999998890e-01,7.132020042839445351e-01,-7.009585587503474047e-01
4.451854939558148772e+01,9.999999999999998890e-01,1.000000000000000000e+00,2.350000000000000089e+00,9.999999999999998890e-01,7.130234937877333312e-01,-7.011401409894701953e-01
4.453313880783659329e+01,9.999999999999998890e-01,1.000000000000000000e+00,2.350000000000000089e+00,9.999999999999998890e-01,7.128449370604286184e-01,-7.013216777679937008e-01
4.454772822009169886e+01,9.999999999999998890e-01,1.000000000000000000e+00,2.350000000000000089e+00,9.999999999999998890e-01,7.126663341136078023e-01,-7.015031690741472259e-01
4.456231763234681154e+01,9.999999999999998890e-01,1.000000000000000000e+00,2.350000000000000089e+00,9.999999999999998890e-01,7.124876849588509531e-01,-7.016846148961634055e-01
4.457690704460191711e+01,1.000000000000000000e+00,1.000000000000000000e+00,2.349999999999999645e+00,1.000000000000000000e+00,7.123089896077415828e-01,-7.018660152222774284e-01
4.459149645685702268e+01,9.999999999999998890e-01,1.000000000000000000e+00,2.350000000000000089e+00,9.999999999999998890e-01,7.121302480718658678e-01,-7.020473700407279249e-01
4.460608586911212825e+01,1.000000000000000000e+00,1.000000000000000000e+00,2.349999999999999645e+00,1.000000000000000000e+00,7.119514603628129823e-01,-7.022286793397559679e-01
4.462067528136723382e+01,9.999999999999998890e-01,1.000000000000000000e+00,2.350000000000000089e+00,9.999999999999998890e-01,7.117726264921754309e-01,-7.024099431076059608e-01
4.463526469362233939e+01,9.999999999999998890e-01,1.000000000000000000e+00,2.350000000000000089e+00,9.999999999999998890e-01,7.115937464715481608e-01,-7.025911613325249716e-01
4.464985410587744497e+01,1.000000000000000000e+00,1.000000000000000000e+00,2.349999999999999645e+00,1.000000000000000000e+00,7.114148203125294501e-01,-7.027723340027631771e-01
4.466444351813255764e+01,9.999999999999998890e-01,1.000000000000000000e+00,2.350000000000000089e+00,9.999999999999998890e-01,7.112358480267206851e-01,-7.029534611065738625e-01
4.467903293038765611e+01,9.999999999999998890e-01,1.000000000000000000e+00,2.350000000000000089e+00,9.999999999999998890e-01,7.110568296257261389e-01,-7.031345426322128667e-01
4.469362234264276879e+01,9.999999999999998890e-01,1.000000000000000000e+00,2.350000000000000089e+00,9.999999999999998890e-01,7.108777651211527493e-01,-7.033155785679392480e-01
4.470821175489787436e+01,9.999999999999998890e-01,1.000000000000000000e+00,2.350000000000000089e+00,9.999999999999998890e-01,7.106986545246110065e-01,-7.034965689020150625e-01
4.472280116715297282e+01,9.999999999999998890e-01,1.000000000000000000e+00,2.350000000000000089e+00,9.999999999999998890e-01,7.105194978477139545e-01,-7.036775136227051419e-01
4.473739057940808550e+01,1.000000000000000000e+00,1.000000000000000000e+00,2.349999999999999645e+00,1.000000000000000000e+00,7.103402951020777456e-01,-7.038584127182774264e-01
4.475197999166319107e+01,9.999999999999998890e-01,1.000000000000000000e+00,2.350000000000000089e+00,9.999999999999998890e-01,7.101610462993217521e-01,-7.040392661770028537e-01
4.476656940391829664e+01,1.000000000000000000e+00,1.000000000000000000e+00,2.349999999999999645e+00,1.000000000000000000e+00,7.099817514510677885e-01,-7.042200739871550264e-01
4.478115881617340222e+01,9.999999999999998890e-01,1.000000000000000000e+00,2.350000000000000089e+00,9.999999999999998890e-01,7.098024105689413332e-01,-7.044008361370108773e-01
4.479574822842851489e+01,9.999999999999998890e-01,1.000000000000000000e+00,2.350000000000000089e+00,9.999999999999998890e-01,7.096230236645703071e-01,-7.045815526148501151e-01
4.481033764068361336e+01,9.999999999999998890e-01,1.000000000000000000e+00,2.350000000000000089e+00,9.999999999999998890e-01,7.094435907495858507e-01,-7.047622234089552240e-01
4.482492705293871893e+01,9.999999999999998890e-01,1.000000000000000000e+00,2.350000000000000089e+00,9.999999999999998890e-01,7.092641118356221019e-01,-7.049428485076121298e-01
4.483951646519383161e+01,9.999999999999998890e-01,1.000000000000000000e+00,2.350000000000000089e+00,9.999999999999998890e-01,7.090845869343160857e-01,-7.051234278991093118e-01
4.485410587744893007e+01,9.999999999999998890e-01,1.000000000000000000e+00,2.350000000000000089e+00,9.999999999999998890e-01,7.089050160573078241e-01,-7.053039615717382471e-01
4.486869528970404275e+01,9.999999999999998890e-01,1.000000000000000000e+00,2.350000000000000089e+00,9.999999999999998890e-01,7.087253992162404481e-01,-7.054844495137937432e-01
4.488328470195914832e+01,9.999999999999998890e-01,1.000000000000000000e+00,2.350000000000000089e+00,9.999999999999998890e-01,7.085457364227599752e-01,-7.056648917135730503e-01
4.489787411421425389e+01,9.999999999999998890e-01,1.000000000000000000e+00,2.350000000000000089e+00,9.999999999999998890e-01,7.083660276885153095e-01,-7.058452881593767492e-01
4.491246352646935946e+01,9.999999999999998890e-01,1.000000000000000000e+00,2.350000000000000089e+00,9.999999999999998890e-01,7.081862730251584637e-01,-7.060256388395081961e-01
4.492705293872447214e+01,9.999999999999998890e-01,1.000000000000000000e+00,2.350000000000000089e+00,9.999999999999998890e-01,7.080064724443444479e-01,-7.062059437422739672e-01
4.494164235097957061e+01,9.999999999999998890e-01,1.000000000000000000e+00,2.350000000000000089e+00,9.999999999999998890e-01,7.078266259577311592e-01,-7.063862028559831918e-01
4.495623176323467618e+01,9.999999999999998890e-01,1.000000000000000000e+00,2.350000000000000089e+00,9.999999999999998890e-01,7.076467335769793809e-01,-7.065664161689483302e-01
4.497082117548978886e+01,9.999999999999998890e-01,1.000000000000000000e+00,2.350000000000000089e+00,9.999999999999998890e-01,7.074667953137531162e-01,-7.067465836694848402e-01
4.498541058774488732e+01,9.999999999999998890e-01,1.000000000000000000e+00,2.350000000000000089e+00,9.999999999999998890e-01,7.072868111797192547e-01,-7.069267053459107331e-01
4.500000000000000000e+01,9.999999999999998890e-01,1.000000000000000000e+00,2.350000000000000089e+00,9.999999999999998890e-01,7.071067811865475727e-01,-7.071067811865475727e-01
