theta_deg,p_over_p_inf,rho_over_rho_inf,mach,T_over_T_inf,vr_over_U_inf,vtheta_over_U_inf
1.000000000000000000e+01,4.032040561900728903e+00,2.555552087086455870e+00,6.182839310699609570e+00,1.577757143857550615e+00,9.768793033043305929e-01,-4.555356742860783292e-15
1.000500208420175063e+01,4.032038682836909693e+00,2.555551236392453518e+00,6.182839762644478654e+00,1.577756933775564363e+00,9.768792947913603752e-01,-1.705204546910299857e-04
1.001000416840350127e+01,4.032033591278442408e+00,2.555548931329971740e+00,6.182841014277832947e+00,1.577756364531854638e+00,9.768792717024677996e-01,-3.409585607213076394e-04
1.001500625260525190e+01,4.032025294748318167e+00,2.555545175303179040e+00,6.182843063726113364e+00,1.577755436966586045e+00,9.768792340444808486e-01,-5.113146183882718134e-04
1.002000833680700254e+01,4.032013800733314390e+00,2.555539971698989277e+00,6.182845909127121509e+00,1.577754151915192748e+00,9.768791818242041902e-01,-6.815889269502995113e-04
1.002501042100875317e+01,4.031999116684207074e+00,2.555533323887154040e+00,6.182849548629914871e+00,1.577752510208413117e+00,9.768791150484182895e-01,-8.517817846364080609e-04
1.003001250521050380e+01,4.031981250015968854e+00,2.555525235220340807e+00,6.182853980394729554e+00,1.577750512672329686e+00,9.768790337238794086e-01,-1.021893488652179981e-03
1.003501458941225444e+01,4.031960208107844501e+00,2.555515709034204441e+00,6.182859202592982939e+00,1.577748160128362720e+00,9.768789378573211613e-01,-1.191924335186520488e-03
1.004001667361400507e+01,4.031935979719755814e+00,2.555504740233982108e+00,6.182865216933074670e+00,1.577745451315653469e+00,9.768788273699935409e-01,-1.361874147585192011e-03
1.004501875781575571e+01,4.031908081230400676e+00,2.555492109860110439e+00,6.182872114701852162e+00,1.577742332161264471e+00,9.768787000054380831e-01,-1.531730778211906618e-03
1.005002084201750812e+01,4.031877032331059318e+00,2.555478053183972253e+00,6.182879796835862862e+00,1.577738860761328965e+00,9.768785581215883029e-01,-1.701507551274161843e-03
1.005502292621925697e+01,4.031842840233667680e+00,2.555462573461478648e+00,6.182888261556236387e+00,1.577735037916196736e+00,9.768784017250653484e-01,-1.871204758216002363e-03
1.006002501042100938e+01,4.031805512115314016e+00,2.555445673932005946e+00,6.182897507095034051e+00,1.577730864421651669e+00,9.768782308224680522e-01,-2.040822689503947289e-03
1.006502709462275824e+01,4.031765055118611940e+00,2.555427357818481848e+00,6.182907531695018832e+00,1.577726341069014326e+00,9.768780454203718211e-01,-2.210361634632634735e-03
1.007002917882451065e+01,4.031721476351800781e+00,2.555407628327469371e+00,6.182918333609662476e+00,1.577721468645136849e+00,9.768778455253288584e-01,-2.379821882131249403e-03
1.007503126302625951e+01,4.031674782888891251e+00,2.555386488649231236e+00,6.182929911103078879e+00,1.577716247932429594e+00,9.768776311438682747e-01,-2.549203719569047028e-03
1.008003334722801192e+01,4.031624945307163976e+00,2.555363925448900009e+00,6.182942269343518760e+00,1.577710675632602699e+00,9.768774021122282880e-01,-2.718506518493973324e-03
1.008503543142976255e+01,4.031571525473133910e+00,2.555339740338530952e+00,6.182955490721577796e+00,1.577704702756679955e+00,9.768771563526240653e-01,-2.887719416969329253e-03
1.009003751563151319e+01,4.031515014745031600e+00,2.555314155768567463e+00,6.182969481912433451e+00,1.577698384225662442e+00,9.768768961286394825e-01,-3.056854876406581763e-03
1.009503959983326382e+01,4.031455420036222925e+00,2.555287174852830745e+00,6.182984241227801547e+00,1.577691720801757125e+00,9.768766214466954034e-01,-3.225913179897339604e-03
1.010004168403501446e+01,4.031392748226724443e+00,2.555258800689278242e+00,6.182999766989758506e+00,1.577684713242846648e+00,9.768763323131903764e-01,-3.394894609610255801e-03
1.010504376823676509e+01,4.031327006163378357e+00,2.555229036360083583e+00,6.183016057530662302e+00,1.577677362302516650e+00,9.768760287345006343e-01,-3.563799446797139957e-03
1.011004585243851572e+01,4.031258200659973312e+00,2.555197884931719177e+00,6.183033111193149800e+00,1.577669668730059094e+00,9.768757107169802056e-01,-3.732627971798188875e-03
1.011504793664026636e+01,4.031186338497477983e+00,2.555165349455026380e+00,6.183050926329996422e+00,1.577661633270528663e+00,9.768753782669602481e-01,-3.901380464048035540e-03
1.012005002084201699e+01,4.031111372743921173e+00,2.555131408658189329e+00,6.183069511416906749e+00,1.577653250664251772e+00,9.768750311362912608e-01,-4.070055871154023425e-03
1.012505210504376763e+01,4.031032909025044297e+00,2.555095883937369194e+00,6.183088940336234351e+00,1.577644476814418217e+00,9.768746674243478090e-01,-4.238644550996121738e-03
1.013005418924552004e+01,4.030951411462146972e+00,2.555058985426408302e+00,6.183109125253084315e+00,1.577635363588066220e+00,9.768742893012729578e-01,-4.407158141840381016e-03
1.013505627344726889e+01,4.030866886681762296e+00,2.555020716102758715e+00,6.183130064565859563e+00,1.577625911710865081e+00,9.768738967732931711e-01,-4.575596918895224151e-03
1.014005835764902130e+01,4.030779341278456940e+00,2.554981078928655336e+00,6.183151756682820910e+00,1.577616121904365620e+00,9.768734898466125971e-01,-4.743961156498369483e-03
1.014506044185077016e+01,4.030688781814893318e+00,2.554940076851190955e+00,6.183174200022112821e+00,1.577605994885983076e+00,9.768730685274140679e-01,-4.912251128121839817e-03
1.015006252605252257e+01,4.030595214821992123e+00,2.554897712802369547e+00,6.183197393011676368e+00,1.577595531369037296e+00,9.768726328218579891e-01,-5.080467106377729511e-03
1.015506461025427143e+01,4.030498646799022033e+00,2.554853989699161332e+00,6.183221334089229693e+00,1.577584732062758954e+00,9.768721827360837828e-01,-5.248609363023095525e-03
1.016006669445602384e+01,4.030399013935636710e+00,2.554808878615805412e+00,6.183246034895389265e+00,1.577573589817530930e+00,9.768717179381524174e-01,-5.416676448426873368e-03
1.016506877865777270e+01,4.030295963987299501e+00,2.554762219992211314e+00,6.183271561169520147e+00,1.577562065247538614e+00,9.768712367031434640e-01,-5.584659877290204522e-03
1.017007086285952511e+01,4.030189934875108904e+00,2.554714212121589334e+00,6.183297830331859757e+00,1.577550207280600469e+00,9.768707411086343662e-01,-5.752570502561922886e-03
1.017507294706127574e+01,4.030080932949846151e+00,2.554664857850404758e+00,6.183324840863830829e+00,1.577538016607358262e+00,9.768702311606621835e-01,-5.920408592011090591e-03
1.018007503126302637e+01,4.029968964531546405e+00,2.554614160010504342e+00,6.183352591256307207e+00,1.577525493914500032e+00,9.768697068652418825e-01,-6.088174412584978351e-03
1.018507711546477701e+01,4.029854035909517407e+00,2.554562121419162946e+00,6.183381080009644037e+00,1.577512639884744772e+00,9.768691682283678901e-01,-6.255868230414309526e-03
1.019007919966652764e+01,4.029736153342535765e+00,2.554508744879148363e+00,6.183410305633581849e+00,1.577499455196885281e+00,9.768686152560129843e-01,-6.423490310817947350e-03
1.019508128386827828e+01,4.029615323058867382e+00,2.554454033178780836e+00,6.183440266647281192e+00,1.577485940525766850e+00,9.768680479541291817e-01,-6.591040918308355839e-03
1.020008336807002891e+01,4.029491464960570646e+00,2.554397950002253559e+00,6.183470977722852702e+00,1.577472086898995318e+00,9.768674659075567979e-01,-6.758518231649033974e-03
1.020508545227177954e+01,4.029364267396493560e+00,2.554340354137353941e+00,6.183502496800873161e+00,1.577457859470446921e+00,9.768668675656920763e-01,-6.925914862051228173e-03
1.021008753647353196e+01,4.029234143068703311e+00,2.554281432485987935e+00,6.183534746334693466e+00,1.577443304337532659e+00,9.768662549143842799e-01,-7.093240913276004089e-03
1.021508962067528081e+01,4.029101098062605857e+00,2.554221187768643819e+00,6.183567724885320693e+00,1.577428422157288068e+00,9.768656279594851721e-01,-7.260496646072939902e-03
1.022009170487703322e+01,4.028965138433818538e+00,2.554159622691735798e+00,6.183601431022974104e+00,1.577413213582884444e+00,9.768649867068266435e-01,-7.427682320416455208e-03
1.022509378907878208e+01,4.028826270208429428e+00,2.554096739947648853e+00,6.183635863326911952e+00,1.577397679263710328e+00,9.768643311622193792e-01,-7.594798195510268392e-03
1.023009587328053449e+01,4.028684499383041739e+00,2.554032542214796919e+00,6.183671020385448358e+00,1.577381819845357747e+00,9.768636613314537476e-01,-7.761844529792616409e-03
1.023509795748228335e+01,4.028539831924967451e+00,2.553967032157686390e+00,6.183706900795863604e+00,1.577365635969665281e+00,9.768629772202990225e-01,-7.928821580940603742e-03
1.024010004168403576e+01,4.028392172001262317e+00,2.553900166316275033e+00,6.183743522137118198e+00,1.577349116904511739e+00,9.768622783309170998e-01,-8.095727180759407920e-03
1.024510212588578462e+01,4.028241247106404188e+00,2.553831821172540817e+00,6.183780934875131585e+00,1.577332232181568594e+00,9.768615632856915143e-01,-8.262554979151664342e-03
1.025010421008753703e+01,4.028087445652024812e+00,2.553762172661198981e+00,6.183819066286375232e+00,1.577315025171069696e+00,9.768608339795460394e-01,-8.429314365237982470e-03
1.025510629428928766e+01,4.027930773467568670e+00,2.553691223381412634e+00,6.183857915008459827e+00,1.577297496497667817e+00,9.768600904181539146e-01,-8.596005593146452406e-03
1.026010837849103829e+01,4.027771236353800965e+00,2.553618975918788170e+00,6.183897479687816556e+00,1.577279646782314249e+00,9.768593326071671745e-01,-8.762628916273947077e-03
1.026511046269278893e+01,4.027608840083096275e+00,2.553545432845423235e+00,6.183937758979513255e+00,1.577261476642348059e+00,9.768585605522178694e-01,-8.929184587290863243e-03
1.027011254689453956e+01,4.027443590399333750e+00,2.553470596719953356e+00,6.183978751547376085e+00,1.577242986691432591e+00,9.768577742589180657e-01,-9.095672858145312581e-03
1.027511463109629020e+01,4.027275493018099617e+00,2.553394470087597679e+00,6.184020456063866078e+00,1.577224177539610084e+00,9.768569737328598457e-01,-9.262093980068079532e-03
1.028011671529804083e+01,4.027104436887500860e+00,2.553317002572573990e+00,6.184062892898482211e+00,1.577205036754161016e+00,9.768561583940434945e-01,-9.428445461641992570e-03
1.028511879949979146e+01,4.026930187284468055e+00,2.553238087737423445e+00,6.184106105347311200e+00,1.577185538091737893e+00,9.768553270365657459e-01,-9.594721935958743300e-03
1.029012088370154210e+01,4.026753109208375037e+00,2.553157890949876663e+00,6.184150025311733856e+00,1.577165722293133232e+00,9.768544814651980435e-01,-9.760932110569770295e-03
1.029512296790329273e+01,4.026573208241754465e+00,2.553076414692154295e+00,6.184194651503056583e+00,1.577145589951827631e+00,9.768536216854384335e-01,-9.927076233359730800e-03
1.030012505210504337e+01,4.026390489939519313e+00,2.552993661433376360e+00,6.184239982640977296e+00,1.577125141657776508e+00,9.768527477027639794e-01,-1.009315455152382489e-02
1.030512713630679400e+01,4.026204959829018826e+00,2.552909633629623087e+00,6.184286017453634265e+00,1.577104377997400775e+00,9.768518595226329815e-01,-1.025916731157230921e-02
1.031012922050854463e+01,4.026016623410187734e+00,2.552824333723991312e+00,6.184332754677519972e+00,1.577083299553613704e+00,9.768509571504833122e-01,-1.042511475933499514e-02
1.031513130471029527e+01,4.025825486155625299e+00,2.552737764146639776e+00,6.184380193057465114e+00,1.577061906905830257e+00,9.768500405917339702e-01,-1.059099713996519698e-02
1.032013338891204590e+01,4.025631422275949944e+00,2.552649867818164164e+00,6.184428355645072983e+00,1.577040185976149145e+00,9.768491091847151253e-01,-1.075681166172156103e-02
1.032513547311379654e+01,4.025434233547184881e+00,2.552560554805989312e+00,6.184477278853471205e+00,1.577018114601846710e+00,9.768481618940200173e-01,-1.092255388753107272e-02
1.033013755731554717e+01,4.025234262387446194e+00,2.552469980288542661e+00,6.184526899021537183e+00,1.576995730986977318e+00,9.768472004350080562e-01,-1.108823187507291044e-02
1.033513964151729958e+01,4.025031514140743560e+00,2.552378146635132961e+00,6.184577214931529454e+00,1.576973035694984260e+00,9.768462248130056480e-01,-1.125384586634742279e-02
1.034014172571904844e+01,4.024825994124376471e+00,2.552285056202418190e+00,6.184628225373833388e+00,1.576950029285903110e+00,9.768452350333197698e-01,-1.141939610270556460e-02
1.034514380992080085e+01,4.024617707629029262e+00,2.552190711334473061e+00,6.184679929146943422e+00,1.576926712316362611e+00,9.768442311012381918e-01,-1.158488282485320778e-02
1.035014589412254971e+01,4.024406659918830620e+00,2.552095114362820993e+00,6.184732325057459512e+00,1.576903085339591781e+00,9.768432130220300325e-01,-1.175030627285490563e-02
1.035514797832430212e+01,4.024192856231470827e+00,2.551998267606461646e+00,6.184785411919997422e+00,1.576879148905454109e+00,9.768421808009443152e-01,-1.191566668613844304e-02
1.036015006252605097e+01,4.023976156488276779e+00,2.551900107478758173e+00,6.184839215367387233e+00,1.576854887342713951e+00,9.768411336951089430e-01,-1.208096099476431429e-02
1.036515214672780338e+01,4.023756397757481729e+00,2.551800560012591035e+00,6.184893765199426241e+00,1.576830282433054897e+00,9.768400708384504805e-01,-1.224618564013564212e-02
1.037015423092955224e+01,4.023533900661814933e+00,2.551699770553262692e+00,6.184949002015364350e+00,1.576805369931677969e+00,9.768389938576252929e-01,-1.241134806047381432e-02
1.037515631513130465e+01,4.023308670314607483e+00,2.551597741360954519e+00,6.185004924665929771e+00,1.576780150373029210e+00,9.768379027577926976e-01,-1.257644849223766778e-02
1.038015839933305529e+01,4.023080711803263654e+00,2.551494474683620783e+00,6.185061532009763496e+00,1.576754624288228657e+00,9.768367975440935824e-01,-1.274148717127454068e-02
1.038516048353480592e+01,4.022850030189482062e+00,2.551389972757037494e+00,6.185118822913288739e+00,1.576728792205129626e+00,9.768356782216492951e-01,-1.290646433282443238e-02
1.039016256773655655e+01,4.022616630509245894e+00,2.551284237804838373e+00,6.185176796250765108e+00,1.576702654648297175e+00,9.768345447955633087e-01,-1.307138021152406265e-02
1.039516465193830719e+01,4.022380517772966790e+00,2.551177272038549049e+00,6.185235450904187360e+00,1.576676212139047184e+00,9.768333972709196678e-01,-1.323623504141048339e-02
1.040016673614005782e+01,4.022141538028977337e+00,2.551069005545624879e+00,6.185294814993996582e+00,1.576649447461229370e+00,9.768322348240869868e-01,-1.340102549576511516e-02
1.040516882034180846e+01,4.021899562503753245e+00,2.550959379819490280e+00,6.185354911959852764e+00,1.576622346212486203e+00,9.768310567572136005e-01,-1.356574884495483253e-02
1.041017090454355909e+01,4.021654890767603518e+00,2.550848530708108353e+00,6.185415686494073917e+00,1.576594941782452075e+00,9.768298646089339510e-01,-1.373041193696445186e-02
1.041517298874530972e+01,4.021407527710375795e+00,2.550736460366058722e+00,6.185477137513643697e+00,1.576567234677493712e+00,9.768286583842443749e-01,-1.389501500303785136e-02
1.042017507294706036e+01,4.021157478196956347e+00,2.550623170936091810e+00,6.185539263943083732e+00,1.576539225400814814e+00,9.768274380881225571e-01,-1.405955827384417801e-02
1.042517715714881277e+01,4.020904747067198137e+00,2.550508664549145266e+00,6.185602064714527337e+00,1.576510914452421863e+00,9.768262037255277530e-01,-1.422404197948125976e-02
1.043017924135056163e+01,4.020649339136046940e+00,2.550392943324387929e+00,6.185665538767652905e+00,1.576482302329149432e+00,9.768249553014011211e-01,-1.438846634947954332e-02
1.043518132555231404e+01,4.020391259193681677e+00,2.550276009369280228e+00,6.185729685049646598e+00,1.576453389524682169e+00,9.768236928206651681e-01,-1.455283161280602165e-02
1.044018340975406289e+01,4.020130339801254671e+00,2.550157786612290423e+00,6.185794534081832552e+00,1.576424157323112807e+00,9.768224153793507725e-01,-1.471713420673357968e-02
1.044518549395581530e+01,4.019866485279205648e+00,2.550038231535411537e+00,6.185860103181226144e+00,1.576394595017028832e+00,9.768211224467663323e-01,-1.488137218279123909e-02
1.045018757815756416e+01,4.019599974847446688e+00,2.549917470805690201e+00,6.185926340975342441e+00,1.576364733709356036e+00,9.768198154741772887e-01,-1.504555182683565799e-02
1.045518966235931657e+01,4.019330813179306183e+00,2.549795506475394102e+00,6.185993246445185001e+00,1.576334573879324186e+00,9.768184944664199953e-01,-1.520967336520886830e-02
1.046019174656106543e+01,4.019059004923720479e+00,2.549672340585286356e+00,6.186060818579162124e+00,1.576304116003051314e+00,9.768171594283130421e-01,-1.537373702371256333e-02
1.046519383076281784e+01,4.018784554705491452e+00,2.549547975164692115e+00,6.186129056372951851e+00,1.576273360553606340e+00,9.768158103646563672e-01,-1.553774302761218307e-02
1.047019591496456847e+01,4.018507467125161270e+00,2.549422412231532320e+00,6.186197958829630750e+00,1.576242308000942671e+00,9.768144472802327005e-01,-1.570169160164012340e-02
1.047519799916631911e+01,4.018227746759197139e+00,2.549295653792332139e+00,6.186267524959535358e+00,1.576210958811969043e+00,9.768130701798065640e-01,-1.586558296999955250e-02
1.048020008336806974e+01,4.017945213038018437e+00,2.549167617769636518e+00,6.186337787604805349e+00,1.576179292813028487e+00,9.768116780794696696e-01,-1.602941335413539045e-02
1.048520216756982038e+01,4.017659802378424239e+00,2.549038275193582059e+00,6.186408758182373901e+00,1.576147302877713985e+00,9.768102706146778447e-01,-1.619318154051650749e-02
1.049020425177157101e+01,4.017371774313168942e+00,2.548907743848249474e+00,6.186480389105815547e+00,1.576115017896993376e+00,9.768088491499528070e-01,-1.635689327994576878e-02
1.049520633597332164e+01,4.017081133305241636e+00,2.548776025686597002e+00,6.186552679418277023e+00,1.576082438323747281e+00,9.768074136899744797e-01,-1.652054879416258240e-02
1.050020842017507228e+01,4.016787883794040503e+00,2.548643122650436688e+00,6.186625628170031810e+00,1.576049564607861164e+00,9.768059642394052444e-01,-1.668414830439985189e-02
1.050521050437682469e+01,4.016492030195395024e+00,2.548509036670461469e+00,6.186699234418493454e+00,1.576016397196221996e+00,9.768045008028898302e-01,-1.684769203138711952e-02
1.051021258857857354e+01,4.016193576901659235e+00,2.548373769666282040e+00,6.186773497228172936e+00,1.575982936532733580e+00,9.768030233850552024e-01,-1.701118019535419190e-02
1.051521467278032596e+01,4.015892528281776563e+00,2.548237323546463262e+00,6.186848415670668011e+00,1.575949183058323211e+00,9.768015319905112293e-01,-1.717461301603478291e-02
1.052021675698207481e+01,4.015588690963391549e+00,2.548099610367251522e+00,6.186924024835298574e+00,1.575915115180538173e+00,9.768000255557868217e-01,-1.733798651868903931e-02
1.052521884118382722e+01,4.015282032526294564e+00,2.547960615296837705e+00,6.187000330447097518e+00,1.575880729246874168e+00,9.767985038815214516e-01,-1.750130017996139042e-02
1.053022092538557608e+01,4.014972793441858201e+00,2.547820447516566666e+00,6.187077288565100197e+00,1.575846052007066289e+00,9.767969682460908576e-01,-1.766455924171224726e-02
1.053522300958732849e+01,4.014660977968671496e+00,2.547679108882923593e+00,6.187154898292771321e+00,1.575811083888415176e+00,9.767954186540220851e-01,-1.782776392136653162e-02
1.054022509378907912e+01,4.014346590342340981e+00,2.547536601241549015e+00,6.187233158740522931e+00,1.575775825315301804e+00,9.767938551098243050e-01,-1.799091443587444092e-02
1.054522717799082976e+01,4.014029634775591937e+00,2.547392926427273441e+00,6.187312069025674433e+00,1.575740276709208354e+00,9.767922776179899236e-01,-1.815401100171496265e-02
1.055022926219258039e+01,4.013710115458278160e+00,2.547248086264146671e+00,6.187391628272464139e+00,1.575704438488706005e+00,9.767906861829935838e-01,-1.831705383489936820e-02
1.055523134639433103e+01,4.013388036557494765e+00,2.547102082565465775e+00,6.187471835611998650e+00,1.575668311069484684e+00,9.767890808092929422e-01,-1.848004315097420691e-02
1.056023343059608166e+01,4.013063192198619511e+00,2.546954821647922085e+00,6.187552728313441719e+00,1.575631871476267820e+00,9.767874603542116008e-01,-1.864297479817404735e-02
1.056523551479783229e+01,4.012735580252892120e+00,2.546806302436756209e+00,6.187634306604110179e+00,1.575595119429989976e+00,9.767858247826509688e-01,-1.880584889989434655e-02
1.057023759899958293e+01,4.012405422720247472e+00,2.546656625773918492e+00,6.187716530056138531e+00,1.575558079605998696e+00,9.767841752874162342e-01,-1.896867021427154840e-02
1.057523968320133356e+01,4.012072723660379481e+00,2.546505793422015440e+00,6.187799397831604153e+00,1.575520752406741387e+00,9.767825118728833411e-01,-1.913143895469257907e-02
1.058024176740308420e+01,4.011737487110497824e+00,2.546353807133104219e+00,6.187882909099442053e+00,1.575483138231777769e+00,9.767808345434121353e-01,-1.929415533410095904e-02
1.058524385160483661e+01,4.011399717085596173e+00,2.546200668648714860e+00,6.187967063035251236e+00,1.575445237477874016e+00,9.767791433033445880e-01,-1.945681956499967571e-02
1.059024593580658546e+01,4.011059417578293207e+00,2.546046379699869355e+00,6.188051858821439488e+00,1.575407050538930598e+00,9.767774381570065723e-01,-1.961943185945457316e-02
1.059524802000833787e+01,4.010716592559108840e+00,2.545890942007106084e+00,6.188137295647024416e+00,1.575368577806077086e+00,9.767757191087063084e-01,-1.978199242909774516e-02
1.060025010421008673e+01,4.010371023925266343e+00,2.545734256261760198e+00,6.188223412899509057e+00,1.575329794954414053e+00,9.767739849368960448e-01,-1.994449696386126764e-02
1.060525218841183914e+01,4.010022739027010452e+00,2.545576334793131945e+00,6.188310205489649718e+00,1.575290704984059209e+00,9.767722357698667146e-01,-2.010694619169754033e-02
1.061025427261358800e+01,4.009671941948797169e+00,2.545417270350928352e+00,6.188397636377859001e+00,1.575251330559251262e+00,9.767704727154001842e-01,-2.026934441140789897e-02
1.061525635681534041e+01,4.009318636556346682e+00,2.545257064606295305e+00,6.188485704783436958e+00,1.575211672058167922e+00,9.767686957777250711e-01,-2.043169183260875113e-02
1.062025844101708927e+01,4.008962826693579728e+00,2.545095719220078934e+00,6.188574409932255271e+00,1.575171729856230884e+00,9.767669049610534504e-01,-2.059398866450256466e-02
1.062526052521884168e+01,4.008604516182601607e+00,2.544933235842860242e+00,6.188663751056797224e+00,1.575131504326079401e+00,9.767651002695807438e-01,-2.075623511588142039e-02
1.063026260942059231e+01,4.008243708823854057e+00,2.544769616114975985e+00,6.188753727396067106e+00,1.575090995837619356e+00,9.767632817074853868e-01,-2.091843139512980509e-02
1.063526469362234295e+01,4.007880408396045979e+00,2.544604861666518669e+00,6.188844338195632844e+00,1.575050204757997507e+00,9.767614492789294944e-01,-2.108057771022785534e-02
1.064026677782409358e+01,4.007514384816446729e+00,2.544438867665500759e+00,6.188935624905761657e+00,1.575009105443081259e+00,9.767596016838091533e-01,-2.124266961114154584e-02
1.064526886202584421e+01,4.007145694159432558e+00,2.544271659519336648e+00,6.189027577288785054e+00,1.574967704084107911e+00,9.767577392129738190e-01,-2.140470838930887826e-02
1.065027094622759485e+01,4.006774523116820141e+00,2.544103322117098998e+00,6.189120161576209256e+00,1.574926021393874054e+00,9.767558628897068385e-01,-2.156669790781857651e-02
1.065527303042934548e+01,4.006400875365140557e+00,2.543933857040691304e+00,6.189213377043091491e+00,1.574884057726920972e+00,9.767539727180916120e-01,-2.172863837277425741e-02
1.066027511463109612e+01,4.006024754559504686e+00,2.543763265861931799e+00,6.189307222970980682e+00,1.574841813435063687e+00,9.767520687021954418e-01,-2.189052998989495305e-02
1.066527719883284675e+01,4.005646164333796833e+00,2.543591550142610735e+00,6.189401698647818861e+00,1.574799288867433811e+00,9.767501508460690873e-01,-2.205237296451773715e-02
1.067027928303459738e+01,4.005265108300687160e+00,2.543418711434521917e+00,6.189496803367972255e+00,1.574756484370465559e+00,9.767482191537469882e-01,-2.221416750160119108e-02
1.067528136723634802e+01,4.004881590051652118e+00,2.543244751279459148e+00,6.189592536432201086e+00,1.574713400287907961e+00,9.767462736292470415e-01,-2.237591380572805447e-02
1.068028345143809865e+01,4.004495367747026968e+00,2.543069559412242775e+00,6.189688941303616687e+00,1.574670009684104199e+00,9.767443128942040476e-01,-2.253760730489230701e-02
1.068528553563984929e+01,4.004106525485932266e+00,2.542893174018685976e+00,6.189786002751946015e+00,1.574626321859208700e+00,9.767423374012385029e-01,-2.269924981396911207e-02
1.069028761984159992e+01,4.003715233058835921e+00,2.542715672343867972e+00,6.189883690169653896e+00,1.574582355630908204e+00,9.767403480896359458e-01,-2.286084478324760041e-02
1.069528970404335055e+01,4.003321493957248123e+00,2.542537055882449604e+00,6.189982002886377010e+00,1.574538111330612500e+00,9.767383449633373349e-01,-2.302239241556916158e-02
1.070029178824510119e+01,4.002925311651845952e+00,2.542357326119239591e+00,6.190080940238018137e+00,1.574493589287103923e+00,9.767363280262668646e-01,-2.318389291341826225e-02
1.070529387244685182e+01,4.002526689592417419e+00,2.542176484529234060e+00,6.190180501566841187e+00,1.574448789826491613e+00,9.767342972823334080e-01,-2.334534647892583942e-02
1.071029595664860246e+01,4.002125631208049761e+00,2.541994532577638299e+00,6.190280686221341533e+00,1.574403713272273020e+00,9.767322527354294071e-01,-2.350675331387182265e-02
1.071529804085035309e+01,4.001722139907029074e+00,2.541811471719870763e+00,6.190381493556327719e+00,1.574358359945293717e+00,9.767301943894314276e-01,-2.366811361968848212e-02
1.072030012505210550e+01,4.001315962291262629e+00,2.541627186336140376e+00,6.190482969003399560e+00,1.574312701643439505e+00,9.767281207879877636e-01,-2.382942272009558327e-02
1.072530220925385436e+01,4.000907209839163592e+00,2.541441727116323879e+00,6.190585092483385843e+00,1.574266750699351736e+00,9.767260325447445490e-01,-2.399068291428072680e-02
1.073030429345560677e+01,4.000496035900509284e+00,2.541255163863723077e+00,6.190687836446539194e+00,1.574220524088638662e+00,9.767239305154673534e-01,-2.415189726199451839e-02
1.073530637765735563e+01,4.000082443785748509e+00,2.541067497987602675e+00,6.190791200275925554e+00,1.574174022120078398e+00,9.767218147039565812e-01,-2.431306596305870746e-02
1.074030846185910804e+01,3.999666436784890422e+00,2.540878730887580428e+00,6.190895183360786369e+00,1.574127245099858019e+00,9.767196851139963165e-01,-2.447418921696585883e-02
1.074531054606085689e+01,3.999248018167533392e+00,2.540688863953656895e+00,6.190999785096557240e+00,1.574080193331567790e+00,9.767175417493553224e-01,-2.463526722288184034e-02
1.075031263026260930e+01,3.998827191182913410e+00,2.540497898566237645e+00,6.191105004884845719e+00,1.574032867116206713e+00,9.767153846137863749e-01,-2.479630017964908409e-02
1.075531471446435994e+01,3.998403959060007562e+00,2.540305836096142578e+00,6.191210842133356707e+00,1.573985266752219836e+00,9.767132137110257073e-01,-2.495728828578910874e-02
1.076031679866611057e+01,3.997978057016583708e+00,2.540112555636157232e+00,6.191317344203369544e+00,1.573937362793481398e+00,9.767110275069925684e-01,-2.511822677819171637e-02
1.076531888286786121e+01,3.997549623317392165e+00,2.539918120130625567e+00,6.191424486298767960e+00,1.573889170534285675e+00,9.767088267756534048e-01,-2.527911840206319150e-02
1.077032096706961184e+01,3.997118795302581518e+00,2.539722592129324052e+00,6.191532243831102456e+00,1.573840705158024544e+00,9.767066122897095637e-01,-2.543996584827660015e-02
1.077532305127136247e+01,3.996685576105067028e+00,2.539525972957787925e+00,6.191640616235898342e+00,1.573791966951266996e+00,9.767043840528228937e-01,-2.560076931387113286e-02
1.078032513547311311e+01,3.996249968837757294e+00,2.539328263932102203e+00,6.191749602954732978e+00,1.573742956198045606e+00,9.767021420686397004e-01,-2.576152899558304885e-02
1.078532721967486374e+01,3.995811976593560466e+00,2.539129466358907905e+00,6.191859203435241099e+00,1.573693673179857200e+00,9.766998863407898579e-01,-2.592224508984889222e-02
1.079032930387661615e+01,3.995371602445334069e+00,2.538929581535421587e+00,6.191969417131166331e+00,1.573644118175631768e+00,9.766976168728886964e-01,-2.608291779280791714e-02
1.079533138807836501e+01,3.994928849446076402e+00,2.538728610749459325e+00,6.192080243502246617e+00,1.573594291461792638e+00,9.766953336685348930e-01,-2.624354730030508537e-02
1.080033347228011742e+01,3.994483441580255256e+00,2.538526427862426438e+00,6.192191731805853472e+00,1.573544162368174293e+00,9.766930351161549062e-01,-2.640412877963383559e-02
1.080533555648186628e+01,3.994035543356996953e+00,2.538323107847613169e+00,6.192303852649497564e+00,1.573493749085302262e+00,9.766907221493710267e-01,-2.656466538446381961e-02
1.081033764068361869e+01,3.993585276509245219e+00,2.538118706176014427e+00,6.192416584316013051e+00,1.573443065051149059e+00,9.766883954582546989e-01,-2.672515945790446615e-02
1.081533972488536754e+01,3.993132643995692455e+00,2.537913224090961428e+00,6.192529926292470677e+00,1.573392110530479782e+00,9.766860550463309920e-01,-2.688561119444312850e-02
1.082034180908711996e+01,3.992677648755329489e+00,2.537706662826483051e+00,6.192643878071912411e+00,1.573340885785557308e+00,9.766837009171094319e-01,-2.704602078829071096e-02
1.082534389328886881e+01,3.992220293707420264e+00,2.537499023607328041e+00,6.192758439153410066e+00,1.573289391076119204e+00,9.766813330740844457e-01,-2.720638843338397603e-02
1.083034597749062122e+01,3.991760581751666148e+00,2.537290307648977006e+00,6.192873609041927629e+00,1.573237626659435673e+00,9.766789515207343619e-01,-2.736671432338873278e-02
1.083534806169237186e+01,3.991298515768078037e+00,2.537080516157645071e+00,6.192989387248447386e+00,1.573185592790257825e+00,9.766765562605227435e-01,-2.752699865170221347e-02
1.084035014589412249e+01,3.990833808635352753e+00,2.536869517808392871e+00,6.193105824898172962e+00,1.573133257591838197e+00,9.766741456046011960e-01,-2.768723653308565597e-02
1.084535223009587313e+01,3.990366650615005284e+00,2.536657399401519353e+00,6.193222888111630020e+00,1.573080642090833203e+00,9.766717206456234646e-01,-2.784743149276781154e-02
1.085035431429762376e+01,3.989897148207461441e+00,2.536444209490878787e+00,6.193340557959158055e+00,1.573027758023632261e+00,9.766692819914429835e-01,-2.800758554670924536e-02
1.085535639849937439e+01,3.989425304200049816e+00,2.536229949238929748e+00,6.193458833978630729e+00,1.572974605633528533e+00,9.766668296454501519e-01,-2.816769888707224348e-02
1.086035848270112503e+01,3.988951121360698959e+00,2.536014619798976355e+00,6.193577715713823650e+00,1.572921185161343161e+00,9.766643636110196036e-01,-2.832777170576774445e-02
1.086536056690287566e+01,3.988474602437926730e+00,2.535798222315171380e+00,6.193697202714433914e+00,1.572867496845418822e+00,9.766618838915108736e-01,-2.848780419445851725e-02
1.087036265110462629e+01,3.987995750160939323e+00,2.535580757922536677e+00,6.193817294536021478e+00,1.572813540921647490e+00,9.766593904902685086e-01,-2.864779654456141647e-02
1.087536473530637693e+01,3.987514567239685004e+00,2.535362227747001818e+00,6.193937990740018051e+00,1.572759317623465991e+00,9.766568834106210684e-01,-2.880774894725050481e-02
1.088036681950812934e+01,3.987030755551310701e+00,2.535142495311334176e+00,6.194059344296562131e+00,1.572704793882473195e+00,9.766543608866464776e-01,-2.896765648169171564e-02
1.088536890370987820e+01,3.986544530666843222e+00,2.534921659064041322e+00,6.194181316937523718e+00,1.572649993506615385e+00,9.766518241694431834e-01,-2.912752300833157046e-02
1.089037098791163061e+01,3.986055984201848812e+00,2.534699760790724454e+00,6.194303892443066673e+00,1.572594926571642349e+00,9.766492737850384076e-01,-2.928735023614691471e-02
1.089537307211337946e+01,3.985565118774762272e+00,2.534476801574145011e+00,6.194427070401289370e+00,1.572539593299633554e+00,9.766467097366893224e-01,-2.944713835519682452e-02
1.090037515631513187e+01,3.985071936985028263e+00,2.534252782488036537e+00,6.194550850406025155e+00,1.572483993910280153e+00,9.766441320276371130e-01,-2.960688755531457744e-02
1.090537724051688073e+01,3.984576441412946757e+00,2.534027704597110464e+00,6.194675232056965797e+00,1.572428128620820154e+00,9.766415406611083094e-01,-2.976659802610998398e-02
1.091037932471863314e+01,3.984078634619693471e+00,2.533801568957066763e+00,6.194800214959665041e+00,1.572371997646039965e+00,9.766389356403144539e-01,-2.992626995697241638e-02
1.091538140892038200e+01,3.983578519147490393e+00,2.533574376614625479e+00,6.194925798725443578e+00,1.572315601198322588e+00,9.766363169684516565e-01,-3.008590353707309498e-02
1.092038349312213441e+01,3.983075785953602566e+00,2.533345985963578517e+00,6.195052038151572127e+00,1.572258905030142540e+00,9.766336828027045724e-01,-3.024549382683285048e-02
1.092538557732388504e+01,3.982570675523809278e+00,2.533116506944560253e+00,6.195178890668766591e+00,1.572201935681030838e+00,9.766310345520690106e-01,-3.040504498605372044e-02
1.093038766152563568e+01,3.982063264909830647e+00,2.532885974711330146e+00,6.195306342695477753e+00,1.572144701604130113e+00,9.766283726611176830e-01,-3.056455843648935369e-02
1.093538974572738631e+01,3.981553556563678598e+00,2.532654390267981004e+00,6.195434393869324374e+00,1.572087203000638755e+00,9.766256971329749792e-01,-3.072403436631494789e-02
1.094039182992913695e+01,3.981041552918415771e+00,2.532421754609686548e+00,6.195563043833765882e+00,1.572029440069314221e+00,9.766230079707505229e-01,-3.088347296350436172e-02
1.094539391413088758e+01,3.980527256388264767e+00,2.532188068722702745e+00,6.195692292238012655e+00,1.571971413006514773e+00,9.766203051775392829e-01,-3.104287441583312990e-02
1.095039599833263821e+01,3.980010669368596155e+00,2.531953333584376686e+00,6.195822138737049123e+00,1.571913122006189267e+00,9.766175887564209068e-01,-3.120223891088073562e-02
1.095539808253438885e+01,3.979491794235923141e+00,2.531717550163157693e+00,6.195952582991648860e+00,1.571854567259867830e+00,9.766148587104604983e-01,-3.136156663603362899e-02
1.096040016673613948e+01,3.978970311086670986e+00,2.531480571736369090e+00,6.196083681613510308e+00,1.571795713351042512e+00,9.766121131201122019e-01,-3.152085264977137063e-02
1.096540225093789012e+01,3.978446484973849895e+00,2.531242519603165597e+00,6.196215387809245634e+00,1.571736589506077530e+00,9.766093535517602620e-01,-3.168010137578405883e-02
1.097040433513964253e+01,3.977920378680842362e+00,2.531003422409674020e+00,6.196347690569615985e+00,1.571677202590904709e+00,9.766065803688730451e-01,-3.183931396800464275e-02
1.097540641934139138e+01,3.977391994495040883e+00,2.530763281082191174e+00,6.196480589581449649e+00,1.571617552785991911e+00,9.766037935744438236e-01,-3.199849061294045283e-02
1.098040850354314379e+01,3.976861334685117377e+00,2.530522096538180943e+00,6.196614084537348077e+00,1.571557640269399592e+00,9.766009931714519920e-01,-3.215763149692237033e-02
1.098541058774489265e+01,3.976328401501086240e+00,2.530279869686279159e+00,6.196748175135634362e+00,1.571497465216801448e+00,9.765981791628617348e-01,-3.231673680610712418e-02
1.099041267194664506e+01,3.975793197174327442e+00,2.530036601426294052e+00,6.196882861080345251e+00,1.571437027801493524e+00,9.765953515516223593e-01,-3.247580672648029548e-02
1.099541475614839570e+01,3.975255723917520356e+00,2.529792292649225782e+00,6.197018142081302194e+00,1.571376328194355354e+00,9.765925103406686292e-01,-3.263484144385857960e-02
1.100041684035014633e+01,3.974715651002237671e+00,2.529546791517608195e+00,6.197154076557370495e+00,1.571315329817479567e+00,9.765896535338696172e-01,-3.279383603157987048e-02
1.100541892455189696e+01,3.974173267748510874e+00,2.529300230577730790e+00,6.197290613557228767e+00,1.571254064544464590e+00,9.765867828545261586e-01,-3.295279514206628929e-02
1.101042100875364760e+01,3.973628622941370203e+00,2.529052632080355245e+00,6.197427744583891673e+00,1.571192537686624480e+00,9.765838985853324550e-01,-3.311171968051834086e-02
1.101542309295539823e+01,3.973081718705220755e+00,2.528803996874694260e+00,6.197565469373073732e+00,1.571130749403862437e+00,9.765810007291525485e-01,-3.327060983199019856e-02
1.102042517715714887e+01,3.972532557145947330e+00,2.528554325801200875e+00,6.197703787666199560e+00,1.571068699853702233e+00,9.765780892888359377e-01,-3.342946578138365071e-02
1.102542726135889950e+01,3.971981140350890449e+00,2.528303619691566251e+00,6.197842699210430517e+00,1.571006389191279995e+00,9.765751642672176880e-01,-3.358828771345107739e-02
1.103042934556065013e+01,3.971427470388942282e+00,2.528051879368724997e+00,6.197982203758589215e+00,1.570943817569376622e+00,9.765722256671174328e-01,-3.374707581279768470e-02
1.103543142976240077e+01,3.970871549310516002e+00,2.527799105646876932e+00,6.198122301069215467e+00,1.570880985138393582e+00,9.765692734913405948e-01,-3.390583026388448162e-02
1.104043351396415140e+01,3.970313035575804061e+00,2.527545141564680797e+00,6.198263051366225795e+00,1.570817854164209049e+00,9.765663056672981845e-01,-3.406454617174339838e-02
1.104543559816590204e+01,3.969752242517974761e+00,2.527290130826207015e+00,6.198404399596147307e+00,1.570754459132955416e+00,9.765633240747728649e-01,-3.422322838260161842e-02
1.105043768236765267e+01,3.969189205168860202e+00,2.527034089387350413e+00,6.198546339719793075e+00,1.570690803831278348e+00,9.765603289159959788e-01,-3.438187757174550330e-02
1.105543976656940330e+01,3.968623925491199689e+00,2.526777018020803567e+00,6.198688871521547128e+00,1.570626888398636289e+00,9.765573201937030046e-01,-3.454049392298892684e-02
1.106044185077115394e+01,3.968056405429341016e+00,2.526518917490548244e+00,6.198831994791484057e+00,1.570562712972120689e+00,9.765542979106149879e-01,-3.469907762001806645e-02
1.106544393497290457e+01,3.967486646909279102e+00,2.526259788551862506e+00,6.198975709325353023e+00,1.570498277686467326e+00,9.765512620694378754e-01,-3.485762884639359571e-02
1.107044601917465521e+01,3.966914651838598704e+00,2.525999631951320268e+00,6.199120014924619504e+00,1.570433582674032325e+00,9.765482126728635137e-01,-3.501614778555368901e-02
1.107544810337640584e+01,3.966340422106520158e+00,2.525738448426792626e+00,6.199264911396442201e+00,1.570368628064808370e+00,9.765451497235687617e-01,-3.517463462081620723e-02
1.108045018757815647e+01,3.965763605352643051e+00,2.525476075873080983e+00,6.199410460772821985e+00,1.570303374971248056e+00,9.765420710726140374e-01,-3.533308450582121896e-02
1.108545227177990888e+01,3.965184538715783802e+00,2.525212669084738515e+00,6.199556603943453759e+00,1.570237860462248447e+00,9.765389787558673707e-01,-3.549150244582072178e-02
1.109045435598165774e+01,3.964603243695077328e+00,2.524948237811624363e+00,6.199703337278084980e+00,1.570172086827096081e+00,9.765358728953892342e-01,-3.564988890477761158e-02
1.109545644018341015e+01,3.964019722092634979e+00,2.524682782750316434e+00,6.199850660609634190e+00,1.570106054184893019e+00,9.765327534937867648e-01,-3.580824406547855610e-02
1.110045852438515901e+01,3.963433975692272959e+00,2.524416304588721793e+00,6.199998573776717592e+00,1.570039762652379212e+00,9.765296205536528884e-01,-3.596656811060638947e-02
1.110546060858691142e+01,3.962846006259487908e+00,2.524148804006080660e+00,6.200147076623665932e+00,1.569973212343919178e+00,9.765264740775662089e-01,-3.612486122274315148e-02
1.111046269278866028e+01,3.962255815541514625e+00,2.523880281672965076e+00,6.200296169000486302e+00,1.569906403371524428e+00,9.765233140680907864e-01,-3.628312358437225937e-02
1.111546477699041269e+01,3.961663405267328297e+00,2.523610738251279351e+00,6.200445850762862143e+00,1.569839335844853245e+00,9.765201405277756930e-01,-3.644135537788151247e-02
1.112046686119216155e+01,3.961068412223518020e+00,2.523340006460964791e+00,6.200596185759398082e+00,1.569771969723175120e+00,9.765169512314215705e-01,-3.659955182255343609e-02
1.112546894539391396e+01,3.960471197193339066e+00,2.523068252141708712e+00,6.200747110857680156e+00,1.569704344633360504e+00,9.765137483706212151e-01,-3.675771804794797371e-02
1.113047102959566459e+01,3.959871768339465969e+00,2.522795478914678480e+00,6.200898624793049763e+00,1.569636461392037274e+00,9.765105319875359013e-01,-3.691585432511165082e-02
1.113547311379741522e+01,3.959270127304059361e+00,2.522521687400595791e+00,6.201050727447001698e+00,1.569568320097973757e+00,9.765073020846460894e-01,-3.707396083601646047e-02
1.114047519799916586e+01,3.958666275711060223e+00,2.522246878211535037e+00,6.201203418706707993e+00,1.569499920847580166e+00,9.765040586644169185e-01,-3.723203776255525760e-02
1.114547728220091649e+01,3.958060215166139706e+00,2.521971051950920639e+00,6.201356698465087192e+00,1.569431263734888615e+00,9.765008017293004272e-01,-3.739008528654405583e-02
1.115047936640266713e+01,3.957451947256797720e+00,2.521694209213520832e+00,6.201510566620700438e+00,1.569362348851595534e+00,9.764975312817325559e-01,-3.754810358972503898e-02
1.115548145060441776e+01,3.956841467049689864e+00,2.521416347590171636e+00,6.201665024216548971e+00,1.569293175572299637e+00,9.764942472842841337e-01,-3.770609276873610610e-02
1.116048353480616839e+01,3.956228419930445384e+00,2.521137303569654264e+00,6.201820133515689726e+00,1.569223704844975753e+00,9.764909475551236673e-01,-3.786404838079951429e-02
1.116548561900791903e+01,3.955613170704299186e+00,2.520857245027713578e+00,6.201975830803784895e+00,1.569153976690501606e+00,9.764876343216892796e-01,-3.802197538994715742e-02
1.117048770320966966e+01,3.954995720872060083e+00,2.520576172517973390e+00,6.202132116005294904e+00,1.569083991189660576e+00,9.764843075863488542e-01,-3.817987397760782414e-02
1.117548978741142207e+01,3.954376071916358537e+00,2.520294086585411986e+00,6.202288989050372514e+00,1.569013748420881260e+00,9.764809673514555088e-01,-3.833774432515277275e-02
1.118049187161317093e+01,3.953754225301608916e+00,2.520010987766355903e+00,6.202446449874896572e+00,1.568943248460225925e+00,9.764776136193483724e-01,-3.849558661389847203e-02
1.118549395581492334e+01,3.953130182473985954e+00,2.519726876588471498e+00,6.202604498420478230e+00,1.568872491381382961e+00,9.764742463923518079e-01,-3.865340102510943232e-02
1.119049604001667220e+01,3.952503944861452290e+00,2.519441753570768938e+00,6.202763134634454723e+00,1.568801477255675758e+00,9.764708656727758562e-01,-3.881118774000047456e-02
1.119549812421842461e+01,3.951875494514290210e+00,2.519155610295770842e+00,6.202922361855208067e+00,1.568730204026699937e+00,9.764674713437794251e-01,-3.896894669863427280e-02
1.120050020842017346e+01,3.951244504401008939e+00,2.518868295779463029e+00,6.203082237455856962e+00,1.568658635714138327e+00,9.764640613852515472e-01,-3.912667402670078065e-02
1.120550229262192587e+01,3.950611324217482068e+00,2.518579971120784133e+00,6.203242700477470173e+00,1.568586810630211881e+00,9.764606379418908633e-01,-3.928437427474016502e-02
1.121050437682367473e+01,3.949975955305077058e+00,2.518290636797552828e+00,6.203403750893326851e+00,1.568514728835335159e+00,9.764572010159378035e-01,-3.944204762377104267e-02
1.121550646102542714e+01,3.949338398986889320e+00,2.518000293278931601e+00,6.203565388682517501e+00,1.568442390387522201e+00,9.764537506096198083e-01,-3.959969425477952165e-02
1.122050854522717778e+01,3.948698656567852794e+00,2.517708941025425862e+00,6.203727613829844501e+00,1.568369795342429818e+00,9.764502867251492191e-01,-3.975731434872153275e-02
1.122551062942892841e+01,3.948056729334635584e+00,2.517416580488867961e+00,6.203890426325901153e+00,1.568296943753324069e+00,9.764468093647242775e-01,-3.991490808652565364e-02
1.123051271363067904e+01,3.947412618555673713e+00,2.517123212112398090e+00,6.204053826167019281e+00,1.568223835671103572e+00,9.764433185305285701e-01,-4.007247564909591914e-02
1.123551479783242968e+01,3.946766293389031954e+00,2.516828821513330539e+00,6.204217818960113817e+00,1.568150467625327726e+00,9.764398140265241333e-01,-4.023001683803135997e-02
1.124051688203418031e+01,3.946117453910058082e+00,2.516533270040109294e+00,6.204382457294885356e+00,1.568076806648840194e+00,9.764362939937116792e-01,-4.038752831146638633e-02
1.124551896623593272e+01,3.945466435056709464e+00,2.516236712165958345e+00,6.204547682889038462e+00,1.568002889386539644e+00,9.764327604944440520e-01,-4.054501422509921432e-02
1.125052105043768158e+01,3.944813238010646206e+00,2.515939148292732686e+00,6.204713495765100895e+00,1.567928715878331047e+00,9.764292135308366705e-01,-4.070247475975605211e-02
1.125552313463943399e+01,3.944157863935252806e+00,2.515640578813566730e+00,6.204879895951372681e+00,1.567854286161740607e+00,9.764256531049899657e-01,-4.085991009625557918e-02
1.126052521884118285e+01,3.943500313975653704e+00,2.515341004112899626e+00,6.205046883481956321e+00,1.567779600271904883e+00,9.764220792189902687e-01,-4.101732041541131940e-02
1.126552730304293526e+01,3.942840589258689299e+00,2.515040424566467703e+00,6.205214458396770993e+00,1.567704658241562798e+00,9.764184918749094777e-01,-4.117470589803474273e-02
1.127052938724468412e+01,3.942178690892947035e+00,2.514738840541290266e+00,6.205382620741518807e+00,1.567629460101075400e+00,9.764148910748045029e-01,-4.133206672493756201e-02
1.127553147144643653e+01,3.941514575244182694e+00,2.514436231721083992e+00,6.205551378370464555e+00,1.567554000980287521e+00,9.764112765436387953e-01,-4.148940257735651838e-02
1.128053355564818538e+01,3.940847969065455203e+00,2.514132471614066056e+00,6.205720779185687874e+00,1.567478250871737755e+00,9.764076465829495399e-01,-4.164671061019064452e-02
1.128553563984993779e+01,3.940179192864420976e+00,2.513827708207761358e+00,6.205890767508302375e+00,1.567402244791700427e+00,9.764040031731225922e-01,-4.180399460262325395e-02
1.129053772405168843e+01,3.939508247662494966e+00,2.513521941827665085e+00,6.206061343410469000e+00,1.567325982759453451e+00,9.764003463161470275e-01,-4.196125473550874757e-02
1.129553980825343906e+01,3.938835134462759680e+00,2.513215172790507435e+00,6.206232506970169815e+00,1.567249464791881763e+00,9.763966760139969336e-01,-4.211849118971927597e-02
1.130054189245518970e+01,3.938159854249926983e+00,2.512907401404269603e+00,6.206404258271265739e+00,1.567172690903450682e+00,9.763929922686320761e-01,-4.227570414614768152e-02
1.130554397665694033e+01,3.937482407990344768e+00,2.512598627968177567e+00,6.206576597403502760e+00,1.567095661106209015e+00,9.763892950819983430e-01,-4.243289378570986453e-02
1.131054606085869096e+01,3.936802796631979628e+00,2.512288852772680769e+00,6.206749524462492396e+00,1.567018375409793274e+00,9.763855844560266339e-01,-4.259006028934796823e-02
1.131554814506044160e+01,3.936120963824276231e+00,2.511978049587999529e+00,6.206923049534087689e+00,1.566940827556139171e+00,9.763818600368578959e-01,-4.274720323607088257e-02
1.132055022926219223e+01,3.935436662614998582e+00,2.511666103931418981e+00,6.207097215918307320e+00,1.566862990448851356e+00,9.763781202860319919e-01,-4.290432024212509354e-02
1.132555231346394287e+01,3.934750199385879998e+00,2.511353157433731109e+00,6.207271970471543554e+00,1.566784897511854346e+00,9.763743671023248361e-01,-4.306141472822223870e-02
1.133055439766569350e+01,3.934061574997234523e+00,2.511039210343545047e+00,6.207447313316127868e+00,1.566706548743617589e+00,9.763706004875982725e-01,-4.321848687546962081e-02
1.133555648186744591e+01,3.933370790290893648e+00,2.510724262900649428e+00,6.207623244580337207e+00,1.566627944140172257e+00,9.763668204437004894e-01,-4.337553686501810501e-02
1.134055856606919477e+01,3.932677846090181006e+00,2.510408315335996843e+00,6.207799764398400200e+00,1.566549083695106148e+00,9.763630269724651312e-01,-4.353256487806507480e-02
1.134556065027094718e+01,3.931982743199950558e+00,2.510091367871706058e+00,6.207976872910473176e+00,1.566469967399576779e+00,9.763592200757114092e-01,-4.368957109585737408e-02
1.135056273447269604e+01,3.931285482406559506e+00,2.509773420721064241e+00,6.208154570262675698e+00,1.566390595242295403e+00,9.763553997552437691e-01,-4.384655569969381911e-02
1.135556481867444845e+01,3.930585994694433705e+00,2.509454441749165099e+00,6.208332868762532541e+00,1.566310959586378226e+00,9.763515655785394154e-01,-4.400351818457046149e-02
1.136056690287619730e+01,3.929884059069613134e+00,2.509134328353675780e+00,6.208511807182930831e+00,1.566231036202887283e+00,9.763477161666435089e-01,-4.416045659284203312e-02
1.136556898707794971e+01,3.929179968069144380e+00,2.508813215926731122e+00,6.208691334852644239e+00,1.566150856957178261e+00,9.763438533370590866e-01,-4.431737400454938830e-02
1.137057107127969857e+01,3.928473722390944722e+00,2.508491104639354763e+00,6.208871451944927955e+00,1.566070421826646575e+00,9.763399770915225373e-01,-4.447427060128174986e-02
1.137557315548145098e+01,3.927765322714347196e+00,2.508167994653673460e+00,6.209052158639037700e+00,1.565989730786231160e+00,9.763360874317550397e-01,-4.463114656469877733e-02
1.138057523968320162e+01,3.927054769700058401e+00,2.507843886122879784e+00,6.209233455120219070e+00,1.565908783808419136e+00,9.763321843594633398e-01,-4.478800207653310661e-02
1.138557732388495225e+01,3.926342063989993747e+00,2.507518779191221903e+00,6.209415341579855863e+00,1.565827580863183410e+00,9.763282678763400835e-01,-4.494483731859337527e-02
1.139057940808670288e+01,3.925627206207460862e+00,2.507192673994011578e+00,6.209597818215317311e+00,1.565746121918046629e+00,9.763243379840630398e-01,-4.510165247276727574e-02
1.139558149228845352e+01,3.924910114698606289e+00,2.506865532487756898e+00,6.209780899551546440e+00,1.565664397963784538e+00,9.763203941715846712e-01,-4.525844696837938441e-02
1.140058357649020415e+01,3.924190594137624721e+00,2.506537263843891861e+00,6.209964619898783234e+00,1.565582387600212844e+00,9.763164352189949158e-01,-4.541521923874846517e-02
1.140558566069195479e+01,3.923468923475181835e+00,2.506207997323155023e+00,6.210148931000504469e+00,1.565500121165435132e+00,9.763124628628450097e-01,-4.557197204084184605e-02
1.141058774489370542e+01,3.922745103245298459e+00,2.505877733018119891e+00,6.210333833081644883e+00,1.565417598615508110e+00,9.763084771047437771e-01,-4.572870555696608580e-02
1.141558982909545605e+01,3.922019133963118520e+00,2.505546471012323195e+00,6.210519326373278304e+00,1.565334819903976493e+00,9.763044779462856093e-01,-4.588541996952502644e-02
1.142059191329720669e+01,3.921291016124924589e+00,2.505214211380265343e+00,6.210705411112622976e+00,1.565251784981876559e+00,9.763004653890502427e-01,-4.604211546102315866e-02
1.142559399749895732e+01,3.920560750208129885e+00,2.504880954187395314e+00,6.210892087543029128e+00,1.565168493797739480e+00,9.762964394346027586e-01,-4.619879221406823777e-02
1.143059608170070796e+01,3.919828336671192570e+00,2.504546699490089789e+00,6.211079355914044697e+00,1.565084946297565782e+00,9.762924000844940275e-01,-4.635545041137442007e-02
1.143559816590245859e+01,3.919093681223331238e+00,2.504211403320668605e+00,6.211267232969796659e+00,1.565001132103496229e+00,9.762883467492724510e-01,-4.651208943511297295e-02
1.144060025010420922e+01,3.918356613963676960e+00,2.503874986539992520e+00,6.211455748611595773e+00,1.564917032610442682e+00,9.762842783676484171e-01,-4.666870807442969477e-02
1.144560233430595986e+01,3.917617400492016344e+00,2.503537572373873310e+00,6.211644856945102156e+00,1.564832676658134414e+00,9.762801965955228978e-01,-4.682530878065409297e-02
1.145060441850771049e+01,3.916876041176420742e+00,2.503199160835343218e+00,6.211834558247917748e+00,1.564748064180925713e+00,9.762761014343771526e-01,-4.698189173705131366e-02
1.145560650270946113e+01,3.916132536365851013e+00,2.502859751928284471e+00,6.212024852803927466e+00,1.564663195110607141e+00,9.762719928856777862e-01,-4.713845712701225654e-02
1.146060858691121176e+01,3.915386886390215260e+00,2.502519345647392868e+00,6.212215740903205941e+00,1.564578069376450165e+00,9.762678709508766373e-01,-4.729500513405622553e-02
1.146561067111296239e+01,3.914639091560153439e+00,2.502177941978163123e+00,6.212407222842197818e+00,1.564492686905125440e+00,9.762637356314115555e-01,-4.745153594183440515e-02
1.147061275531471480e+01,3.913889152167230545e+00,2.501835540896889754e+00,6.212599298923556113e+00,1.564407047620776092e+00,9.762595869287046257e-01,-4.760804973413259450e-02
1.147561483951646366e+01,3.913136961259358948e+00,2.501492092483731167e+00,6.212791988118466335e+00,1.564321139777821834e+00,9.762554241750019957e-01,-4.776454586471307745e-02
1.148061692371821607e+01,3.912382374164535381e+00,2.501147529227137678e+00,6.212985315962242794e+00,1.564234947537650244e+00,9.762512464672479240e-01,-4.792102344333190600e-02
1.148561900791996493e+01,3.911625643344328385e+00,2.500801968403671527e+00,6.213179238875436994e+00,1.564148498268026932e+00,9.762470553809761142e-01,-4.807748463299441749e-02
1.149062109212171734e+01,3.910866768998574550e+00,2.500455409945569141e+00,6.213373757189364355e+00,1.564061791881226959e+00,9.762428509175392621e-01,-4.823392961817404845e-02
1.149562317632346797e+01,3.910105751307642930e+00,2.500107853775755284e+00,6.213568871241802682e+00,1.563974828286890384e+00,9.762386330782754085e-01,-4.839035858349864661e-02
1.150062526052521861e+01,3.909342590432485665e+00,2.499759299807805757e+00,6.213764581376916674e+00,1.563887607392062007e+00,9.762344018645082722e-01,-4.854677171375378769e-02
1.150562734472696924e+01,3.908577286514570037e+00,2.499409747945933624e+00,6.213960887945303213e+00,1.563800129101168501e+00,9.762301572775465841e-01,-4.870316919388611304e-02
1.151062942892871988e+01,3.907809839675912666e+00,2.499059198084989664e+00,6.214157791303977163e+00,1.563712393316027960e+00,9.762258993186841982e-01,-4.885955120900614679e-02
1.151563151313047051e+01,3.907040130252588561e+00,2.498707594312332247e+00,6.214355312665181152e+00,1.563624386921448783e+00,9.762216272419454999e-01,-4.901591710349228331e-02
1.152063359733222114e+01,3.906268038653025076e+00,2.498354880704947156e+00,6.214553473230229663e+00,1.563536096821767307e+00,9.762173403021596751e-01,-4.917226627232129665e-02
1.152563568153397178e+01,3.905493804390564705e+00,2.498001168665031635e+00,6.214752231692409978e+00,1.563447548936783615e+00,9.762130399947578363e-01,-4.932860060740937996e-02
1.153063776573572241e+01,3.904717427493914705e+00,2.497646458042544815e+00,6.214951588438075269e+00,1.563358743156194830e+00,9.762087263209632271e-01,-4.948492029469590131e-02
1.153563984993747304e+01,3.903938907972010597e+00,2.497290748677946759e+00,6.215151543860157446e+00,1.563269679367024656e+00,9.762043992819847693e-01,-4.964122552030506702e-02
1.154064193413922546e+01,3.903158245814031702e+00,2.496934040402173149e+00,6.215352098358134292e+00,1.563180357453640479e+00,9.762000588790165079e-01,-4.979751647054887070e-02
1.154564401834097431e+01,3.902375440989313216e+00,2.496576333036615747e+00,6.215553252338094303e+00,1.563090777297727163e+00,9.761957051132373886e-01,-4.995379333193055577e-02
1.155064610254272672e+01,3.901590493447343988e+00,2.496217626393100630e+00,6.215755006212710931e+00,1.563000938778295268e+00,9.761913379858115913e-01,-5.011005629114805016e-02
1.155564818674447558e+01,3.900803270734695793e+00,2.495857858512482874e+00,6.215957383455838148e+00,1.562910827405673109e+00,9.761869566726034675e-01,-5.026630470255613603e-02
1.156065027094622799e+01,3.900013678240385140e+00,2.495496985044499905e+00,6.216160400955550003e+00,1.562820432808833759e+00,9.761825605860163790e-01,-5.042253821069687947e-02
1.156565235514797685e+01,3.899221942696446952e+00,2.495135111580914167e+00,6.216364019641014593e+00,1.562729779481122128e+00,9.761781511416240953e-01,-5.057875845359501715e-02
1.157065443934972926e+01,3.898428063957241285e+00,2.494772237887716848e+00,6.216568239955026165e+00,1.562638867289134703e+00,9.761737283405199639e-01,-5.073496561892422430e-02
1.157565652355147812e+01,3.897632041857013618e+00,2.494408363721204225e+00,6.216773062347101586e+00,1.562547696096742822e+00,9.761692921837824555e-01,-5.089115989457386469e-02
1.158065860775323053e+01,3.896833876209832681e+00,2.494043488827928812e+00,6.216978487273485676e+00,1.562456265765093999e+00,9.761648426724743866e-01,-5.104734146865287647e-02
1.158566069195498116e+01,3.896033566809525617e+00,2.493677612944682931e+00,6.217184515197201833e+00,1.562364576152591500e+00,9.761603798076443628e-01,-5.120351052949287385e-02
1.159066277615673179e+01,3.895231113429646452e+00,2.493310735798493383e+00,6.217391146588078676e+00,1.562272627114879908e+00,9.761559035903254467e-01,-5.135966726565172058e-02
1.159566486035848243e+01,3.894426370721594033e+00,2.492942789316429764e+00,6.217598407208842382e+00,1.562180402779902666e+00,9.761514131182637000e-01,-5.151581106121634612e-02
1.160066694456023306e+01,3.893619269004719552e+00,2.492573740728999176e+00,6.217806309643537865e+00,1.562087895488283085e+00,9.761469079611622135e-01,-5.167194177427229113e-02
1.160566902876198370e+01,3.892810022373526024e+00,2.492203689870463812e+00,6.218014817025747654e+00,1.561995128325911697e+00,9.761423894549663416e-01,-5.182806080615907918e-02
1.161067111296373433e+01,3.891998630504367895e+00,2.491832636420925340e+00,6.218223929856256937e+00,1.561902101135705490e+00,9.761378576006376484e-01,-5.198416834656335861e-02
1.161567319716548496e+01,3.891185093053031618e+00,2.491460580050553375e+00,6.218433648642766265e+00,1.561808813757782577e+00,9.761333123991225991e-01,-5.214026458542055098e-02
1.162067528136723560e+01,3.890369409654699684e+00,2.491087520419547285e+00,6.218643973899892430e+00,1.561715266029467530e+00,9.761287538513520046e-01,-5.229634971291804990e-02
1.162567736556898623e+01,3.889551579923812508e+00,2.490713457178104218e+00,6.218854906149263506e+00,1.561621457785250522e+00,9.761241819582421320e-01,-5.245242391949923172e-02
1.163067944977073864e+01,3.888731603454074204e+00,2.490338389966393784e+00,6.219066445919489539e+00,1.561527388856801535e+00,9.761195967206939272e-01,-5.260848739586669598e-02
1.163568153397248750e+01,3.887909321867179635e+00,2.489962244516430445e+00,6.219278621296443710e+00,1.561433041978610881e+00,9.761149971583561458e-01,-5.276453957605146267e-02
1.164068361817423991e+01,3.887084690413329380e+00,2.489584999671938359e+00,6.219491440557496809e+00,1.561338412195423908e+00,9.761103829979966839e-01,-5.292058049519257623e-02
1.164568570237598877e+01,3.886257910669732585e+00,2.489206749551359454e+00,6.219704869014605286e+00,1.561243521202154039e+00,9.761057554961412031e-01,-5.307661133520319430e-02
1.165068778657774118e+01,3.885428982130605391e+00,2.488827493746747610e+00,6.219918907228267457e+00,1.561148368817389054e+00,9.761011146536179295e-01,-5.323263228807496861e-02
1.165568987077949004e+01,3.884597904269000868e+00,2.488447231839954643e+00,6.220133555766179434e+00,1.561052954856806174e+00,9.760964604712401016e-01,-5.338864354608218593e-02
1.166069195498124245e+01,3.883764676536916927e+00,2.488065963402592118e+00,6.220348815203124104e+00,1.560957279133233344e+00,9.760917929498050816e-01,-5.354464530178578568e-02
1.166569403918299130e+01,3.882929298365043635e+00,2.487683687996003812e+00,6.220564686121148767e+00,1.560861341456559526e+00,9.760871120900950215e-01,-5.370063774803685713e-02
1.167069612338474371e+01,3.882091769162856920e+00,2.487300405171242623e+00,6.220781169109487863e+00,1.560765141633781550e+00,9.760824178928770856e-01,-5.385662107798076803e-02
1.167569820758649435e+01,3.881251917357754877e+00,2.486916034369356154e+00,6.220998294618737212e+00,1.560668660991596735e+00,9.760777092997031668e-01,-5.401259479632816718e-02
1.168070029178824498e+01,3.880409723183492865e+00,2.486530566104887097e+00,6.221216066604644546e+00,1.560571897276974429e+00,9.760729861942091246e-01,-5.416855907820293525e-02
1.168570237598999562e+01,3.879565375796291349e+00,2.486144088810725794e+00,6.221434452537135229e+00,1.560474870807718961e+00,9.760682497536921076e-01,-5.432451490345265727e-02
1.169070446019174625e+01,3.878718874503553238e+00,2.485756601988456715e+00,6.221653453038347159e+00,1.560377581377360157e+00,9.760634999788448951e-01,-5.448046246667933440e-02
1.169570654439349688e+01,3.877870218590871332e+00,2.485368105129149185e+00,6.221873068737906465e+00,1.560280028776406258e+00,9.760587368703457223e-01,-5.463640196280383082e-02
1.170070862859524752e+01,3.877019407322156219e+00,2.484978597713340065e+00,6.222093300272809380e+00,1.560182212792400769e+00,9.760539604288567261e-01,-5.479233358706938478e-02
1.170571071279699815e+01,3.876166439939525699e+00,2.484588079211003109e+00,6.222314148287502178e+00,1.560084133209890922e+00,9.760491706550247226e-01,-5.494825753504600785e-02
1.171071279699874879e+01,3.875311315663265699e+00,2.484196549081502781e+00,6.222535613433858970e+00,1.559985789810435231e+00,9.760443675494802074e-01,-5.510417400263409315e-02
1.171571488120049942e+01,3.874453849530568927e+00,2.483803920363783391e+00,6.222757728576488567e+00,1.559887162495140922e+00,9.760395499756580051e-01,-5.526008258655327327e-02
1.172071696540225183e+01,3.873594046865181717e+00,2.483410195326801073e+00,6.222980493321895956e+00,1.559788251717087348e+00,9.760347179739048418e-01,-5.541598356415097792e-02
1.172571904960400069e+01,3.872732084474456826e+00,2.483015456736492155e+00,6.223203877283138397e+00,1.559689076428269372e+00,9.760298726424604387e-01,-5.557187773072044118e-02
1.173072113380575310e+01,3.871867961473622888e+00,2.482619704001256533e+00,6.223427881146219143e+00,1.559589636396305323e+00,9.760250139818807957e-01,-5.572776528379567301e-02
1.173572321800750196e+01,3.871001676955476700e+00,2.482222936518646339e+00,6.223652505604882812e+00,1.559489931385700912e+00,9.760201419927072575e-01,-5.588364642126696785e-02
1.174072530220925437e+01,3.870133229990529333e+00,2.481825153675347284e+00,6.223877751360471500e+00,1.559389961157912285e+00,9.760152566754644043e-01,-5.603952134138538016e-02
1.174572738641100500e+01,3.869262619626784971e+00,2.481426354847145799e+00,6.224103619122097975e+00,1.559289725471271870e+00,9.760103580306613846e-01,-5.619539024276663103e-02
1.175072947061275563e+01,3.868389844889728924e+00,2.481026539398872188e+00,6.224330109606602157e+00,1.559189224081013236e+00,9.760054460587913594e-01,-5.635125332439541029e-02
1.175573155481450627e+01,3.867514707197898804e+00,2.480625613840227839e+00,6.224557258149781447e+00,1.559088435441349896e+00,9.760005195451273430e-01,-5.650711029699886923e-02
1.176073363901625690e+01,3.866637237127190652e+00,2.480223592305209834e+00,6.224785059968057865e+00,1.558987362721357517e+00,9.759955786866109095e-01,-5.666296150157097700e-02
1.176573572321800754e+01,3.865757599183063498e+00,2.479820551899363679e+00,6.225013486808788521e+00,1.558886023515762886e+00,9.759906245025768978e-01,-5.681880756656611936e-02
1.177073780741975817e+01,3.864875792282620015e+00,2.479416491934872457e+00,6.225242539424264088e+00,1.558784417565348690e+00,9.759856569934433068e-01,-5.697464869278875965e-02
1.177573989162150880e+01,3.863991815320026557e+00,2.479011411712735313e+00,6.225472218574660488e+00,1.558682544607737697e+00,9.759806761596110380e-01,-5.713048508143983573e-02
1.178074197582325944e+01,3.863105667166348400e+00,2.478605310522712379e+00,6.225702525028136591e+00,1.558580404377355011e+00,9.759756820014654499e-01,-5.728631693412086778e-02
1.178574406002501007e+01,3.862217346669368112e+00,2.478198187643277706e+00,6.225933459560940797e+00,1.558477996605375671e+00,9.759706745193760247e-01,-5.744214445283868375e-02
1.179074614422676071e+01,3.861326852653706343e+00,2.477790042341588617e+00,6.226165022957290240e+00,1.558375321019787707e+00,9.759656537136955912e-01,-5.759796784000961734e-02
1.179574822842851134e+01,3.860433972656118762e+00,2.477380774454111201e+00,6.226397253090117268e+00,1.558272354602720400e+00,9.759606182914705164e-01,-5.775378694311762706e-02
1.180075031263026197e+01,3.859538762724907812e+00,2.476970410118664034e+00,6.226630140730916807e+00,1.558169103255460097e+00,9.759555686061615054e-01,-5.790960212728057943e-02
1.180575239683201261e+01,3.858641375084823633e+00,2.476559020774557140e+00,6.226863659758673286e+00,1.558065583221195594e+00,9.759505055983318522e-01,-5.806541387208840471e-02
1.181075448103376324e+01,3.857741808448480025e+00,2.476146605634441666e+00,6.227097810994463245e+00,1.557961794212925577e+00,9.759454292682576693e-01,-5.822122238197431632e-02
1.181575656523551388e+01,3.856840061504667183e+00,2.475733163899374034e+00,6.227332595267651705e+00,1.557857735940329391e+00,9.759403396161989708e-01,-5.837702786181011433e-02
1.182075864943726451e+01,3.855936132918318382e+00,2.475318694758768867e+00,6.227568013415876180e+00,1.557753408109777471e+00,9.759352366423985625e-01,-5.853283051691098027e-02
1.182576073363901514e+01,3.855030021330314582e+00,2.474903197390351473e+00,6.227804066285182572e+00,1.557648810424274499e+00,9.759301203470839292e-01,-5.868863055303984860e-02
1.183076281784076578e+01,3.854121725357541273e+00,2.474486670960108992e+00,6.228040754729927464e+00,1.557543942583505370e+00,9.759249907304650140e-01,-5.884442817641248602e-02
1.183576490204251819e+01,3.853211018355738648e+00,2.474069008469507391e+00,6.228278119235040045e+00,1.557438780068381101e+00,9.759198464212727187e-01,-5.900022339485780365e-02
1.184076698624426704e+01,3.852297982126459353e+00,2.473650248228503212e+00,6.228516146057710756e+00,1.557333331535155629e+00,9.759146879294527954e-01,-5.915601655700887529e-02
1.184576907044601946e+01,3.851382756608245028e+00,2.473230455991402899e+00,6.228754811212214193e+00,1.557227611878329920e+00,9.759095161169111243e-01,-5.931180801188417478e-02
1.185077115464776831e+01,3.850465340301919337e+00,2.472809630867639274e+00,6.228994115591352632e+00,1.557121620781984461e+00,9.759043309837798219e-01,-5.946759796792534802e-02
1.185577323884952072e+01,3.849545731683728267e+00,2.472387771954607683e+00,6.229234060096474401e+00,1.557015357926792465e+00,9.758991325301736852e-01,-5.962338663405759159e-02
1.186077532305126958e+01,3.848623929205024385e+00,2.471964878337616245e+00,6.229474645637700370e+00,1.556908822989914176e+00,9.758939207561916351e-01,-5.977917421969430878e-02
1.186577740725302199e+01,3.847699931292335229e+00,2.471540949089829020e+00,6.229715873133815585e+00,1.556802015645053938e+00,9.758886956619156061e-01,-5.993496093474250108e-02
1.187077949145477085e+01,3.846773736347227857e+00,2.471115983272203831e+00,6.229957743512333224e+00,1.556694935562435544e+00,9.758834572474104352e-01,-6.009074698960736871e-02
1.187578157565652326e+01,3.845845103206934734e+00,2.470689866870682039e+00,6.230200299954714360e+00,1.556587556688364238e+00,9.758782040629788712e-01,-6.024653257698444481e-02
1.188078365985827389e+01,3.844914139770461592e+00,2.470262650566525053e+00,6.230443524119016807e+00,1.556479890463743576e+00,9.758729367750608175e-01,-6.040231798717764222e-02
1.188578574406002453e+01,3.843980973656992983e+00,2.469834394396916544e+00,6.230687394165179249e+00,1.556371950434197071e+00,9.758676561669982208e-01,-6.055810345730847782e-02
1.189078782826177516e+01,3.843045603147650979e+00,2.469405097364013812e+00,6.230931911060832995e+00,1.556263736253699514e+00,9.758623622387758711e-01,-6.071388920023082503e-02
1.189578991246352579e+01,3.842108026497905726e+00,2.468974758457443297e+00,6.231177075782639463e+00,1.556155247572625466e+00,9.758570549903620162e-01,-6.086967542932947978e-02
1.190079199666527643e+01,3.841168241937529260e+00,2.468543376654250388e+00,6.231422889316281299e+00,1.556046484037753030e+00,9.758517344217070288e-01,-6.102546235852588513e-02
1.190579408086702884e+01,3.840226247670405879e+00,2.468110950918837254e+00,6.231669352656578731e+00,1.555937445292219445e+00,9.758464005327449620e-01,-6.118125020228318972e-02
1.191079616506877770e+01,3.839282041874392259e+00,2.467677480202879359e+00,6.231916466807521537e+00,1.555828130975506207e+00,9.758410533233923267e-01,-6.133703917561164620e-02
1.191579824927052833e+01,3.838335368490234156e+00,2.467242843276302278e+00,6.232164277741828684e+00,1.555718513461459729e+00,9.758356912653861626e-01,-6.149282968163141683e-02
1.192080033347227896e+01,3.837386361925211986e+00,2.466807103423442449e+00,6.232412762417372853e+00,1.555608607012552991e+00,9.758303151817139254e-01,-6.164862190907489936e-02
1.192580241767403137e+01,3.836435137417129049e+00,2.466370314918237217e+00,6.232661901157155349e+00,1.555498423822178955e+00,9.758249257772272367e-01,-6.180441600229082122e-02
1.193080450187578023e+01,3.835481693018609306e+00,2.465932476651096827e+00,6.232911695007099517e+00,1.555387963512874894e+00,9.758195230517605623e-01,-6.196021217897508537e-02
1.193580658607753264e+01,3.834526026755548322e+00,2.465493587499353545e+00,6.233162145022582479e+00,1.555277225703412425e+00,9.758141070051313815e-01,-6.211601065740589983e-02
1.194080867027928150e+01,3.833568136627051981e+00,2.465053646327211023e+00,6.233413252268455551e+00,1.555166210008796179e+00,9.758086776371389659e-01,-6.227181165644903732e-02
1.194581075448103391e+01,3.832608020605229093e+00,2.464612651985679026e+00,6.233665017819160603e+00,1.555054916040209845e+00,9.758032349475659339e-01,-6.242761539556399702e-02
1.195081283868278454e+01,3.831645676635131004e+00,2.464170603312500152e+00,6.233917442758719396e+00,1.554943343405030820e+00,9.757977789361771404e-01,-6.258342209480932672e-02
1.195581492288453518e+01,3.830680833339735081e+00,2.463727371639794050e+00,6.234170575956918370e+00,1.554831462861952840e+00,9.757923079959810453e-01,-6.273923239443694733e-02
1.196081700708628404e+01,3.829713652115819045e+00,2.463283033121208554e+00,6.234424389553049117e+00,1.554719291539639281e+00,9.757868231066113562e-01,-6.289504633679149359e-02
1.196581909128803645e+01,3.828744235727612466e+00,2.462837636206631320e+00,6.234678866057958402e+00,1.554606840272592772e+00,9.757813248944819939e-01,-6.305086399309545175e-02
1.197082117548978708e+01,3.827772581989583589e+00,2.462391179669783714e+00,6.234934006599589296e+00,1.554494108650479767e+00,9.757758133592732142e-01,-6.320668558634663647e-02
1.197582325969153771e+01,3.826798688688198613e+00,2.461943662270734468e+00,6.235189812315925728e+00,1.554381096258966366e+00,9.757702885006479532e-01,-6.336251134017954756e-02
1.198082534389328835e+01,3.825822553582007846e+00,2.461495082755819297e+00,6.235446284354845048e+00,1.554267802679795141e+00,9.757647503182514948e-01,-6.351834147887157334e-02
1.198582742809503898e+01,3.824844174401327734e+00,2.461045439857563188e+00,6.235703423874317863e+00,1.554154227490694540e+00,9.757591988117110260e-01,-6.367417622734874993e-02
1.199082951229678962e+01,3.823863548848233762e+00,2.460594732294623999e+00,6.235961232042372515e+00,1.554040370265401316e+00,9.757536339806358594e-01,-6.383001581119228385e-02
1.199583159649854203e+01,3.822880389760887176e+00,2.460142823716894966e+00,6.236219760743356488e+00,1.553926200099678301e+00,9.757480541391159168e-01,-6.398586113576489043e-02
1.200083368070029088e+01,3.821894886081046661e+00,2.459689803450054502e+00,6.236478977161257653e+00,1.553811737041114416e+00,9.757424604235782617e-01,-6.414171205044261193e-02
1.200583576490204152e+01,3.820907127975630146e+00,2.459235714043675802e+00,6.236738866027212502e+00,1.553696990555241797e+00,9.757368533820284240e-01,-6.429756857356946909e-02
1.201083784910379215e+01,3.819917113010096621e+00,2.458780554149382791e+00,6.236999428555503044e+00,1.553581960197175871e+00,9.757312330139895629e-01,-6.445343093393779421e-02
1.201583993330554456e+01,3.818924838720778148e+00,2.458324322404495721e+00,6.237260665970827844e+00,1.553466645517900702e+00,9.757255993189665189e-01,-6.460929936103500248e-02
1.202084201750729342e+01,3.817930302614694238e+00,2.457867017431942802e+00,6.237522579508380183e+00,1.553351046064236796e+00,9.757199522964457028e-01,-6.476517408505021167e-02
1.202584410170904583e+01,3.816933502169375991e+00,2.457408637840178933e+00,6.237785170413929769e+00,1.553235161378811569e+00,9.757142919458955399e-01,-6.492105533688091734e-02
1.203084618591079469e+01,3.815934434832823019e+00,2.456949182223131523e+00,6.238048439943810308e+00,1.553118991000064231e+00,9.757086182667652485e-01,-6.507694334813934889e-02
1.203584827011254710e+01,3.814932797141915355e+00,2.456488506279658424e+00,6.238312443127220774e+00,1.553002502307497146e+00,9.757029294940092745e-01,-6.523283931868403829e-02
1.204085035431429773e+01,3.813928806218267464e+00,2.456026712849156635e+00,6.238577142036240808e+00,1.552885718329118925e+00,9.756972269210417714e-01,-6.538874285636911421e-02
1.204585243851604837e+01,3.812922539473905914e+00,2.455563838488218575e+00,6.238842523663334028e+00,1.552768647147594772e+00,9.756915110174700922e-01,-6.554465394759534380e-02
1.205085452271779722e+01,3.811913994213695478e+00,2.455099881720427479e+00,6.239108589313543618e+00,1.552651288281791331e+00,9.756857817826549706e-01,-6.570057282747837624e-02
1.205585660691954963e+01,3.810903167711874318e+00,2.454634841054337269e+00,6.239375340302958151e+00,1.552533641246198748e+00,9.756800392159390434e-01,-6.585649973189200423e-02
1.206085869112130027e+01,3.809890057211920311e+00,2.454168714983381516e+00,6.239642777958733788e+00,1.552415705550919789e+00,9.756742833166458517e-01,-6.601243489747501969e-02
1.206586077532305090e+01,3.808874659926473338e+00,2.453701501985795730e+00,6.239910903619111160e+00,1.552297480701677612e+00,9.756685140840800630e-01,-6.616837856163841625e-02
1.207086285952480154e+01,3.807856973037107018e+00,2.453233200524562729e+00,6.240179718633553918e+00,1.552178966199744714e+00,9.756627315175273596e-01,-6.632433096257266125e-02
1.207586494372655217e+01,3.806836676210490378e+00,2.452763658052647067e+00,6.240449281319931707e+00,1.552060127649191879e+00,9.756569337725593538e-01,-6.648029362557067445e-02
1.208086702792830280e+01,3.805814015466909339e+00,2.452292991306280534e+00,6.240719548460846866e+00,1.551940991129138636e+00,9.756511222998237587e-01,-6.663626586621076986e-02
1.208586911213005521e+01,3.804789055270798581e+00,2.451821230739088531e+00,6.240990509359766847e+00,1.551821563321672093e+00,9.756452974905139852e-01,-6.679224766066678420e-02
1.209087119633180407e+01,3.803761792653407969e+00,2.451348374740068614e+00,6.241262165417572838e+00,1.551701843707442796e+00,9.756394593438247886e-01,-6.694823925094715855e-02
1.209587328053355648e+01,3.802732224613817991e+00,2.450874421682390114e+00,6.241534518046774949e+00,1.551581831762498975e+00,9.756336078589316063e-01,-6.710424087988636765e-02
1.210087536473530534e+01,3.801700348118817629e+00,2.450399369923311532e+00,6.241807568671557505e+00,1.551461526958275661e+00,9.756277430349904467e-01,-6.726025279115226130e-02
1.210587744893705775e+01,3.800666160102724955e+00,2.449923217804097053e+00,6.242081318727850103e+00,1.551340928761562932e+00,9.756218648711376673e-01,-6.741627522925404403e-02
1.211087953313880661e+01,3.799629657467201937e+00,2.449445963649929503e+00,6.242355769663427090e+00,1.551220036634471500e+00,9.756159733664901967e-01,-6.757230843954956101e-02
1.211588161734055902e+01,3.798590502382861445e+00,2.448967446344872290e+00,6.242630983243565801e+00,1.551098814340029497e+00,9.756100665969604790e-01,-6.772835430542170632e-02
1.212088370154230788e+01,3.797548970577924621e+00,2.448487796949647688e+00,6.242906910760883221e+00,1.550977291089198795e+00,9.756041461707266604e-01,-6.788441179696812211e-02
1.212588578574406029e+01,3.796505113338545012e+00,2.448007039686388442e+00,6.243183543889248455e+00,1.550855472141497993e+00,9.755982124005317946e-01,-6.804048090273580318e-02
1.213088786994581092e+01,3.795458927408130290e+00,2.447525172802304194e+00,6.243460884130842103e+00,1.550733356937245899e+00,9.755922652853989963e-01,-6.819656187224065746e-02
1.213588995414756155e+01,3.794410409496270287e+00,2.447042194527918824e+00,6.243738933000117619e+00,1.550610944911918310e+00,9.755863048243317293e-01,-6.835265495589787355e-02
1.214089203834931219e+01,3.793359556278496303e+00,2.446558103076964308e+00,6.244017692023897226e+00,1.550488235496103373e+00,9.755803310163128073e-01,-6.850876040503026121e-02
1.214589412255106282e+01,3.792306364396113683e+00,2.446072896646286132e+00,6.244297162741445639e+00,1.550365228115480498e+00,9.755743438603052820e-01,-6.866487847187618954e-02
1.215089620675281346e+01,3.791250830455932697e+00,2.445586573415755804e+00,6.244577346704629051e+00,1.550241922190750632e+00,9.755683433552528872e-01,-6.882100940959826052e-02
1.215589829095456409e+01,3.790192598445627503e+00,2.445098963347155596e+00,6.244858309300826527e+00,1.550118279571449431e+00,9.755623274970990355e-01,-6.897715549422045456e-02
1.216090037515631472e+01,3.789131974707171668e+00,2.444610212301126850e+00,6.245139996107679004e+00,1.549994332691770227e+00,9.755562980519053573e-01,-6.913331529442977297e-02
1.216590245935806536e+01,3.788068997077532529e+00,2.444120338119987856e+00,6.245422401239044241e+00,1.549870085362207384e+00,9.755502552539025984e-01,-6.928948883474222997e-02
1.217090454355981599e+01,3.787003661996692472e+00,2.443629338901255110e+00,6.245705526304370814e+00,1.549745536980443816e+00,9.755441991019366821e-01,-6.944567637284636274e-02
1.217590662776156663e+01,3.785935965868860276e+00,2.443137212724802332e+00,6.245989372926167071e+00,1.549620686939007452e+00,9.755381295948331033e-01,-6.960187816740935618e-02
1.218090871196331726e+01,3.784865905062307689e+00,2.442643957652741449e+00,6.246273942740043772e+00,1.549495534625265014e+00,9.755320467313969290e-01,-6.975809447808602182e-02
1.218591079616506789e+01,3.783793475909081216e+00,2.442149571729325341e+00,6.246559237394863295e+00,1.549370079421350299e+00,9.755259505104121320e-01,-6.991432556552788780e-02
1.219091288036681853e+01,3.782718674704931061e+00,2.441654052980863909e+00,6.246845258552760960e+00,1.549244320704173727e+00,9.755198409306422569e-01,-7.007057169139188635e-02
1.219591496456856916e+01,3.781641126501296579e+00,2.441157222060555743e+00,6.247132075415529506e+00,1.549118218329769148e+00,9.755137159077200693e-01,-7.022683556099004742e-02
1.220091704877032157e+01,3.780561169263759513e+00,2.440659240155882426e+00,6.247419627594229752e+00,1.548991808058505892e+00,9.755075773660019101e-01,-7.038311528263888062e-02
1.220591913297207043e+01,3.779478827066293345e+00,2.440160118559829172e+00,6.247707911723229479e+00,1.548865092220638173e+00,9.755014254611171776e-01,-7.053941094153981517e-02
1.221092121717382106e+01,3.778394096028080629e+00,2.439659855211490758e+00,6.247996929525934107e+00,1.548738070168612424e+00,9.754952601917293853e-01,-7.069572280427530164e-02
1.221592330137557170e+01,3.777306972230557225e+00,2.439158448031275128e+00,6.248286682739541575e+00,1.548610741249444311e+00,9.754890815564799533e-01,-7.085205113849274428e-02
1.222092538557732411e+01,3.776217451717050810e+00,2.438655894920786604e+00,6.248577173115260841e+00,1.548483104804629029e+00,9.754828895539895406e-01,-7.100839621291414605e-02
1.222592746977907296e+01,3.775125530492655201e+00,2.438152193762697095e+00,6.248868402418295886e+00,1.548355160170154843e+00,9.754766841828570456e-01,-7.116475829734589253e-02
1.223092955398082537e+01,3.774031204523862648e+00,2.437647342420620866e+00,6.249160372428051780e+00,1.548226906676415382e+00,9.754704654416602727e-01,-7.132113766268881327e-02
1.223593163818257423e+01,3.772934079100967786e+00,2.437141151817183271e+00,6.249453156372012153e+00,1.548098302097844936e+00,9.754642311653430875e-01,-7.147753748250565420e-02
1.224093372238432664e+01,3.771834524935453903e+00,2.436633799049336968e+00,6.249746687614084806e+00,1.547969385636467576e+00,9.754579834370273872e-01,-7.163395534241652485e-02
1.224593580658607728e+01,3.770732551977836966e+00,2.436125288668246736e+00,6.250040965401765902e+00,1.547840158105816544e+00,9.754517223336268694e-01,-7.179039141428286697e-02
1.225093789078782791e+01,3.769628156007573505e+00,2.435615618445022612e+00,6.250335991579659911e+00,1.547710618810298477e+00,9.754454478536157547e-01,-7.194684597436507012e-02
1.225593997498957677e+01,3.768521332764094733e+00,2.435104786130922072e+00,6.250631768007035127e+00,1.547580767048552852e+00,9.754391599954452818e-01,-7.210331930008258283e-02
1.226094205919132918e+01,3.767412077946382443e+00,2.434592789457215911e+00,6.250928296558074138e+00,1.547450602113347173e+00,9.754328587575448184e-01,-7.225981167002427930e-02
1.226594414339307981e+01,3.766300387212796252e+00,2.434079626135061236e+00,6.251225579121927112e+00,1.547320123291567873e+00,9.754265441383218604e-01,-7.241632336395906200e-02
1.227094622759483045e+01,3.765186256136292098e+00,2.433565293834056842e+00,6.251523617611008277e+00,1.547189329859434359e+00,9.754202161359177836e-01,-7.257285466320971545e-02
1.227594831179658108e+01,3.764069269476508772e+00,2.433049593349340789e+00,6.251822489486080769e+00,1.547058177426989367e+00,9.754138725049031899e-01,-7.272940925002643886e-02
1.228095039599833171e+01,3.762949831801174483e+00,2.432532718266327887e+00,6.252122121576371150e+00,1.546926708752776047e+00,9.754075154869684683e-01,-7.288598412235582080e-02
1.228595248020008235e+01,3.761827938571413288e+00,2.432014666198534680e+00,6.252422515840019734e+00,1.546794923096208363e+00,9.754011450804139782e-01,-7.304257956574118638e-02
1.229095456440183476e+01,3.760703585206076394e+00,2.431495434738488726e+00,6.252723674250716179e+00,1.546662819710597603e+00,9.753947612835163206e-01,-7.319919586697572200e-02
1.229595664860358362e+01,3.759576767081292292e+00,2.430975021457590923e+00,6.253025598797953499e+00,1.546530397843036475e+00,9.753883640945297806e-01,-7.335583331411403563e-02
1.230095873280533603e+01,3.758447479530250490e+00,2.430453423905977406e+00,6.253328291487115109e+00,1.546397656734378456e+00,9.753819535116861061e-01,-7.351249219648384181e-02
1.230596081700708488e+01,3.757315717842985681e+00,2.429930639612374321e+00,6.253631754339505022e+00,1.546264595619222026e+00,9.753755295331930641e-01,-7.366917280469721663e-02
1.231096290120883729e+01,3.756181462604053056e+00,2.429406659048429340e+00,6.253935992102389818e+00,1.546131212168203373e+00,9.753690920781659113e-01,-7.382587556268030426e-02
1.231596498541058615e+01,3.755044320772785049e+00,2.428881293356999649e+00,6.254241078644529495e+00,1.545997464364704310e+00,9.753626390560953263e-01,-7.398260431185921249e-02
1.232096706961233856e+01,3.753904688430626191e+00,2.428354732342096867e+00,6.254546941994310494e+00,1.545863394023188953e+00,9.753561726320935099e-01,-7.413935578615905853e-02
1.232596915381408742e+01,3.752762560657670221e+00,2.427826973428383273e+00,6.254853584246748532e+00,1.545729000348949445e+00,9.753496928042568737e-01,-7.429613028247848694e-02
1.233097123801583983e+01,3.751617932488803486e+00,2.427298014018137717e+00,6.255161007513635241e+00,1.545594282540689202e+00,9.753431995706590696e-01,-7.445292809907742837e-02
1.233597332221759046e+01,3.750470798913561499e+00,2.426767851491110406e+00,6.255469213923524840e+00,1.545459239790535122e+00,9.753366929293484366e-01,-7.460974953558921485e-02
1.234097540641934110e+01,3.749321154875675521e+00,2.426236483204360805e+00,6.255778205621992605e+00,1.545323871283932116e+00,9.753301728783508873e-01,-7.476659489303337514e-02
1.234597749062109173e+01,3.748168995272816773e+00,2.425703906492091999e+00,6.256087984771692589e+00,1.545188176199623120e+00,9.753236394156673539e-01,-7.492346447382854102e-02
1.235097957482284237e+01,3.747014285178715820e+00,2.425170104355333311e+00,6.256398559089719313e+00,1.545052150547913561e+00,9.753170923811842474e-01,-7.508035887520021767e-02
1.235598165902459300e+01,3.745856654165811594e+00,2.424634898516327741e+00,6.256709998755740187e+00,1.544915754721653212e+00,9.753105298393983658e-01,-7.523728205608934405e-02
1.236098374322634363e+01,3.744696489854555388e+00,2.424098474996465580e+00,6.257022232990244959e+00,1.544779029597803444e+00,9.753039538789319840e-01,-7.539423050072475985e-02
1.236598582742809427e+01,3.743533786918560757e+00,2.423560831018798378e+00,6.257335264034874278e+00,1.544641974323740063e+00,9.752973644976709044e-01,-7.555120451837286921e-02
1.237098791162984490e+01,3.742368539983352616e+00,2.423021963782467036e+00,6.257649094149101643e+00,1.544504588039852022e+00,9.752907616934751722e-01,-7.570820441978276527e-02
1.237598999583159554e+01,3.741200743625864522e+00,2.422481870462525055e+00,6.257963725610500738e+00,1.544366869879425064e+00,9.752841454641809626e-01,-7.586523051720027444e-02
1.238099208003334795e+01,3.740030392374201540e+00,2.421940548209759125e+00,6.258279160714793399e+00,1.544228818968633732e+00,9.752775158075983608e-01,-7.602228312438151503e-02
1.238599416423509680e+01,3.738857480707203251e+00,2.421397994150506161e+00,6.258595401776061884e+00,1.544090434426455660e+00,9.752708727215134710e-01,-7.617936255660699707e-02
1.239099624843684921e+01,3.737681957601138638e+00,2.420854183510620317e+00,6.258912459633244829e+00,1.543951710540826694e+00,9.752642159663491572e-01,-7.633646961707642176e-02
1.239599833263859807e+01,3.736503475737558588e+00,2.420308948864104526e+00,6.259230400659363980e+00,1.543812610159198240e+00,9.752575437617440057e-01,-7.649360833842243357e-02
1.240100041684035048e+01,3.735322414273737568e+00,2.419762472435186051e+00,6.259549155266752152e+00,1.543673173224562989e+00,9.752508581198999771e-01,-7.665077497001270002e-02
1.240600250104210112e+01,3.734138767448942797e+00,2.419214751231203664e+00,6.259868725854206062e+00,1.543533398822299230e+00,9.752441590384819392e-01,-7.680796983459199645e-02
1.241100458524385175e+01,3.732952529450887180e+00,2.418665782233893058e+00,6.260189114839759483e+00,1.543393286030247502e+00,9.752374465151285587e-01,-7.696519325652181887e-02
1.241600666944560061e+01,3.731763694415326515e+00,2.418115562399164364e+00,6.260510324660814696e+00,1.543252833918660638e+00,9.752307205474528562e-01,-7.712244556179553845e-02
1.242100875364735302e+01,3.730572256425639832e+00,2.417564088656910304e+00,6.260832357774345880e+00,1.543112041550128044e+00,9.752239811330418728e-01,-7.727972707805359776e-02
1.242601083784910365e+01,3.729378209512534514e+00,2.417011357910827662e+00,6.261155216656981715e+00,1.542970907979541506e+00,9.752172282694560046e-01,-7.743703813459883178e-02
1.243101292205085429e+01,3.728181485898052205e+00,2.416457337272181150e+00,6.261478915440295445e+00,1.542829425702425761e+00,9.752104616373860058e-01,-7.759437977549563104e-02
1.243601500625260492e+01,3.726981761958374051e+00,2.415901870483298186e+00,6.261803516550759063e+00,1.542687560075772346e+00,9.752036796118015438e-01,-7.775175606079456903e-02
1.244101709045435555e+01,3.725779408356106881e+00,2.415345135942343013e+00,6.262128951599455817e+00,1.542545350108940116e+00,9.751968841285312273e-01,-7.790916302043923714e-02
1.244601917465610619e+01,3.724574418865082226e+00,2.414787130425313677e+00,6.262455223154176132e+00,1.542402794820708412e+00,9.751900751850093307e-01,-7.806660099187565094e-02
1.245102125885785860e+01,3.723366787203786998e+00,2.414227850680700449e+00,6.262782333803416535e+00,1.542259893221747946e+00,9.751832527786434834e-01,-7.822407031431388713e-02
1.245602334305960746e+01,3.722156507035006889e+00,2.413667293429269112e+00,6.263110286156502227e+00,1.542116644314583285e+00,9.751764169068132260e-01,-7.838157132874491728e-02
1.246102542726135809e+01,3.720943571965270813e+00,2.413105455363838914e+00,6.263439082843855310e+00,1.541973047093476934e+00,9.751695675668721197e-01,-7.853910437795753874e-02
1.246602751146310872e+01,3.719727975544557808e+00,2.412542333149056972e+00,6.263768726517047192e+00,1.541829100544424458e+00,9.751627047561451933e-01,-7.869666980655533328e-02
1.247102959566486113e+01,3.718509632506829643e+00,2.411977885403839394e+00,6.264099234791836501e+00,1.541684795291660137e+00,9.751558280752852248e-01,-7.885426893684405192e-02
1.247603167986660999e+01,3.717288243606100107e+00,2.411411967403646273e+00,6.264430665983550917e+00,1.541540099267435959e+00,9.751489360548377672e-01,-7.901190580724008761e-02
1.248103376406836240e+01,3.716064170946861367e+00,2.410844753676099739e+00,6.264762952917029892e+00,1.541395050544229095e+00,9.751420305542835010e-01,-7.916957624440884578e-02
1.248603584827011126e+01,3.714837407803087022e+00,2.410276240748508325e+00,6.265096098342093356e+00,1.541249648069156208e+00,9.751351115708151163e-01,-7.932728060184619789e-02
1.249103793247186367e+01,3.713607947389170771e+00,2.409706425118563811e+00,6.265430105030942443e+00,1.541103890780575636e+00,9.751281791015977696e-01,-7.948501923497543198e-02
1.249604001667361430e+01,3.712375782859574258e+00,2.409135303254098748e+00,6.265764975778240320e+00,1.540957777608067625e+00,9.751212331437674186e-01,-7.964279250116534925e-02
1.250104210087536494e+01,3.711140907308184023e+00,2.408562871592842214e+00,6.266100713401446143e+00,1.540811307472291336e+00,9.751142736944328204e-01,-7.980060075974911016e-02
1.250604418507711380e+01,3.709903313768063260e+00,2.407989126542180891e+00,6.266437320740818606e+00,1.540664479285005051e+00,9.751073007506727564e-01,-7.995844437204310817e-02
1.251104626927886621e+01,3.708662898666553076e+00,2.407414017808676476e+00,6.266774819110743522e+00,1.540517281710573672e+00,9.751003138327564157e-01,-8.011632497876124137e-02
1.251604835348061684e+01,3.707419387925175336e+00,2.406837412618561878e+00,6.267113262523896111e+00,1.540369685333926153e+00,9.750933116271108814e-01,-8.027424654448871155e-02
1.252105043768236747e+01,3.706173134992444940e+00,2.406259481567442737e+00,6.267452585042453173e+00,1.540221727283640929e+00,9.750862959168687949e-01,-8.043220470958499513e-02
1.252605252188411811e+01,3.704924132603980791e+00,2.405680220914634848e+00,6.267792789612937732e+00,1.540073406429461444e+00,9.750792666989709367e-01,-8.059019984508856982e-02
1.253105460608586874e+01,3.703672373431340148e+00,2.405099626887488906e+00,6.268133879205897152e+00,1.539924721631749094e+00,9.750722239703275562e-01,-8.074823232414560237e-02
1.253605669028761938e+01,3.702417850081264117e+00,2.404517695681113842e+00,6.268475856816309921e+00,1.539775671741314245e+00,9.750651677278197038e-01,-8.090630252203073747e-02
1.254105877448937001e+01,3.701160555095330817e+00,2.403934423458120584e+00,6.268818725463659369e+00,1.539626255599400917e+00,9.750580979682980098e-01,-8.106441081616748423e-02
1.254606085869112064e+01,3.699900480949298132e+00,2.403349806348367146e+00,6.269162488192268512e+00,1.539476472037543786e+00,9.750510146885834617e-01,-8.122255758614929655e-02
1.255106294289287128e+01,3.698637504851391533e+00,2.402763784679237791e+00,6.269507170255282702e+00,1.539326307660804583e+00,9.750439173281761907e-01,-8.138074483440077556e-02
1.255606502709462191e+01,3.697371378797781549e+00,2.402176238103532313e+00,6.269852821140979415e+00,1.539175735797294609e+00,9.750368047297497398e-01,-8.153897639591736746e-02
1.256106711129637254e+01,3.696102447445050121e+00,2.401587333204772801e+00,6.270199376182428175e+00,1.539024792620314663e+00,9.750296786000673954e-01,-8.169724774268741219e-02
1.256606919549812318e+01,3.694830702947803136e+00,2.400997065952742648e+00,6.270546838538929357e+00,1.538873476915996408e+00,9.750225389358040395e-01,-8.185555926494726686e-02
1.257107127969987381e+01,3.693556137391286409e+00,2.400405432282647133e+00,6.270895211395917990e+00,1.538721787460265666e+00,9.750153857336030239e-01,-8.201391135524199738e-02
1.257607336390162445e+01,3.692278742790861656e+00,2.399812428094821648e+00,6.271244497965162701e+00,1.538569723018774260e+00,9.750082189900760588e-01,-8.217230440844777717e-02
1.258107544810337508e+01,3.690998511091228895e+00,2.399218049254427498e+00,6.271594701485156520e+00,1.538417282346733916e+00,9.750010387018041014e-01,-8.233073882179528513e-02
1.258607753230512749e+01,3.689715434165995678e+00,2.398622291591144595e+00,6.271945825221205695e+00,1.538264464188896730e+00,9.749938448653359124e-01,-8.248921499489267339e-02
1.259107961650687635e+01,3.688429368987761858e+00,2.398025085534486678e+00,6.272297898633949487e+00,1.538111252979516674e+00,9.749866368389716875e-01,-8.264773533870777011e-02
1.259608170070862876e+01,3.687140094663537315e+00,2.397426323703772510e+00,6.272650966432313346e+00,1.537957624894721320e+00,9.749794136220654162e-01,-8.280630349885381714e-02
1.260108378491037762e+01,3.685847946880463688e+00,2.396826168569785143e+00,6.273004965264446398e+00,1.537803615136534185e+00,9.749721768449611803e-01,-8.296491479799818214e-02
1.260608586911213003e+01,3.684552917164337860e+00,2.396224615788758783e+00,6.273359898520564748e+00,1.537649222400423232e+00,9.749649265040544188e-01,-8.312356964741735021e-02
1.261108795331387888e+01,3.683254996965808825e+00,2.395621660979428746e+00,6.273715769619252036e+00,1.537494445370786389e+00,9.749576625957070419e-01,-8.328226846091967006e-02
1.261609003751563129e+01,3.681954177659726213e+00,2.395017299722693060e+00,6.274072582007727661e+00,1.537339282720855849e+00,9.749503851162477641e-01,-8.344101165487129157e-02
1.262109212171738015e+01,3.680650450544340480e+00,2.394411527561277175e+00,6.274430339162226922e+00,1.537183733112538642e+00,9.749430940619729924e-01,-8.359979964822138176e-02
1.262609420591913256e+01,3.679343806840836173e+00,2.393804339999400010e+00,6.274789044588105824e+00,1.537027795196393765e+00,9.749357894291440507e-01,-8.375863286252858975e-02
1.263109629012088320e+01,3.678034082153788464e+00,2.393195656992105125e+00,6.275148732254235640e+00,1.536871451110911835e+00,9.749284704943838031e-01,-8.391751416811736586e-02
1.263609837432263383e+01,3.676721083880465368e+00,2.392585384736366283e+00,6.275509441797916921e+00,1.536714680001104893e+00,9.749211364142295055e-01,-8.407644695685292935e-02
1.264110045852438446e+01,3.675405138514948877e+00,2.391973681466857737e+00,6.275871111238772393e+00,1.536557516076446861e+00,9.749137887425300963e-01,-8.423542642242461131e-02
1.264610254272613510e+01,3.674086236900702573e+00,2.391360542499345154e+00,6.276233744218184363e+00,1.536399957933866744e+00,9.749064274753861392e-01,-8.439445299920364518e-02
1.265110462692788573e+01,3.672764369799602857e+00,2.390745963108824590e+00,6.276597344408378021e+00,1.536242004158273611e+00,9.748990526088625597e-01,-8.455352712434348328e-02
1.265610671112963814e+01,3.671439527891098731e+00,2.390129938529139242e+00,6.276961915512796253e+00,1.536083653322406262e+00,9.748916641389892002e-01,-8.471264923780792711e-02
1.266110879533138700e+01,3.670111701771369805e+00,2.389512463952601529e+00,6.277327461266496655e+00,1.535924903986678025e+00,9.748842620617618193e-01,-8.487181978240003477e-02
1.266611087953313763e+01,3.668780881952749873e+00,2.388893534529617835e+00,6.277693985436289204e+00,1.535765754699129682e+00,9.748768463731394274e-01,-8.503103920379137537e-02
1.267111296373488827e+01,3.667446881410247883e+00,2.388273059099539797e+00,6.278061526835844397e+00,1.535606185162512460e+00,9.748694162675358710e-01,-8.519031088697397169e-02
1.267611504793664068e+01,3.666109537169476962e+00,2.387650958127212508e+00,6.278430119697083533e+00,1.535446177629347098e+00,9.748619710592518750e-01,-8.534963790051053323e-02
1.268111713213838954e+01,3.664769166256809818e+00,2.387027385462550999e+00,6.278799703481017680e+00,1.535285765289476023e+00,9.748545122255360962e-01,-8.550901533094905360e-02
1.268611921634014195e+01,3.663425758773433127e+00,2.386402336050656547e+00,6.279170282102827017e+00,1.535124946632498100e+00,9.748470397621765704e-01,-8.566844363805586893e-02
1.269112130054189080e+01,3.662079304731532314e+00,2.385775804792173993e+00,6.279541859511460267e+00,1.534963720134858933e+00,9.748395536649244741e-01,-8.582792328465929654e-02
1.269612338474364321e+01,3.660729794053434905e+00,2.385147786542862303e+00,6.279914439689960659e+00,1.534802084259716759e+00,9.748320539294940135e-01,-8.598745473668192862e-02
1.270112546894539385e+01,3.659377216570774305e+00,2.384518276113170021e+00,6.280288026655814981e+00,1.534640037456814543e+00,9.748245405515618689e-01,-8.614703846317274538e-02
1.270612755314714448e+01,3.658021562023638040e+00,2.383887268267807169e+00,6.280662624461305299e+00,1.534477578162346978e+00,9.748170135267675285e-01,-8.630667493633993603e-02
1.271112963734889334e+01,3.656662619350889543e+00,2.383254660016770110e+00,6.281038277142185322e+00,1.534314683486303954e+00,9.748094719667308450e-01,-8.646636811624704155e-02
1.271613172155064575e+01,3.655300256722077812e+00,2.382620386871340923e+00,6.281415013144219017e+00,1.534151338947415955e+00,9.748019153441749296e-01,-8.662612067270236693e-02
1.272113380575239638e+01,3.653934781364073459e+00,2.381984598119721852e+00,6.281792773455093126e+00,1.533987576682232401e+00,9.747943450596123771e-01,-8.678592760867845368e-02
1.272613588995414702e+01,3.652566182568140363e+00,2.381347288302358312e+00,6.282171562289411426e+00,1.533823395063062422e+00,9.747867611085004880e-01,-8.694578941191841159e-02
1.273113797415589765e+01,3.651194449528264219e+00,2.380708451911072832e+00,6.282551383898726804e+00,1.533658792447823993e+00,9.747791634862577048e-01,-8.710570657354271829e-02
1.273614005835764829e+01,3.649819571340234603e+00,2.380068083388606759e+00,6.282932242571939163e+00,1.533493767179898271e+00,9.747715521882630574e-01,-8.726567958808495451e-02
1.274114214255939892e+01,3.648441537000675527e+00,2.379426177128129538e+00,6.283314142635664901e+00,1.533328317587980827e+00,9.747639272098558294e-01,-8.742570895352859417e-02
1.274614422676115133e+01,3.647060335406004494e+00,2.378782727472739555e+00,6.283697088454693436e+00,1.533162441985908231e+00,9.747562885463361138e-01,-8.758579517134361392e-02
1.275114631096290019e+01,3.645675729889323424e+00,2.378137618807722564e+00,6.284081129709917946e+00,1.532996114714791025e+00,9.747486352258828424e-01,-8.774594284285078261e-02
1.275614839516465082e+01,3.644287621478139005e+00,2.377490802568517303e+00,6.284466288627600150e+00,1.532829324740621724e+00,9.747409668803901361e-01,-8.790615415693850410e-02
1.276115047936640146e+01,3.642896307204080752e+00,2.376842423272831795e+00,6.284852507824662204e+00,1.532662103105655316e+00,9.747332848334645528e-01,-8.806642405856943134e-02
1.276615256356815387e+01,3.641501775472185898e+00,2.376192475018079620e+00,6.285239791843967083e+00,1.532494448053699498e+00,9.747255890802124512e-01,-8.822675306637191295e-02
1.277115464776990272e+01,3.640104014580878733e+00,2.375540951848363225e+00,6.285628145268956857e+00,1.532326357812768158e+00,9.747178796156985570e-01,-8.838714170270707549e-02
1.277615673197165513e+01,3.638703012720915009e+00,2.374887847753929027e+00,6.286017572724060365e+00,1.532157830594926828e+00,9.747101564349456293e-01,-8.854759049370972135e-02
1.278115881617340399e+01,3.637298757974268160e+00,2.374233156670633171e+00,6.286408078875178163e+00,1.531988864596104394e+00,9.747024195329345719e-01,-8.870809996932924046e-02
1.278616090037515640e+01,3.635891238313090579e+00,2.373576872479389976e+00,6.286799668430082200e+00,1.531819457995945433e+00,9.746946689046038781e-01,-8.886867066337172938e-02
1.279116298457690704e+01,3.634480189710857623e+00,2.372918866053254749e+00,6.287192397190164428e+00,1.531649582168769452e+00,9.746869034939809051e-01,-8.902930789118229660e-02
1.279616506877865767e+01,3.633065547990415034e+00,2.372259105740978757e+00,6.287586280668881145e+00,1.531479229734317604e+00,9.746791230929718886e-01,-8.919001327090524123e-02
1.280116715298040830e+01,3.631647599520182457e+00,2.371597731045126611e+00,6.287981263234824425e+00,1.531308430591123537e+00,9.746713289480722908e-01,-8.935078171737499686e-02
1.280616923718215894e+01,3.630226331732577361e+00,2.370934735576631702e+00,6.288377349791770321e+00,1.531137182841802336e+00,9.746635210540146588e-01,-8.951161378339213270e-02
1.281117132138390957e+01,3.628801731942804754e+00,2.370270112887790326e+00,6.288774545288182694e+00,1.530965484571586321e+00,9.746556994054871303e-01,-8.967251002589292364e-02
1.281617340558566021e+01,3.627373787347686118e+00,2.369603856471651948e+00,6.289172854717659078e+00,1.530793333848155413e+00,9.746478639971333235e-01,-8.983347100599503587e-02
1.282117548978741084e+01,3.625942485024355122e+00,2.368935959761393928e+00,6.289572283119492901e+00,1.530620728721417301e+00,9.746400148235518923e-01,-8.999449728904489187e-02
1.282617757398916147e+01,3.624507811929050582e+00,2.368266416129686913e+00,6.289972835579135335e+00,1.530447667223336472e+00,9.746321518792964156e-01,-9.015558944466452174e-02
1.283117965819091211e+01,3.623069474713192850e+00,2.367595081945288893e+00,6.290374574553198705e+00,1.530274117538868772e+00,9.746242740234590807e-01,-9.031675358250369767e-02
1.283618174239266452e+01,3.621627446184437549e+00,2.366921943585431176e+00,6.290777508281059305e+00,1.530100076176728052e+00,9.746163812089015943e-01,-9.047799065138165120e-02
1.284118382659441338e+01,3.620182001498247093e+00,2.366247135252145473e+00,6.291181583028063962e+00,1.529925571832750908e+00,9.746084746047651848e-01,-9.063929556657221442e-02
1.284618591079616579e+01,3.618733127016263929e+00,2.365570650020532462e+00,6.291586804096005459e+00,1.529750602453938235e+00,9.746005542053833848e-01,-9.080066891877708324e-02
1.285118799499791464e+01,3.617280808970904982e+00,2.364892480900997462e+00,6.291993176835991797e+00,1.529575165968121153e+00,9.745926200050420984e-01,-9.096211130329084904e-02
1.285619007919966705e+01,3.615825033463900606e+00,2.364212620838543000e+00,6.292400706649059927e+00,1.529399260283719197e+00,9.745846719979802675e-01,-9.112362332005408128e-02
1.286119216340141591e+01,3.614365786464915242e+00,2.363531062712065367e+00,6.292809398986724645e+00,1.529222883289531598e+00,9.745767101783883168e-01,-9.128520557370622956e-02
1.286619424760316832e+01,3.612903053810244458e+00,2.362847799333644083e+00,6.293219259351451988e+00,1.529046032854563641e+00,9.745687345404080437e-01,-9.144685867364003851e-02
1.287119633180491718e+01,3.611436510629119745e+00,2.362162671456585539e+00,6.293630357457968394e+00,1.528868673723555061e+00,9.745607438573350434e-01,-9.160858961269428835e-02
1.287619841600666959e+01,3.609966169189359420e+00,2.361475684744755554e+00,6.294042693632682983e+00,1.528690806562147175e+00,9.745527382440415387e-01,-9.177039856174233623e-02
1.288120050020842022e+01,3.608492292790580702e+00,2.360786967767783295e+00,6.294456216208777377e+00,1.528512458793582551e+00,9.745447187920283083e-01,-9.193228047018729698e-02
1.288620258441017086e+01,3.607014866611719661e+00,2.360096513008674624e+00,6.294870930928388120e+00,1.528333628192798388e+00,9.745366854952028923e-01,-9.209423597087702806e-02
1.289120466861192149e+01,3.605533875688792467e+00,2.359404312878819354e+00,6.295286843588220549e+00,1.528154312513531066e+00,9.745286383474207614e-01,-9.225626570177486441e-02
1.289620675281367213e+01,3.604049304913125251e+00,2.358710359717181682e+00,6.295703960040348157e+00,1.527974509488000177e+00,9.745205773424868712e-01,-9.241837030601944558e-02
1.290120883701542276e+01,3.602561139029851756e+00,2.358014645789486607e+00,6.296122286192757045e+00,1.527794216826706242e+00,9.745125024741545516e-01,-9.258055043198620826e-02
1.290621092121717339e+01,3.601069362636238669e+00,2.357317163287413475e+00,6.296541828010069786e+00,1.527613432218149825e+00,9.745044137361252856e-01,-9.274280673334878156e-02
1.291121300541892403e+01,3.599573616868055215e+00,2.356617736101590754e+00,6.296962663146034700e+00,1.527432116683722585e+00,9.744963098149489467e-01,-9.290514718490834600e-02
1.291621508962067466e+01,3.598073956253940331e+00,2.355916390603523869e+00,6.297384783286312349e+00,1.527250275351328623e+00,9.744881909886844440e-01,-9.306757105942711772e-02
1.292121717382242529e+01,3.596570631488047898e+00,2.355213249345342597e+00,6.297808139033221231e+00,1.527067934289073170e+00,9.744800582708630365e-01,-9.323007337776396952e-02
1.292621925802417593e+01,3.595063626438740112e+00,2.354508304153597464e+00,6.298232736617491057e+00,1.526885091081086498e+00,9.744719116549329652e-01,-9.339265481976623262e-02
1.293122134222592656e+01,3.593552924815487160e+00,2.353801546775271092e+00,6.298658582330674882e+00,1.526701743287868229e+00,9.744637511342888470e-01,-9.355531607099486224e-02
1.293622342642767720e+01,3.592038510167162801e+00,2.353092968876860702e+00,6.299085682525779717e+00,1.526517888446054405e+00,9.744555767022697879e-01,-9.371805782279385433e-02
1.294122551062942783e+01,3.590520365880094822e+00,2.352382562043452641e+00,6.299514043618114734e+00,1.526333524068085534e+00,9.744473883521599378e-01,-9.388088077235984263e-02
1.294622759483117846e+01,3.588998475176334857e+00,2.351670317777781349e+00,6.299943672085917434e+00,1.526148647641974998e+00,9.744391860771873803e-01,-9.404378562281370812e-02
1.295122967903293087e+01,3.587472442415143181e+00,2.350956041704292954e+00,6.300374654293388055e+00,1.525963216145230339e+00,9.744309684761119916e-01,-9.420678144109825847e-02
1.295623176323467973e+01,3.585942367558856869e+00,2.350239782509533359e+00,6.300806972455228916e+00,1.525777239516330486e+00,9.744227359914908737e-01,-9.436986646838256554e-02
1.296123384743643037e+01,3.584408487824074285e+00,2.349521656281743809e+00,6.301240579678975884e+00,1.525590742371198960e+00,9.744144895585027388e-01,-9.453303583855603154e-02
1.296623593163818100e+01,3.582870785621360188e+00,2.348801654117058657e+00,6.301675482739655720e+00,1.525403722081506430e+00,9.744062291701038880e-01,-9.469629028403696303e-02
1.297123801583993341e+01,3.581329243184319555e+00,2.348079767022893893e+00,6.302111688480030338e+00,1.525216175992628154e+00,9.743979548191913365e-01,-9.485963054364565661e-02
1.297624010004168227e+01,3.579783842567327401e+00,2.347355985916904864e+00,6.302549203811626199e+00,1.525028101423236748e+00,9.743896664986041456e-01,-9.502305736268444603e-02
1.298124218424343468e+01,3.578234565643684029e+00,2.346630301625913795e+00,6.302988035715321402e+00,1.524839495665093247e+00,9.743813642011198706e-01,-9.518657149301863740e-02
1.298624426844518354e+01,3.576681394103163658e+00,2.345902704884808898e+00,6.303428191242484324e+00,1.524650355982598127e+00,9.743730479194573357e-01,-9.535017369315827718e-02
1.299124635264693595e+01,3.575123892386334656e+00,2.345172981468110596e+00,6.303869766343886738e+00,1.524460634945682180e+00,9.743647161634383380e-01,-9.551387424557725159e-02
1.299624843684868658e+01,3.573562209489970609e+00,2.344441204199093853e+00,6.304312732814393527e+00,1.524270347701369710e+00,9.743563695415714543e-01,-9.567767021095299751e-02
1.300125052105043721e+01,3.571996568138845696e+00,2.343707482184714141e+00,6.304757046543874921e+00,1.524079517299303799e+00,9.743480089102497521e-01,-9.584155688276010943e-02
1.300625260525218607e+01,3.570426949116063398e+00,2.342971805705361454e+00,6.305202714915751017e+00,1.523888140873795649e+00,9.743396342618980688e-01,-9.600553505241207763e-02
1.301125468945393848e+01,9.999999999999992228e-01,1.000000000000000000e+00,7.950000000000003730e+00,9.999999999999992228e-01,9.743258585396732396e-01,-2.251424468662643896e-01
1.301625677365568912e+01,9.999999999999992228e-01,1.000000000000000000e+00,7.950000000000003730e+00,9.999999999999992228e-01,9.743061992519048697e-01,-2.252275074215123740e-01
1.302125885785743975e+01,9.999999999999992228e-01,1.000000000000000000e+00,7.950000000000003730e+00,9.999999999999992228e-01,9.742865325381835362e-01,-2.253125662601245249e-01
1.302626094205919038e+01,9.999999999999992228e-01,1.000000000000000000e+00,7.950000000000003730e+00,9.999999999999992228e-01,9.742668583986591191e-01,-2.253976233814526386e-01
1.303126302626094102e+01,9.999999999999992228e-01,1.000000000000000000e+00,7.950000000000003730e+00,9.999999999999992228e-01,9.742471768334814985e-01,-2.254826787848483449e-01
1.303626511046269165e+01,9.999999999999992228e-01,1.000000000000000000e+00,7.950000000000003730e+00,9.999999999999992228e-01,9.742274878428006657e-01,-2.255677324696634400e-01
1.304126719466444406e+01,9.999999999999992228e-01,1.000000000000000000e+00,7.950000000000003730e+00,9.999999999999992228e-01,9.742077914267668337e-01,-2.256527844352496093e-01
1.304626927886619292e+01,9.999999999999992228e-01,1.000000000000000000e+00,7.950000000000003730e+00,9.999999999999992228e-01,9.741880875855299937e-01,-2.257378346809585934e-01
1.305127136306794533e+01,9.999999999999992228e-01,1.000000000000000000e+00,7.950000000000003730e+00,9.999999999999992228e-01,9.741683763192403589e-01,-2.258228832061422442e-01
1.305627344726969419e+01,9.999999999999992228e-01,1.000000000000000000e+00,7.950000000000003730e+00,9.999999999999992228e-01,9.741486576280481424e-01,-2.259079300101522192e-01
1.306127553147144660e+01,9.999999999999992228e-01,1.000000000000000000e+00,7.950000000000003730e+00,9.999999999999992228e-01,9.741289315121036685e-01,-2.259929750923404257e-01
1.306627761567319546e+01,9.999999999999992228e-01,1.000000000000000000e+00,7.950000000000003730e+00,9.999999999999992228e-01,9.741091979715573723e-01,-2.260780184520585767e-01
1.307127969987494787e+01,9.999999999999992228e-01,1.000000000000000000e+00,7.950000000000003730e+00,9.999999999999992228e-01,9.740894570065594671e-01,-2.261630600886585796e-01
1.307628178407669672e+01,1.000000000000001110e+00,1.000000000000000000e+00,7.949999999999993960e+00,1.000000000000001110e+00,9.740697086172604990e-01,-2.262481000014921473e-01
1.308128386827844913e+01,1.000000000000001110e+00,1.000000000000000000e+00,7.949999999999993960e+00,1.000000000000001110e+00,9.740499528038110144e-01,-2.263331381899112704e-01
1.308628595248019977e+01,9.999999999999992228e-01,1.000000000000000000e+00,7.950000000000003730e+00,9.999999999999992228e-01,9.740301895663616705e-01,-2.264181746532676898e-01
1.309128803668195040e+01,9.999999999999992228e-01,1.000000000000000000e+00,7.950000000000003730e+00,9.999999999999992228e-01,9.740104189050629024e-01,-2.265032093909132849e-01
1.309629012088370104e+01,1.000000000000001110e+00,1.000000000000000000e+00,7.949999999999993960e+00,1.000000000000001110e+00,9.739906408200654786e-01,-2.265882424022000186e-01
1.310129220508545167e+01,9.999999999999992228e-01,1.000000000000000000e+00,7.950000000000003730e+00,9.999999999999992228e-01,9.739708553115202783e-01,-2.266732736864796871e-01
1.310629428928720230e+01,9.999999999999992228e-01,1.000000000000000000e+00,7.950000000000003730e+00,9.999999999999992228e-01,9.739510623795778477e-01,-2.267583032431043089e-01
1.311129637348895294e+01,9.999999999999992228e-01,1.000000000000000000e+00,7.950000000000003730e+00,9.999999999999992228e-01,9.739312620243892882e-01,-2.268433310714256801e-01
1.311629845769070357e+01,9.999999999999992228e-01,1.000000000000000000e+00,7.950000000000003730e+00,9.999999999999992228e-01,9.739114542461053681e-01,-2.269283571707958747e-01
1.312130054189245421e+01,9.999999999999992228e-01,1.000000000000000000e+00,7.950000000000003730e+00,9.999999999999992228e-01,9.738916390448770777e-01,-2.270133815405667166e-01
1.312630262609420484e+01,9.999999999999992228e-01,1.000000000000000000e+00,7.950000000000003730e+00,9.999999999999992228e-01,9.738718164208554073e-01,-2.270984041800902520e-01
1.313130471029595725e+01,1.000000000000001110e+00,1.000000000000000000e+00,7.949999999999993960e+00,1.000000000000001110e+00,9.738519863741915694e-01,-2.271834250887184437e-01
1.313630679449770611e+01,9.999999999999992228e-01,1.000000000000000000e+00,7.950000000000003730e+00,9.999999999999992228e-01,9.738321489050366653e-01,-2.272684442658032267e-01
1.314130887869945852e+01,9.999999999999992228e-01,1.000000000000000000e+00,7.950000000000003730e+00,9.999999999999992228e-01,9.738123040135417963e-01,-2.273534617106966749e-01
1.314631096290120738e+01,1.000000000000001110e+00,1.000000000000000000e+00,7.949999999999993960e+00,1.000000000000001110e+00,9.737924516998582858e-01,-2.274384774227507233e-01
1.315131304710295979e+01,9.999999999999992228e-01,1.000000000000000000e+00,7.950000000000003730e+00,9.999999999999992228e-01,9.737725919641374572e-01,-2.275234914013175014e-01
1.315631513130471042e+01,9.999999999999992228e-01,1.000000000000000000e+00,7.950000000000003730e+00,9.999999999999992228e-01,9.737527248065306340e-01,-2.276085036457489719e-01
1.316131721550646105e+01,9.999999999999992228e-01,1.000000000000000000e+00,7.950000000000003730e+00,9.999999999999992228e-01,9.737328502271893615e-01,-2.276935141553972086e-01
1.316631929970820991e+01,9.999999999999992228e-01,1.000000000000000000e+00,7.950000000000003730e+00,9.999999999999992228e-01,9.737129682262649633e-01,-2.277785229296142577e-01
1.317132138390996232e+01,9.999999999999992228e-01,1.000000000000000000e+00,7.950000000000003730e+00,9.999999999999992228e-01,9.736930788039089846e-01,-2.278635299677522763e-01
1.317632346811171296e+01,9.999999999999992228e-01,1.000000000000000000e+00,7.950000000000003730e+00,9.999999999999992228e-01,9.736731819602730820e-01,-2.279485352691633104e-01
1.318132555231346359e+01,9.999999999999992228e-01,1.000000000000000000e+00,7.950000000000003730e+00,9.999999999999992228e-01,9.736532776955089119e-01,-2.280335388331994340e-01
1.318632763651521422e+01,9.999999999999992228e-01,1.000000000000000000e+00,7.950000000000003730e+00,9.999999999999992228e-01,9.736333660097681308e-01,-2.281185406592128317e-01
1.319132972071696486e+01,1.000000000000001110e+00,1.000000000000000000e+00,7.949999999999993960e+00,1.000000000000001110e+00,9.736134469032025063e-01,-2.282035407465556054e-01
1.319633180491871549e+01,9.999999999999992228e-01,1.000000000000000000e+00,7.950000000000003730e+00,9.999999999999992228e-01,9.735935203759639167e-01,-2.282885390945799120e-01
1.320133388912046790e+01,9.999999999999992228e-01,1.000000000000000000e+00,7.950000000000003730e+00,9.999999999999992228e-01,9.735735864282042407e-01,-2.283735357026379087e-01
1.320633597332221676e+01,1.000000000000001110e+00,1.000000000000000000e+00,7.949999999999993960e+00,1.000000000000001110e+00,9.735536450600752456e-01,-2.284585305700817248e-01
1.321133805752396739e+01,9.999999999999992228e-01,1.000000000000000000e+00,7.950000000000003730e+00,9.999999999999992228e-01,9.735336962717291431e-01,-2.285435236962636008e-01
1.321634014172571803e+01,9.999999999999992228e-01,1.000000000000000000e+00,7.950000000000003730e+00,9.999999999999992228e-01,9.735137400633179228e-01,-2.286285150805357491e-01
1.322134222592747044e+01,9.999999999999992228e-01,1.000000000000000000e+00,7.950000000000003730e+00,9.999999999999992228e-01,9.734937764349935740e-01,-2.287135047222503825e-01
1.322634431012921929e+01,9.999999999999992228e-01,1.000000000000000000e+00,7.950000000000003730e+00,9.999999999999992228e-01,9.734738053869083085e-01,-2.287984926207596581e-01
1.323134639433097171e+01,1.000000000000001110e+00,1.000000000000000000e+00,7.949999999999993960e+00,1.000000000000001110e+00,9.734538269192143378e-01,-2.288834787754158995e-01
1.323634847853272056e+01,9.999999999999992228e-01,1.000000000000000000e+00,7.950000000000003730e+00,9.999999999999992228e-01,9.734338410320639845e-01,-2.289684631855712915e-01
1.324135056273447297e+01,9.999999999999992228e-01,1.000000000000000000e+00,7.950000000000003730e+00,9.999999999999992228e-01,9.734138477256095712e-01,-2.290534458505781856e-01
1.324635264693622361e+01,1.000000000000001110e+00,1.000000000000000000e+00,7.949999999999993960e+00,1.000000000000001110e+00,9.733938470000034204e-01,-2.291384267697887944e-01
1.325135473113797424e+01,9.999999999999992228e-01,1.000000000000000000e+00,7.950000000000003730e+00,9.999999999999992228e-01,9.733738388553980769e-01,-2.292234059425553860e-01
1.325635681533972310e+01,9.999999999999992228e-01,1.000000000000000000e+00,7.950000000000003730e+00,9.999999999999992228e-01,9.733538232919459743e-01,-2.293083833682303396e-01
1.326135889954147551e+01,9.999999999999992228e-01,1.000000000000000000e+00,7.950000000000003730e+00,9.999999999999992228e-01,9.733338003097995461e-01,-2.293933590461659511e-01
1.326636098374322614e+01,9.999999999999992228e-01,1.000000000000000000e+00,7.950000000000003730e+00,9.999999999999992228e-01,9.733137699091116701e-01,-2.294783329757145718e-01
1.327136306794497678e+01,9.999999999999992228e-01,1.000000000000000000e+00,7.950000000000003730e+00,9.999999999999992228e-01,9.732937320900347800e-01,-2.295633051562284699e-01
1.327636515214672741e+01,9.999999999999992228e-01,1.000000000000000000e+00,7.950000000000003730e+00,9.999999999999992228e-01,9.732736868527216423e-01,-2.296482755870601078e-01
1.328136723634847804e+01,9.999999999999992228e-01,1.000000000000000000e+00,7.950000000000003730e+00,9.999999999999992228e-01,9.732536341973251348e-01,-2.297332442675617814e-01
1.328636932055022868e+01,9.999999999999992228e-01,1.000000000000000000e+00,7.950000000000003730e+00,9.999999999999992228e-01,9.732335741239980242e-01,-2.298182111970859531e-01
1.329137140475197931e+01,9.999999999999992228e-01,1.000000000000000000e+00,7.950000000000003730e+00,9.999999999999992228e-01,9.732135066328932993e-01,-2.299031763749849466e-01
1.329637348895372995e+01,9.999999999999992228e-01,1.000000000000000000e+00,7.950000000000003730e+00,9.999999999999992228e-01,9.731934317241637267e-01,-2.299881398006111966e-01
1.330137557315548058e+01,1.000000000000001110e+00,1.000000000000000000e+00,7.949999999999993960e+00,1.000000000000001110e+00,9.731733493979624061e-01,-2.300731014733171931e-01
1.330637765735723121e+01,9.999999999999992228e-01,1.000000000000000000e+00,7.950000000000003730e+00,9.999999999999992228e-01,9.731532596544425484e-01,-2.301580613924552599e-01
1.331137974155898185e+01,9.999999999999992228e-01,1.000000000000000000e+00,7.950000000000003730e+00,9.999999999999992228e-01,9.731331624937570313e-01,-2.302430195573779703e-01
1.331638182576073248e+01,9.999999999999992228e-01,1.000000000000000000e+00,7.950000000000003730e+00,9.999999999999992228e-01,9.731130579160591765e-01,-2.303279759674377036e-01
1.332138390996248312e+01,9.999999999999992228e-01,1.000000000000000000e+00,7.950000000000003730e+00,9.999999999999992228e-01,9.730929459215020838e-01,-2.304129306219870055e-01
1.332638599416423375e+01,9.999999999999992228e-01,1.000000000000000000e+00,7.950000000000003730e+00,9.999999999999992228e-01,9.730728265102391861e-01,-2.304978835203782828e-01
1.333138807836598438e+01,1.000000000000001110e+00,1.000000000000000000e+00,7.949999999999993960e+00,1.000000000000001110e+00,9.730526996824238051e-01,-2.305828346619641644e-01
1.333639016256773679e+01,9.999999999999992228e-01,1.000000000000000000e+00,7.950000000000003730e+00,9.999999999999992228e-01,9.730325654382093736e-01,-2.306677840460970852e-01
1.334139224676948565e+01,9.999999999999992228e-01,1.000000000000000000e+00,7.950000000000003730e+00,9.999999999999992228e-01,9.730124237777492135e-01,-2.307527316721295629e-01
1.334639433097123806e+01,9.999999999999992228e-01,1.000000000000000000e+00,7.950000000000003730e+00,9.999999999999992228e-01,9.729922747011968687e-01,-2.308376775394142266e-01
1.335139641517298692e+01,9.999999999999992228e-01,1.000000000000000000e+00,7.950000000000003730e+00,9.999999999999992228e-01,9.729721182087061049e-01,-2.309226216473035387e-01
1.335639849937473933e+01,1.000000000000001110e+00,1.000000000000000000e+00,7.949999999999993960e+00,1.000000000000001110e+00,9.729519543004302440e-01,-2.310075639951501836e-01
1.336140058357648819e+01,9.999999999999992228e-01,1.000000000000000000e+00,7.950000000000003730e+00,9.999999999999992228e-01,9.729317829765232739e-01,-2.310925045823066515e-01
1.336640266777824060e+01,9.999999999999992228e-01,1.000000000000000000e+00,7.950000000000003730e+00,9.999999999999992228e-01,9.729116042371387385e-01,-2.311774434081255991e-01
1.337140475197998946e+01,9.999999999999992228e-01,1.000000000000000000e+00,7.950000000000003730e+00,9.999999999999992228e-01,9.728914180824305147e-01,-2.312623804719595999e-01
1.337640683618174187e+01,1.000000000000001110e+00,1.000000000000000000e+00,7.949999999999993960e+00,1.000000000000001110e+00,9.728712245125523683e-01,-2.313473157731613383e-01
1.338140892038349250e+01,9.999999999999992228e-01,1.000000000000000000e+00,7.950000000000003730e+00,9.999999999999992228e-01,9.728510235276583984e-01,-2.314322493110834433e-01
1.338641100458524313e+01,9.999999999999992228e-01,1.000000000000000000e+00,7.950000000000003730e+00,9.999999999999992228e-01,9.728308151279023708e-01,-2.315171810850784884e-01
1.339141308878699377e+01,9.999999999999992228e-01,1.000000000000000000e+00,7.950000000000003730e+00,9.999999999999992228e-01,9.728105993134383844e-01,-2.316021110944992689e-01
1.339641517298874440e+01,1.000000000000001110e+00,1.000000000000000000e+00,7.949999999999993960e+00,1.000000000000001110e+00,9.727903760844205383e-01,-2.316870393386983307e-01
1.340141725719049504e+01,9.999999999999992228e-01,1.000000000000000000e+00,7.950000000000003730e+00,9.999999999999992228e-01,9.727701454410030424e-01,-2.317719658170284969e-01
1.340641934139224745e+01,9.999999999999992228e-01,1.000000000000000000e+00,7.950000000000003730e+00,9.999999999999992228e-01,9.727499073833398846e-01,-2.318568905288424242e-01
1.341142142559399630e+01,1.000000000000001110e+00,1.000000000000000000e+00,7.949999999999993960e+00,1.000000000000001110e+00,9.727296619115854970e-01,-2.319418134734927694e-01
1.341642350979574694e+01,9.999999999999992228e-01,1.000000000000000000e+00,7.950000000000003730e+00,9.999999999999992228e-01,9.727094090258942005e-01,-2.320267346503323558e-01
1.342142559399749757e+01,9.999999999999992228e-01,1.000000000000000000e+00,7.950000000000003730e+00,9.999999999999992228e-01,9.726891487264202052e-01,-2.321116540587139232e-01
1.342642767819924998e+01,9.999999999999992228e-01,1.000000000000000000e+00,7.950000000000003730e+00,9.999999999999992228e-01,9.726688810133179430e-01,-2.321965716979902117e-01
1.343142976240099884e+01,9.999999999999992228e-01,1.000000000000000000e+00,7.950000000000003730e+00,9.999999999999992228e-01,9.726486058867420681e-01,-2.322814875675139890e-01
1.343643184660275125e+01,9.999999999999992228e-01,1.000000000000000000e+00,7.950000000000003730e+00,9.999999999999992228e-01,9.726283233468469014e-01,-2.323664016666380783e-01
1.344143393080450011e+01,9.999999999999992228e-01,1.000000000000000000e+00,7.950000000000003730e+00,9.999999999999992228e-01,9.726080333937872080e-01,-2.324513139947152196e-01
1.344643601500625252e+01,9.999999999999992228e-01,1.000000000000000000e+00,7.950000000000003730e+00,9.999999999999992228e-01,9.725877360277175310e-01,-2.325362245510983195e-01
1.345143809920800315e+01,9.999999999999992228e-01,1.000000000000000000e+00,7.950000000000003730e+00,9.999999999999992228e-01,9.725674312487926354e-01,-2.326211333351401456e-01
1.345644018340975379e+01,9.999999999999992228e-01,1.000000000000000000e+00,7.950000000000003730e+00,9.999999999999992228e-01,9.725471190571671753e-01,-2.327060403461935212e-01
1.346144226761150264e+01,9.999999999999992228e-01,1.000000000000000000e+00,7.950000000000003730e+00,9.999999999999992228e-01,9.725267994529961380e-01,-2.327909455836113528e-01
1.346644435181325505e+01,9.999999999999992228e-01,1.000000000000000000e+00,7.950000000000003730e+00,9.999999999999992228e-01,9.725064724364341773e-01,-2.328758490467465192e-01
1.347144643601500569e+01,9.999999999999992228e-01,1.000000000000000000e+00,7.950000000000003730e+00,9.999999999999992228e-01,9.724861380076363915e-01,-2.329607507349518714e-01
1.347644852021675632e+01,9.999999999999992228e-01,1.000000000000000000e+00,7.950000000000003730e+00,9.999999999999992228e-01,9.724657961667577677e-01,-2.330456506475802880e-01
1.348145060441850696e+01,9.999999999999992228e-01,1.000000000000000000e+00,7.950000000000003730e+00,9.999999999999992228e-01,9.724454469139531820e-01,-2.331305487839847312e-01
1.348645268862025759e+01,9.999999999999992228e-01,1.000000000000000000e+00,7.950000000000003730e+00,9.999999999999992228e-01,9.724250902493778437e-01,-2.332154451435180798e-01
1.349145477282200822e+01,9.999999999999992228e-01,1.000000000000000000e+00,7.950000000000003730e+00,9.999999999999992228e-01,9.724047261731869618e-01,-2.333003397255333233e-01
1.349645685702376063e+01,9.999999999999992228e-01,1.000000000000000000e+00,7.950000000000003730e+00,9.999999999999992228e-01,9.723843546855356346e-01,-2.333852325293833962e-01
1.350145894122550949e+01,9.999999999999992228e-01,1.000000000000000000e+00,7.950000000000003730e+00,9.999999999999992228e-01,9.723639757865792932e-01,-2.334701235544212050e-01
1.350646102542726013e+01,9.999999999999992228e-01,1.000000000000000000e+00,7.950000000000003730e+00,9.999999999999992228e-01,9.723435894764730358e-01,-2.335550127999997672e-01
1.351146310962901076e+01,9.999999999999992228e-01,1.000000000000000000e+00,7.950000000000003730e+00,9.999999999999992228e-01,9.723231957553724047e-01,-2.336399002654721280e-01
1.351646519383076317e+01,1.000000000000001110e+00,1.000000000000000000e+00,7.949999999999993960e+00,1.000000000000001110e+00,9.723027946234327201e-01,-2.337247859501912495e-01
1.352146727803251203e+01,1.000000000000001110e+00,1.000000000000000000e+00,7.949999999999993960e+00,1.000000000000001110e+00,9.722823860808096352e-01,-2.338096698535101214e-01
1.352646936223426444e+01,9.999999999999992228e-01,1.000000000000000000e+00,7.950000000000003730e+00,9.999999999999992228e-01,9.722619701276585813e-01,-2.338945519747818447e-01
1.353147144643601330e+01,9.999999999999992228e-01,1.000000000000000000e+00,7.950000000000003730e+00,9.999999999999992228e-01,9.722415467641352116e-01,-2.339794323133593812e-01
1.353647353063776571e+01,9.999999999999992228e-01,1.000000000000000000e+00,7.950000000000003730e+00,9.999999999999992228e-01,9.722211159903950684e-01,-2.340643108685958595e-01
1.354147561483951634e+01,9.999999999999992228e-01,1.000000000000000000e+00,7.950000000000003730e+00,9.999999999999992228e-01,9.722006778065941379e-01,-2.341491876398443528e-01
1.354647769904126697e+01,1.000000000000001110e+00,1.000000000000000000e+00,7.949999999999993960e+00,1.000000000000001110e+00,9.721802322128878515e-01,-2.342340626264578785e-01
1.355147978324301761e+01,9.999999999999992228e-01,1.000000000000000000e+00,7.950000000000003730e+00,9.999999999999992228e-01,9.721597792094323065e-01,-2.343189358277896206e-01
1.355648186744476824e+01,1.000000000000001110e+00,1.000000000000000000e+00,7.949999999999993960e+00,1.000000000000001110e+00,9.721393187963832672e-01,-2.344038072431926523e-01
1.356148395164651888e+01,9.999999999999992228e-01,1.000000000000000000e+00,7.950000000000003730e+00,9.999999999999992228e-01,9.721188509738968309e-01,-2.344886768720201020e-01
1.356648603584826951e+01,9.999999999999992228e-01,1.000000000000000000e+00,7.950000000000003730e+00,9.999999999999992228e-01,9.720983757421287619e-01,-2.345735447136250984e-01
1.357148812005002014e+01,9.999999999999992228e-01,1.000000000000000000e+00,7.950000000000003730e+00,9.999999999999992228e-01,9.720778931012352686e-01,-2.346584107673608532e-01
1.357649020425177078e+01,9.999999999999992228e-01,1.000000000000000000e+00,7.950000000000003730e+00,9.999999999999992228e-01,9.720574030513724484e-01,-2.347432750325804673e-01
1.358149228845352141e+01,9.999999999999992228e-01,1.000000000000000000e+00,7.950000000000003730e+00,9.999999999999992228e-01,9.720369055926963986e-01,-2.348281375086372080e-01
1.358649437265527382e+01,1.000000000000001110e+00,1.000000000000000000e+00,7.949999999999993960e+00,1.000000000000001110e+00,9.720164007253634386e-01,-2.349129981948841761e-01
1.359149645685702268e+01,9.999999999999992228e-01,1.000000000000000000e+00,7.950000000000003730e+00,9.999999999999992228e-01,9.719958884495298879e-01,-2.349978570906746389e-01
1.359649854105877331e+01,9.999999999999992228e-01,1.000000000000000000e+00,7.950000000000003730e+00,9.999999999999992228e-01,9.719753687653519547e-01,-2.350827141953617805e-01
1.360150062526052395e+01,9.999999999999992228e-01,1.000000000000000000e+00,7.950000000000003730e+00,9.999999999999992228e-01,9.719548416729860696e-01,-2.351675695082988959e-01
1.360650270946227636e+01,9.999999999999992228e-01,1.000000000000000000e+00,7.950000000000003730e+00,9.999999999999992228e-01,9.719343071725887739e-01,-2.352524230288391971e-01
1.361150479366402699e+01,9.999999999999992228e-01,1.000000000000000000e+00,7.950000000000003730e+00,9.999999999999992228e-01,9.719137652643164982e-01,-2.353372747563359513e-01
1.361650687786577762e+01,9.999999999999992228e-01,1.000000000000000000e+00,7.950000000000003730e+00,9.999999999999992228e-01,9.718932159483257838e-01,-2.354221246901424258e-01
1.362150896206752648e+01,9.999999999999992228e-01,1.000000000000000000e+00,7.950000000000003730e+00,9.999999999999992228e-01,9.718726592247733942e-01,-2.355069728296119158e-01
1.362651104626927889e+01,1.000000000000001110e+00,1.000000000000000000e+00,7.949999999999993960e+00,1.000000000000001110e+00,9.718520950938157599e-01,-2.355918191740977718e-01
1.363151313047102953e+01,1.000000000000001110e+00,1.000000000000000000e+00,7.949999999999993960e+00,1.000000000000001110e+00,9.718315235556098663e-01,-2.356766637229532890e-01
1.363651521467278016e+01,9.999999999999992228e-01,1.000000000000000000e+00,7.950000000000003730e+00,9.999999999999992228e-01,9.718109446103124771e-01,-2.357615064755317624e-01
1.364151729887452902e+01,1.000000000000001110e+00,1.000000000000000000e+00,7.949999999999993960e+00,1.000000000000001110e+00,9.717903582580802446e-01,-2.358463474311865704e-01
1.364651938307628143e+01,9.999999999999992228e-01,1.000000000000000000e+00,7.950000000000003730e+00,9.999999999999992228e-01,9.717697644990702655e-01,-2.359311865892710913e-01
1.365152146727803206e+01,9.999999999999992228e-01,1.000000000000000000e+00,7.950000000000003730e+00,9.999999999999992228e-01,9.717491633334394141e-01,-2.360160239491386758e-01
1.365652355147978447e+01,9.999999999999992228e-01,1.000000000000000000e+00,7.950000000000003730e+00,9.999999999999992228e-01,9.717285547613447871e-01,-2.361008595101427021e-01
1.366152563568153333e+01,9.999999999999992228e-01,1.000000000000000000e+00,7.950000000000003730e+00,9.999999999999992228e-01,9.717079387829433701e-01,-2.361856932716365765e-01
1.366652771988328396e+01,9.999999999999992228e-01,1.000000000000000000e+00,7.950000000000003730e+00,9.999999999999992228e-01,9.716873153983922595e-01,-2.362705252329737327e-01
1.367152980408503460e+01,1.000000000000001110e+00,1.000000000000000000e+00,7.949999999999993960e+00,1.000000000000001110e+00,9.716666846078487740e-01,-2.363553553935076046e-01
1.367653188828678701e+01,9.999999999999992228e-01,1.000000000000000000e+00,7.950000000000003730e+00,9.999999999999992228e-01,9.716460464114701212e-01,-2.364401837525915984e-01
1.368153397248853587e+01,9.999999999999992228e-01,1.000000000000000000e+00,7.950000000000003730e+00,9.999999999999992228e-01,9.716254008094135086e-01,-2.365250103095792034e-01
1.368653605669028828e+01,9.999999999999992228e-01,1.000000000000000000e+00,7.950000000000003730e+00,9.999999999999992228e-01,9.716047478018363659e-01,-2.366098350638238812e-01
1.369153814089203713e+01,9.999999999999992228e-01,1.000000000000000000e+00,7.950000000000003730e+00,9.999999999999992228e-01,9.715840873888961227e-01,-2.366946580146790657e-01
1.369654022509378954e+01,9.999999999999992228e-01,1.000000000000000000e+00,7.950000000000003730e+00,9.999999999999992228e-01,9.715634195707502085e-01,-2.367794791614983574e-01
1.370154230929554018e+01,9.999999999999992228e-01,1.000000000000000000e+00,7.950000000000003730e+00,9.999999999999992228e-01,9.715427443475561642e-01,-2.368642985036352178e-01
1.370654439349729081e+01,9.999999999999992228e-01,1.000000000000000000e+00,7.950000000000003730e+00,9.999999999999992228e-01,9.715220617194715302e-01,-2.369491160404431085e-01
1.371154647769903967e+01,1.000000000000001110e+00,1.000000000000000000e+00,7.949999999999993960e+00,1.000000000000001110e+00,9.715013716866539584e-01,-2.370339317712756577e-01
1.371654856190079208e+01,1.000000000000001110e+00,1.000000000000000000e+00,7.949999999999993960e+00,1.000000000000001110e+00,9.714806742492612113e-01,-2.371187456954863826e-01
1.372155064610254271e+01,9.999999999999992228e-01,1.000000000000000000e+00,7.950000000000003730e+00,9.999999999999992228e-01,9.714599694074510516e-01,-2.372035578124288835e-01
1.372655273030429335e+01,9.999999999999992228e-01,1.000000000000000000e+00,7.950000000000003730e+00,9.999999999999992228e-01,9.714392571613811311e-01,-2.372883681214566498e-01
1.373155481450604398e+01,9.999999999999992228e-01,1.000000000000000000e+00,7.950000000000003730e+00,9.999999999999992228e-01,9.714185375112095455e-01,-2.373731766219233930e-01
1.373655689870779284e+01,1.000000000000001110e+00,1.000000000000000000e+00,7.949999999999993960e+00,1.000000000000001110e+00,9.713978104570939465e-01,-2.374579833131826301e-01
1.374155898290954525e+01,9.999999999999992228e-01,1.000000000000000000e+00,7.950000000000003730e+00,9.999999999999992228e-01,9.713770759991925408e-01,-2.375427881945880448e-01
1.374656106711129588e+01,1.000000000000001110e+00,1.000000000000000000e+00,7.949999999999993960e+00,1.000000000000001110e+00,9.713563341376632021e-01,-2.376275912654932376e-01
1.375156315131304652e+01,1.000000000000001110e+00,1.000000000000000000e+00,7.949999999999993960e+00,1.000000000000001110e+00,9.713355848726641373e-01,-2.377123925252518366e-01
1.375656523551479538e+01,1.000000000000001110e+00,1.000000000000000000e+00,7.949999999999993960e+00,1.000000000000001110e+00,9.713148282043534421e-01,-2.377971919732175254e-01
1.376156731971654779e+01,9.999999999999992228e-01,1.000000000000000000e+00,7.950000000000003730e+00,9.999999999999992228e-01,9.712940641328893232e-01,-2.378819896087440156e-01
1.376656940391829842e+01,9.999999999999992228e-01,1.000000000000000000e+00,7.950000000000003730e+00,9.999999999999992228e-01,9.712732926584300985e-01,-2.379667854311849906e-01
1.377157148812005083e+01,9.999999999999992228e-01,1.000000000000000000e+00,7.950000000000003730e+00,9.999999999999992228e-01,9.712525137811339748e-01,-2.380515794398941065e-01
1.377657357232179969e+01,9.999999999999992228e-01,1.000000000000000000e+00,7.950000000000003730e+00,9.999999999999992228e-01,9.712317275011593809e-01,-2.381363716342251025e-01
1.378157565652355032e+01,1.000000000000001110e+00,1.000000000000000000e+00,7.949999999999993960e+00,1.000000000000001110e+00,9.712109338186646346e-01,-2.382211620135317176e-01
1.378657774072530096e+01,9.999999999999992228e-01,1.000000000000000000e+00,7.950000000000003730e+00,9.999999999999992228e-01,9.711901327338084977e-01,-2.383059505771677189e-01
1.379157982492705337e+01,1.000000000000001110e+00,1.000000000000000000e+00,7.949999999999993960e+00,1.000000000000001110e+00,9.711693242467491771e-01,-2.383907373244868177e-01
1.379658190912880222e+01,9.999999999999992228e-01,1.000000000000000000e+00,7.950000000000003730e+00,9.999999999999992228e-01,9.711485083576455457e-01,-2.384755222548428366e-01
1.380158399333055286e+01,9.999999999999992228e-01,1.000000000000000000e+00,7.950000000000003730e+00,9.999999999999992228e-01,9.711276850666561433e-01,-2.385603053675895147e-01
1.380658607753230349e+01,9.999999999999992228e-01,1.000000000000000000e+00,7.950000000000003730e+00,9.999999999999992228e-01,9.711068543739396208e-01,-2.386450866620807021e-01
1.381158816173405590e+01,9.999999999999992228e-01,1.000000000000000000e+00,7.950000000000003730e+00,9.999999999999992228e-01,9.710860162796548511e-01,-2.387298661376701936e-01
1.381659024593580654e+01,9.999999999999992228e-01,1.000000000000000000e+00,7.950000000000003730e+00,9.999999999999992228e-01,9.710651707839605962e-01,-2.388146437937118394e-01
1.382159233013755717e+01,9.999999999999992228e-01,1.000000000000000000e+00,7.950000000000003730e+00,9.999999999999992228e-01,9.710443178870157288e-01,-2.388994196295594064e-01
1.382659441433930603e+01,9.999999999999992228e-01,1.000000000000000000e+00,7.950000000000003730e+00,9.999999999999992228e-01,9.710234575889792330e-01,-2.389841936445668003e-01
1.383159649854105844e+01,9.999999999999992228e-01,1.000000000000000000e+00,7.950000000000003730e+00,9.999999999999992228e-01,9.710025898900100927e-01,-2.390689658380879268e-01
1.383659858274280907e+01,1.000000000000001110e+00,1.000000000000000000e+00,7.949999999999993960e+00,1.000000000000001110e+00,9.709817147902672918e-01,-2.391537362094766639e-01
1.384160066694455971e+01,9.999999999999992228e-01,1.000000000000000000e+00,7.950000000000003730e+00,9.999999999999992228e-01,9.709608322899100363e-01,-2.392385047580868340e-01
1.384660275114630856e+01,1.000000000000001110e+00,1.000000000000000000e+00,7.949999999999993960e+00,1.000000000000001110e+00,9.709399423890974212e-01,-2.393232714832723984e-01
1.385160483534806097e+01,9.999999999999992228e-01,1.000000000000000000e+00,7.950000000000003730e+00,9.999999999999992228e-01,9.709190450879887635e-01,-2.394080363843873183e-01
1.385660691954981161e+01,9.999999999999992228e-01,1.000000000000000000e+00,7.950000000000003730e+00,9.999999999999992228e-01,9.708981403867431581e-01,-2.394927994607854993e-01
1.386160900375156402e+01,9.999999999999992228e-01,1.000000000000000000e+00,7.950000000000003730e+00,9.999999999999992228e-01,9.708772282855200331e-01,-2.395775607118209027e-01
1.386661108795331288e+01,9.999999999999992228e-01,1.000000000000000000e+00,7.950000000000003730e+00,9.999999999999992228e-01,9.708563087844788164e-01,-2.396623201368474620e-01
1.387161317215506351e+01,9.999999999999992228e-01,1.000000000000000000e+00,7.950000000000003730e+00,9.999999999999992228e-01,9.708353818837788252e-01,-2.397470777352191940e-01
1.387661525635681414e+01,1.000000000000001110e+00,1.000000000000000000e+00,7.949999999999993960e+00,1.000000000000001110e+00,9.708144475835797094e-01,-2.398318335062901152e-01
1.388161734055856655e+01,9.999999999999992228e-01,1.000000000000000000e+00,7.950000000000003730e+00,9.999999999999992228e-01,9.707935058840410081e-01,-2.399165874494141870e-01
1.388661942476031541e+01,9.999999999999992228e-01,1.000000000000000000e+00,7.950000000000003730e+00,9.999999999999992228e-01,9.707725567853222604e-01,-2.400013395639454539e-01
1.389162150896206605e+01,1.000000000000001110e+00,1.000000000000000000e+00,7.949999999999993960e+00,1.000000000000001110e+00,9.707516002875831163e-01,-2.400860898492379325e-01
1.389662359316381668e+01,9.999999999999992228e-01,1.000000000000000000e+00,7.950000000000003730e+00,9.999999999999992228e-01,9.707306363909834479e-01,-2.401708383046457507e-01
1.390162567736556909e+01,9.999999999999992228e-01,1.000000000000000000e+00,7.950000000000003730e+00,9.999999999999992228e-01,9.707096650956829054e-01,-2.402555849295228974e-01
1.390662776156731972e+01,9.999999999999992228e-01,1.000000000000000000e+00,7.950000000000003730e+00,9.999999999999992228e-01,9.706886864018413608e-01,-2.403403297232234725e-01
1.391162984576907036e+01,9.999999999999992228e-01,1.000000000000000000e+00,7.950000000000003730e+00,9.999999999999992228e-01,9.706677003096186862e-01,-2.404250726851015485e-01
1.391663192997081921e+01,9.999999999999992228e-01,1.000000000000000000e+00,7.950000000000003730e+00,9.999999999999992228e-01,9.706467068191748648e-01,-2.405098138145112530e-01
1.392163401417257163e+01,9.999999999999992228e-01,1.000000000000000000e+00,7.950000000000003730e+00,9.999999999999992228e-01,9.706257059306698798e-01,-2.405945531108067414e-01
1.392663609837432226e+01,9.999999999999992228e-01,1.000000000000000000e+00,7.950000000000003730e+00,9.999999999999992228e-01,9.706046976442638252e-01,-2.406792905733420862e-01
1.393163818257607289e+01,9.999999999999992228e-01,1.000000000000000000e+00,7.950000000000003730e+00,9.999999999999992228e-01,9.705836819601167953e-01,-2.407640262014714705e-01
1.393664026677782353e+01,9.999999999999992228e-01,1.000000000000000000e+00,7.950000000000003730e+00,9.999999999999992228e-01,9.705626588783889952e-01,-2.408487599945490776e-01
1.394164235097957416e+01,1.000000000000001110e+00,1.000000000000000000e+00,7.949999999999993960e+00,1.000000000000001110e+00,9.705416283992406301e-01,-2.409334919519290352e-01
1.394664443518132479e+01,9.999999999999992228e-01,1.000000000000000000e+00,7.950000000000003730e+00,9.999999999999992228e-01,9.705205905228320162e-01,-2.410182220729655822e-01
1.395164651938307721e+01,9.999999999999992228e-01,1.000000000000000000e+00,7.950000000000003730e+00,9.999999999999992228e-01,9.704995452493235808e-01,-2.411029503570129018e-01
1.395664860358482606e+01,9.999999999999992228e-01,1.000000000000000000e+00,7.950000000000003730e+00,9.999999999999992228e-01,9.704784925788755290e-01,-2.411876768034251772e-01
1.396165068778657670e+01,9.999999999999992228e-01,1.000000000000000000e+00,7.950000000000003730e+00,9.999999999999992228e-01,9.704574325116483990e-01,-2.412724014115567028e-01
1.396665277198832733e+01,9.999999999999992228e-01,1.000000000000000000e+00,7.950000000000003730e+00,9.999999999999992228e-01,9.704363650478028402e-01,-2.413571241807616896e-01
1.397165485619007974e+01,1.000000000000001110e+00,1.000000000000000000e+00,7.949999999999993960e+00,1.000000000000001110e+00,9.704152901874991688e-01,-2.414418451103944319e-01
1.397665694039182860e+01,1.000000000000001110e+00,1.000000000000000000e+00,7.949999999999993960e+00,1.000000000000001110e+00,9.703942079308982560e-01,-2.415265641998091684e-01
1.398165902459358101e+01,9.999999999999992228e-01,1.000000000000000000e+00,7.950000000000003730e+00,9.999999999999992228e-01,9.703731182781607512e-01,-2.416112814483602211e-01
1.398666110879532987e+01,9.999999999999992228e-01,1.000000000000000000e+00,7.950000000000003730e+00,9.999999999999992228e-01,9.703520212294471925e-01,-2.416959968554018290e-01
1.399166319299708228e+01,1.000000000000001110e+00,1.000000000000000000e+00,7.949999999999993960e+00,1.000000000000001110e+00,9.703309167849185624e-01,-2.417807104202883972e-01
1.399666527719883291e+01,9.999999999999992228e-01,1.000000000000000000e+00,7.950000000000003730e+00,9.999999999999992228e-01,9.703098049447357321e-01,-2.418654221423742201e-01
1.400166736140058354e+01,9.999999999999992228e-01,1.000000000000000000e+00,7.950000000000003730e+00,9.999999999999992228e-01,9.702886857090595729e-01,-2.419501320210135920e-01
1.400666944560233240e+01,9.999999999999992228e-01,1.000000000000000000e+00,7.950000000000003730e+00,9.999999999999992228e-01,9.702675590780509562e-01,-2.420348400555609458e-01
1.401167152980408481e+01,9.999999999999992228e-01,1.000000000000000000e+00,7.950000000000003730e+00,9.999999999999992228e-01,9.702464250518709754e-01,-2.421195462453706315e-01
1.401667361400583545e+01,9.999999999999992228e-01,1.000000000000000000e+00,7.950000000000003730e+00,9.999999999999992228e-01,9.702252836306807238e-01,-2.422042505897970543e-01
1.402167569820758786e+01,9.999999999999992228e-01,1.000000000000000000e+00,7.950000000000003730e+00,9.999999999999992228e-01,9.702041348146412947e-01,-2.422889530881945641e-01
1.402667778240933671e+01,1.000000000000001110e+00,1.000000000000000000e+00,7.949999999999993960e+00,1.000000000000001110e+00,9.701829786039138925e-01,-2.423736537399176216e-01
1.403167986661108735e+01,1.000000000000001110e+00,1.000000000000000000e+00,7.949999999999993960e+00,1.000000000000001110e+00,9.701618149986598327e-01,-2.424583525443206045e-01
1.403668195081283798e+01,9.999999999999992228e-01,1.000000000000000000e+00,7.950000000000003730e+00,9.999999999999992228e-01,9.701406439990404307e-01,-2.425430495007580289e-01
1.404168403501459039e+01,9.999999999999992228e-01,1.000000000000000000e+00,7.950000000000003730e+00,9.999999999999992228e-01,9.701194656052168908e-01,-2.426277446085843281e-01
1.404668611921633925e+01,9.999999999999992228e-01,1.000000000000000000e+00,7.950000000000003730e+00,9.999999999999992228e-01,9.700982798173507504e-01,-2.427124378671539351e-01
1.405168820341808988e+01,1.000000000000001110e+00,1.000000000000000000e+00,7.949999999999993960e+00,1.000000000000001110e+00,9.700770866356034361e-01,-2.427971292758213662e-01
1.405669028761984052e+01,1.000000000000001110e+00,1.000000000000000000e+00,7.949999999999993960e+00,1.000000000000001110e+00,9.700558860601364852e-01,-2.428818188339411377e-01
1.406169237182159293e+01,9.999999999999992228e-01,1.000000000000000000e+00,7.950000000000003730e+00,9.999999999999992228e-01,9.700346780911115463e-01,-2.429665065408677660e-01
1.406669445602334356e+01,9.999999999999992228e-01,1.000000000000000000e+00,7.950000000000003730e+00,9.999999999999992228e-01,9.700134627286902678e-01,-2.430511923959557397e-01
1.407169654022509420e+01,9.999999999999992228e-01,1.000000000000000000e+00,7.950000000000003730e+00,9.999999999999992228e-01,9.699922399730341871e-01,-2.431358763985596028e-01
1.407669862442684305e+01,9.999999999999992228e-01,1.000000000000000000e+00,7.950000000000003730e+00,9.999999999999992228e-01,9.699710098243051748e-01,-2.432205585480339272e-01
1.408170070862859546e+01,9.999999999999992228e-01,1.000000000000000000e+00,7.950000000000003730e+00,9.999999999999992228e-01,9.699497722826651014e-01,-2.433052388437333124e-01
1.408670279283034610e+01,9.999999999999992228e-01,1.000000000000000000e+00,7.950000000000003730e+00,9.999999999999992228e-01,9.699285273482757264e-01,-2.433899172850123305e-01
1.409170487703209673e+01,9.999999999999992228e-01,1.000000000000000000e+00,7.950000000000003730e+00,9.999999999999992228e-01,9.699072750212990313e-01,-2.434745938712255253e-01
1.409670696123384559e+01,9.999999999999992228e-01,1.000000000000000000e+00,7.950000000000003730e+00,9.999999999999992228e-01,9.698860153018969976e-01,-2.435592686017275799e-01
1.410170904543559800e+01,9.999999999999992228e-01,1.000000000000000000e+00,7.950000000000003730e+00,9.999999999999992228e-01,9.698647481902316070e-01,-2.436439414758730937e-01
1.410671112963734863e+01,9.999999999999992228e-01,1.000000000000000000e+00,7.950000000000003730e+00,9.999999999999992228e-01,9.698434736864649519e-01,-2.437286124930167219e-01
1.411171321383909927e+01,9.999999999999992228e-01,1.000000000000000000e+00,7.950000000000003730e+00,9.999999999999992228e-01,9.698221917907593470e-01,-2.438132816525131197e-01
1.411671529804084990e+01,9.999999999999992228e-01,1.000000000000000000e+00,7.950000000000003730e+00,9.999999999999992228e-01,9.698009025032767738e-01,-2.438979489537168865e-01
1.412171738224260054e+01,9.999999999999992228e-01,1.000000000000000000e+00,7.950000000000003730e+00,9.999999999999992228e-01,9.697796058241796580e-01,-2.439826143959827887e-01
1.412671946644435117e+01,9.999999999999992228e-01,1.000000000000000000e+00,7.950000000000003730e+00,9.999999999999992228e-01,9.697583017536302030e-01,-2.440672779786655366e-01
1.413172155064610180e+01,9.999999999999992228e-01,1.000000000000000000e+00,7.950000000000003730e+00,9.999999999999992228e-01,9.697369902917908346e-01,-2.441519397011197856e-01
1.413672363484785244e+01,9.999999999999992228e-01,1.000000000000000000e+00,7.950000000000003730e+00,9.999999999999992228e-01,9.697156714388239784e-01,-2.442365995627002739e-01
1.414172571904960307e+01,9.999999999999992228e-01,1.000000000000000000e+00,7.950000000000003730e+00,9.999999999999992228e-01,9.696943451948921711e-01,-2.443212575627617400e-01
1.414672780325135371e+01,9.999999999999992228e-01,1.000000000000000000e+00,7.950000000000003730e+00,9.999999999999992228e-01,9.696730115601578381e-01,-2.444059137006589499e-01
1.415172988745310434e+01,9.999999999999992228e-01,1.000000000000000000e+00,7.950000000000003730e+00,9.999999999999992228e-01,9.696516705347837384e-01,-2.444905679757467254e-01
1.415673197165485675e+01,9.999999999999992228e-01,1.000000000000000000e+00,7.950000000000003730e+00,9.999999999999992228e-01,9.696303221189324084e-01,-2.445752203873797492e-01
1.416173405585660561e+01,9.999999999999992228e-01,1.000000000000000000e+00,7.950000000000003730e+00,9.999999999999992228e-01,9.696089663127666070e-01,-2.446598709349128709e-01
1.416673614005835624e+01,1.000000000000001110e+00,1.000000000000000000e+00,7.949999999999993960e+00,1.000000000000001110e+00,9.695876031164490927e-01,-2.447445196177008842e-01
1.417173822426010688e+01,9.999999999999992228e-01,1.000000000000000000e+00,7.950000000000003730e+00,9.999999999999992228e-01,9.695662325301427353e-01,-2.448291664350986663e-01
1.417674030846185929e+01,9.999999999999992228e-01,1.000000000000000000e+00,7.950000000000003730e+00,9.999999999999992228e-01,9.695448545540102936e-01,-2.449138113864610111e-01
1.418174239266360814e+01,9.999999999999992228e-01,1.000000000000000000e+00,7.950000000000003730e+00,9.999999999999992228e-01,9.695234691882148592e-01,-2.449984544711427681e-01
1.418674447686536055e+01,1.000000000000001110e+00,1.000000000000000000e+00,7.949999999999993960e+00,1.000000000000001110e+00,9.695020764329193019e-01,-2.450830956884988421e-01
1.419174656106710941e+01,9.999999999999992228e-01,1.000000000000000000e+00,7.950000000000003730e+00,9.999999999999992228e-01,9.694806762882868245e-01,-2.451677350378840547e-01
1.419674864526886182e+01,9.999999999999992228e-01,1.000000000000000000e+00,7.950000000000003730e+00,9.999999999999992228e-01,9.694592687544802967e-01,-2.452523725186533665e-01
1.420175072947061246e+01,9.999999999999992228e-01,1.000000000000000000e+00,7.950000000000003730e+00,9.999999999999992228e-01,9.694378538316631433e-01,-2.453370081301616823e-01
1.420675281367236309e+01,9.999999999999992228e-01,1.000000000000000000e+00,7.950000000000003730e+00,9.999999999999992228e-01,9.694164315199983450e-01,-2.454216418717638515e-01
1.421175489787411195e+01,1.000000000000001110e+00,1.000000000000000000e+00,7.949999999999993960e+00,1.000000000000001110e+00,9.693950018196493268e-01,-2.455062737428148900e-01
1.421675698207586436e+01,9.999999999999992228e-01,1.000000000000000000e+00,7.950000000000003730e+00,9.999999999999992228e-01,9.693735647307795134e-01,-2.455909037426697861e-01
1.422175906627761499e+01,9.999999999999992228e-01,1.000000000000000000e+00,7.950000000000003730e+00,9.999999999999992228e-01,9.693521202535519965e-01,-2.456755318706834168e-01
1.422676115047936563e+01,9.999999999999992228e-01,1.000000000000000000e+00,7.950000000000003730e+00,9.999999999999992228e-01,9.693306683881305341e-01,-2.457601581262107981e-01
1.423176323468111626e+01,9.999999999999992228e-01,1.000000000000000000e+00,7.950000000000003730e+00,9.999999999999992228e-01,9.693092091346784400e-01,-2.458447825086069460e-01
1.423676531888286689e+01,1.000000000000001110e+00,1.000000000000000000e+00,7.949999999999993960e+00,1.000000000000001110e+00,9.692877424933592501e-01,-2.459294050172268209e-01
1.424176740308461753e+01,1.000000000000001110e+00,1.000000000000000000e+00,7.949999999999993960e+00,1.000000000000001110e+00,9.692662684643367221e-01,-2.460140256514255219e-01
1.424676948728636994e+01,9.999999999999992228e-01,1.000000000000000000e+00,7.950000000000003730e+00,9.999999999999992228e-01,9.692447870477745031e-01,-2.460986444105580651e-01
1.425177157148811879e+01,9.999999999999992228e-01,1.000000000000000000e+00,7.950000000000003730e+00,9.999999999999992228e-01,9.692232982438362399e-01,-2.461832612939794662e-01
1.425677365568986943e+01,9.999999999999992228e-01,1.000000000000000000e+00,7.950000000000003730e+00,9.999999999999992228e-01,9.692018020526856903e-01,-2.462678763010447969e-01
1.426177573989162006e+01,9.999999999999992228e-01,1.000000000000000000e+00,7.950000000000003730e+00,9.999999999999992228e-01,9.691802984744867233e-01,-2.463524894311091840e-01
1.426677782409337247e+01,1.000000000000001110e+00,1.000000000000000000e+00,7.949999999999993960e+00,1.000000000000001110e+00,9.691587875094033189e-01,-2.464371006835277267e-01
1.427177990829512311e+01,1.000000000000001110e+00,1.000000000000000000e+00,7.949999999999993960e+00,1.000000000000001110e+00,9.691372691575993459e-01,-2.465217100576554965e-01
1.427678199249687374e+01,1.000000000000001110e+00,1.000000000000000000e+00,7.949999999999993960e+00,1.000000000000001110e+00,9.691157434192388953e-01,-2.466063175528475926e-01
1.428178407669862260e+01,9.999999999999992228e-01,1.000000000000000000e+00,7.950000000000003730e+00,9.999999999999992228e-01,9.690942102944859471e-01,-2.466909231684592252e-01
1.428678616090037501e+01,1.000000000000001110e+00,1.000000000000000000e+00,7.949999999999993960e+00,1.000000000000001110e+00,9.690726697835045922e-01,-2.467755269038455213e-01
1.429178824510212564e+01,9.999999999999992228e-01,1.000000000000000000e+00,7.950000000000003730e+00,9.999999999999992228e-01,9.690511218864591436e-01,-2.468601287583616632e-01
1.429679032930387628e+01,9.999999999999992228e-01,1.000000000000000000e+00,7.950000000000003730e+00,9.999999999999992228e-01,9.690295666035136923e-01,-2.469447287313627781e-01
1.430179241350562513e+01,9.999999999999992228e-01,1.000000000000000000e+00,7.950000000000003730e+00,9.999999999999992228e-01,9.690080039348326624e-01,-2.470293268222041039e-01
1.430679449770737754e+01,1.000000000000001110e+00,1.000000000000000000e+00,7.949999999999993960e+00,1.000000000000001110e+00,9.689864338805802557e-01,-2.471139230302408785e-01
1.431179658190912818e+01,9.999999999999992228e-01,1.000000000000000000e+00,7.950000000000003730e+00,9.999999999999992228e-01,9.689648564409210074e-01,-2.471985173548282844e-01
1.431679866611088059e+01,1.000000000000001110e+00,1.000000000000000000e+00,7.949999999999993960e+00,1.000000000000001110e+00,9.689432716160192305e-01,-2.472831097953216151e-01
1.432180075031262945e+01,9.999999999999992228e-01,1.000000000000000000e+00,7.950000000000003730e+00,9.999999999999992228e-01,9.689216794060396820e-01,-2.473677003510760253e-01
1.432680283451438008e+01,9.999999999999992228e-01,1.000000000000000000e+00,7.950000000000003730e+00,9.999999999999992228e-01,9.689000798111466750e-01,-2.474522890214468640e-01
1.433180491871613071e+01,1.000000000000001110e+00,1.000000000000000000e+00,7.949999999999993960e+00,1.000000000000001110e+00,9.688784728315048556e-01,-2.475368758057893970e-01
1.433680700291788312e+01,1.000000000000001110e+00,1.000000000000000000e+00,7.949999999999993960e+00,1.000000000000001110e+00,9.688568584672790918e-01,-2.476214607034589454e-01
1.434180908711963021e+01,9.999999999999992228e-01,1.000000000000000000e+00,7.950000000000003730e+00,9.999999999999992228e-01,9.688352367186340297e-01,-2.477060437138107474e-01
1.434681117132138262e+01,9.999999999999992228e-01,1.000000000000000000e+00,7.950000000000003730e+00,9.999999999999992228e-01,9.688136075857344265e-01,-2.477906248362002073e-01
1.435181325552313325e+01,9.999999999999992228e-01,1.000000000000000000e+00,7.950000000000003730e+00,9.999999999999992228e-01,9.687919710687452612e-01,-2.478752040699826742e-01
1.435681533972488566e+01,9.999999999999992228e-01,1.000000000000000000e+00,7.950000000000003730e+00,9.999999999999992228e-01,9.687703271678311800e-01,-2.479597814145134416e-01
1.436181742392663629e+01,1.000000000000001110e+00,1.000000000000000000e+00,7.949999999999993960e+00,1.000000000000001110e+00,9.687486758831573841e-01,-2.480443568691479139e-01
1.436681950812838870e+01,1.000000000000001110e+00,1.000000000000000000e+00,7.949999999999993960e+00,1.000000000000001110e+00,9.687270172148888525e-01,-2.481289304332414403e-01
1.437182159233013579e+01,9.999999999999992228e-01,1.000000000000000000e+00,7.950000000000003730e+00,9.999999999999992228e-01,9.687053511631906755e-01,-2.482135021061494251e-01
1.437682367653188820e+01,9.999999999999992228e-01,1.000000000000000000e+00,7.950000000000003730e+00,9.999999999999992228e-01,9.686836777282279431e-01,-2.482980718872273285e-01
1.438182576073363883e+01,1.000000000000001110e+00,1.000000000000000000e+00,7.949999999999993960e+00,1.000000000000001110e+00,9.686619969101657457e-01,-2.483826397758305549e-01
1.438682784493538769e+01,9.999999999999992228e-01,1.000000000000000000e+00,7.950000000000003730e+00,9.999999999999992228e-01,9.686403087091695063e-01,-2.484672057713145088e-01
1.439182992913713832e+01,1.000000000000001110e+00,1.000000000000000000e+00,7.949999999999993960e+00,1.000000000000001110e+00,9.686186131254044263e-01,-2.485517698730347058e-01
1.439683201333889073e+01,1.000000000000001110e+00,1.000000000000000000e+00,7.949999999999993960e+00,1.000000000000001110e+00,9.685969101590359287e-01,-2.486363320803466059e-01
1.440183409754064137e+01,9.999999999999992228e-01,1.000000000000000000e+00,7.950000000000003730e+00,9.999999999999992228e-01,9.685751998102294369e-01,-2.487208923926056692e-01
1.440683618174239378e+01,9.999999999999992228e-01,1.000000000000000000e+00,7.950000000000003730e+00,9.999999999999992228e-01,9.685534820791503741e-01,-2.488054508091673833e-01
1.441183826594414441e+01,9.999999999999992228e-01,1.000000000000000000e+00,7.950000000000003730e+00,9.999999999999992228e-01,9.685317569659641634e-01,-2.488900073293873194e-01
1.441684035014589327e+01,9.999999999999992228e-01,1.000000000000000000e+00,7.950000000000003730e+00,9.999999999999992228e-01,9.685100244708366724e-01,-2.489745619526208820e-01
1.442184243434764390e+01,9.999999999999992228e-01,1.000000000000000000e+00,7.950000000000003730e+00,9.999999999999992228e-01,9.684882845939332130e-01,-2.490591146782237808e-01
1.442684451854939631e+01,1.000000000000001110e+00,1.000000000000000000e+00,7.949999999999993960e+00,1.000000000000001110e+00,9.684665373354196527e-01,-2.491436655055514759e-01
1.443184660275114339e+01,9.999999999999992228e-01,1.000000000000000000e+00,7.950000000000003730e+00,9.999999999999992228e-01,9.684447826954618588e-01,-2.492282144339594829e-01
1.443684868695289580e+01,9.999999999999992228e-01,1.000000000000000000e+00,7.950000000000003730e+00,9.999999999999992228e-01,9.684230206742253655e-01,-2.493127614628035393e-01
1.444185077115464644e+01,9.999999999999992228e-01,1.000000000000000000e+00,7.950000000000003730e+00,9.999999999999992228e-01,9.684012512718762622e-01,-2.493973065914391607e-01
1.444685285535639885e+01,9.999999999999992228e-01,1.000000000000000000e+00,7.950000000000003730e+00,9.999999999999992228e-01,9.683794744885804162e-01,-2.494818498192219736e-01
1.445185493955814948e+01,9.999999999999992228e-01,1.000000000000000000e+00,7.950000000000003730e+00,9.999999999999992228e-01,9.683576903245038059e-01,-2.495663911455076045e-01
1.445685702375990012e+01,1.000000000000001110e+00,1.000000000000000000e+00,7.949999999999993960e+00,1.000000000000001110e+00,9.683358987798122985e-01,-2.496509305696516801e-01
1.446185910796164897e+01,9.999999999999992228e-01,1.000000000000000000e+00,7.950000000000003730e+00,9.999999999999992228e-01,9.683140998546723166e-01,-2.497354680910098546e-01
1.446686119216340138e+01,1.000000000000001110e+00,1.000000000000000000e+00,7.949999999999993960e+00,1.000000000000001110e+00,9.682922935492496164e-01,-2.498200037089378378e-01
1.447186327636515202e+01,9.999999999999992228e-01,1.000000000000000000e+00,7.950000000000003730e+00,9.999999999999992228e-01,9.682704798637107313e-01,-2.499045374227913119e-01
1.447686536056690265e+01,1.000000000000001110e+00,1.000000000000000000e+00,7.949999999999993960e+00,1.000000000000001110e+00,9.682486587982217507e-01,-2.499890692319259589e-01
1.448186744476865151e+01,9.999999999999992228e-01,1.000000000000000000e+00,7.950000000000003730e+00,9.999999999999992228e-01,9.682268303529490971e-01,-2.500735991356974885e-01
1.448686952897040392e+01,9.999999999999992228e-01,1.000000000000000000e+00,7.950000000000003730e+00,9.999999999999992228e-01,9.682049945280590819e-01,-2.501581271334616385e-01
1.449187161317215455e+01,9.999999999999992228e-01,1.000000000000000000e+00,7.950000000000003730e+00,9.999999999999992228e-01,9.681831513237180165e-01,-2.502426532245742297e-01
1.449687369737390519e+01,1.000000000000001110e+00,1.000000000000000000e+00,7.949999999999993960e+00,1.000000000000001110e+00,9.681613007400925452e-01,-2.503271774083908885e-01
1.450187578157565760e+01,9.999999999999992228e-01,1.000000000000000000e+00,7.950000000000003730e+00,9.999999999999992228e-01,9.681394427773492017e-01,-2.504116996842675191e-01
1.450687786577740646e+01,9.999999999999992228e-01,1.000000000000000000e+00,7.950000000000003730e+00,9.999999999999992228e-01,9.681175774356545194e-01,-2.504962200515597481e-01
1.451187994997915709e+01,1.000000000000001110e+00,1.000000000000000000e+00,7.949999999999993960e+00,1.000000000000001110e+00,9.680957047151751427e-01,-2.505807385096235906e-01
1.451688203418090772e+01,1.000000000000001110e+00,1.000000000000000000e+00,7.949999999999993960e+00,1.000000000000001110e+00,9.680738246160778271e-01,-2.506652550578147287e-01
1.452188411838266013e+01,9.999999999999992228e-01,1.000000000000000000e+00,7.950000000000003730e+00,9.999999999999992228e-01,9.680519371385293281e-01,-2.507497696954890110e-01
1.452688620258440899e+01,9.999999999999992228e-01,1.000000000000000000e+00,7.950000000000003730e+00,9.999999999999992228e-01,9.680300422826965123e-01,-2.508342824220022305e-01
1.453188828678615963e+01,1.000000000000001110e+00,1.000000000000000000e+00,7.949999999999993960e+00,1.000000000000001110e+00,9.680081400487461352e-01,-2.509187932367104024e-01
1.453689037098791026e+01,9.999999999999992228e-01,1.000000000000000000e+00,7.950000000000003730e+00,9.999999999999992228e-01,9.679862304368452852e-01,-2.510033021389692642e-01
1.454189245518966267e+01,9.999999999999992228e-01,1.000000000000000000e+00,7.950000000000003730e+00,9.999999999999992228e-01,9.679643134471608290e-01,-2.510878091281348312e-01
1.454689453939141330e+01,9.999999999999992228e-01,1.000000000000000000e+00,7.950000000000003730e+00,9.999999999999992228e-01,9.679423890798598551e-01,-2.511723142035628964e-01
1.455189662359316216e+01,9.999999999999992228e-01,1.000000000000000000e+00,7.950000000000003730e+00,9.999999999999992228e-01,9.679204573351094520e-01,-2.512568173646093639e-01
1.455689870779491280e+01,1.000000000000001110e+00,1.000000000000000000e+00,7.949999999999993960e+00,1.000000000000001110e+00,9.678985182130767084e-01,-2.513413186106302488e-01
1.456190079199666521e+01,9.999999999999992228e-01,1.000000000000000000e+00,7.950000000000003730e+00,9.999999999999992228e-01,9.678765717139290459e-01,-2.514258179409815108e-01
1.456690287619841584e+01,9.999999999999992228e-01,1.000000000000000000e+00,7.950000000000003730e+00,9.999999999999992228e-01,9.678546178378335529e-01,-2.515103153550191095e-01
1.457190496040016470e+01,9.999999999999992228e-01,1.000000000000000000e+00,7.950000000000003730e+00,9.999999999999992228e-01,9.678326565849576513e-01,-2.515948108520988935e-01
1.457690704460191533e+01,9.999999999999992228e-01,1.000000000000000000e+00,7.950000000000003730e+00,9.999999999999992228e-01,9.678106879554686515e-01,-2.516793044315770445e-01
1.458190912880366774e+01,9.999999999999992228e-01,1.000000000000000000e+00,7.950000000000003730e+00,9.999999999999992228e-01,9.677887119495340862e-01,-2.517637960928094665e-01
1.458691121300541838e+01,9.999999999999992228e-01,1.000000000000000000e+00,7.950000000000003730e+00,9.999999999999992228e-01,9.677667285673213771e-01,-2.518482858351521747e-01
1.459191329720717079e+01,1.000000000000001110e+00,1.000000000000000000e+00,7.949999999999993960e+00,1.000000000000001110e+00,9.677447378089980567e-01,-2.519327736579612398e-01
1.459691538140891787e+01,9.999999999999992228e-01,1.000000000000000000e+00,7.950000000000003730e+00,9.999999999999992228e-01,9.677227396747318799e-01,-2.520172595605926769e-01
1.460191746561067028e+01,1.000000000000001110e+00,1.000000000000000000e+00,7.949999999999993960e+00,1.000000000000001110e+00,9.677007341646902683e-01,-2.521017435424026676e-01
1.460691954981242091e+01,9.999999999999992228e-01,1.000000000000000000e+00,7.950000000000003730e+00,9.999999999999992228e-01,9.676787212790411985e-01,-2.521862256027471161e-01
1.461192163401417332e+01,9.999999999999992228e-01,1.000000000000000000e+00,7.950000000000003730e+00,9.999999999999992228e-01,9.676567010179523143e-01,-2.522707057409822595e-01
1.461692371821592040e+01,9.999999999999992228e-01,1.000000000000000000e+00,7.950000000000003730e+00,9.999999999999992228e-01,9.676346733815914813e-01,-2.523551839564641130e-01
1.462192580241767281e+01,1.000000000000001110e+00,1.000000000000000000e+00,7.949999999999993960e+00,1.000000000000001110e+00,9.676126383701264544e-01,-2.524396602485488583e-01
1.462692788661942345e+01,9.999999999999992228e-01,1.000000000000000000e+00,7.950000000000003730e+00,9.999999999999992228e-01,9.675905959837254322e-01,-2.525241346165926770e-01
1.463192997082117586e+01,9.999999999999992228e-01,1.000000000000000000e+00,7.950000000000003730e+00,9.999999999999992228e-01,9.675685462225562805e-01,-2.526086070599516398e-01
1.463693205502292649e+01,9.999999999999992228e-01,1.000000000000000000e+00,7.950000000000003730e+00,9.999999999999992228e-01,9.675464890867869761e-01,-2.526930775779819283e-01
1.464193413922467535e+01,9.999999999999992228e-01,1.000000000000000000e+00,7.950000000000003730e+00,9.999999999999992228e-01,9.675244245765858286e-01,-2.527775461700397241e-01
1.464693622342642598e+01,9.999999999999992228e-01,1.000000000000000000e+00,7.950000000000003730e+00,9.999999999999992228e-01,9.675023526921208150e-01,-2.528620128354812646e-01
1.465193830762817839e+01,9.999999999999992228e-01,1.000000000000000000e+00,7.950000000000003730e+00,9.999999999999992228e-01,9.674802734335602450e-01,-2.529464775736627868e-01
1.465694039182992903e+01,9.999999999999992228e-01,1.000000000000000000e+00,7.950000000000003730e+00,9.999999999999992228e-01,9.674581868010724284e-01,-2.530309403839404170e-01
1.466194247603167788e+01,1.000000000000001110e+00,1.000000000000000000e+00,7.949999999999993960e+00,1.000000000000001110e+00,9.674360927948256750e-01,-2.531154012656704477e-01
1.466694456023342852e+01,1.000000000000001110e+00,1.000000000000000000e+00,7.949999999999993960e+00,1.000000000000001110e+00,9.674139914149884056e-01,-2.531998602182091718e-01
1.467194664443518093e+01,9.999999999999992228e-01,1.000000000000000000e+00,7.950000000000003730e+00,9.999999999999992228e-01,9.673918826617290412e-01,-2.532843172409128818e-01
1.467694872863693156e+01,1.000000000000001110e+00,1.000000000000000000e+00,7.949999999999993960e+00,1.000000000000001110e+00,9.673697665352161135e-01,-2.533687723331377595e-01
1.468195081283868397e+01,9.999999999999992228e-01,1.000000000000000000e+00,7.950000000000003730e+00,9.999999999999992228e-01,9.673476430356182654e-01,-2.534532254942401530e-01
1.468695289704043461e+01,9.999999999999992228e-01,1.000000000000000000e+00,7.950000000000003730e+00,9.999999999999992228e-01,9.673255121631039177e-01,-2.535376767235764661e-01
1.469195498124218346e+01,1.000000000000001110e+00,1.000000000000000000e+00,7.949999999999993960e+00,1.000000000000001110e+00,9.673033739178418244e-01,-2.536221260205028250e-01
1.469695706544393410e+01,9.999999999999992228e-01,1.000000000000000000e+00,7.950000000000003730e+00,9.999999999999992228e-01,9.672812283000008504e-01,-2.537065733843757998e-01
1.470195914964568651e+01,9.999999999999992228e-01,1.000000000000000000e+00,7.950000000000003730e+00,9.999999999999992228e-01,9.672590753097496385e-01,-2.537910188145516277e-01
1.470696123384743359e+01,1.000000000000001110e+00,1.000000000000000000e+00,7.949999999999993960e+00,1.000000000000001110e+00,9.672369149472570538e-01,-2.538754623103866570e-01
1.471196331804918600e+01,9.999999999999992228e-01,1.000000000000000000e+00,7.950000000000003730e+00,9.999999999999992228e-01,9.672147472126920720e-01,-2.539599038712374024e-01
1.471696540225093663e+01,1.000000000000001110e+00,1.000000000000000000e+00,7.949999999999993960e+00,1.000000000000001110e+00,9.671925721062235581e-01,-2.540443434964601566e-01
1.472196748645268904e+01,9.999999999999992228e-01,1.000000000000000000e+00,7.950000000000003730e+00,9.999999999999992228e-01,9.671703896280207102e-01,-2.541287811854113787e-01
1.472696957065443968e+01,9.999999999999992228e-01,1.000000000000000000e+00,7.950000000000003730e+00,9.999999999999992228e-01,9.671481997782522821e-01,-2.542132169374475281e-01
1.473197165485619209e+01,9.999999999999992228e-01,1.000000000000000000e+00,7.950000000000003730e+00,9.999999999999992228e-01,9.671260025570876939e-01,-2.542976507519250640e-01
1.473697373905793917e+01,1.000000000000001110e+00,1.000000000000000000e+00,7.949999999999993960e+00,1.000000000000001110e+00,9.671037979646959215e-01,-2.543820826282002789e-01
1.474197582325969158e+01,9.999999999999992228e-01,1.000000000000000000e+00,7.950000000000003730e+00,9.999999999999992228e-01,9.670815860012463849e-01,-2.544665125656299098e-01
1.474697790746144221e+01,9.999999999999992228e-01,1.000000000000000000e+00,7.950000000000003730e+00,9.999999999999992228e-01,9.670593666669082822e-01,-2.545509405635703049e-01
1.475197999166319107e+01,9.999999999999992228e-01,1.000000000000000000e+00,7.950000000000003730e+00,9.999999999999992228e-01,9.670371399618509223e-01,-2.546353666213779232e-01
1.475698207586494171e+01,9.999999999999992228e-01,1.000000000000000000e+00,7.950000000000003730e+00,9.999999999999992228e-01,9.670149058862438363e-01,-2.547197907384093907e-01
1.476198416006669412e+01,9.999999999999992228e-01,1.000000000000000000e+00,7.950000000000003730e+00,9.999999999999992228e-01,9.669926644402563332e-01,-2.548042129140212775e-01
1.476698624426844475e+01,9.999999999999992228e-01,1.000000000000000000e+00,7.950000000000003730e+00,9.999999999999992228e-01,9.669704156240580550e-01,-2.548886331475699873e-01
1.477198832847019716e+01,9.999999999999992228e-01,1.000000000000000000e+00,7.950000000000003730e+00,9.999999999999992228e-01,9.669481594378184219e-01,-2.549730514384122571e-01
1.477699041267194779e+01,9.999999999999992228e-01,1.000000000000000000e+00,7.950000000000003730e+00,9.999999999999992228e-01,9.669258958817072980e-01,-2.550574677859044903e-01
1.478199249687369665e+01,1.000000000000001110e+00,1.000000000000000000e+00,7.949999999999993960e+00,1.000000000000001110e+00,9.669036249558942142e-01,-2.551418821894033684e-01
1.478699458107544729e+01,9.999999999999992228e-01,1.000000000000000000e+00,7.950000000000003730e+00,9.999999999999992228e-01,9.668813466605490348e-01,-2.552262946482655726e-01
1.479199666527719970e+01,9.999999999999992228e-01,1.000000000000000000e+00,7.950000000000003730e+00,9.999999999999992228e-01,9.668590609958414017e-01,-2.553107051618476731e-01
1.479699874947894678e+01,9.999999999999992228e-01,1.000000000000000000e+00,7.950000000000003730e+00,9.999999999999992228e-01,9.668367679619411792e-01,-2.553951137295062401e-01
1.480200083368069919e+01,9.999999999999992228e-01,1.000000000000000000e+00,7.950000000000003730e+00,9.999999999999992228e-01,9.668144675590184534e-01,-2.554795203505980106e-01
1.480700291788244982e+01,9.999999999999992228e-01,1.000000000000000000e+00,7.950000000000003730e+00,9.999999999999992228e-01,9.667921597872430883e-01,-2.555639250244796656e-01
1.481200500208420223e+01,9.999999999999992228e-01,1.000000000000000000e+00,7.950000000000003730e+00,9.999999999999992228e-01,9.667698446467850593e-01,-2.556483277505078866e-01
1.481700708628595287e+01,1.000000000000001110e+00,1.000000000000000000e+00,7.949999999999993960e+00,1.000000000000001110e+00,9.667475221378144523e-01,-2.557327285280392992e-01
1.482200917048770350e+01,9.999999999999992228e-01,1.000000000000000000e+00,7.950000000000003730e+00,9.999999999999992228e-01,9.667251922605015757e-01,-2.558171273564306958e-01
1.482701125468945236e+01,1.000000000000001110e+00,1.000000000000000000e+00,7.949999999999993960e+00,1.000000000000001110e+00,9.667028550150164046e-01,-2.559015242350387576e-01
1.483201333889120477e+01,9.999999999999992228e-01,1.000000000000000000e+00,7.950000000000003730e+00,9.999999999999992228e-01,9.666805104015293582e-01,-2.559859191632202768e-01
1.483701542309295540e+01,9.999999999999992228e-01,1.000000000000000000e+00,7.950000000000003730e+00,9.999999999999992228e-01,9.666581584202106336e-01,-2.560703121403319904e-01
1.484201750729470426e+01,9.999999999999992228e-01,1.000000000000000000e+00,7.950000000000003730e+00,9.999999999999992228e-01,9.666357990712305392e-01,-2.561547031657306350e-01
1.484701959149645489e+01,9.999999999999992228e-01,1.000000000000000000e+00,7.950000000000003730e+00,9.999999999999992228e-01,9.666134323547597162e-01,-2.562390922387730585e-01
1.485202167569820730e+01,9.999999999999992228e-01,1.000000000000000000e+00,7.950000000000003730e+00,9.999999999999992228e-01,9.665910582709683618e-01,-2.563234793588160532e-01
1.485702375989995794e+01,9.999999999999992228e-01,1.000000000000000000e+00,7.950000000000003730e+00,9.999999999999992228e-01,9.665686768200272283e-01,-2.564078645252164668e-01
1.486202584410170857e+01,9.999999999999992228e-01,1.000000000000000000e+00,7.950000000000003730e+00,9.999999999999992228e-01,9.665462880021068459e-01,-2.564922477373310361e-01
1.486702792830346098e+01,9.999999999999992228e-01,1.000000000000000000e+00,7.950000000000003730e+00,9.999999999999992228e-01,9.665238918173777449e-01,-2.565766289945167200e-01
1.487203001250520984e+01,9.999999999999992228e-01,1.000000000000000000e+00,7.950000000000003730e+00,9.999999999999992228e-01,9.665014882660107887e-01,-2.566610082961302552e-01
1.487703209670696047e+01,9.999999999999992228e-01,1.000000000000000000e+00,7.950000000000003730e+00,9.999999999999992228e-01,9.664790773481766184e-01,-2.567453856415286562e-01
1.488203418090871111e+01,9.999999999999992228e-01,1.000000000000000000e+00,7.950000000000003730e+00,9.999999999999992228e-01,9.664566590640460975e-01,-2.568297610300687706e-01
1.488703626511045996e+01,9.999999999999992228e-01,1.000000000000000000e+00,7.950000000000003730e+00,9.999999999999992228e-01,9.664342334137900892e-01,-2.569141344611074462e-01
1.489203834931221238e+01,9.999999999999992228e-01,1.000000000000000000e+00,7.950000000000003730e+00,9.999999999999992228e-01,9.664118003975794569e-01,-2.569985059340016975e-01
1.489704043351396301e+01,1.000000000000001110e+00,1.000000000000000000e+00,7.949999999999993960e+00,1.000000000000001110e+00,9.663893600155851749e-01,-2.570828754481084277e-01
1.490204251771571364e+01,9.999999999999992228e-01,1.000000000000000000e+00,7.950000000000003730e+00,9.999999999999992228e-01,9.663669122679784396e-01,-2.571672430027845957e-01
1.490704460191746605e+01,9.999999999999992228e-01,1.000000000000000000e+00,7.950000000000003730e+00,9.999999999999992228e-01,9.663444571549302253e-01,-2.572516085973871047e-01
1.491204668611921669e+01,1.000000000000001110e+00,1.000000000000000000e+00,7.949999999999993960e+00,1.000000000000001110e+00,9.663219946766116175e-01,-2.573359722312730802e-01
1.491704877032096555e+01,9.999999999999992228e-01,1.000000000000000000e+00,7.950000000000003730e+00,9.999999999999992228e-01,9.662995248331940346e-01,-2.574203339037993143e-01
1.492205085452271618e+01,9.999999999999992228e-01,1.000000000000000000e+00,7.950000000000003730e+00,9.999999999999992228e-01,9.662770476248484508e-01,-2.575046936143230436e-01
1.492705293872446859e+01,9.999999999999992228e-01,1.000000000000000000e+00,7.950000000000003730e+00,9.999999999999992228e-01,9.662545630517463957e-01,-2.575890513622011713e-01
1.493205502292621745e+01,9.999999999999992228e-01,1.000000000000000000e+00,7.950000000000003730e+00,9.999999999999992228e-01,9.662320711140591767e-01,-2.576734071467907117e-01
1.493705710712796808e+01,9.999999999999992228e-01,1.000000000000000000e+00,7.950000000000003730e+00,9.999999999999992228e-01,9.662095718119582122e-01,-2.577577609674487902e-01
1.494205919132971871e+01,1.000000000000001110e+00,1.000000000000000000e+00,7.949999999999993960e+00,1.000000000000001110e+00,9.661870651456149206e-01,-2.578421128235324766e-01
1.494706127553147113e+01,9.999999999999992228e-01,1.000000000000000000e+00,7.950000000000003730e+00,9.999999999999992228e-01,9.661645511152009425e-01,-2.579264627143988964e-01
1.495206335973322176e+01,9.999999999999992228e-01,1.000000000000000000e+00,7.950000000000003730e+00,9.999999999999992228e-01,9.661420297208879182e-01,-2.580108106394050638e-01
1.495706544393497417e+01,9.999999999999992228e-01,1.000000000000000000e+00,7.950000000000003730e+00,9.999999999999992228e-01,9.661195009628473773e-01,-2.580951565979081597e-01
1.496206752813672125e+01,1.000000000000001110e+00,1.000000000000000000e+00,7.949999999999993960e+00,1.000000000000001110e+00,9.660969648412510713e-01,-2.581795005892651984e-01
1.496706961233847366e+01,9.999999999999992228e-01,1.000000000000000000e+00,7.950000000000003730e+00,9.999999999999992228e-01,9.660744213562708627e-01,-2.582638426128335274e-01
1.497207169654022429e+01,9.999999999999992228e-01,1.000000000000000000e+00,7.950000000000003730e+00,9.999999999999992228e-01,9.660518705080783919e-01,-2.583481826679701610e-01
1.497707378074197671e+01,9.999999999999992228e-01,1.000000000000000000e+00,7.950000000000003730e+00,9.999999999999992228e-01,9.660293122968457435e-01,-2.584325207540323355e-01
1.498207586494372379e+01,9.999999999999992228e-01,1.000000000000000000e+00,7.950000000000003730e+00,9.999999999999992228e-01,9.660067467227446691e-01,-2.585168568703771763e-01
1.498707794914547620e+01,9.999999999999992228e-01,1.000000000000000000e+00,7.950000000000003730e+00,9.999999999999992228e-01,9.659841737859472532e-01,-2.586011910163620309e-01
1.499208003334722683e+01,9.999999999999992228e-01,1.000000000000000000e+00,7.950000000000003730e+00,9.999999999999992228e-01,9.659615934866254694e-01,-2.586855231913440245e-01
1.499708211754897924e+01,9.999999999999992228e-01,1.000000000000000000e+00,7.950000000000003730e+00,9.999999999999992228e-01,9.659390058249515132e-01,-2.587698533946803936e-01
1.500208420175072987e+01,9.999999999999992228e-01,1.000000000000000000e+00,7.950000000000003730e+00,9.999999999999992228e-01,9.659164108010974692e-01,-2.588541816257283745e-01
1.500708628595247873e+01,1.000000000000001110e+00,1.000000000000000000e+00,7.949999999999993960e+00,1.000000000000001110e+00,9.658938084152355330e-01,-2.589385078838452592e-01
1.501208837015422937e+01,9.999999999999992228e-01,1.000000000000000000e+00,7.950000000000003730e+00,9.999999999999992228e-01,9.658711986675381223e-01,-2.590228321683883950e-01
1.501709045435598178e+01,9.999999999999992228e-01,1.000000000000000000e+00,7.950000000000003730e+00,9.999999999999992228e-01,9.658485815581774325e-01,-2.591071544787150183e-01
1.502209253855773241e+01,9.999999999999992228e-01,1.000000000000000000e+00,7.950000000000003730e+00,9.999999999999992228e-01,9.658259570873258815e-01,-2.591914748141824210e-01
1.502709462275948127e+01,9.999999999999992228e-01,1.000000000000000000e+00,7.950000000000003730e+00,9.999999999999992228e-01,9.658033252551558867e-01,-2.592757931741479505e-01
1.503209670696123190e+01,9.999999999999992228e-01,1.000000000000000000e+00,7.950000000000003730e+00,9.999999999999992228e-01,9.657806860618399769e-01,-2.593601095579689542e-01
1.503709879116298431e+01,1.000000000000001110e+00,1.000000000000000000e+00,7.949999999999993960e+00,1.000000000000001110e+00,9.657580395075506807e-01,-2.594444239650028350e-01
1.504210087536473495e+01,9.999999999999992228e-01,1.000000000000000000e+00,7.950000000000003730e+00,9.999999999999992228e-01,9.657353855924606378e-01,-2.595287363946069403e-01
1.504710295956648736e+01,9.999999999999992228e-01,1.000000000000000000e+00,7.950000000000003730e+00,9.999999999999992228e-01,9.657127243167424879e-01,-2.596130468461386176e-01
1.505210504376823444e+01,1.000000000000001110e+00,1.000000000000000000e+00,7.949999999999993960e+00,1.000000000000001110e+00,9.656900556805688707e-01,-2.596973553189552697e-01
1.505710712796998685e+01,9.999999999999992228e-01,1.000000000000000000e+00,7.950000000000003730e+00,9.999999999999992228e-01,9.656673796841127588e-01,-2.597816618124143551e-01
1.506210921217173748e+01,9.999999999999992228e-01,1.000000000000000000e+00,7.950000000000003730e+00,9.999999999999992228e-01,9.656446963275467921e-01,-2.598659663258733321e-01
1.506711129637348989e+01,9.999999999999992228e-01,1.000000000000000000e+00,7.950000000000003730e+00,9.999999999999992228e-01,9.656220056110439431e-01,-2.599502688586896038e-01
1.507211338057523697e+01,9.999999999999992228e-01,1.000000000000000000e+00,7.950000000000003730e+00,9.999999999999992228e-01,9.655993075347771848e-01,-2.600345694102205729e-01
1.507711546477698938e+01,1.000000000000001110e+00,1.000000000000000000e+00,7.949999999999993960e+00,1.000000000000001110e+00,9.655766020989193787e-01,-2.601188679798239201e-01
1.508211754897874002e+01,1.000000000000001110e+00,1.000000000000000000e+00,7.949999999999993960e+00,1.000000000000001110e+00,9.655538893036437198e-01,-2.602031645668569371e-01
1.508711963318049243e+01,1.000000000000001110e+00,1.000000000000000000e+00,7.949999999999993960e+00,1.000000000000001110e+00,9.655311691491232917e-01,-2.602874591706772489e-01
1.509212171738224306e+01,9.999999999999992228e-01,1.000000000000000000e+00,7.950000000000003730e+00,9.999999999999992228e-01,9.655084416355312893e-01,-2.603717517906423140e-01
1.509712380158399192e+01,9.999999999999992228e-01,1.000000000000000000e+00,7.950000000000003730e+00,9.999999999999992228e-01,9.654857067630409073e-01,-2.604560424261096463e-01
1.510212588578574255e+01,9.999999999999992228e-01,1.000000000000000000e+00,7.950000000000003730e+00,9.999999999999992228e-01,9.654629645318253406e-01,-2.605403310764368707e-01
1.510712796998749496e+01,1.000000000000001110e+00,1.000000000000000000e+00,7.949999999999993960e+00,1.000000000000001110e+00,9.654402149420580059e-01,-2.606246177409815568e-01
1.511213005418924560e+01,9.999999999999992228e-01,1.000000000000000000e+00,7.950000000000003730e+00,9.999999999999992228e-01,9.654174579939123202e-01,-2.607089024191013293e-01
1.511713213839099446e+01,1.000000000000001110e+00,1.000000000000000000e+00,7.949999999999993960e+00,1.000000000000001110e+00,9.653946936875617002e-01,-2.607931851101535914e-01
1.512213422259274509e+01,1.000000000000001110e+00,1.000000000000000000e+00,7.949999999999993960e+00,1.000000000000001110e+00,9.653719220231796738e-01,-2.608774658134961899e-01
1.512713630679449750e+01,9.999999999999992228e-01,1.000000000000000000e+00,7.950000000000003730e+00,9.999999999999992228e-01,9.653491430009397689e-01,-2.609617445284866943e-01
1.513213839099624813e+01,9.999999999999992228e-01,1.000000000000000000e+00,7.950000000000003730e+00,9.999999999999992228e-01,9.653263566210156243e-01,-2.610460212544826741e-01
1.513714047519800054e+01,9.999999999999992228e-01,1.000000000000000000e+00,7.950000000000003730e+00,9.999999999999992228e-01,9.653035628835808790e-01,-2.611302959908418098e-01
1.514214255939974763e+01,9.999999999999992228e-01,1.000000000000000000e+00,7.950000000000003730e+00,9.999999999999992228e-01,9.652807617888092828e-01,-2.612145687369217817e-01
1.514714464360150004e+01,9.999999999999992228e-01,1.000000000000000000e+00,7.950000000000003730e+00,9.999999999999992228e-01,9.652579533368745857e-01,-2.612988394920803814e-01
1.515214672780325067e+01,9.999999999999992228e-01,1.000000000000000000e+00,7.950000000000003730e+00,9.999999999999992228e-01,9.652351375279507595e-01,-2.613831082556752339e-01
1.515714881200500308e+01,9.999999999999992228e-01,1.000000000000000000e+00,7.950000000000003730e+00,9.999999999999992228e-01,9.652123143622115542e-01,-2.614673750270640196e-01
1.516215089620675016e+01,9.999999999999992228e-01,1.000000000000000000e+00,7.950000000000003730e+00,9.999999999999992228e-01,9.651894838398309417e-01,-2.615516398056044745e-01
1.516715298040850257e+01,1.000000000000001110e+00,1.000000000000000000e+00,7.949999999999993960e+00,1.000000000000001110e+00,9.651666459609830051e-01,-2.616359025906544455e-01
1.517215506461025321e+01,9.999999999999992228e-01,1.000000000000000000e+00,7.950000000000003730e+00,9.999999999999992228e-01,9.651438007258418272e-01,-2.617201633815716688e-01
1.517715714881200562e+01,9.999999999999992228e-01,1.000000000000000000e+00,7.950000000000003730e+00,9.999999999999992228e-01,9.651209481345813801e-01,-2.618044221777138802e-01
1.518215923301375625e+01,9.999999999999992228e-01,1.000000000000000000e+00,7.950000000000003730e+00,9.999999999999992228e-01,9.650980881873759687e-01,-2.618886789784389268e-01
1.518716131721550688e+01,1.000000000000001110e+00,1.000000000000000000e+00,7.949999999999993960e+00,1.000000000000001110e+00,9.650752208843997870e-01,-2.619729337831045446e-01
1.519216340141725574e+01,9.999999999999992228e-01,1.000000000000000000e+00,7.950000000000003730e+00,9.999999999999992228e-01,9.650523462258272511e-01,-2.620571865910686360e-01
1.519716548561900815e+01,9.999999999999992228e-01,1.000000000000000000e+00,7.950000000000003730e+00,9.999999999999992228e-01,9.650294642118324440e-01,-2.621414374016890481e-01
1.520216756982075879e+01,9.999999999999992228e-01,1.000000000000000000e+00,7.950000000000003730e+00,9.999999999999992228e-01,9.650065748425898926e-01,-2.622256862143235723e-01
1.520716965402250764e+01,1.000000000000001110e+00,1.000000000000000000e+00,7.949999999999993960e+00,1.000000000000001110e+00,9.649836781182741241e-01,-2.623099330283301112e-01
1.521217173822425828e+01,9.999999999999992228e-01,1.000000000000000000e+00,7.950000000000003730e+00,9.999999999999992228e-01,9.649607740390596655e-01,-2.623941778430666227e-01
1.521717382242601069e+01,9.999999999999992228e-01,1.000000000000000000e+00,7.950000000000003730e+00,9.999999999999992228e-01,9.649378626051209329e-01,-2.624784206578908985e-01
1.522217590662776132e+01,9.999999999999992228e-01,1.000000000000000000e+00,7.950000000000003730e+00,9.999999999999992228e-01,9.649149438166326753e-01,-2.625626614721609520e-01
1.522717799082951196e+01,9.999999999999992228e-01,1.000000000000000000e+00,7.950000000000003730e+00,9.999999999999992228e-01,9.648920176737695309e-01,-2.626469002852346857e-01
1.523218007503126437e+01,9.999999999999992228e-01,1.000000000000000000e+00,7.950000000000003730e+00,9.999999999999992228e-01,9.648690841767062487e-01,-2.627311370964700576e-01
1.523718215923301322e+01,9.999999999999992228e-01,1.000000000000000000e+00,7.950000000000003730e+00,9.999999999999992228e-01,9.648461433256176889e-01,-2.628153719052249149e-01
1.524218424343476386e+01,1.000000000000001110e+00,1.000000000000000000e+00,7.949999999999993960e+00,1.000000000000001110e+00,9.648231951206784895e-01,-2.628996047108574374e-01
1.524718632763651449e+01,9.999999999999992228e-01,1.000000000000000000e+00,7.950000000000003730e+00,9.999999999999992228e-01,9.648002395620638438e-01,-2.629838355127255278e-01
1.525218841183826335e+01,9.999999999999992228e-01,1.000000000000000000e+00,7.950000000000003730e+00,9.999999999999992228e-01,9.647772766499485009e-01,-2.630680643101871441e-01
1.525719049604001576e+01,9.999999999999992228e-01,1.000000000000000000e+00,7.950000000000003730e+00,9.999999999999992228e-01,9.647543063845075428e-01,-2.631522911026003553e-01
1.526219258024176639e+01,1.000000000000001110e+00,1.000000000000000000e+00,7.949999999999993960e+00,1.000000000000001110e+00,9.647313287659160519e-01,-2.632365158893232859e-01
1.526719466444351703e+01,9.999999999999992228e-01,1.000000000000000000e+00,7.950000000000003730e+00,9.999999999999992228e-01,9.647083437943492212e-01,-2.633207386697138386e-01
1.527219674864526944e+01,9.999999999999992228e-01,1.000000000000000000e+00,7.950000000000003730e+00,9.999999999999992228e-01,9.646853514699821330e-01,-2.634049594431301933e-01
1.527719883284702007e+01,9.999999999999992228e-01,1.000000000000000000e+00,7.950000000000003730e+00,9.999999999999992228e-01,9.646623517929900915e-01,-2.634891782089304191e-01
1.528220091704876893e+01,9.999999999999992228e-01,1.000000000000000000e+00,7.950000000000003730e+00,9.999999999999992228e-01,9.646393447635482898e-01,-2.635733949664725850e-01
1.528720300125051956e+01,9.999999999999992228e-01,1.000000000000000000e+00,7.950000000000003730e+00,9.999999999999992228e-01,9.646163303818322543e-01,-2.636576097151148157e-01
1.529220508545227197e+01,9.999999999999992228e-01,1.000000000000000000e+00,7.950000000000003730e+00,9.999999999999992228e-01,9.645933086480172891e-01,-2.637418224542152911e-01
1.529720716965402083e+01,9.999999999999992228e-01,1.000000000000000000e+00,7.950000000000003730e+00,9.999999999999992228e-01,9.645702795622789205e-01,-2.638260331831320804e-01
1.530220925385577146e+01,9.999999999999992228e-01,1.000000000000000000e+00,7.950000000000003730e+00,9.999999999999992228e-01,9.645472431247925638e-01,-2.639102419012234191e-01
1.530721133805752210e+01,9.999999999999992228e-01,1.000000000000000000e+00,7.950000000000003730e+00,9.999999999999992228e-01,9.645241993357339672e-01,-2.639944486078474872e-01
1.531221342225927451e+01,9.999999999999992228e-01,1.000000000000000000e+00,7.950000000000003730e+00,9.999999999999992228e-01,9.645011481952785459e-01,-2.640786533023624649e-01
1.531721550646102514e+01,9.999999999999992228e-01,1.000000000000000000e+00,7.950000000000003730e+00,9.999999999999992228e-01,9.644780897036021594e-01,-2.641628559841265322e-01
1.532221759066277755e+01,1.000000000000001110e+00,1.000000000000000000e+00,7.949999999999993960e+00,1.000000000000001110e+00,9.644550238608804449e-01,-2.642470566524979247e-01
1.532721967486452463e+01,9.999999999999992228e-01,1.000000000000000000e+00,7.950000000000003730e+00,9.999999999999992228e-01,9.644319506672893727e-01,-2.643312553068348780e-01
1.533222175906627704e+01,9.999999999999992228e-01,1.000000000000000000e+00,7.950000000000003730e+00,9.999999999999992228e-01,9.644088701230046912e-01,-2.644154519464956832e-01
1.533722384326802768e+01,9.999999999999992228e-01,1.000000000000000000e+00,7.950000000000003730e+00,9.999999999999992228e-01,9.643857822282022596e-01,-2.644996465708385758e-01
1.534222592746977654e+01,1.000000000000001110e+00,1.000000000000000000e+00,7.949999999999993960e+00,1.000000000000001110e+00,9.643626869830580484e-01,-2.645838391792218469e-01
1.534722801167152717e+01,9.999999999999992228e-01,1.000000000000000000e+00,7.950000000000003730e+00,9.999999999999992228e-01,9.643395843877482498e-01,-2.646680297710038432e-01
1.535223009587327958e+01,9.999999999999992228e-01,1.000000000000000000e+00,7.950000000000003730e+00,9.999999999999992228e-01,9.643164744424488344e-01,-2.647522183455428557e-01
1.535723218007503021e+01,9.999999999999992228e-01,1.000000000000000000e+00,7.950000000000003730e+00,9.999999999999992228e-01,9.642933571473358834e-01,-2.648364049021971756e-01
1.536223426427678262e+01,9.999999999999992228e-01,1.000000000000000000e+00,7.950000000000003730e+00,9.999999999999992228e-01,9.642702325025857002e-01,-2.649205894403252048e-01
1.536723634847853326e+01,9.999999999999992228e-01,1.000000000000000000e+00,7.950000000000003730e+00,9.999999999999992228e-01,9.642471005083744773e-01,-2.650047719592852902e-01
1.537223843268028212e+01,9.999999999999992228e-01,1.000000000000000000e+00,7.950000000000003730e+00,9.999999999999992228e-01,9.642239611648785180e-01,-2.650889524584357226e-01
1.537724051688203275e+01,9.999999999999992228e-01,1.000000000000000000e+00,7.950000000000003730e+00,9.999999999999992228e-01,9.642008144722742369e-01,-2.651731309371350709e-01
1.538224260108378516e+01,9.999999999999992228e-01,1.000000000000000000e+00,7.950000000000003730e+00,9.999999999999992228e-01,9.641776604307380483e-01,-2.652573073947416260e-01
1.538724468528553224e+01,9.999999999999992228e-01,1.000000000000000000e+00,7.950000000000003730e+00,9.999999999999992228e-01,9.641544990404463666e-01,-2.653414818306137901e-01
1.539224676948728465e+01,9.999999999999992228e-01,1.000000000000000000e+00,7.950000000000003730e+00,9.999999999999992228e-01,9.641313303015757175e-01,-2.654256542441101319e-01
1.539724885368903529e+01,9.999999999999992228e-01,1.000000000000000000e+00,7.950000000000003730e+00,9.999999999999992228e-01,9.641081542143027372e-01,-2.655098246345889978e-01
1.540225093789078770e+01,1.000000000000001110e+00,1.000000000000000000e+00,7.949999999999993960e+00,1.000000000000001110e+00,9.640849707788040623e-01,-2.655939930014089012e-01
1.540725302209253833e+01,9.999999999999992228e-01,1.000000000000000000e+00,7.950000000000003730e+00,9.999999999999992228e-01,9.640617799952564404e-01,-2.656781593439283551e-01
1.541225510629429074e+01,9.999999999999992228e-01,1.000000000000000000e+00,7.950000000000003730e+00,9.999999999999992228e-01,9.640385818638365079e-01,-2.657623236615057616e-01
1.541725719049603782e+01,9.999999999999992228e-01,1.000000000000000000e+00,7.950000000000003730e+00,9.999999999999992228e-01,9.640153763847212343e-01,-2.658464859534996894e-01
1.542225927469779023e+01,1.000000000000001110e+00,1.000000000000000000e+00,7.949999999999993960e+00,1.000000000000001110e+00,9.639921635580872561e-01,-2.659306462192687626e-01
1.542726135889954087e+01,9.999999999999992228e-01,1.000000000000000000e+00,7.950000000000003730e+00,9.999999999999992228e-01,9.639689433841117649e-01,-2.660148044581714388e-01
1.543226344310128972e+01,1.000000000000001110e+00,1.000000000000000000e+00,7.949999999999993960e+00,1.000000000000001110e+00,9.639457158629715083e-01,-2.660989606695661758e-01
1.543726552730304036e+01,9.999999999999992228e-01,1.000000000000000000e+00,7.950000000000003730e+00,9.999999999999992228e-01,9.639224809948436778e-01,-2.661831148528118196e-01
1.544226761150479277e+01,9.999999999999992228e-01,1.000000000000000000e+00,7.950000000000003730e+00,9.999999999999992228e-01,9.638992387799053541e-01,-2.662672670072667169e-01
1.544726969570654340e+01,9.999999999999992228e-01,1.000000000000000000e+00,7.950000000000003730e+00,9.999999999999992228e-01,9.638759892183335065e-01,-2.663514171322896584e-01
1.545227177990829581e+01,1.000000000000001110e+00,1.000000000000000000e+00,7.949999999999993960e+00,1.000000000000001110e+00,9.638527323103055489e-01,-2.664355652272391572e-01
1.545727386411004645e+01,1.000000000000001110e+00,1.000000000000000000e+00,7.949999999999993960e+00,1.000000000000001110e+00,9.638294680559986727e-01,-2.665197112914738931e-01
1.546227594831179530e+01,9.999999999999992228e-01,1.000000000000000000e+00,7.950000000000003730e+00,9.999999999999992228e-01,9.638061964555901806e-01,-2.666038553243524900e-01
1.546727803251354594e+01,9.999999999999992228e-01,1.000000000000000000e+00,7.950000000000003730e+00,9.999999999999992228e-01,9.637829175092574863e-01,-2.666879973252336278e-01
1.547228011671529835e+01,9.999999999999992228e-01,1.000000000000000000e+00,7.950000000000003730e+00,9.999999999999992228e-01,9.637596312171778923e-01,-2.667721372934760971e-01
1.547728220091704898e+01,9.999999999999992228e-01,1.000000000000000000e+00,7.950000000000003730e+00,9.999999999999992228e-01,9.637363375795290343e-01,-2.668562752284384665e-01
1.548228428511879784e+01,9.999999999999992228e-01,1.000000000000000000e+00,7.950000000000003730e+00,9.999999999999992228e-01,9.637130365964883261e-01,-2.669404111294794713e-01
1.548728636932054847e+01,1.000000000000001110e+00,1.000000000000000000e+00,7.949999999999993960e+00,1.000000000000001110e+00,9.636897282682334032e-01,-2.670245449959579020e-01
1.549228845352230088e+01,9.999999999999992228e-01,1.000000000000000000e+00,7.950000000000003730e+00,9.999999999999992228e-01,9.636664125949420123e-01,-2.671086768272325496e-01
1.549729053772405152e+01,9.999999999999992228e-01,1.000000000000000000e+00,7.950000000000003730e+00,9.999999999999992228e-01,9.636430895767917892e-01,-2.671928066226620380e-01
1.550229262192580393e+01,9.999999999999992228e-01,1.000000000000000000e+00,7.950000000000003730e+00,9.999999999999992228e-01,9.636197592139604806e-01,-2.672769343816052690e-01
1.550729470612755101e+01,9.999999999999992228e-01,1.000000000000000000e+00,7.950000000000003730e+00,9.999999999999992228e-01,9.635964215066258332e-01,-2.673610601034209222e-01
1.551229679032930342e+01,9.999999999999992228e-01,1.000000000000000000e+00,7.950000000000003730e+00,9.999999999999992228e-01,9.635730764549658156e-01,-2.674451837874679550e-01
1.551729887453105405e+01,9.999999999999992228e-01,1.000000000000000000e+00,7.950000000000003730e+00,9.999999999999992228e-01,9.635497240591583967e-01,-2.675293054331051579e-01
1.552230095873280646e+01,9.999999999999992228e-01,1.000000000000000000e+00,7.950000000000003730e+00,9.999999999999992228e-01,9.635263643193815453e-01,-2.676134250396912662e-01
1.552730304293455355e+01,9.999999999999992228e-01,1.000000000000000000e+00,7.950000000000003730e+00,9.999999999999992228e-01,9.635029972358132300e-01,-2.676975426065851815e-01
1.553230512713630596e+01,9.999999999999992228e-01,1.000000000000000000e+00,7.950000000000003730e+00,9.999999999999992228e-01,9.634796228086315306e-01,-2.677816581331459167e-01
1.553730721133805659e+01,9.999999999999992228e-01,1.000000000000000000e+00,7.950000000000003730e+00,9.999999999999992228e-01,9.634562410380147490e-01,-2.678657716187322069e-01
1.554230929553980900e+01,1.000000000000001110e+00,1.000000000000000000e+00,7.949999999999993960e+00,1.000000000000001110e+00,9.634328519241409650e-01,-2.679498830627029538e-01
1.554731137974155963e+01,9.999999999999992228e-01,1.000000000000000000e+00,7.950000000000003730e+00,9.999999999999992228e-01,9.634094554671885913e-01,-2.680339924644171701e-01
1.555231346394330849e+01,9.999999999999992228e-01,1.000000000000000000e+00,7.950000000000003730e+00,9.999999999999992228e-01,9.633860516673357077e-01,-2.681180998232337021e-01
1.555731554814505913e+01,9.999999999999992228e-01,1.000000000000000000e+00,7.950000000000003730e+00,9.999999999999992228e-01,9.633626405247609492e-01,-2.682022051385116179e-01
1.556231763234681154e+01,1.000000000000001110e+00,1.000000000000000000e+00,7.949999999999993960e+00,1.000000000000001110e+00,9.633392220396425065e-01,-2.682863084096097639e-01
1.556731971654856217e+01,9.999999999999992228e-01,1.000000000000000000e+00,7.950000000000003730e+00,9.999999999999992228e-01,9.633157962121591256e-01,-2.683704096358872082e-01
1.557232180075031103e+01,9.999999999999992228e-01,1.000000000000000000e+00,7.950000000000003730e+00,9.999999999999992228e-01,9.632923630424892192e-01,-2.684545088167028526e-01
1.557732388495206166e+01,9.999999999999992228e-01,1.000000000000000000e+00,7.950000000000003730e+00,9.999999999999992228e-01,9.632689225308113112e-01,-2.685386059514158208e-01
1.558232596915381407e+01,9.999999999999992228e-01,1.000000000000000000e+00,7.950000000000003730e+00,9.999999999999992228e-01,9.632454746773042586e-01,-2.686227010393851256e-01
1.558732805335556471e+01,9.999999999999992228e-01,1.000000000000000000e+00,7.950000000000003730e+00,9.999999999999992228e-01,9.632220194821465853e-01,-2.687067940799697241e-01
1.559233013755731534e+01,9.999999999999992228e-01,1.000000000000000000e+00,7.950000000000003730e+00,9.999999999999992228e-01,9.631985569455171481e-01,-2.687908850725287957e-01
1.559733222175906420e+01,9.999999999999992228e-01,1.000000000000000000e+00,7.950000000000003730e+00,9.999999999999992228e-01,9.631750870675948040e-01,-2.688749740164212421e-01
1.560233430596081661e+01,9.999999999999992228e-01,1.000000000000000000e+00,7.950000000000003730e+00,9.999999999999992228e-01,9.631516098485584099e-01,-2.689590609110063535e-01
1.560733639016256724e+01,9.999999999999992228e-01,1.000000000000000000e+00,7.950000000000003730e+00,9.999999999999992228e-01,9.631281252885868227e-01,-2.690431457556431427e-01
1.561233847436431788e+01,9.999999999999992228e-01,1.000000000000000000e+00,7.950000000000003730e+00,9.999999999999992228e-01,9.631046333878591215e-01,-2.691272285496907890e-01
1.561734055856606673e+01,9.999999999999992228e-01,1.000000000000000000e+00,7.950000000000003730e+00,9.999999999999992228e-01,9.630811341465543851e-01,-2.692113092925082496e-01
1.562234264276781914e+01,1.000000000000001110e+00,1.000000000000000000e+00,7.949999999999993960e+00,1.000000000000001110e+00,9.630576275648515816e-01,-2.692953879834549258e-01
1.562734472696956978e+01,9.999999999999992228e-01,1.000000000000000000e+00,7.950000000000003730e+00,9.999999999999992228e-01,9.630341136429301230e-01,-2.693794646218898858e-01
1.563234681117132041e+01,9.999999999999992228e-01,1.000000000000000000e+00,7.950000000000003730e+00,9.999999999999992228e-01,9.630105923809689772e-01,-2.694635392071722535e-01
1.563734889537307282e+01,1.000000000000001110e+00,1.000000000000000000e+00,7.949999999999993960e+00,1.000000000000001110e+00,9.629870637791474453e-01,-2.695476117386613191e-01
1.564235097957482168e+01,9.999999999999992228e-01,1.000000000000000000e+00,7.950000000000003730e+00,9.999999999999992228e-01,9.629635278376450502e-01,-2.696316822157162063e-01
1.564735306377657231e+01,9.999999999999992228e-01,1.000000000000000000e+00,7.950000000000003730e+00,9.999999999999992228e-01,9.629399845566409821e-01,-2.697157506376962610e-01
1.565235514797832295e+01,1.000000000000001110e+00,1.000000000000000000e+00,7.949999999999993960e+00,1.000000000000001110e+00,9.629164339363147640e-01,-2.697998170039606625e-01
1.565735723218007536e+01,9.999999999999992228e-01,1.000000000000000000e+00,7.950000000000003730e+00,9.999999999999992228e-01,9.628928759768459189e-01,-2.698838813138687565e-01
1.566235931638182421e+01,9.999999999999992228e-01,1.000000000000000000e+00,7.950000000000003730e+00,9.999999999999992228e-01,9.628693106784139699e-01,-2.699679435667796112e-01
1.566736140058357485e+01,9.999999999999992228e-01,1.000000000000000000e+00,7.950000000000003730e+00,9.999999999999992228e-01,9.628457380411985511e-01,-2.700520037620527392e-01
1.567236348478532548e+01,9.999999999999992228e-01,1.000000000000000000e+00,7.950000000000003730e+00,9.999999999999992228e-01,9.628221580653791856e-01,-2.701360618990474305e-01
1.567736556898707789e+01,9.999999999999992228e-01,1.000000000000000000e+00,7.950000000000003730e+00,9.999999999999992228e-01,9.627985707511357294e-01,-2.702201179771229200e-01
1.568236765318882853e+01,9.999999999999992228e-01,1.000000000000000000e+00,7.950000000000003730e+00,9.999999999999992228e-01,9.627749760986480387e-01,-2.703041719956386091e-01
1.568736973739058094e+01,9.999999999999992228e-01,1.000000000000000000e+00,7.950000000000003730e+00,9.999999999999992228e-01,9.627513741080957477e-01,-2.703882239539537879e-01
1.569237182159232802e+01,9.999999999999992228e-01,1.000000000000000000e+00,7.950000000000003730e+00,9.999999999999992228e-01,9.627277647796589344e-01,-2.704722738514278579e-01
1.569737390579408043e+01,9.999999999999992228e-01,1.000000000000000000e+00,7.950000000000003730e+00,9.999999999999992228e-01,9.627041481135173440e-01,-2.705563216874203314e-01
1.570237598999583106e+01,9.999999999999992228e-01,1.000000000000000000e+00,7.950000000000003730e+00,9.999999999999992228e-01,9.626805241098511656e-01,-2.706403674612904431e-01
1.570737807419757992e+01,9.999999999999992228e-01,1.000000000000000000e+00,7.950000000000003730e+00,9.999999999999992228e-01,9.626568927688403665e-01,-2.707244111723976498e-01
1.571238015839933055e+01,9.999999999999992228e-01,1.000000000000000000e+00,7.950000000000003730e+00,9.999999999999992228e-01,9.626332540906650248e-01,-2.708084528201015195e-01
1.571738224260108296e+01,9.999999999999992228e-01,1.000000000000000000e+00,7.950000000000003730e+00,9.999999999999992228e-01,9.626096080755054407e-01,-2.708924924037613424e-01
1.572238432680283360e+01,9.999999999999992228e-01,1.000000000000000000e+00,7.950000000000003730e+00,9.999999999999992228e-01,9.625859547235416924e-01,-2.709765299227366864e-01
1.572738641100458601e+01,9.999999999999992228e-01,1.000000000000000000e+00,7.950000000000003730e+00,9.999999999999992228e-01,9.625622940349540801e-01,-2.710605653763870082e-01
1.573238849520633664e+01,9.999999999999992228e-01,1.000000000000000000e+00,7.950000000000003730e+00,9.999999999999992228e-01,9.625386260099230151e-01,-2.711445987640718203e-01
1.573739057940808550e+01,9.999999999999992228e-01,1.000000000000000000e+00,7.950000000000003730e+00,9.999999999999992228e-01,9.625149506486289086e-01,-2.712286300851505239e-01
1.574239266360983613e+01,9.999999999999992228e-01,1.000000000000000000e+00,7.950000000000003730e+00,9.999999999999992228e-01,9.624912679512521718e-01,-2.713126593389827979e-01
1.574739474781158854e+01,9.999999999999992228e-01,1.000000000000000000e+00,7.950000000000003730e+00,9.999999999999992228e-01,9.624675779179732160e-01,-2.713966865249281546e-01
1.575239683201333563e+01,9.999999999999992228e-01,1.000000000000000000e+00,7.950000000000003730e+00,9.999999999999992228e-01,9.624438805489727855e-01,-2.714807116423461064e-01
1.575739891621508804e+01,9.999999999999992228e-01,1.000000000000000000e+00,7.950000000000003730e+00,9.999999999999992228e-01,9.624201758444312915e-01,-2.715647346905962767e-01
1.576240100041683867e+01,9.999999999999992228e-01,1.000000000000000000e+00,7.950000000000003730e+00,9.999999999999992228e-01,9.623964638045295894e-01,-2.716487556690382887e-01
1.576740308461859108e+01,9.999999999999992228e-01,1.000000000000000000e+00,7.950000000000003730e+00,9.999999999999992228e-01,9.623727444294482014e-01,-2.717327745770317105e-01
1.577240516882034171e+01,9.999999999999992228e-01,1.000000000000000000e+00,7.950000000000003730e+00,9.999999999999992228e-01,9.623490177193680939e-01,-2.718167914139361652e-01
1.577740725302209412e+01,9.999999999999992228e-01,1.000000000000000000e+00,7.950000000000003730e+00,9.999999999999992228e-01,9.623252836744701222e-01,-2.719008061791112763e-01
1.578240933722384121e+01,9.999999999999992228e-01,1.000000000000000000e+00,7.950000000000003730e+00,9.999999999999992228e-01,9.623015422949350306e-01,-2.719848188719166671e-01
1.578741142142559362e+01,9.999999999999992228e-01,1.000000000000000000e+00,7.950000000000003730e+00,9.999999999999992228e-01,9.622777935809438965e-01,-2.720688294917121275e-01
1.579241350562734425e+01,9.999999999999992228e-01,1.000000000000000000e+00,7.950000000000003730e+00,9.999999999999992228e-01,9.622540375326776863e-01,-2.721528380378572809e-01
1.579741558982909311e+01,1.000000000000001110e+00,1.000000000000000000e+00,7.949999999999993960e+00,1.000000000000001110e+00,9.622302741503173662e-01,-2.722368445097118062e-01
1.580241767403084374e+01,9.999999999999992228e-01,1.000000000000000000e+00,7.950000000000003730e+00,9.999999999999992228e-01,9.622065034340442358e-01,-2.723208489066354931e-01
1.580741975823259615e+01,9.999999999999992228e-01,1.000000000000000000e+00,7.950000000000003730e+00,9.999999999999992228e-01,9.621827253840393723e-01,-2.724048512279880208e-01
1.581242184243434679e+01,9.999999999999992228e-01,1.000000000000000000e+00,7.950000000000003730e+00,9.999999999999992228e-01,9.621589400004839643e-01,-2.724888514731291789e-01
1.581742392663609920e+01,9.999999999999992228e-01,1.000000000000000000e+00,7.950000000000003730e+00,9.999999999999992228e-01,9.621351472835594221e-01,-2.725728496414187574e-01
1.582242601083784983e+01,9.999999999999992228e-01,1.000000000000000000e+00,7.950000000000003730e+00,9.999999999999992228e-01,9.621113472334469341e-01,-2.726568457322164352e-01
1.582742809503959869e+01,9.999999999999992228e-01,1.000000000000000000e+00,7.950000000000003730e+00,9.999999999999992228e-01,9.620875398503280218e-01,-2.727408397448820576e-01
1.583243017924134932e+01,1.000000000000001110e+00,1.000000000000000000e+00,7.949999999999993960e+00,1.000000000000001110e+00,9.620637251343840957e-01,-2.728248316787755257e-01
1.583743226344310173e+01,9.999999999999992228e-01,1.000000000000000000e+00,7.950000000000003730e+00,9.999999999999992228e-01,9.620399030857966771e-01,-2.729088215332565737e-01
1.584243434764484881e+01,9.999999999999992228e-01,1.000000000000000000e+00,7.950000000000003730e+00,9.999999999999992228e-01,9.620160737047473987e-01,-2.729928093076850470e-01
1.584743643184660122e+01,1.000000000000001110e+00,1.000000000000000000e+00,7.949999999999993960e+00,1.000000000000001110e+00,9.619922369914176707e-01,-2.730767950014209022e-01
1.585243851604835186e+01,1.000000000000001110e+00,1.000000000000000000e+00,7.949999999999993960e+00,1.000000000000001110e+00,9.619683929459893479e-01,-2.731607786138239291e-01
1.585744060025010427e+01,9.999999999999992228e-01,1.000000000000000000e+00,7.950000000000003730e+00,9.999999999999992228e-01,9.619445415686441736e-01,-2.732447601442540841e-01
1.586244268445185490e+01,9.999999999999992228e-01,1.000000000000000000e+00,7.950000000000003730e+00,9.999999999999992228e-01,9.619206828595638914e-01,-2.733287395920712126e-01
1.586744476865360731e+01,9.999999999999992228e-01,1.000000000000000000e+00,7.950000000000003730e+00,9.999999999999992228e-01,9.618968168189303558e-01,-2.734127169566353266e-01
1.587244685285535439e+01,9.999999999999992228e-01,1.000000000000000000e+00,7.950000000000003730e+00,9.999999999999992228e-01,9.618729434469254214e-01,-2.734966922373062159e-01
1.587744893705710680e+01,1.000000000000001110e+00,1.000000000000000000e+00,7.949999999999993960e+00,1.000000000000001110e+00,9.618490627437310536e-01,-2.735806654334440036e-01
1.588245102125885744e+01,9.999999999999992228e-01,1.000000000000000000e+00,7.950000000000003730e+00,9.999999999999992228e-01,9.618251747095294402e-01,-2.736646365444085904e-01
1.588745310546060630e+01,1.000000000000001110e+00,1.000000000000000000e+00,7.949999999999993960e+00,1.000000000000001110e+00,9.618012793445023245e-01,-2.737486055695599330e-01
1.589245518966235693e+01,1.000000000000001110e+00,1.000000000000000000e+00,7.949999999999993960e+00,1.000000000000001110e+00,9.617773766488321163e-01,-2.738325725082581541e-01
1.589745727386410934e+01,9.999999999999992228e-01,1.000000000000000000e+00,7.950000000000003730e+00,9.999999999999992228e-01,9.617534666227008922e-01,-2.739165373598632103e-01
1.590245935806585997e+01,1.000000000000001110e+00,1.000000000000000000e+00,7.949999999999993960e+00,1.000000000000001110e+00,9.617295492662908396e-01,-2.740005001237351134e-01
1.590746144226761238e+01,1.000000000000001110e+00,1.000000000000000000e+00,7.949999999999993960e+00,1.000000000000001110e+00,9.617056245797843683e-01,-2.740844607992339310e-01
1.591246352646936302e+01,9.999999999999992228e-01,1.000000000000000000e+00,7.950000000000003730e+00,9.999999999999992228e-01,9.616816925633637769e-01,-2.741684193857197305e-01
1.591746561067111188e+01,9.999999999999992228e-01,1.000000000000000000e+00,7.950000000000003730e+00,9.999999999999992228e-01,9.616577532172114751e-01,-2.742523758825525237e-01
1.592246769487286251e+01,1.000000000000001110e+00,1.000000000000000000e+00,7.949999999999993960e+00,1.000000000000001110e+00,9.616338065415097613e-01,-2.743363302890926003e-01
1.592746977907461492e+01,1.000000000000001110e+00,1.000000000000000000e+00,7.949999999999993960e+00,1.000000000000001110e+00,9.616098525364413785e-01,-2.744202826046999721e-01
1.593247186327636200e+01,9.999999999999992228e-01,1.000000000000000000e+00,7.950000000000003730e+00,9.999999999999992228e-01,9.615858912021888472e-01,-2.745042328287346511e-01
1.593747394747811441e+01,9.999999999999992228e-01,1.000000000000000000e+00,7.950000000000003730e+00,9.999999999999992228e-01,9.615619225389347990e-01,-2.745881809605570378e-01
1.594247603167986505e+01,1.000000000000001110e+00,1.000000000000000000e+00,7.949999999999993960e+00,1.000000000000001110e+00,9.615379465468617548e-01,-2.746721269995270887e-01
1.594747811588161746e+01,9.999999999999992228e-01,1.000000000000000000e+00,7.950000000000003730e+00,9.999999999999992228e-01,9.615139632261526792e-01,-2.747560709450051486e-01
1.595248020008336809e+01,1.000000000000001110e+00,1.000000000000000000e+00,7.949999999999993960e+00,1.000000000000001110e+00,9.614899725769902039e-01,-2.748400127963512851e-01
1.595748228428511872e+01,9.999999999999992228e-01,1.000000000000000000e+00,7.950000000000003730e+00,9.999999999999992228e-01,9.614659745995572937e-01,-2.749239525529257322e-01
1.596248436848686758e+01,9.999999999999992228e-01,1.000000000000000000e+00,7.950000000000003730e+00,9.999999999999992228e-01,9.614419692940369133e-01,-2.750078902140887238e-01
1.596748645268861999e+01,9.999999999999992228e-01,1.000000000000000000e+00,7.950000000000003730e+00,9.999999999999992228e-01,9.614179566606118055e-01,-2.750918257792005495e-01
1.597248853689037063e+01,1.000000000000001110e+00,1.000000000000000000e+00,7.949999999999993960e+00,1.000000000000001110e+00,9.613939366994650459e-01,-2.751757592476214431e-01
1.597749062109212126e+01,9.999999999999992228e-01,1.000000000000000000e+00,7.950000000000003730e+00,9.999999999999992228e-01,9.613699094107799326e-01,-2.752596906187116943e-01
1.598249270529387012e+01,9.999999999999992228e-01,1.000000000000000000e+00,7.950000000000003730e+00,9.999999999999992228e-01,9.613458747947393190e-01,-2.753436198918315370e-01
1.598749478949562253e+01,9.999999999999992228e-01,1.000000000000000000e+00,7.950000000000003730e+00,9.999999999999992228e-01,9.613218328515265032e-01,-2.754275470663413716e-01
1.599249687369737316e+01,9.999999999999992228e-01,1.000000000000000000e+00,7.950000000000003730e+00,9.999999999999992228e-01,9.612977835813247829e-01,-2.755114721416014878e-01
1.599749895789912379e+01,1.000000000000001110e+00,1.000000000000000000e+00,7.949999999999993960e+00,1.000000000000001110e+00,9.612737269843173449e-01,-2.755953951169722305e-01
1.600250104210087443e+01,9.999999999999992228e-01,1.000000000000000000e+00,7.950000000000003730e+00,9.999999999999992228e-01,9.612496630606877090e-01,-2.756793159918139446e-01
1.600750312630262329e+01,9.999999999999992228e-01,1.000000000000000000e+00,7.950000000000003730e+00,9.999999999999992228e-01,9.612255918106190622e-01,-2.757632347654869198e-01
1.601250521050437570e+01,9.999999999999992228e-01,1.000000000000000000e+00,7.950000000000003730e+00,9.999999999999992228e-01,9.612015132342951462e-01,-2.758471514373516675e-01
1.601750729470612811e+01,9.999999999999992228e-01,1.000000000000000000e+00,7.950000000000003730e+00,9.999999999999992228e-01,9.611774273318991479e-01,-2.759310660067685883e-01
1.602250937890787696e+01,9.999999999999992228e-01,1.000000000000000000e+00,7.950000000000003730e+00,9.999999999999992228e-01,9.611533341036149203e-01,-2.760149784730980826e-01
1.602751146310962582e+01,9.999999999999992228e-01,1.000000000000000000e+00,7.950000000000003730e+00,9.999999999999992228e-01,9.611292335496259831e-01,-2.760988888357004956e-01
1.603251354731137823e+01,9.999999999999992228e-01,1.000000000000000000e+00,7.950000000000003730e+00,9.999999999999992228e-01,9.611051256701160783e-01,-2.761827970939363941e-01
1.603751563151313064e+01,9.999999999999992228e-01,1.000000000000000000e+00,7.950000000000003730e+00,9.999999999999992228e-01,9.610810104652688368e-01,-2.762667032471662343e-01
1.604251771571487950e+01,9.999999999999992228e-01,1.000000000000000000e+00,7.950000000000003730e+00,9.999999999999992228e-01,9.610568879352682226e-01,-2.763506072947504721e-01
1.604751979991663191e+01,1.000000000000001110e+00,1.000000000000000000e+00,7.949999999999993960e+00,1.000000000000001110e+00,9.610327580802978664e-01,-2.764345092360496192e-01
1.605252188411838077e+01,9.999999999999992228e-01,1.000000000000000000e+00,7.950000000000003730e+00,9.999999999999992228e-01,9.610086209005419544e-01,-2.765184090704241315e-01
1.605752396832013318e+01,9.999999999999992228e-01,1.000000000000000000e+00,7.950000000000003730e+00,9.999999999999992228e-01,9.609844763961842284e-01,-2.766023067972346872e-01
1.606252605252188204e+01,9.999999999999992228e-01,1.000000000000000000e+00,7.950000000000003730e+00,9.999999999999992228e-01,9.609603245674088745e-01,-2.766862024158416866e-01
1.606752813672363445e+01,1.000000000000001110e+00,1.000000000000000000e+00,7.949999999999993960e+00,1.000000000000001110e+00,9.609361654143998566e-01,-2.767700959256058080e-01
1.607253022092538330e+01,9.999999999999992228e-01,1.000000000000000000e+00,7.950000000000003730e+00,9.999999999999992228e-01,9.609119989373414716e-01,-2.768539873258875073e-01
1.607753230512713571e+01,1.000000000000001110e+00,1.000000000000000000e+00,7.949999999999993960e+00,1.000000000000001110e+00,9.608878251364176837e-01,-2.769378766160475180e-01
1.608253438932888457e+01,9.999999999999992228e-01,1.000000000000000000e+00,7.950000000000003730e+00,9.999999999999992228e-01,9.608636440118129007e-01,-2.770217637954464074e-01
1.608753647353063698e+01,1.000000000000001110e+00,1.000000000000000000e+00,7.949999999999993960e+00,1.000000000000001110e+00,9.608394555637113088e-01,-2.771056488634447423e-01
1.609253855773238939e+01,9.999999999999992228e-01,1.000000000000000000e+00,7.950000000000003730e+00,9.999999999999992228e-01,9.608152597922974270e-01,-2.771895318194032565e-01
1.609754064193413825e+01,1.000000000000001110e+00,1.000000000000000000e+00,7.949999999999993960e+00,1.000000000000001110e+00,9.607910566977555522e-01,-2.772734126626825168e-01
1.610254272613588711e+01,9.999999999999992228e-01,1.000000000000000000e+00,7.950000000000003730e+00,9.999999999999992228e-01,9.607668462802702036e-01,-2.773572913926433126e-01
1.610754481033763952e+01,9.999999999999992228e-01,1.000000000000000000e+00,7.950000000000003730e+00,9.999999999999992228e-01,9.607426285400259003e-01,-2.774411680086463217e-01
1.611254689453939193e+01,9.999999999999992228e-01,1.000000000000000000e+00,7.950000000000003730e+00,9.999999999999992228e-01,9.607184034772071612e-01,-2.775250425100521667e-01
1.611754897874114079e+01,9.999999999999992228e-01,1.000000000000000000e+00,7.950000000000003730e+00,9.999999999999992228e-01,9.606941710919987276e-01,-2.776089148962215813e-01
1.612255106294288964e+01,9.999999999999992228e-01,1.000000000000000000e+00,7.950000000000003730e+00,9.999999999999992228e-01,9.606699313845851185e-01,-2.776927851665154101e-01
1.612755314714464205e+01,9.999999999999992228e-01,1.000000000000000000e+00,7.950000000000003730e+00,9.999999999999992228e-01,9.606456843551512970e-01,-2.777766533202943311e-01
1.613255523134639446e+01,9.999999999999992228e-01,1.000000000000000000e+00,7.950000000000003730e+00,9.999999999999992228e-01,9.606214300038820042e-01,-2.778605193569191334e-01
1.613755731554814687e+01,9.999999999999992228e-01,1.000000000000000000e+00,7.950000000000003730e+00,9.999999999999992228e-01,9.605971683309620923e-01,-2.779443832757506616e-01
1.614255939974989573e+01,9.999999999999992228e-01,1.000000000000000000e+00,7.950000000000003730e+00,9.999999999999992228e-01,9.605728993365764135e-01,-2.780282450761496493e-01
1.614756148395164459e+01,1.000000000000001110e+00,1.000000000000000000e+00,7.949999999999993960e+00,1.000000000000001110e+00,9.605486230209099308e-01,-2.781121047574768856e-01
1.615256356815339700e+01,9.999999999999992228e-01,1.000000000000000000e+00,7.950000000000003730e+00,9.999999999999992228e-01,9.605243393841478294e-01,-2.781959623190933262e-01
1.615756565235514941e+01,9.999999999999992228e-01,1.000000000000000000e+00,7.950000000000003730e+00,9.999999999999992228e-01,9.605000484264750726e-01,-2.782798177603597600e-01
1.616256773655689472e+01,9.999999999999992228e-01,1.000000000000000000e+00,7.950000000000003730e+00,9.999999999999992228e-01,9.604757501480768456e-01,-2.783636710806370873e-01
1.616756982075864713e+01,9.999999999999992228e-01,1.000000000000000000e+00,7.950000000000003730e+00,9.999999999999992228e-01,9.604514445491382224e-01,-2.784475222792861526e-01
1.617257190496039954e+01,9.999999999999992228e-01,1.000000000000000000e+00,7.950000000000003730e+00,9.999999999999992228e-01,9.604271316298447214e-01,-2.785313713556679116e-01
1.617757398916215195e+01,9.999999999999992228e-01,1.000000000000000000e+00,7.950000000000003730e+00,9.999999999999992228e-01,9.604028113903814168e-01,-2.786152183091432644e-01
1.618257607336390080e+01,9.999999999999992228e-01,1.000000000000000000e+00,7.950000000000003730e+00,9.999999999999992228e-01,9.603784838309337157e-01,-2.786990631390731665e-01
1.618757815756565321e+01,9.999999999999992228e-01,1.000000000000000000e+00,7.950000000000003730e+00,9.999999999999992228e-01,9.603541489516870255e-01,-2.787829058448185182e-01
1.619258024176740207e+01,9.999999999999992228e-01,1.000000000000000000e+00,7.950000000000003730e+00,9.999999999999992228e-01,9.603298067528268644e-01,-2.788667464257402751e-01
1.619758232596915448e+01,9.999999999999992228e-01,1.000000000000000000e+00,7.950000000000003730e+00,9.999999999999992228e-01,9.603054572345388618e-01,-2.789505848811995037e-01
1.620258441017090334e+01,9.999999999999992228e-01,1.000000000000000000e+00,7.950000000000003730e+00,9.999999999999992228e-01,9.602811003970084247e-01,-2.790344212105571597e-01
1.620758649437265220e+01,9.999999999999992228e-01,1.000000000000000000e+00,7.950000000000003730e+00,9.999999999999992228e-01,9.602567362404212936e-01,-2.791182554131742544e-01
1.621258857857440461e+01,1.000000000000001110e+00,1.000000000000000000e+00,7.949999999999993960e+00,1.000000000000001110e+00,9.602323647649630978e-01,-2.792020874884118542e-01
1.621759066277615702e+01,9.999999999999992228e-01,1.000000000000000000e+00,7.950000000000003730e+00,9.999999999999992228e-01,9.602079859708196885e-01,-2.792859174356310259e-01
1.622259274697790588e+01,9.999999999999992228e-01,1.000000000000000000e+00,7.950000000000003730e+00,9.999999999999992228e-01,9.601835998581768061e-01,-2.793697452541927251e-01
1.622759483117965829e+01,9.999999999999992228e-01,1.000000000000000000e+00,7.950000000000003730e+00,9.999999999999992228e-01,9.601592064272204130e-01,-2.794535709434581849e-01
1.623259691538141070e+01,9.999999999999992228e-01,1.000000000000000000e+00,7.950000000000003730e+00,9.999999999999992228e-01,9.601348056781362494e-01,-2.795373945027883611e-01
1.623759899958315955e+01,1.000000000000001110e+00,1.000000000000000000e+00,7.949999999999993960e+00,1.000000000000001110e+00,9.601103976111103888e-01,-2.796212159315444312e-01
1.624260108378490841e+01,9.999999999999992228e-01,1.000000000000000000e+00,7.950000000000003730e+00,9.999999999999992228e-01,9.600859822263290155e-01,-2.797050352290875730e-01
1.624760316798666082e+01,9.999999999999992228e-01,1.000000000000000000e+00,7.950000000000003730e+00,9.999999999999992228e-01,9.600615595239779809e-01,-2.797888523947789086e-01
1.625260525218840968e+01,9.999999999999992228e-01,1.000000000000000000e+00,7.950000000000003730e+00,9.999999999999992228e-01,9.600371295042434694e-01,-2.798726674279795046e-01
1.625760733639016209e+01,1.000000000000001110e+00,1.000000000000000000e+00,7.949999999999993960e+00,1.000000000000001110e+00,9.600126921673117764e-01,-2.799564803280506498e-01
1.626260942059191095e+01,9.999999999999992228e-01,1.000000000000000000e+00,7.950000000000003730e+00,9.999999999999992228e-01,9.599882475133691973e-01,-2.800402910943535217e-01
1.626761150479366336e+01,9.999999999999992228e-01,1.000000000000000000e+00,7.950000000000003730e+00,9.999999999999992228e-01,9.599637955426019165e-01,-2.801240997262493537e-01
1.627261358899541577e+01,1.000000000000001110e+00,1.000000000000000000e+00,7.949999999999993960e+00,1.000000000000001110e+00,9.599393362551962294e-01,-2.802079062230992679e-01
1.627761567319716818e+01,9.999999999999992228e-01,1.000000000000000000e+00,7.950000000000003730e+00,9.999999999999992228e-01,9.599148696513388757e-01,-2.802917105842646639e-01
1.628261775739891348e+01,9.999999999999992228e-01,1.000000000000000000e+00,7.950000000000003730e+00,9.999999999999992228e-01,9.598903957312160395e-01,-2.803755128091066084e-01
1.628761984160066589e+01,9.999999999999992228e-01,1.000000000000000000e+00,7.950000000000003730e+00,9.999999999999992228e-01,9.598659144950143496e-01,-2.804593128969866123e-01
1.629262192580241830e+01,9.999999999999992228e-01,1.000000000000000000e+00,7.950000000000003730e+00,9.999999999999992228e-01,9.598414259429204343e-01,-2.805431108472657975e-01
1.629762401000416716e+01,1.000000000000001110e+00,1.000000000000000000e+00,7.949999999999993960e+00,1.000000000000001110e+00,9.598169300751208111e-01,-2.806269066593054529e-01
1.630262609420591602e+01,9.999999999999992228e-01,1.000000000000000000e+00,7.950000000000003730e+00,9.999999999999992228e-01,9.597924268918024415e-01,-2.807107003324670891e-01
1.630762817840766843e+01,9.999999999999992228e-01,1.000000000000000000e+00,7.950000000000003730e+00,9.999999999999992228e-01,9.597679163931518431e-01,-2.807944918661118838e-01
1.631263026260942084e+01,9.999999999999992228e-01,1.000000000000000000e+00,7.950000000000003730e+00,9.999999999999992228e-01,9.597433985793558664e-01,-2.808782812596012923e-01
1.631763234681116970e+01,9.999999999999992228e-01,1.000000000000000000e+00,7.950000000000003730e+00,9.999999999999992228e-01,9.597188734506014729e-01,-2.809620685122966033e-01
1.632263443101292211e+01,9.999999999999992228e-01,1.000000000000000000e+00,7.950000000000003730e+00,9.999999999999992228e-01,9.596943410070755132e-01,-2.810458536235592719e-01
1.632763651521467096e+01,9.999999999999992228e-01,1.000000000000000000e+00,7.950000000000003730e+00,9.999999999999992228e-01,9.596698012489649487e-01,-2.811296365927506424e-01
1.633263859941642338e+01,9.999999999999992228e-01,1.000000000000000000e+00,7.950000000000003730e+00,9.999999999999992228e-01,9.596452541764569633e-01,-2.812134174192322256e-01
1.633764068361817223e+01,9.999999999999992228e-01,1.000000000000000000e+00,7.950000000000003730e+00,9.999999999999992228e-01,9.596206997897385182e-01,-2.812971961023654210e-01
1.634264276781992109e+01,1.000000000000001110e+00,1.000000000000000000e+00,7.949999999999993960e+00,1.000000000000001110e+00,9.595961380889966863e-01,-2.813809726415116286e-01
1.634764485202167350e+01,9.999999999999992228e-01,1.000000000000000000e+00,7.950000000000003730e+00,9.999999999999992228e-01,9.595715690744188731e-01,-2.814647470360324144e-01
1.635264693622342591e+01,9.999999999999992228e-01,1.000000000000000000e+00,7.950000000000003730e+00,9.999999999999992228e-01,9.595469927461922621e-01,-2.815485192852892338e-01
1.635764902042517477e+01,1.000000000000001110e+00,1.000000000000000000e+00,7.949999999999993960e+00,1.000000000000001110e+00,9.595224091045040371e-01,-2.816322893886435974e-01
1.636265110462692718e+01,9.999999999999992228e-01,1.000000000000000000e+00,7.950000000000003730e+00,9.999999999999992228e-01,9.594978181495418257e-01,-2.817160573454570160e-01
1.636765318882867959e+01,9.999999999999992228e-01,1.000000000000000000e+00,7.950000000000003730e+00,9.999999999999992228e-01,9.594732198814928115e-01,-2.817998231550910004e-01
1.637265527303042845e+01,9.999999999999992228e-01,1.000000000000000000e+00,7.950000000000003730e+00,9.999999999999992228e-01,9.594486143005446221e-01,-2.818835868169071168e-01
1.637765735723217730e+01,9.999999999999992228e-01,1.000000000000000000e+00,7.950000000000003730e+00,9.999999999999992228e-01,9.594240014068846634e-01,-2.819673483302669870e-01
1.638265944143392971e+01,1.000000000000001110e+00,1.000000000000000000e+00,7.949999999999993960e+00,1.000000000000001110e+00,9.593993812007006738e-01,-2.820511076945321771e-01
1.638766152563567857e+01,9.999999999999992228e-01,1.000000000000000000e+00,7.950000000000003730e+00,9.999999999999992228e-01,9.593747536821802813e-01,-2.821348649090642535e-01
1.639266360983743098e+01,9.999999999999992228e-01,1.000000000000000000e+00,7.950000000000003730e+00,9.999999999999992228e-01,9.593501188515111133e-01,-2.822186199732248935e-01
1.639766569403917984e+01,9.999999999999992228e-01,1.000000000000000000e+00,7.950000000000003730e+00,9.999999999999992228e-01,9.593254767088809087e-01,-2.823023728863757187e-01
1.640266777824093225e+01,9.999999999999992228e-01,1.000000000000000000e+00,7.950000000000003730e+00,9.999999999999992228e-01,9.593008272544776283e-01,-2.823861236478783510e-01
1.640766986244268466e+01,1.000000000000001110e+00,1.000000000000000000e+00,7.949999999999993960e+00,1.000000000000001110e+00,9.592761704884890106e-01,-2.824698722570944676e-01
1.641267194664443707e+01,9.999999999999992228e-01,1.000000000000000000e+00,7.950000000000003730e+00,9.999999999999992228e-01,9.592515064111031275e-01,-2.825536187133858013e-01
1.641767403084618238e+01,9.999999999999992228e-01,1.000000000000000000e+00,7.950000000000003730e+00,9.999999999999992228e-01,9.592268350225078288e-01,-2.826373630161139183e-01
1.642267611504793479e+01,9.999999999999992228e-01,1.000000000000000000e+00,7.950000000000003730e+00,9.999999999999992228e-01,9.592021563228911862e-01,-2.827211051646407181e-01
1.642767819924968720e+01,9.999999999999992228e-01,1.000000000000000000e+00,7.950000000000003730e+00,9.999999999999992228e-01,9.591774703124412715e-01,-2.828048451583278222e-01
1.643268028345143605e+01,9.999999999999992228e-01,1.000000000000000000e+00,7.950000000000003730e+00,9.999999999999992228e-01,9.591527769913463786e-01,-2.828885829965370191e-01
1.643768236765318491e+01,1.000000000000001110e+00,1.000000000000000000e+00,7.949999999999993960e+00,1.000000000000001110e+00,9.591280763597944681e-01,-2.829723186786300415e-01
1.644268445185493732e+01,9.999999999999992228e-01,1.000000000000000000e+00,7.950000000000003730e+00,9.999999999999992228e-01,9.591033684179740559e-01,-2.830560522039687887e-01
1.644768653605668973e+01,9.999999999999992228e-01,1.000000000000000000e+00,7.950000000000003730e+00,9.999999999999992228e-01,9.590786531660733250e-01,-2.831397835719149381e-01
1.645268862025844214e+01,9.999999999999992228e-01,1.000000000000000000e+00,7.950000000000003730e+00,9.999999999999992228e-01,9.590539306042806800e-01,-2.832235127818303333e-01
1.645769070446019100e+01,9.999999999999992228e-01,1.000000000000000000e+00,7.950000000000003730e+00,9.999999999999992228e-01,9.590292007327845258e-01,-2.833072398330768737e-01
1.646269278866193986e+01,9.999999999999992228e-01,1.000000000000000000e+00,7.950000000000003730e+00,9.999999999999992228e-01,9.590044635517733784e-01,-2.833909647250162367e-01
1.646769487286369227e+01,9.999999999999992228e-01,1.000000000000000000e+00,7.950000000000003730e+00,9.999999999999992228e-01,9.589797190614357536e-01,-2.834746874570105435e-01
1.647269695706544468e+01,9.999999999999992228e-01,1.000000000000000000e+00,7.950000000000003730e+00,9.999999999999992228e-01,9.589549672619602783e-01,-2.835584080284214714e-01
1.647769904126719354e+01,9.999999999999992228e-01,1.000000000000000000e+00,7.950000000000003730e+00,9.999999999999992228e-01,9.589302081535355793e-01,-2.836421264386110308e-01
1.648270112546894239e+01,9.999999999999992228e-01,1.000000000000000000e+00,7.950000000000003730e+00,9.999999999999992228e-01,9.589054417363503946e-01,-2.837258426869410100e-01
1.648770320967069480e+01,1.000000000000001110e+00,1.000000000000000000e+00,7.949999999999993960e+00,1.000000000000001110e+00,9.588806680105933511e-01,-2.838095567727735302e-01
1.649270529387244721e+01,9.999999999999992228e-01,1.000000000000000000e+00,7.950000000000003730e+00,9.999999999999992228e-01,9.588558869764535197e-01,-2.838932686954704354e-01
1.649770737807419607e+01,9.999999999999992228e-01,1.000000000000000000e+00,7.950000000000003730e+00,9.999999999999992228e-01,9.588310986341196385e-01,-2.839769784543936804e-01
1.650270946227594848e+01,1.000000000000001110e+00,1.000000000000000000e+00,7.949999999999993960e+00,1.000000000000001110e+00,9.588063029837805562e-01,-2.840606860489052754e-01
1.650771154647769734e+01,9.999999999999992228e-01,1.000000000000000000e+00,7.950000000000003730e+00,9.999999999999992228e-01,9.587815000256254550e-01,-2.841443914783671199e-01
1.651271363067944975e+01,1.000000000000001110e+00,1.000000000000000000e+00,7.949999999999993960e+00,1.000000000000001110e+00,9.587566897598431837e-01,-2.842280947421413906e-01
1.651771571488119861e+01,9.999999999999992228e-01,1.000000000000000000e+00,7.950000000000003730e+00,9.999999999999992228e-01,9.587318721866230353e-01,-2.843117958395900979e-01
1.652271779908295102e+01,9.999999999999992228e-01,1.000000000000000000e+00,7.950000000000003730e+00,9.999999999999992228e-01,9.587070473061539699e-01,-2.843954947700751967e-01
1.652771988328469988e+01,1.000000000000001110e+00,1.000000000000000000e+00,7.949999999999993960e+00,1.000000000000001110e+00,9.586822151186252805e-01,-2.844791915329586973e-01
1.653272196748645229e+01,9.999999999999992228e-01,1.000000000000000000e+00,7.950000000000003730e+00,9.999999999999992228e-01,9.586573756242262601e-01,-2.845628861276028876e-01
1.653772405168820114e+01,1.000000000000001110e+00,1.000000000000000000e+00,7.949999999999993960e+00,1.000000000000001110e+00,9.586325288231462016e-01,-2.846465785533697224e-01
1.654272613588995355e+01,1.000000000000001110e+00,1.000000000000000000e+00,7.949999999999993960e+00,1.000000000000001110e+00,9.586076747155745092e-01,-2.847302688096213785e-01
1.654772822009170596e+01,9.999999999999992228e-01,1.000000000000000000e+00,7.950000000000003730e+00,9.999999999999992228e-01,9.585828133017005870e-01,-2.848139568957199774e-01
1.655273030429345482e+01,9.999999999999992228e-01,1.000000000000000000e+00,7.950000000000003730e+00,9.999999999999992228e-01,9.585579445817139499e-01,-2.848976428110275294e-01
1.655773238849520368e+01,9.999999999999992228e-01,1.000000000000000000e+00,7.950000000000003730e+00,9.999999999999992228e-01,9.585330685558041131e-01,-2.849813265549063779e-01
1.656273447269695609e+01,1.000000000000001110e+00,1.000000000000000000e+00,7.949999999999993960e+00,1.000000000000001110e+00,9.585081852241605915e-01,-2.850650081267186997e-01
1.656773655689870850e+01,9.999999999999992228e-01,1.000000000000000000e+00,7.950000000000003730e+00,9.999999999999992228e-01,9.584832945869732335e-01,-2.851486875258265608e-01
1.657273864110045736e+01,9.999999999999992228e-01,1.000000000000000000e+00,7.950000000000003730e+00,9.999999999999992228e-01,9.584583966444316649e-01,-2.852323647515922489e-01
1.657774072530220622e+01,1.000000000000001110e+00,1.000000000000000000e+00,7.949999999999993960e+00,1.000000000000001110e+00,9.584334913967255121e-01,-2.853160398033779965e-01
1.658274280950395863e+01,9.999999999999992228e-01,1.000000000000000000e+00,7.950000000000003730e+00,9.999999999999992228e-01,9.584085788440448450e-01,-2.853997126805460915e-01
1.658774489370571104e+01,9.999999999999992228e-01,1.000000000000000000e+00,7.950000000000003730e+00,9.999999999999992228e-01,9.583836589865794009e-01,-2.854833833824587108e-01
1.659274697790746345e+01,9.999999999999992228e-01,1.000000000000000000e+00,7.950000000000003730e+00,9.999999999999992228e-01,9.583587318245191389e-01,-2.855670519084781978e-01
1.659774906210920875e+01,9.999999999999992228e-01,1.000000000000000000e+00,7.950000000000003730e+00,9.999999999999992228e-01,9.583337973580540181e-01,-2.856507182579667292e-01
1.660275114631096116e+01,9.999999999999992228e-01,1.000000000000000000e+00,7.950000000000003730e+00,9.999999999999992228e-01,9.583088555873741088e-01,-2.857343824302868152e-01
1.660775323051271357e+01,9.999999999999992228e-01,1.000000000000000000e+00,7.950000000000003730e+00,9.999999999999992228e-01,9.582839065126694811e-01,-2.858180444248006880e-01
1.661275531471446598e+01,1.000000000000001110e+00,1.000000000000000000e+00,7.949999999999993960e+00,1.000000000000001110e+00,9.582589501341303162e-01,-2.859017042408706355e-01
1.661775739891621129e+01,9.999999999999992228e-01,1.000000000000000000e+00,7.950000000000003730e+00,9.999999999999992228e-01,9.582339864519469064e-01,-2.859853618778590567e-01
1.662275948311796370e+01,9.999999999999992228e-01,1.000000000000000000e+00,7.950000000000003730e+00,9.999999999999992228e-01,9.582090154663094328e-01,-2.860690173351284060e-01
1.662776156731971611e+01,9.999999999999992228e-01,1.000000000000000000e+00,7.950000000000003730e+00,9.999999999999992228e-01,9.581840371774081877e-01,-2.861526706120410268e-01
1.663276365152146852e+01,1.000000000000001110e+00,1.000000000000000000e+00,7.949999999999993960e+00,1.000000000000001110e+00,9.581590515854335743e-01,-2.862363217079593181e-01
1.663776573572321738e+01,9.999999999999992228e-01,1.000000000000000000e+00,7.950000000000003730e+00,9.999999999999992228e-01,9.581340586905761070e-01,-2.863199706222457341e-01
1.664276781992496979e+01,9.999999999999992228e-01,1.000000000000000000e+00,7.950000000000003730e+00,9.999999999999992228e-01,9.581090584930261889e-01,-2.864036173542626740e-01
1.664776990412671864e+01,9.999999999999992228e-01,1.000000000000000000e+00,7.950000000000003730e+00,9.999999999999992228e-01,9.580840509929744453e-01,-2.864872619033725920e-01
1.665277198832847105e+01,9.999999999999992228e-01,1.000000000000000000e+00,7.950000000000003730e+00,9.999999999999992228e-01,9.580590361906113905e-01,-2.865709042689380537e-01
1.665777407253021991e+01,9.999999999999992228e-01,1.000000000000000000e+00,7.950000000000003730e+00,9.999999999999992228e-01,9.580340140861276499e-01,-2.866545444503215689e-01
1.666277615673196877e+01,9.999999999999992228e-01,1.000000000000000000e+00,7.950000000000003730e+00,9.999999999999992228e-01,9.580089846797140707e-01,-2.867381824468854812e-01
1.666777824093372118e+01,9.999999999999992228e-01,1.000000000000000000e+00,7.950000000000003730e+00,9.999999999999992228e-01,9.579839479715613892e-01,-2.868218182579924669e-01
1.667278032513547359e+01,9.999999999999992228e-01,1.000000000000000000e+00,7.950000000000003730e+00,9.999999999999992228e-01,9.579589039618603419e-01,-2.869054518830050360e-01
1.667778240933722245e+01,1.000000000000001110e+00,1.000000000000000000e+00,7.949999999999993960e+00,1.000000000000001110e+00,9.579338526508017759e-01,-2.869890833212858094e-01
1.668278449353897486e+01,9.999999999999992228e-01,1.000000000000000000e+00,7.950000000000003730e+00,9.999999999999992228e-01,9.579087940385768718e-01,-2.870727125721972417e-01
1.668778657774072727e+01,9.999999999999992228e-01,1.000000000000000000e+00,7.950000000000003730e+00,9.999999999999992228e-01,9.578837281253763658e-01,-2.871563396351020092e-01
1.669278866194247612e+01,9.999999999999992228e-01,1.000000000000000000e+00,7.950000000000003730e+00,9.999999999999992228e-01,9.578586549113914383e-01,-2.872399645093626219e-01
1.669779074614422498e+01,9.999999999999992228e-01,1.000000000000000000e+00,7.950000000000003730e+00,9.999999999999992228e-01,9.578335743968131588e-01,-2.873235871943419228e-01
1.670279283034597739e+01,9.999999999999992228e-01,1.000000000000000000e+00,7.950000000000003730e+00,9.999999999999992228e-01,9.578084865818327076e-01,-2.874072076894023664e-01
1.670779491454772625e+01,9.999999999999992228e-01,1.000000000000000000e+00,7.950000000000003730e+00,9.999999999999992228e-01,9.577833914666412651e-01,-2.874908259939066291e-01
1.671279699874947866e+01,9.999999999999992228e-01,1.000000000000000000e+00,7.950000000000003730e+00,9.999999999999992228e-01,9.577582890514300118e-01,-2.875744421072174983e-01
1.671779908295122752e+01,9.999999999999992228e-01,1.000000000000000000e+00,7.950000000000003730e+00,9.999999999999992228e-01,9.577331793363904611e-01,-2.876580560286976507e-01
1.672280116715297993e+01,9.999999999999992228e-01,1.000000000000000000e+00,7.950000000000003730e+00,9.999999999999992228e-01,9.577080623217139044e-01,-2.877416677577097071e-01
1.672780325135473234e+01,9.999999999999992228e-01,1.000000000000000000e+00,7.950000000000003730e+00,9.999999999999992228e-01,9.576829380075917442e-01,-2.878252772936164550e-01
1.673280533555648120e+01,9.999999999999992228e-01,1.000000000000000000e+00,7.950000000000003730e+00,9.999999999999992228e-01,9.576578063942154939e-01,-2.879088846357806264e-01
1.673780741975823005e+01,9.999999999999992228e-01,1.000000000000000000e+00,7.950000000000003730e+00,9.999999999999992228e-01,9.576326674817767781e-01,-2.879924897835649533e-01
1.674280950395998246e+01,9.999999999999992228e-01,1.000000000000000000e+00,7.950000000000003730e+00,9.999999999999992228e-01,9.576075212704671102e-01,-2.880760927363323343e-01
1.674781158816173487e+01,9.999999999999992228e-01,1.000000000000000000e+00,7.950000000000003730e+00,9.999999999999992228e-01,9.575823677604781148e-01,-2.881596934934454457e-01
1.675281367236348373e+01,9.999999999999992228e-01,1.000000000000000000e+00,7.950000000000003730e+00,9.999999999999992228e-01,9.575572069520016383e-01,-2.882432920542671306e-01
1.675781575656523259e+01,1.000000000000001110e+00,1.000000000000000000e+00,7.949999999999993960e+00,1.000000000000001110e+00,9.575320388452293052e-01,-2.883268884181602321e-01
1.676281784076698500e+01,9.999999999999992228e-01,1.000000000000000000e+00,7.950000000000003730e+00,9.999999999999992228e-01,9.575068634403530732e-01,-2.884104825844875930e-01
1.676781992496873741e+01,9.999999999999992228e-01,1.000000000000000000e+00,7.950000000000003730e+00,9.999999999999992228e-01,9.574816807375647887e-01,-2.884940745526121120e-01
1.677282200917048627e+01,9.999999999999992228e-01,1.000000000000000000e+00,7.950000000000003730e+00,9.999999999999992228e-01,9.574564907370562983e-01,-2.885776643218965765e-01
1.677782409337223868e+01,9.999999999999992228e-01,1.000000000000000000e+00,7.950000000000003730e+00,9.999999999999992228e-01,9.574312934390196705e-01,-2.886612518917039960e-01
1.678282617757398754e+01,9.999999999999992228e-01,1.000000000000000000e+00,7.950000000000003730e+00,9.999999999999992228e-01,9.574060888436469741e-01,-2.887448372613971581e-01
1.678782826177573995e+01,9.999999999999992228e-01,1.000000000000000000e+00,7.950000000000003730e+00,9.999999999999992228e-01,9.573808769511302774e-01,-2.888284204303390723e-01
1.679283034597748880e+01,9.999999999999992228e-01,1.000000000000000000e+00,7.950000000000003730e+00,9.999999999999992228e-01,9.573556577616617602e-01,-2.889120013978926926e-01
1.679783243017923766e+01,9.999999999999992228e-01,1.000000000000000000e+00,7.950000000000003730e+00,9.999999999999992228e-01,9.573304312754336021e-01,-2.889955801634209731e-01
1.680283451438099007e+01,1.000000000000001110e+00,1.000000000000000000e+00,7.949999999999993960e+00,1.000000000000001110e+00,9.573051974926380936e-01,-2.890791567262868678e-01
1.680783659858274248e+01,9.999999999999992228e-01,1.000000000000000000e+00,7.950000000000003730e+00,9.999999999999992228e-01,9.572799564134676364e-01,-2.891627310858534416e-01
1.681283868278449134e+01,1.000000000000001110e+00,1.000000000000000000e+00,7.949999999999993960e+00,1.000000000000001110e+00,9.572547080381144102e-01,-2.892463032414835933e-01
1.681784076698624375e+01,9.999999999999992228e-01,1.000000000000000000e+00,7.950000000000003730e+00,9.999999999999992228e-01,9.572294523667710386e-01,-2.893298731925404987e-01
1.682284285118799616e+01,9.999999999999992228e-01,1.000000000000000000e+00,7.950000000000003730e+00,9.999999999999992228e-01,9.572041893996300344e-01,-2.894134409383870565e-01
1.682784493538974502e+01,9.999999999999992228e-01,1.000000000000000000e+00,7.950000000000003730e+00,9.999999999999992228e-01,9.571789191368837990e-01,-2.894970064783863872e-01
1.683284701959149388e+01,9.999999999999992228e-01,1.000000000000000000e+00,7.950000000000003730e+00,9.999999999999992228e-01,9.571536415787249563e-01,-2.895805698119016669e-01
1.683784910379324629e+01,9.999999999999992228e-01,1.000000000000000000e+00,7.950000000000003730e+00,9.999999999999992228e-01,9.571283567253463520e-01,-2.896641309382959051e-01
1.684285118799499514e+01,9.999999999999992228e-01,1.000000000000000000e+00,7.950000000000003730e+00,9.999999999999992228e-01,9.571030645769404988e-01,-2.897476898569321113e-01
1.684785327219674755e+01,9.999999999999992228e-01,1.000000000000000000e+00,7.950000000000003730e+00,9.999999999999992228e-01,9.570777651337002423e-01,-2.898312465671736282e-01
1.685285535639849641e+01,1.000000000000001110e+00,1.000000000000000000e+00,7.949999999999993960e+00,1.000000000000001110e+00,9.570524583958183173e-01,-2.899148010683835208e-01
1.685785744060024882e+01,9.999999999999992228e-01,1.000000000000000000e+00,7.950000000000003730e+00,9.999999999999992228e-01,9.570271443634877917e-01,-2.899983533599249097e-01
1.686285952480200123e+01,9.999999999999992228e-01,1.000000000000000000e+00,7.950000000000003730e+00,9.999999999999992228e-01,9.570018230369015111e-01,-2.900819034411610264e-01
1.686786160900375364e+01,9.999999999999992228e-01,1.000000000000000000e+00,7.950000000000003730e+00,9.999999999999992228e-01,9.569764944162524323e-01,-2.901654513114550471e-01
1.687286369320549895e+01,9.999999999999992228e-01,1.000000000000000000e+00,7.950000000000003730e+00,9.999999999999992228e-01,9.569511585017336230e-01,-2.902489969701701478e-01
1.687786577740725136e+01,9.999999999999992228e-01,1.000000000000000000e+00,7.950000000000003730e+00,9.999999999999992228e-01,9.569258152935382622e-01,-2.903325404166696710e-01
1.688286786160900377e+01,9.999999999999992228e-01,1.000000000000000000e+00,7.950000000000003730e+00,9.999999999999992228e-01,9.569004647918594175e-01,-2.904160816503167930e-01
1.688786994581075263e+01,9.999999999999992228e-01,1.000000000000000000e+00,7.950000000000003730e+00,9.999999999999992228e-01,9.568751069968902678e-01,-2.904996206704747452e-01
1.689287203001250148e+01,9.999999999999992228e-01,1.000000000000000000e+00,7.950000000000003730e+00,9.999999999999992228e-01,9.568497419088242140e-01,-2.905831574765068703e-01
1.689787411421425389e+01,9.999999999999992228e-01,1.000000000000000000e+00,7.950000000000003730e+00,9.999999999999992228e-01,9.568243695278545458e-01,-2.906666920677764554e-01
1.690287619841600630e+01,9.999999999999992228e-01,1.000000000000000000e+00,7.950000000000003730e+00,9.999999999999992228e-01,9.567989898541746641e-01,-2.907502244436468430e-01
1.690787828261775871e+01,9.999999999999992228e-01,1.000000000000000000e+00,7.950000000000003730e+00,9.999999999999992228e-01,9.567736028879778587e-01,-2.908337546034813759e-01
1.691288036681950757e+01,9.999999999999992228e-01,1.000000000000000000e+00,7.950000000000003730e+00,9.999999999999992228e-01,9.567482086294577526e-01,-2.909172825466433410e-01
1.691788245102125643e+01,9.999999999999992228e-01,1.000000000000000000e+00,7.950000000000003730e+00,9.999999999999992228e-01,9.567228070788079686e-01,-2.910008082724960254e-01
1.692288453522300884e+01,1.000000000000001110e+00,1.000000000000000000e+00,7.949999999999993960e+00,1.000000000000001110e+00,9.566973982362219076e-01,-2.910843317804030495e-01
1.692788661942476125e+01,9.999999999999992228e-01,1.000000000000000000e+00,7.950000000000003730e+00,9.999999999999992228e-01,9.566719821018934145e-01,-2.911678530697276446e-01
1.693288870362650655e+01,9.999999999999992228e-01,1.000000000000000000e+00,7.950000000000003730e+00,9.999999999999992228e-01,9.566465586760161122e-01,-2.912513721398332645e-01
1.693789078782825896e+01,1.000000000000001110e+00,1.000000000000000000e+00,7.949999999999993960e+00,1.000000000000001110e+00,9.566211279587837346e-01,-2.913348889900833627e-01
1.694289287203001138e+01,1.000000000000001110e+00,1.000000000000000000e+00,7.949999999999993960e+00,1.000000000000001110e+00,9.565956899503902378e-01,-2.914184036198414485e-01
1.694789495623176379e+01,9.999999999999992228e-01,1.000000000000000000e+00,7.950000000000003730e+00,9.999999999999992228e-01,9.565702446510294665e-01,-2.915019160284708644e-01
1.695289704043351264e+01,9.999999999999992228e-01,1.000000000000000000e+00,7.950000000000003730e+00,9.999999999999992228e-01,9.565447920608952659e-01,-2.915854262153351750e-01
1.695789912463526505e+01,9.999999999999992228e-01,1.000000000000000000e+00,7.950000000000003730e+00,9.999999999999992228e-01,9.565193321801817028e-01,-2.916689341797978896e-01
1.696290120883701391e+01,9.999999999999992228e-01,1.000000000000000000e+00,7.950000000000003730e+00,9.999999999999992228e-01,9.564938650090828443e-01,-2.917524399212224062e-01
1.696790329303876632e+01,9.999999999999992228e-01,1.000000000000000000e+00,7.950000000000003730e+00,9.999999999999992228e-01,9.564683905477926462e-01,-2.918359434389724560e-01
1.697290537724051518e+01,9.999999999999992228e-01,1.000000000000000000e+00,7.950000000000003730e+00,9.999999999999992228e-01,9.564429087965055087e-01,-2.919194447324114927e-01
1.697790746144226759e+01,9.999999999999992228e-01,1.000000000000000000e+00,7.950000000000003730e+00,9.999999999999992228e-01,9.564174197554154988e-01,-2.920029438009030809e-01
1.698290954564401645e+01,1.000000000000001110e+00,1.000000000000000000e+00,7.949999999999993960e+00,1.000000000000001110e+00,9.563919234247169054e-01,-2.920864406438107297e-01
1.698791162984576886e+01,9.999999999999992228e-01,1.000000000000000000e+00,7.950000000000003730e+00,9.999999999999992228e-01,9.563664198046041287e-01,-2.921699352604982258e-01
1.699291371404751771e+01,9.999999999999992228e-01,1.000000000000000000e+00,7.950000000000003730e+00,9.999999999999992228e-01,9.563409088952714576e-01,-2.922534276503291339e-01
1.699791579824927013e+01,1.000000000000001110e+00,1.000000000000000000e+00,7.949999999999993960e+00,1.000000000000001110e+00,9.563153906969132922e-01,-2.923369178126670187e-01
1.700291788245102254e+01,1.000000000000001110e+00,1.000000000000000000e+00,7.949999999999993960e+00,1.000000000000001110e+00,9.562898652097242547e-01,-2.924204057468756113e-01
1.700791996665277139e+01,1.000000000000001110e+00,1.000000000000000000e+00,7.949999999999993960e+00,1.000000000000001110e+00,9.562643324338988560e-01,-2.925038914523184763e-01
1.701292205085452025e+01,9.999999999999992228e-01,1.000000000000000000e+00,7.950000000000003730e+00,9.999999999999992228e-01,9.562387923696317182e-01,-2.925873749283594005e-01
1.701792413505627266e+01,9.999999999999992228e-01,1.000000000000000000e+00,7.950000000000003730e+00,9.999999999999992228e-01,9.562132450171174636e-01,-2.926708561743621151e-01
1.702292621925802507e+01,1.000000000000001110e+00,1.000000000000000000e+00,7.949999999999993960e+00,1.000000000000001110e+00,9.561876903765507141e-01,-2.927543351896902402e-01
1.702792830345977393e+01,9.999999999999992228e-01,1.000000000000000000e+00,7.950000000000003730e+00,9.999999999999992228e-01,9.561621284481264249e-01,-2.928378119737075624e-01
1.703293038766152279e+01,1.000000000000001110e+00,1.000000000000000000e+00,7.949999999999993960e+00,1.000000000000001110e+00,9.561365592320393292e-01,-2.929212865257779241e-01
1.703793247186327520e+01,9.999999999999992228e-01,1.000000000000000000e+00,7.950000000000003730e+00,9.999999999999992228e-01,9.561109827284843821e-01,-2.930047588452650009e-01
1.704293455606502761e+01,9.999999999999992228e-01,1.000000000000000000e+00,7.950000000000003730e+00,9.999999999999992228e-01,9.560853989376564277e-01,-2.930882289315325795e-01
1.704793664026678002e+01,9.999999999999992228e-01,1.000000000000000000e+00,7.950000000000003730e+00,9.999999999999992228e-01,9.560598078597504212e-01,-2.931716967839445576e-01
1.705293872446852532e+01,9.999999999999992228e-01,1.000000000000000000e+00,7.950000000000003730e+00,9.999999999999992228e-01,9.560342094949615399e-01,-2.932551624018646108e-01
1.705794080867027773e+01,9.999999999999992228e-01,1.000000000000000000e+00,7.950000000000003730e+00,9.999999999999992228e-01,9.560086038434848499e-01,-2.933386257846567480e-01
1.706294289287203014e+01,9.999999999999992228e-01,1.000000000000000000e+00,7.950000000000003730e+00,9.999999999999992228e-01,9.559829909055154173e-01,-2.934220869316847558e-01
1.706794497707378255e+01,9.999999999999992228e-01,1.000000000000000000e+00,7.950000000000003730e+00,9.999999999999992228e-01,9.559573706812486416e-01,-2.935055458423124763e-01
1.707294706127552786e+01,9.999999999999992228e-01,1.000000000000000000e+00,7.950000000000003730e+00,9.999999999999992228e-01,9.559317431708796997e-01,-2.935890025159038075e-01
1.707794914547728027e+01,1.000000000000001110e+00,1.000000000000000000e+00,7.949999999999993960e+00,1.000000000000001110e+00,9.559061083746037690e-01,-2.936724569518227579e-01
1.708295122967903268e+01,1.000000000000001110e+00,1.000000000000000000e+00,7.949999999999993960e+00,1.000000000000001110e+00,9.558804662926164708e-01,-2.937559091494331698e-01
1.708795331388078509e+01,9.999999999999992228e-01,1.000000000000000000e+00,7.950000000000003730e+00,9.999999999999992228e-01,9.558548169251132043e-01,-2.938393591080989964e-01
1.709295539808253395e+01,9.999999999999992228e-01,1.000000000000000000e+00,7.950000000000003730e+00,9.999999999999992228e-01,9.558291602722893687e-01,-2.939228068271842464e-01
1.709795748228428280e+01,9.999999999999992228e-01,1.000000000000000000e+00,7.950000000000003730e+00,9.999999999999992228e-01,9.558034963343404744e-01,-2.940062523060527622e-01
1.710295956648603521e+01,9.999999999999992228e-01,1.000000000000000000e+00,7.950000000000003730e+00,9.999999999999992228e-01,9.557778251114622536e-01,-2.940896955440687188e-01
1.710796165068778762e+01,9.999999999999992228e-01,1.000000000000000000e+00,7.950000000000003730e+00,9.999999999999992228e-01,9.557521466038503277e-01,-2.941731365405960696e-01
1.711296373488953648e+01,9.999999999999992228e-01,1.000000000000000000e+00,7.950000000000003730e+00,9.999999999999992228e-01,9.557264608117004290e-01,-2.942565752949988234e-01
1.711796581909128534e+01,9.999999999999992228e-01,1.000000000000000000e+00,7.950000000000003730e+00,9.999999999999992228e-01,9.557007677352082897e-01,-2.943400118066409887e-01
1.712296790329303775e+01,9.999999999999992228e-01,1.000000000000000000e+00,7.950000000000003730e+00,9.999999999999992228e-01,9.556750673745696423e-01,-2.944234460748866855e-01
1.712796998749479016e+01,9.999999999999992228e-01,1.000000000000000000e+00,7.950000000000003730e+00,9.999999999999992228e-01,9.556493597299805520e-01,-2.945068780991000335e-01
1.713297207169653902e+01,1.000000000000001110e+00,1.000000000000000000e+00,7.949999999999993960e+00,1.000000000000001110e+00,9.556236448016368623e-01,-2.945903078786450413e-01
1.713797415589829143e+01,9.999999999999992228e-01,1.000000000000000000e+00,7.950000000000003730e+00,9.999999999999992228e-01,9.555979225897346385e-01,-2.946737354128858843e-01
1.714297624010004384e+01,1.000000000000001110e+00,1.000000000000000000e+00,7.949999999999993960e+00,1.000000000000001110e+00,9.555721930944698350e-01,-2.947571607011866823e-01
1.714797832430179270e+01,9.999999999999992228e-01,1.000000000000000000e+00,7.950000000000003730e+00,9.999999999999992228e-01,9.555464563160386282e-01,-2.948405837429115550e-01
1.715298040850354155e+01,9.999999999999992228e-01,1.000000000000000000e+00,7.950000000000003730e+00,9.999999999999992228e-01,9.555207122546371945e-01,-2.949240045374246777e-01
1.715798249270529396e+01,9.999999999999992228e-01,1.000000000000000000e+00,7.950000000000003730e+00,9.999999999999992228e-01,9.554949609104615993e-01,-2.950074230840903367e-01
1.716298457690704282e+01,9.999999999999992228e-01,1.000000000000000000e+00,7.950000000000003730e+00,9.999999999999992228e-01,9.554692022837082410e-01,-2.950908393822725406e-01
1.716798666110879523e+01,9.999999999999992228e-01,1.000000000000000000e+00,7.950000000000003730e+00,9.999999999999992228e-01,9.554434363745735181e-01,-2.951742534313356869e-01
1.717298874531054409e+01,9.999999999999992228e-01,1.000000000000000000e+00,7.950000000000003730e+00,9.999999999999992228e-01,9.554176631832536071e-01,-2.952576652306439509e-01
1.717799082951229650e+01,1.000000000000001110e+00,1.000000000000000000e+00,7.949999999999993960e+00,1.000000000000001110e+00,9.553918827099450173e-01,-2.953410747795615632e-01
1.718299291371404891e+01,9.999999999999992228e-01,1.000000000000000000e+00,7.950000000000003730e+00,9.999999999999992228e-01,9.553660949548443693e-01,-2.954244820774528102e-01
1.718799499791579777e+01,9.999999999999992228e-01,1.000000000000000000e+00,7.950000000000003730e+00,9.999999999999992228e-01,9.553402999181481725e-01,-2.955078871236819782e-01
1.719299708211754663e+01,9.999999999999992228e-01,1.000000000000000000e+00,7.950000000000003730e+00,9.999999999999992228e-01,9.553144976000529365e-01,-2.955912899176132980e-01
1.719799916631929904e+01,9.999999999999992228e-01,1.000000000000000000e+00,7.950000000000003730e+00,9.999999999999992228e-01,9.552886880007552817e-01,-2.956746904586112779e-01
1.720300125052104789e+01,9.999999999999992228e-01,1.000000000000000000e+00,7.950000000000003730e+00,9.999999999999992228e-01,9.552628711204521617e-01,-2.957580887460400376e-01
1.720800333472280030e+01,9.999999999999992228e-01,1.000000000000000000e+00,7.950000000000003730e+00,9.999999999999992228e-01,9.552370469593400859e-01,-2.958414847792640856e-01
1.721300541892454916e+01,9.999999999999992228e-01,1.000000000000000000e+00,7.950000000000003730e+00,9.999999999999992228e-01,9.552112155176160080e-01,-2.959248785576478191e-01
1.721800750312630157e+01,9.999999999999992228e-01,1.000000000000000000e+00,7.950000000000003730e+00,9.999999999999992228e-01,9.551853767954767704e-01,-2.960082700805554690e-01
1.722300958732805398e+01,1.000000000000001110e+00,1.000000000000000000e+00,7.949999999999993960e+00,1.000000000000001110e+00,9.551595307931193268e-01,-2.960916593473515990e-01
1.722801167152980284e+01,9.999999999999992228e-01,1.000000000000000000e+00,7.950000000000003730e+00,9.999999999999992228e-01,9.551336775107407417e-01,-2.961750463574005510e-01
1.723301375573155525e+01,9.999999999999992228e-01,1.000000000000000000e+00,7.950000000000003730e+00,9.999999999999992228e-01,9.551078169485379687e-01,-2.962584311100667778e-01
1.723801583993330411e+01,9.999999999999992228e-01,1.000000000000000000e+00,7.950000000000003730e+00,9.999999999999992228e-01,9.550819491067080724e-01,-2.963418136047146767e-01
1.724301792413505652e+01,9.999999999999992228e-01,1.000000000000000000e+00,7.950000000000003730e+00,9.999999999999992228e-01,9.550560739854483394e-01,-2.964251938407088671e-01
1.724802000833680538e+01,9.999999999999992228e-01,1.000000000000000000e+00,7.950000000000003730e+00,9.999999999999992228e-01,9.550301915849559453e-01,-2.965085718174137464e-01
1.725302209253855423e+01,9.999999999999992228e-01,1.000000000000000000e+00,7.950000000000003730e+00,9.999999999999992228e-01,9.550043019054280657e-01,-2.965919475341938227e-01
1.725802417674030664e+01,9.999999999999992228e-01,1.000000000000000000e+00,7.950000000000003730e+00,9.999999999999992228e-01,9.549784049470622094e-01,-2.966753209904136601e-01
1.726302626094205905e+01,9.999999999999992228e-01,1.000000000000000000e+00,7.950000000000003730e+00,9.999999999999992228e-01,9.549525007100555518e-01,-2.967586921854378224e-01
1.726802834514380791e+01,9.999999999999992228e-01,1.000000000000000000e+00,7.950000000000003730e+00,9.999999999999992228e-01,9.549265891946056017e-01,-2.968420611186308178e-01
1.727303042934556032e+01,1.000000000000001110e+00,1.000000000000000000e+00,7.949999999999993960e+00,1.000000000000001110e+00,9.549006704009098678e-01,-2.969254277893572658e-01
1.727803251354731273e+01,9.999999999999992228e-01,1.000000000000000000e+00,7.950000000000003730e+00,9.999999999999992228e-01,9.548747443291659698e-01,-2.970087921969817302e-01
1.728303459774906159e+01,9.999999999999992228e-01,1.000000000000000000e+00,7.950000000000003730e+00,9.999999999999992228e-01,9.548488109795714163e-01,-2.970921543408688303e-01
1.728803668195081045e+01,9.999999999999992228e-01,1.000000000000000000e+00,7.950000000000003730e+00,9.999999999999992228e-01,9.548228703523239380e-01,-2.971755142203832412e-01
1.729303876615256286e+01,9.999999999999992228e-01,1.000000000000000000e+00,7.950000000000003730e+00,9.999999999999992228e-01,9.547969224476211547e-01,-2.972588718348895820e-01
1.729804085035431171e+01,9.999999999999992228e-01,1.000000000000000000e+00,7.950000000000003730e+00,9.999999999999992228e-01,9.547709672656609081e-01,-2.973422271837524722e-01
1.730304293455606413e+01,9.999999999999992228e-01,1.000000000000000000e+00,7.950000000000003730e+00,9.999999999999992228e-01,9.547450048066410400e-01,-2.974255802663366977e-01
1.730804501875781298e+01,9.999999999999992228e-01,1.000000000000000000e+00,7.950000000000003730e+00,9.999999999999992228e-01,9.547190350707592810e-01,-2.975089310820068778e-01
1.731304710295956539e+01,9.999999999999992228e-01,1.000000000000000000e+00,7.950000000000003730e+00,9.999999999999992228e-01,9.546930580582136949e-01,-2.975922796301277429e-01
1.731804918716131780e+01,9.999999999999992228e-01,1.000000000000000000e+00,7.950000000000003730e+00,9.999999999999992228e-01,9.546670737692023456e-01,-2.976756259100640789e-01
1.732305127136307021e+01,1.000000000000001110e+00,1.000000000000000000e+00,7.949999999999993960e+00,1.000000000000001110e+00,9.546410822039230748e-01,-2.977589699211805607e-01
1.732805335556481552e+01,1.000000000000001110e+00,1.000000000000000000e+00,7.949999999999993960e+00,1.000000000000001110e+00,9.546150833625741683e-01,-2.978423116628419742e-01
1.733305543976656793e+01,1.000000000000001110e+00,1.000000000000000000e+00,7.949999999999993960e+00,1.000000000000001110e+00,9.545890772453536899e-01,-2.979256511344131608e-01
1.733805752396832034e+01,9.999999999999992228e-01,1.000000000000000000e+00,7.950000000000003730e+00,9.999999999999992228e-01,9.545630638524599254e-01,-2.980089883352589619e-01
1.734305960817006920e+01,1.000000000000001110e+00,1.000000000000000000e+00,7.949999999999993960e+00,1.000000000000001110e+00,9.545370431840910497e-01,-2.980923232647439969e-01
1.734806169237181805e+01,1.000000000000001110e+00,1.000000000000000000e+00,7.949999999999993960e+00,1.000000000000001110e+00,9.545110152404454595e-01,-2.981756559222333292e-01
1.735306377657357046e+01,9.999999999999992228e-01,1.000000000000000000e+00,7.950000000000003730e+00,9.999999999999992228e-01,9.544849800217215519e-01,-2.982589863070916891e-01
1.735806586077532288e+01,9.999999999999992228e-01,1.000000000000000000e+00,7.950000000000003730e+00,9.999999999999992228e-01,9.544589375281176125e-01,-2.983423144186840292e-01
1.736306794497707529e+01,9.999999999999992228e-01,1.000000000000000000e+00,7.950000000000003730e+00,9.999999999999992228e-01,9.544328877598322602e-01,-2.984256402563751909e-01
1.736807002917882414e+01,1.000000000000001110e+00,1.000000000000000000e+00,7.949999999999993960e+00,1.000000000000001110e+00,9.544068307170640031e-01,-2.985089638195300710e-01
1.737307211338057655e+01,1.000000000000001110e+00,1.000000000000000000e+00,7.949999999999993960e+00,1.000000000000001110e+00,9.543807664000114599e-01,-2.985922851075136220e-01
1.737807419758232541e+01,9.999999999999992228e-01,1.000000000000000000e+00,7.950000000000003730e+00,9.999999999999992228e-01,9.543546948088733606e-01,-2.986756041196906852e-01
1.738307628178407782e+01,9.999999999999992228e-01,1.000000000000000000e+00,7.950000000000003730e+00,9.999999999999992228e-01,9.543286159438483240e-01,-2.987589208554264353e-01
1.738807836598582313e+01,9.999999999999992228e-01,1.000000000000000000e+00,7.950000000000003730e+00,9.999999999999992228e-01,9.543025298051350802e-01,-2.988422353140856580e-01
1.739308045018757554e+01,9.999999999999992228e-01,1.000000000000000000e+00,7.950000000000003730e+00,9.999999999999992228e-01,9.542764363929324700e-01,-2.989255474950334168e-01
1.739808253438932795e+01,9.999999999999992228e-01,1.000000000000000000e+00,7.950000000000003730e+00,9.999999999999992228e-01,9.542503357074394454e-01,-2.990088573976347752e-01
1.740308461859108036e+01,9.999999999999992228e-01,1.000000000000000000e+00,7.950000000000003730e+00,9.999999999999992228e-01,9.542242277488549584e-01,-2.990921650212546856e-01
1.740808670279282921e+01,9.999999999999992228e-01,1.000000000000000000e+00,7.950000000000003730e+00,9.999999999999992228e-01,9.541981125173778500e-01,-2.991754703652582670e-01
1.741308878699458162e+01,9.999999999999992228e-01,1.000000000000000000e+00,7.950000000000003730e+00,9.999999999999992228e-01,9.541719900132072940e-01,-2.992587734290105272e-01
1.741809087119633404e+01,9.999999999999992228e-01,1.000000000000000000e+00,7.950000000000003730e+00,9.999999999999992228e-01,9.541458602365423536e-01,-2.993420742118765299e-01
1.742309295539808289e+01,9.999999999999992228e-01,1.000000000000000000e+00,7.950000000000003730e+00,9.999999999999992228e-01,9.541197231875822027e-01,-2.994253727132213938e-01
1.742809503959983175e+01,9.999999999999992228e-01,1.000000000000000000e+00,7.950000000000003730e+00,9.999999999999992228e-01,9.540935788665260153e-01,-2.995086689324102380e-01
1.743309712380158061e+01,9.999999999999992228e-01,1.000000000000000000e+00,7.950000000000003730e+00,9.999999999999992228e-01,9.540674272735730765e-01,-2.995919628688082370e-01
1.743809920800333302e+01,9.999999999999992228e-01,1.000000000000000000e+00,7.950000000000003730e+00,9.999999999999992228e-01,9.540412684089226714e-01,-2.996752545217805097e-01
1.744310129220508543e+01,9.999999999999992228e-01,1.000000000000000000e+00,7.950000000000003730e+00,9.999999999999992228e-01,9.540151022727743069e-01,-2.997585438906922306e-01
1.744810337640683429e+01,9.999999999999992228e-01,1.000000000000000000e+00,7.950000000000003730e+00,9.999999999999992228e-01,9.539889288653272681e-01,-2.998418309749085742e-01
1.745310546060858670e+01,9.999999999999992228e-01,1.000000000000000000e+00,7.950000000000003730e+00,9.999999999999992228e-01,9.539627481867810621e-01,-2.999251157737947704e-01
1.745810754481033911e+01,9.999999999999992228e-01,1.000000000000000000e+00,7.950000000000003730e+00,9.999999999999992228e-01,9.539365602373353070e-01,-3.000083982867159937e-01
1.746310962901208796e+01,9.999999999999992228e-01,1.000000000000000000e+00,7.950000000000003730e+00,9.999999999999992228e-01,9.539103650171895099e-01,-3.000916785130375297e-01
1.746811171321383682e+01,1.000000000000001110e+00,1.000000000000000000e+00,7.949999999999993960e+00,1.000000000000001110e+00,9.538841625265433999e-01,-3.001749564521246083e-01
1.747311379741558923e+01,9.999999999999992228e-01,1.000000000000000000e+00,7.950000000000003730e+00,9.999999999999992228e-01,9.538579527655967061e-01,-3.002582321033425150e-01
1.747811588161733809e+01,9.999999999999992228e-01,1.000000000000000000e+00,7.950000000000003730e+00,9.999999999999992228e-01,9.538317357345491576e-01,-3.003415054660564798e-01
1.748311796581909050e+01,9.999999999999992228e-01,1.000000000000000000e+00,7.950000000000003730e+00,9.999999999999992228e-01,9.538055114336004836e-01,-3.004247765396318992e-01
1.748812005002083936e+01,9.999999999999992228e-01,1.000000000000000000e+00,7.950000000000003730e+00,9.999999999999992228e-01,9.537792798629507462e-01,-3.005080453234341142e-01
1.749312213422259177e+01,9.999999999999992228e-01,1.000000000000000000e+00,7.950000000000003730e+00,9.999999999999992228e-01,9.537530410227996747e-01,-3.005913118168284104e-01
1.749812421842434418e+01,9.999999999999992228e-01,1.000000000000000000e+00,7.950000000000003730e+00,9.999999999999992228e-01,9.537267949133474421e-01,-3.006745760191801287e-01
1.750312630262609304e+01,9.999999999999992228e-01,1.000000000000000000e+00,7.950000000000003730e+00,9.999999999999992228e-01,9.537005415347939996e-01,-3.007578379298547211e-01
1.750812838682784545e+01,9.999999999999992228e-01,1.000000000000000000e+00,7.950000000000003730e+00,9.999999999999992228e-01,9.536742808873394095e-01,-3.008410975482175287e-01
1.751313047102959430e+01,9.999999999999992228e-01,1.000000000000000000e+00,7.950000000000003730e+00,9.999999999999992228e-01,9.536480129711838449e-01,-3.009243548736338925e-01
1.751813255523134671e+01,9.999999999999992228e-01,1.000000000000000000e+00,7.950000000000003730e+00,9.999999999999992228e-01,9.536217377865275902e-01,-3.010076099054693755e-01
1.752313463943309557e+01,1.000000000000001110e+00,1.000000000000000000e+00,7.949999999999993960e+00,1.000000000000001110e+00,9.535954553335708184e-01,-3.010908626430893742e-01
1.752813672363484443e+01,9.999999999999992228e-01,1.000000000000000000e+00,7.950000000000003730e+00,9.999999999999992228e-01,9.535691656125139248e-01,-3.011741130858593407e-01
1.753313880783659684e+01,1.000000000000001110e+00,1.000000000000000000e+00,7.949999999999993960e+00,1.000000000000001110e+00,9.535428686235571938e-01,-3.012573612331448381e-01
1.753814089203834925e+01,9.999999999999992228e-01,1.000000000000000000e+00,7.950000000000003730e+00,9.999999999999992228e-01,9.535165643669011315e-01,-3.013406070843112627e-01
1.754314297624009811e+01,9.999999999999992228e-01,1.000000000000000000e+00,7.950000000000003730e+00,9.999999999999992228e-01,9.534902528427462443e-01,-3.014238506387241778e-01
1.754814506044185052e+01,1.000000000000001110e+00,1.000000000000000000e+00,7.949999999999993960e+00,1.000000000000001110e+00,9.534639340512929273e-01,-3.015070918957490909e-01
1.755314714464360293e+01,9.999999999999992228e-01,1.000000000000000000e+00,7.950000000000003730e+00,9.999999999999992228e-01,9.534376079927419090e-01,-3.015903308547516204e-01
1.755814922884535179e+01,9.999999999999992228e-01,1.000000000000000000e+00,7.950000000000003730e+00,9.999999999999992228e-01,9.534112746672939176e-01,-3.016735675150972185e-01
1.756315131304710064e+01,9.999999999999992228e-01,1.000000000000000000e+00,7.950000000000003730e+00,9.999999999999992228e-01,9.533849340751494594e-01,-3.017568018761515591e-01
1.756815339724884950e+01,9.999999999999992228e-01,1.000000000000000000e+00,7.950000000000003730e+00,9.999999999999992228e-01,9.533585862165093738e-01,-3.018400339372802610e-01
1.757315548145060191e+01,9.999999999999992228e-01,1.000000000000000000e+00,7.950000000000003730e+00,9.999999999999992228e-01,9.533322310915745001e-01,-3.019232636978489426e-01
1.757815756565235432e+01,9.999999999999992228e-01,1.000000000000000000e+00,7.950000000000003730e+00,9.999999999999992228e-01,9.533058687005456777e-01,-3.020064911572232225e-01
1.758315964985410318e+01,1.000000000000001110e+00,1.000000000000000000e+00,7.949999999999993960e+00,1.000000000000001110e+00,9.532794990436238569e-01,-3.020897163147687192e-01
1.758816173405585559e+01,9.999999999999992228e-01,1.000000000000000000e+00,7.950000000000003730e+00,9.999999999999992228e-01,9.532531221210100991e-01,-3.021729391698512179e-01
1.759316381825760800e+01,9.999999999999992228e-01,1.000000000000000000e+00,7.950000000000003730e+00,9.999999999999992228e-01,9.532267379329053547e-01,-3.022561597218362817e-01
1.759816590245936041e+01,9.999999999999992228e-01,1.000000000000000000e+00,7.950000000000003730e+00,9.999999999999992228e-01,9.532003464795106851e-01,-3.023393779700897510e-01
1.760316798666110572e+01,9.999999999999992228e-01,1.000000000000000000e+00,7.950000000000003730e+00,9.999999999999992228e-01,9.531739477610273736e-01,-3.024225939139771890e-01
1.760817007086285813e+01,9.999999999999992228e-01,1.000000000000000000e+00,7.950000000000003730e+00,9.999999999999992228e-01,9.531475417776564818e-01,-3.025058075528644919e-01
1.761317215506460698e+01,9.999999999999992228e-01,1.000000000000000000e+00,7.950000000000003730e+00,9.999999999999992228e-01,9.531211285295992930e-01,-3.025890188861173336e-01
1.761817423926635939e+01,9.999999999999992228e-01,1.000000000000000000e+00,7.950000000000003730e+00,9.999999999999992228e-01,9.530947080170572017e-01,-3.026722279131015547e-01
1.762317632346810825e+01,9.999999999999992228e-01,1.000000000000000000e+00,7.950000000000003730e+00,9.999999999999992228e-01,9.530682802402314913e-01,-3.027554346331829405e-01
1.762817840766986066e+01,9.999999999999992228e-01,1.000000000000000000e+00,7.950000000000003730e+00,9.999999999999992228e-01,9.530418451993236673e-01,-3.028386390457273314e-01
1.763318049187161307e+01,9.999999999999992228e-01,1.000000000000000000e+00,7.950000000000003730e+00,9.999999999999992228e-01,9.530154028945352351e-01,-3.029218411501005126e-01
1.763818257607336548e+01,1.000000000000001110e+00,1.000000000000000000e+00,7.949999999999993960e+00,1.000000000000001110e+00,9.529889533260675893e-01,-3.030050409456683247e-01
1.764318466027511434e+01,9.999999999999992228e-01,1.000000000000000000e+00,7.950000000000003730e+00,9.999999999999992228e-01,9.529624964941224574e-01,-3.030882384317967193e-01
1.764818674447686320e+01,9.999999999999992228e-01,1.000000000000000000e+00,7.950000000000003730e+00,9.999999999999992228e-01,9.529360323989014558e-01,-3.031714336078514260e-01
1.765318882867861561e+01,9.999999999999992228e-01,1.000000000000000000e+00,7.950000000000003730e+00,9.999999999999992228e-01,9.529095610406062011e-01,-3.032546264731985075e-01
1.765819091288036446e+01,9.999999999999992228e-01,1.000000000000000000e+00,7.950000000000003730e+00,9.999999999999992228e-01,9.528830824194386429e-01,-3.033378170272037488e-01
1.766319299708211332e+01,9.999999999999992228e-01,1.000000000000000000e+00,7.950000000000003730e+00,9.999999999999992228e-01,9.528565965356003975e-01,-3.034210052692332682e-01
1.766819508128386573e+01,9.999999999999992228e-01,1.000000000000000000e+00,7.950000000000003730e+00,9.999999999999992228e-01,9.528301033892934147e-01,-3.035041911986529062e-01
1.767319716548561814e+01,9.999999999999992228e-01,1.000000000000000000e+00,7.950000000000003730e+00,9.999999999999992228e-01,9.528036029807196439e-01,-3.035873748148286699e-01
1.767819924968737055e+01,1.000000000000001110e+00,1.000000000000000000e+00,7.949999999999993960e+00,1.000000000000001110e+00,9.527770953100809237e-01,-3.036705561171265111e-01
1.768320133388911941e+01,1.000000000000001110e+00,1.000000000000000000e+00,7.949999999999993960e+00,1.000000000000001110e+00,9.527505803775795368e-01,-3.037537351049124368e-01
1.768820341809087182e+01,9.999999999999992228e-01,1.000000000000000000e+00,7.950000000000003730e+00,9.999999999999992228e-01,9.527240581834174327e-01,-3.038369117775525652e-01
1.769320550229262068e+01,9.999999999999992228e-01,1.000000000000000000e+00,7.950000000000003730e+00,9.999999999999992228e-01,9.526975287277967830e-01,-3.039200861344127924e-01
1.769820758649437309e+01,9.999999999999992228e-01,1.000000000000000000e+00,7.950000000000003730e+00,9.999999999999992228e-01,9.526709920109197594e-01,-3.040032581748592921e-01
1.770320967069611839e+01,9.999999999999992228e-01,1.000000000000000000e+00,7.950000000000003730e+00,9.999999999999992228e-01,9.526444480329885334e-01,-3.040864278982581270e-01
1.770821175489787080e+01,1.000000000000001110e+00,1.000000000000000000e+00,7.949999999999993960e+00,1.000000000000001110e+00,9.526178967942056097e-01,-3.041695953039754152e-01
1.771321383909962321e+01,9.999999999999992228e-01,1.000000000000000000e+00,7.950000000000003730e+00,9.999999999999992228e-01,9.525913382947732710e-01,-3.042527603913772194e-01
1.771821592330137562e+01,9.999999999999992228e-01,1.000000000000000000e+00,7.950000000000003730e+00,9.999999999999992228e-01,9.525647725348939110e-01,-3.043359231598297132e-01
1.772321800750312448e+01,9.999999999999992228e-01,1.000000000000000000e+00,7.950000000000003730e+00,9.999999999999992228e-01,9.525381995147700342e-01,-3.044190836086990704e-01
1.772822009170487689e+01,9.999999999999992228e-01,1.000000000000000000e+00,7.950000000000003730e+00,9.999999999999992228e-01,9.525116192346042565e-01,-3.045022417373513535e-01
1.773322217590662930e+01,9.999999999999992228e-01,1.000000000000000000e+00,7.950000000000003730e+00,9.999999999999992228e-01,9.524850316945989714e-01,-3.045853975451529028e-01
1.773822426010837816e+01,9.999999999999992228e-01,1.000000000000000000e+00,7.950000000000003730e+00,9.999999999999992228e-01,9.524584368949570168e-01,-3.046685510314697254e-01
1.774322634431012702e+01,9.999999999999992228e-01,1.000000000000000000e+00,7.950000000000003730e+00,9.999999999999992228e-01,9.524318348358808972e-01,-3.047517021956682171e-01
1.774822842851187943e+01,9.999999999999992228e-01,1.000000000000000000e+00,7.950000000000003730e+00,9.999999999999992228e-01,9.524052255175735615e-01,-3.048348510371145514e-01
1.775323051271362829e+01,9.999999999999992228e-01,1.000000000000000000e+00,7.950000000000003730e+00,9.999999999999992228e-01,9.523786089402377364e-01,-3.049179975551749577e-01
1.775823259691538070e+01,9.999999999999992228e-01,1.000000000000000000e+00,7.950000000000003730e+00,9.999999999999992228e-01,9.523519851040762596e-01,-3.050011417492158317e-01
1.776323468111712955e+01,9.999999999999992228e-01,1.000000000000000000e+00,7.950000000000003730e+00,9.999999999999992228e-01,9.523253540092921909e-01,-3.050842836186032914e-01
1.776823676531888196e+01,9.999999999999992228e-01,1.000000000000000000e+00,7.950000000000003730e+00,9.999999999999992228e-01,9.522987156560882571e-01,-3.051674231627037881e-01
1.777323884952063437e+01,9.999999999999992228e-01,1.000000000000000000e+00,7.950000000000003730e+00,9.999999999999992228e-01,9.522720700446677400e-01,-3.052505603808836065e-01
1.777824093372238679e+01,9.999999999999992228e-01,1.000000000000000000e+00,7.950000000000003730e+00,9.999999999999992228e-01,9.522454171752335883e-01,-3.053336952725090869e-01
1.778324301792413209e+01,9.999999999999992228e-01,1.000000000000000000e+00,7.950000000000003730e+00,9.999999999999992228e-01,9.522187570479889729e-01,-3.054168278369465139e-01
1.778824510212588450e+01,9.999999999999992228e-01,1.000000000000000000e+00,7.950000000000003730e+00,9.999999999999992228e-01,9.521920896631370645e-01,-3.054999580735623943e-01
1.779324718632763691e+01,9.999999999999992228e-01,1.000000000000000000e+00,7.950000000000003730e+00,9.999999999999992228e-01,9.521654150208811451e-01,-3.055830859817230682e-01
1.779824927052938577e+01,9.999999999999992228e-01,1.000000000000000000e+00,7.950000000000003730e+00,9.999999999999992228e-01,9.521387331214246075e-01,-3.056662115607949315e-01
1.780325135473113463e+01,9.999999999999992228e-01,1.000000000000000000e+00,7.950000000000003730e+00,9.999999999999992228e-01,9.521120439649706224e-01,-3.057493348101444908e-01
1.780825343893288704e+01,9.999999999999992228e-01,1.000000000000000000e+00,7.950000000000003730e+00,9.999999999999992228e-01,9.520853475517228048e-01,-3.058324557291381418e-01
1.781325552313463945e+01,9.999999999999992228e-01,1.000000000000000000e+00,7.950000000000003730e+00,9.999999999999992228e-01,9.520586438818844366e-01,-3.059155743171423913e-01
1.781825760733639186e+01,1.000000000000001110e+00,1.000000000000000000e+00,7.949999999999993960e+00,1.000000000000001110e+00,9.520319329556592436e-01,-3.059986905735236906e-01
1.782325969153814071e+01,9.999999999999992228e-01,1.000000000000000000e+00,7.950000000000003730e+00,9.999999999999992228e-01,9.520052147732507297e-01,-3.060818044976486019e-01
1.782826177573988957e+01,9.999999999999992228e-01,1.000000000000000000e+00,7.950000000000003730e+00,9.999999999999992228e-01,9.519784893348625099e-01,-3.061649160888835208e-01
1.783326385994164198e+01,9.999999999999992228e-01,1.000000000000000000e+00,7.950000000000003730e+00,9.999999999999992228e-01,9.519517566406983100e-01,-3.062480253465951208e-01
1.783826594414339439e+01,9.999999999999992228e-01,1.000000000000000000e+00,7.950000000000003730e+00,9.999999999999992228e-01,9.519250166909618560e-01,-3.063311322701499084e-01
1.784326802834513970e+01,1.000000000000001110e+00,1.000000000000000000e+00,7.949999999999993960e+00,1.000000000000001110e+00,9.518982694858568738e-01,-3.064142368589143905e-01
1.784827011254689211e+01,9.999999999999992228e-01,1.000000000000000000e+00,7.950000000000003730e+00,9.999999999999992228e-01,9.518715150255874224e-01,-3.064973391122553514e-01
1.785327219674864452e+01,9.999999999999992228e-01,1.000000000000000000e+00,7.950000000000003730e+00,9.999999999999992228e-01,9.518447533103573388e-01,-3.065804390295392423e-01
1.785827428095039693e+01,9.999999999999992228e-01,1.000000000000000000e+00,7.950000000000003730e+00,9.999999999999992228e-01,9.518179843403704599e-01,-3.066635366101327920e-01
1.786327636515214579e+01,1.000000000000001110e+00,1.000000000000000000e+00,7.949999999999993960e+00,1.000000000000001110e+00,9.517912081158309556e-01,-3.067466318534025627e-01
1.786827844935389820e+01,9.999999999999992228e-01,1.000000000000000000e+00,7.950000000000003730e+00,9.999999999999992228e-01,9.517644246369429961e-01,-3.068297247587152277e-01
1.787328053355565061e+01,1.000000000000001110e+00,1.000000000000000000e+00,7.949999999999993960e+00,1.000000000000001110e+00,9.517376339039104183e-01,-3.069128153254375713e-01
1.787828261775739946e+01,9.999999999999992228e-01,1.000000000000000000e+00,7.950000000000003730e+00,9.999999999999992228e-01,9.517108359169377252e-01,-3.069959035529361002e-01
1.788328470195914832e+01,1.000000000000001110e+00,1.000000000000000000e+00,7.949999999999993960e+00,1.000000000000001110e+00,9.516840306762289758e-01,-3.070789894405777098e-01
1.788828678616089718e+01,9.999999999999992228e-01,1.000000000000000000e+00,7.950000000000003730e+00,9.999999999999992228e-01,9.516572181819885623e-01,-3.071620729877290734e-01
1.789328887036264959e+01,9.999999999999992228e-01,1.000000000000000000e+00,7.950000000000003730e+00,9.999999999999992228e-01,9.516303984344207656e-01,-3.072451541937569752e-01
1.789829095456440200e+01,9.999999999999992228e-01,1.000000000000000000e+00,7.950000000000003730e+00,9.999999999999992228e-01,9.516035714337300888e-01,-3.073282330580281996e-01
1.790329303876615086e+01,9.999999999999992228e-01,1.000000000000000000e+00,7.950000000000003730e+00,9.999999999999992228e-01,9.515767371801210350e-01,-3.074113095799094753e-01
1.790829512296790327e+01,9.999999999999992228e-01,1.000000000000000000e+00,7.950000000000003730e+00,9.999999999999992228e-01,9.515498956737978853e-01,-3.074943837587676976e-01
1.791329720716965568e+01,9.999999999999992228e-01,1.000000000000000000e+00,7.950000000000003730e+00,9.999999999999992228e-01,9.515230469149654757e-01,-3.075774555939695953e-01
1.791829929137140454e+01,9.999999999999992228e-01,1.000000000000000000e+00,7.950000000000003730e+00,9.999999999999992228e-01,9.514961909038284205e-01,-3.076605250848820083e-01
1.792330137557315339e+01,9.999999999999992228e-01,1.000000000000000000e+00,7.950000000000003730e+00,9.999999999999992228e-01,9.514693276405913336e-01,-3.077435922308718319e-01
1.792830345977490580e+01,9.999999999999992228e-01,1.000000000000000000e+00,7.950000000000003730e+00,9.999999999999992228e-01,9.514424571254589402e-01,-3.078266570313060724e-01
1.793330554397665466e+01,9.999999999999992228e-01,1.000000000000000000e+00,7.950000000000003730e+00,9.999999999999992228e-01,9.514155793586360765e-01,-3.079097194855514030e-01
1.793830762817840707e+01,9.999999999999992228e-01,1.000000000000000000e+00,7.950000000000003730e+00,9.999999999999992228e-01,9.513886943403275787e-01,-3.079927795929748857e-01
1.794330971238015593e+01,9.999999999999992228e-01,1.000000000000000000e+00,7.950000000000003730e+00,9.999999999999992228e-01,9.513618020707383938e-01,-3.080758373529434158e-01
1.794831179658190834e+01,9.999999999999992228e-01,1.000000000000000000e+00,7.950000000000003730e+00,9.999999999999992228e-01,9.513349025500734690e-01,-3.081588927648239995e-01
1.795331388078366075e+01,9.999999999999992228e-01,1.000000000000000000e+00,7.950000000000003730e+00,9.999999999999992228e-01,9.513079957785377516e-01,-3.082419458279835323e-01
1.795831596498540961e+01,9.999999999999992228e-01,1.000000000000000000e+00,7.950000000000003730e+00,9.999999999999992228e-01,9.512810817563365218e-01,-3.083249965417890204e-01
1.796331804918716202e+01,9.999999999999992228e-01,1.000000000000000000e+00,7.950000000000003730e+00,9.999999999999992228e-01,9.512541604836747267e-01,-3.084080449056074702e-01
1.796832013338891088e+01,9.999999999999992228e-01,1.000000000000000000e+00,7.950000000000003730e+00,9.999999999999992228e-01,9.512272319607576465e-01,-3.084910909188058326e-01
1.797332221759066329e+01,1.000000000000001110e+00,1.000000000000000000e+00,7.949999999999993960e+00,1.000000000000001110e+00,9.512002961877904506e-01,-3.085741345807513358e-01
1.797832430179241214e+01,1.000000000000001110e+00,1.000000000000000000e+00,7.949999999999993960e+00,1.000000000000001110e+00,9.511733531649785300e-01,-3.086571758908108198e-01
1.798332638599416100e+01,9.999999999999992228e-01,1.000000000000000000e+00,7.950000000000003730e+00,9.999999999999992228e-01,9.511464028925272762e-01,-3.087402148483515685e-01
1.798832847019591341e+01,9.999999999999992228e-01,1.000000000000000000e+00,7.950000000000003730e+00,9.999999999999992228e-01,9.511194453706418583e-01,-3.088232514527405326e-01
1.799333055439766582e+01,9.999999999999992228e-01,1.000000000000000000e+00,7.950000000000003730e+00,9.999999999999992228e-01,9.510924805995280007e-01,-3.089062857033448850e-01
1.799833263859941468e+01,9.999999999999992228e-01,1.000000000000000000e+00,7.950000000000003730e+00,9.999999999999992228e-01,9.510655085793909835e-01,-3.089893175995317431e-01
1.800333472280116709e+01,9.999999999999992228e-01,1.000000000000000000e+00,7.950000000000003730e+00,9.999999999999992228e-01,9.510385293104366422e-01,-3.090723471406682243e-01
1.800833680700291950e+01,9.999999999999992228e-01,1.000000000000000000e+00,7.950000000000003730e+00,9.999999999999992228e-01,9.510115427928704790e-01,-3.091553743261215570e-01
1.801333889120466836e+01,9.999999999999992228e-01,1.000000000000000000e+00,7.950000000000003730e+00,9.999999999999992228e-01,9.509845490268981072e-01,-3.092383991552588585e-01
1.801834097540641721e+01,1.000000000000001110e+00,1.000000000000000000e+00,7.949999999999993960e+00,1.000000000000001110e+00,9.509575480127253622e-01,-3.093214216274473571e-01
1.802334305960816607e+01,9.999999999999992228e-01,1.000000000000000000e+00,7.950000000000003730e+00,9.999999999999992228e-01,9.509305397505580792e-01,-3.094044417420542814e-01
1.802834514380991848e+01,9.999999999999992228e-01,1.000000000000000000e+00,7.950000000000003730e+00,9.999999999999992228e-01,9.509035242406019828e-01,-3.094874594984469152e-01
1.803334722801167089e+01,9.999999999999992228e-01,1.000000000000000000e+00,7.950000000000003730e+00,9.999999999999992228e-01,9.508765014830631301e-01,-3.095704748959924313e-01
1.803834931221341975e+01,9.999999999999992228e-01,1.000000000000000000e+00,7.950000000000003730e+00,9.999999999999992228e-01,9.508494714781473567e-01,-3.096534879340581692e-01
1.804335139641517216e+01,1.000000000000001110e+00,1.000000000000000000e+00,7.949999999999993960e+00,1.000000000000001110e+00,9.508224342260606088e-01,-3.097364986120114128e-01
1.804835348061692457e+01,9.999999999999992228e-01,1.000000000000000000e+00,7.950000000000003730e+00,9.999999999999992228e-01,9.507953897270091659e-01,-3.098195069292194459e-01
1.805335556481867698e+01,9.999999999999992228e-01,1.000000000000000000e+00,7.950000000000003730e+00,9.999999999999992228e-01,9.507683379811990854e-01,-3.099025128850496080e-01
1.805835764902042229e+01,9.999999999999992228e-01,1.000000000000000000e+00,7.950000000000003730e+00,9.999999999999992228e-01,9.507412789888365356e-01,-3.099855164788691830e-01
1.806335973322217470e+01,9.999999999999992228e-01,1.000000000000000000e+00,7.950000000000003730e+00,9.999999999999992228e-01,9.507142127501276851e-01,-3.100685177100456213e-01
1.806836181742392355e+01,1.000000000000001110e+00,1.000000000000000000e+00,7.949999999999993960e+00,1.000000000000001110e+00,9.506871392652789243e-01,-3.101515165779462624e-01
1.807336390162567596e+01,9.999999999999992228e-01,1.000000000000000000e+00,7.950000000000003730e+00,9.999999999999992228e-01,9.506600585344966436e-01,-3.102345130819385566e-01
1.807836598582742482e+01,1.000000000000001110e+00,1.000000000000000000e+00,7.949999999999993960e+00,1.000000000000001110e+00,9.506329705579870115e-01,-3.103175072213898988e-01
1.808336807002917723e+01,9.999999999999992228e-01,1.000000000000000000e+00,7.950000000000003730e+00,9.999999999999992228e-01,9.506058753359567515e-01,-3.104004989956677396e-01
1.808837015423092964e+01,1.000000000000001110e+00,1.000000000000000000e+00,7.949999999999993960e+00,1.000000000000001110e+00,9.505787728686121429e-01,-3.104834884041394738e-01
1.809337223843268205e+01,9.999999999999992228e-01,1.000000000000000000e+00,7.950000000000003730e+00,9.999999999999992228e-01,9.505516631561600205e-01,-3.105664754461726074e-01
1.809837432263443091e+01,9.999999999999992228e-01,1.000000000000000000e+00,7.950000000000003730e+00,9.999999999999992228e-01,9.505245461988067746e-01,-3.106494601211346462e-01
1.810337640683617977e+01,9.999999999999992228e-01,1.000000000000000000e+00,7.950000000000003730e+00,9.999999999999992228e-01,9.504974219967592397e-01,-3.107324424283930409e-01
1.810837849103793218e+01,1.000000000000001110e+00,1.000000000000000000e+00,7.949999999999993960e+00,1.000000000000001110e+00,9.504702905502240284e-01,-3.108154223673154082e-01
1.811338057523968104e+01,9.999999999999992228e-01,1.000000000000000000e+00,7.950000000000003730e+00,9.999999999999992228e-01,9.504431518594080863e-01,-3.108983999372691986e-01
1.811838265944142989e+01,9.999999999999992228e-01,1.000000000000000000e+00,7.950000000000003730e+00,9.999999999999992228e-01,9.504160059245180259e-01,-3.109813751376220847e-01
1.812338474364318230e+01,9.999999999999992228e-01,1.000000000000000000e+00,7.950000000000003730e+00,9.999999999999992228e-01,9.503888527457610147e-01,-3.110643479677415724e-01
1.812838682784493471e+01,9.999999999999992228e-01,1.000000000000000000e+00,7.950000000000003730e+00,9.999999999999992228e-01,9.503616923233437763e-01,-3.111473184269952785e-01
1.813338891204668712e+01,9.999999999999992228e-01,1.000000000000000000e+00,7.950000000000003730e+00,9.999999999999992228e-01,9.503345246574734784e-01,-3.112302865147508202e-01
1.813839099624843598e+01,9.999999999999992228e-01,1.000000000000000000e+00,7.950000000000003730e+00,9.999999999999992228e-01,9.503073497483571774e-01,-3.113132522303758143e-01
1.814339308045018839e+01,1.000000000000001110e+00,1.000000000000000000e+00,7.949999999999993960e+00,1.000000000000001110e+00,9.502801675962018191e-01,-3.113962155732379888e-01
1.814839516465193725e+01,9.999999999999992228e-01,1.000000000000000000e+00,7.950000000000003730e+00,9.999999999999992228e-01,9.502529782012149040e-01,-3.114791765427048498e-01
1.815339724885368966e+01,1.000000000000001110e+00,1.000000000000000000e+00,7.949999999999993960e+00,1.000000000000001110e+00,9.502257815636032667e-01,-3.115621351381442361e-01
1.815839933305543497e+01,1.000000000000001110e+00,1.000000000000000000e+00,7.949999999999993960e+00,1.000000000000001110e+00,9.501985776835745190e-01,-3.116450913589237648e-01
1.816340141725718738e+01,1.000000000000001110e+00,1.000000000000000000e+00,7.949999999999993960e+00,1.000000000000001110e+00,9.501713665613358284e-01,-3.117280452044112748e-01
1.816840350145893979e+01,9.999999999999992228e-01,1.000000000000000000e+00,7.950000000000003730e+00,9.999999999999992228e-01,9.501441481970946956e-01,-3.118109966739744388e-01
1.817340558566069220e+01,9.999999999999992228e-01,1.000000000000000000e+00,7.950000000000003730e+00,9.999999999999992228e-01,9.501169225910585103e-01,-3.118939457669809845e-01
1.817840766986244105e+01,1.000000000000001110e+00,1.000000000000000000e+00,7.949999999999993960e+00,1.000000000000001110e+00,9.500896897434347732e-01,-3.119768924827988066e-01
1.818340975406419346e+01,9.999999999999992228e-01,1.000000000000000000e+00,7.950000000000003730e+00,9.999999999999992228e-01,9.500624496544310960e-01,-3.120598368207955775e-01
1.818841183826594587e+01,9.999999999999992228e-01,1.000000000000000000e+00,7.950000000000003730e+00,9.999999999999992228e-01,9.500352023242550903e-01,-3.121427787803391363e-01
1.819341392246769473e+01,9.999999999999992228e-01,1.000000000000000000e+00,7.950000000000003730e+00,9.999999999999992228e-01,9.500079477531143679e-01,-3.122257183607973219e-01
1.819841600666944359e+01,1.000000000000001110e+00,1.000000000000000000e+00,7.949999999999993960e+00,1.000000000000001110e+00,9.499806859412166515e-01,-3.123086555615380289e-01
1.820341809087119245e+01,9.999999999999992228e-01,1.000000000000000000e+00,7.950000000000003730e+00,9.999999999999992228e-01,9.499534168887698860e-01,-3.123915903819290962e-01
1.820842017507294486e+01,1.000000000000001110e+00,1.000000000000000000e+00,7.949999999999993960e+00,1.000000000000001110e+00,9.499261405959816829e-01,-3.124745228213384185e-01
1.821342225927469727e+01,1.000000000000001110e+00,1.000000000000000000e+00,7.949999999999993960e+00,1.000000000000001110e+00,9.498988570630600980e-01,-3.125574528791339457e-01
1.821842434347644613e+01,9.999999999999992228e-01,1.000000000000000000e+00,7.950000000000003730e+00,9.999999999999992228e-01,9.498715662902130763e-01,-3.126403805546835724e-01
1.822342642767819854e+01,9.999999999999992228e-01,1.000000000000000000e+00,7.950000000000003730e+00,9.999999999999992228e-01,9.498442682776485624e-01,-3.127233058473551930e-01
1.822842851187995095e+01,1.000000000000001110e+00,1.000000000000000000e+00,7.949999999999993960e+00,1.000000000000001110e+00,9.498169630255745011e-01,-3.128062287565168686e-01
1.823343059608169980e+01,9.999999999999992228e-01,1.000000000000000000e+00,7.950000000000003730e+00,9.999999999999992228e-01,9.497896505341992812e-01,-3.128891492815364384e-01
1.823843268028344866e+01,1.000000000000001110e+00,1.000000000000000000e+00,7.949999999999993960e+00,1.000000000000001110e+00,9.497623308037308476e-01,-3.129720674217819631e-01
1.824343476448520107e+01,9.999999999999992228e-01,1.000000000000000000e+00,7.950000000000003730e+00,9.999999999999992228e-01,9.497350038343775891e-01,-3.130549831766215596e-01
1.824843684868695348e+01,9.999999999999992228e-01,1.000000000000000000e+00,7.950000000000003730e+00,9.999999999999992228e-01,9.497076696263476725e-01,-3.131378965454231222e-01
1.825343893288870234e+01,1.000000000000001110e+00,1.000000000000000000e+00,7.949999999999993960e+00,1.000000000000001110e+00,9.496803281798493757e-01,-3.132208075275547676e-01
1.825844101709045120e+01,9.999999999999992228e-01,1.000000000000000000e+00,7.950000000000003730e+00,9.999999999999992228e-01,9.496529794950913095e-01,-3.133037161223845568e-01
1.826344310129220361e+01,9.999999999999992228e-01,1.000000000000000000e+00,7.950000000000003730e+00,9.999999999999992228e-01,9.496256235722817518e-01,-3.133866223292805508e-01
1.826844518549395602e+01,9.999999999999992228e-01,1.000000000000000000e+00,7.950000000000003730e+00,9.999999999999992228e-01,9.495982604116292025e-01,-3.134695261476109218e-01
1.827344726969570488e+01,1.000000000000001110e+00,1.000000000000000000e+00,7.949999999999993960e+00,1.000000000000001110e+00,9.495708900133421615e-01,-3.135524275767437863e-01
1.827844935389745729e+01,9.999999999999992228e-01,1.000000000000000000e+00,7.950000000000003730e+00,9.999999999999992228e-01,9.495435123776294617e-01,-3.136353266160472053e-01
1.828345143809920614e+01,1.000000000000001110e+00,1.000000000000000000e+00,7.949999999999993960e+00,1.000000000000001110e+00,9.495161275046996030e-01,-3.137182232648893510e-01
1.828845352230095855e+01,9.999999999999992228e-01,1.000000000000000000e+00,7.950000000000003730e+00,9.999999999999992228e-01,9.494887353947614184e-01,-3.138011175226385063e-01
1.829345560650270741e+01,9.999999999999992228e-01,1.000000000000000000e+00,7.950000000000003730e+00,9.999999999999992228e-01,9.494613360480235187e-01,-3.138840093886627880e-01
1.829845769070445627e+01,1.000000000000001110e+00,1.000000000000000000e+00,7.949999999999993960e+00,1.000000000000001110e+00,9.494339294646948479e-01,-3.139668988623304235e-01
1.830345977490620868e+01,9.999999999999992228e-01,1.000000000000000000e+00,7.950000000000003730e+00,9.999999999999992228e-01,9.494065156449843501e-01,-3.140497859430096406e-01
1.830846185910796109e+01,9.999999999999992228e-01,1.000000000000000000e+00,7.950000000000003730e+00,9.999999999999992228e-01,9.493790945891007471e-01,-3.141326706300687222e-01
1.831346394330970995e+01,9.999999999999992228e-01,1.000000000000000000e+00,7.950000000000003730e+00,9.999999999999992228e-01,9.493516662972533160e-01,-3.142155529228759514e-01
1.831846602751146236e+01,9.999999999999992228e-01,1.000000000000000000e+00,7.950000000000003730e+00,9.999999999999992228e-01,9.493242307696508897e-01,-3.142984328207995559e-01
1.832346811171321477e+01,9.999999999999992228e-01,1.000000000000000000e+00,7.950000000000003730e+00,9.999999999999992228e-01,9.492967880065026343e-01,-3.143813103232079298e-01
1.832847019591496363e+01,9.999999999999992228e-01,1.000000000000000000e+00,7.950000000000003730e+00,9.999999999999992228e-01,9.492693380080178267e-01,-3.144641854294692451e-01
1.833347228011671248e+01,1.000000000000001110e+00,1.000000000000000000e+00,7.949999999999993960e+00,1.000000000000001110e+00,9.492418807744055220e-01,-3.145470581389520071e-01
1.833847436431846489e+01,9.999999999999992228e-01,1.000000000000000000e+00,7.950000000000003730e+00,9.999999999999992228e-01,9.492144163058751083e-01,-3.146299284510244987e-01
1.834347644852021375e+01,1.000000000000001110e+00,1.000000000000000000e+00,7.949999999999993960e+00,1.000000000000001110e+00,9.491869446026358625e-01,-3.147127963650550586e-01
1.834847853272196616e+01,1.000000000000001110e+00,1.000000000000000000e+00,7.949999999999993960e+00,1.000000000000001110e+00,9.491594656648971728e-01,-3.147956618804121920e-01
1.835348061692371502e+01,9.999999999999992228e-01,1.000000000000000000e+00,7.950000000000003730e+00,9.999999999999992228e-01,9.491319794928685383e-01,-3.148785249964642929e-01
1.835848270112546743e+01,9.999999999999992228e-01,1.000000000000000000e+00,7.950000000000003730e+00,9.999999999999992228e-01,9.491044860867593469e-01,-3.149613857125797556e-01
1.836348478532721984e+01,9.999999999999992228e-01,1.000000000000000000e+00,7.950000000000003730e+00,9.999999999999992228e-01,9.490769854467792088e-01,-3.150442440281270295e-01
1.836848686952897225e+01,9.999999999999992228e-01,1.000000000000000000e+00,7.950000000000003730e+00,9.999999999999992228e-01,9.490494775731377342e-01,-3.151270999424746200e-01
1.837348895373072111e+01,9.999999999999992228e-01,1.000000000000000000e+00,7.950000000000003730e+00,9.999999999999992228e-01,9.490219624660445330e-01,-3.152099534549909765e-01
1.837849103793246996e+01,9.999999999999992228e-01,1.000000000000000000e+00,7.950000000000003730e+00,9.999999999999992228e-01,9.489944401257093265e-01,-3.152928045650446043e-01
1.838349312213422238e+01,1.000000000000001110e+00,1.000000000000000000e+00,7.949999999999993960e+00,1.000000000000001110e+00,9.489669105523419468e-01,-3.153756532720041195e-01
1.838849520633597123e+01,9.999999999999992228e-01,1.000000000000000000e+00,7.950000000000003730e+00,9.999999999999992228e-01,9.489393737461522260e-01,-3.154584995752379717e-01
1.839349729053772009e+01,9.999999999999992228e-01,1.000000000000000000e+00,7.950000000000003730e+00,9.999999999999992228e-01,9.489118297073499964e-01,-3.155413434741147771e-01
1.839849937473947250e+01,9.999999999999992228e-01,1.000000000000000000e+00,7.950000000000003730e+00,9.999999999999992228e-01,9.488842784361450899e-01,-3.156241849680030964e-01
1.840350145894122491e+01,9.999999999999992228e-01,1.000000000000000000e+00,7.950000000000003730e+00,9.999999999999992228e-01,9.488567199327476720e-01,-3.157070240562715457e-01
1.840850354314297732e+01,9.999999999999992228e-01,1.000000000000000000e+00,7.950000000000003730e+00,9.999999999999992228e-01,9.488291541973676857e-01,-3.157898607382886857e-01
1.841350562734472618e+01,9.999999999999992228e-01,1.000000000000000000e+00,7.950000000000003730e+00,9.999999999999992228e-01,9.488015812302152963e-01,-3.158726950134232436e-01
1.841850771154647859e+01,9.999999999999992228e-01,1.000000000000000000e+00,7.950000000000003730e+00,9.999999999999992228e-01,9.487740010315006689e-01,-3.159555268810437800e-01
1.842350979574822745e+01,9.999999999999992228e-01,1.000000000000000000e+00,7.950000000000003730e+00,9.999999999999992228e-01,9.487464136014339688e-01,-3.160383563405190221e-01
1.842851187994997986e+01,9.999999999999992228e-01,1.000000000000000000e+00,7.950000000000003730e+00,9.999999999999992228e-01,9.487188189402253613e-01,-3.161211833912176417e-01
1.843351396415172516e+01,9.999999999999992228e-01,1.000000000000000000e+00,7.950000000000003730e+00,9.999999999999992228e-01,9.486912170480853446e-01,-3.162040080325083657e-01
1.843851604835347757e+01,9.999999999999992228e-01,1.000000000000000000e+00,7.950000000000003730e+00,9.999999999999992228e-01,9.486636079252241949e-01,-3.162868302637599216e-01
1.844351813255522998e+01,9.999999999999992228e-01,1.000000000000000000e+00,7.950000000000003730e+00,9.999999999999992228e-01,9.486359915718524105e-01,-3.163696500843410919e-01
1.844852021675698239e+01,9.999999999999992228e-01,1.000000000000000000e+00,7.950000000000003730e+00,9.999999999999992228e-01,9.486083679881803787e-01,-3.164524674936205484e-01
1.845352230095873125e+01,9.999999999999992228e-01,1.000000000000000000e+00,7.950000000000003730e+00,9.999999999999992228e-01,9.485807371744187089e-01,-3.165352824909671847e-01
1.845852438516048366e+01,9.999999999999992228e-01,1.000000000000000000e+00,7.950000000000003730e+00,9.999999999999992228e-01,9.485530991307780102e-01,-3.166180950757497281e-01
1.846352646936223607e+01,9.999999999999992228e-01,1.000000000000000000e+00,7.950000000000003730e+00,9.999999999999992228e-01,9.485254538574688921e-01,-3.167009052473370168e-01
1.846852855356398493e+01,9.999999999999992228e-01,1.000000000000000000e+00,7.950000000000003730e+00,9.999999999999992228e-01,9.484978013547020748e-01,-3.167837130050978334e-01
1.847353063776573379e+01,9.999999999999992228e-01,1.000000000000000000e+00,7.950000000000003730e+00,9.999999999999992228e-01,9.484701416226882786e-01,-3.168665183484011272e-01
1.847853272196748264e+01,9.999999999999992228e-01,1.000000000000000000e+00,7.950000000000003730e+00,9.999999999999992228e-01,9.484424746616384461e-01,-3.169493212766157364e-01
1.848353480616923505e+01,9.999999999999992228e-01,1.000000000000000000e+00,7.950000000000003730e+00,9.999999999999992228e-01,9.484148004717632974e-01,-3.170321217891105547e-01
1.848853689037098746e+01,9.999999999999992228e-01,1.000000000000000000e+00,7.950000000000003730e+00,9.999999999999992228e-01,9.483871190532738860e-01,-3.171149198852544759e-01
1.849353897457273632e+01,9.999999999999992228e-01,1.000000000000000000e+00,7.950000000000003730e+00,9.999999999999992228e-01,9.483594304063810432e-01,-3.171977155644165047e-01
1.849854105877448873e+01,9.999999999999992228e-01,1.000000000000000000e+00,7.950000000000003730e+00,9.999999999999992228e-01,9.483317345312959334e-01,-3.172805088259655348e-01
1.850354314297624114e+01,9.999999999999992228e-01,1.000000000000000000e+00,7.950000000000003730e+00,9.999999999999992228e-01,9.483040314282297212e-01,-3.173632996692705155e-01
1.850854522717799355e+01,9.999999999999992228e-01,1.000000000000000000e+00,7.950000000000003730e+00,9.999999999999992228e-01,9.482763210973933488e-01,-3.174460880937004514e-01
1.851354731137973886e+01,9.999999999999992228e-01,1.000000000000000000e+00,7.950000000000003730e+00,9.999999999999992228e-01,9.482486035389980916e-01,-3.175288740986242919e-01
1.851854939558149127e+01,9.999999999999992228e-01,1.000000000000000000e+00,7.950000000000003730e+00,9.999999999999992228e-01,9.482208787532553362e-01,-3.176116576834111527e-01
1.852355147978324013e+01,1.000000000000001110e+00,1.000000000000000000e+00,7.949999999999993960e+00,1.000000000000001110e+00,9.481931467403761360e-01,-3.176944388474299830e-01
1.852855356398499254e+01,1.000000000000001110e+00,1.000000000000000000e+00,7.949999999999993960e+00,1.000000000000001110e+00,9.481654075005720994e-01,-3.177772175900500096e-01
1.853355564818674139e+01,9.999999999999992228e-01,1.000000000000000000e+00,7.950000000000003730e+00,9.999999999999992228e-01,9.481376610340546129e-01,-3.178599939106401262e-01
1.853855773238849380e+01,9.999999999999992228e-01,1.000000000000000000e+00,7.950000000000003730e+00,9.999999999999992228e-01,9.481099073410350631e-01,-3.179427678085695597e-01
1.854355981659024621e+01,9.999999999999992228e-01,1.000000000000000000e+00,7.950000000000003730e+00,9.999999999999992228e-01,9.480821464217249472e-01,-3.180255392832073147e-01
1.854856190079199862e+01,1.000000000000001110e+00,1.000000000000000000e+00,7.949999999999993960e+00,1.000000000000001110e+00,9.480543782763359850e-01,-3.181083083339226181e-01
1.855356398499374748e+01,9.999999999999992228e-01,1.000000000000000000e+00,7.950000000000003730e+00,9.999999999999992228e-01,9.480266029050797849e-01,-3.181910749600845301e-01
1.855856606919549634e+01,9.999999999999992228e-01,1.000000000000000000e+00,7.950000000000003730e+00,9.999999999999992228e-01,9.479988203081680664e-01,-3.182738391610622775e-01
1.856356815339724875e+01,9.999999999999992228e-01,1.000000000000000000e+00,7.950000000000003730e+00,9.999999999999992228e-01,9.479710304858124381e-01,-3.183566009362250870e-01
1.856857023759899761e+01,9.999999999999992228e-01,1.000000000000000000e+00,7.950000000000003730e+00,9.999999999999992228e-01,9.479432334382248415e-01,-3.184393602849420191e-01
1.857357232180074647e+01,1.000000000000001110e+00,1.000000000000000000e+00,7.949999999999993960e+00,1.000000000000001110e+00,9.479154291656171072e-01,-3.185221172065824669e-01
1.857857440600249888e+01,9.999999999999992228e-01,1.000000000000000000e+00,7.950000000000003730e+00,9.999999999999992228e-01,9.478876176682011767e-01,-3.186048717005156572e-01
1.858357649020425129e+01,9.999999999999992228e-01,1.000000000000000000e+00,7.950000000000003730e+00,9.999999999999992228e-01,9.478597989461889917e-01,-3.186876237661107614e-01
1.858857857440600370e+01,9.999999999999992228e-01,1.000000000000000000e+00,7.950000000000003730e+00,9.999999999999992228e-01,9.478319729997926046e-01,-3.187703734027371727e-01
1.859358065860775255e+01,9.999999999999992228e-01,1.000000000000000000e+00,7.950000000000003730e+00,9.999999999999992228e-01,9.478041398292240682e-01,-3.188531206097640625e-01
1.859858274280950496e+01,9.999999999999992228e-01,1.000000000000000000e+00,7.950000000000003730e+00,9.999999999999992228e-01,9.477762994346954351e-01,-3.189358653865608240e-01
1.860358482701125382e+01,9.999999999999992228e-01,1.000000000000000000e+00,7.950000000000003730e+00,9.999999999999992228e-01,9.477484518164192018e-01,-3.190186077324967395e-01
1.860858691121300623e+01,1.000000000000001110e+00,1.000000000000000000e+00,7.949999999999993960e+00,1.000000000000001110e+00,9.477205969746071990e-01,-3.191013476469412580e-01
1.861358899541475154e+01,9.999999999999992228e-01,1.000000000000000000e+00,7.950000000000003730e+00,9.999999999999992228e-01,9.476927349094721453e-01,-3.191840851292636616e-01
1.861859107961650395e+01,9.999999999999992228e-01,1.000000000000000000e+00,7.950000000000003730e+00,9.999999999999992228e-01,9.476648656212260935e-01,-3.192668201788333993e-01
1.862359316381825636e+01,9.999999999999992228e-01,1.000000000000000000e+00,7.950000000000003730e+00,9.999999999999992228e-01,9.476369891100815401e-01,-3.193495527950198642e-01
1.862859524802000877e+01,9.999999999999992228e-01,1.000000000000000000e+00,7.950000000000003730e+00,9.999999999999992228e-01,9.476091053762509819e-01,-3.194322829771925609e-01
1.863359733222175763e+01,9.999999999999992228e-01,1.000000000000000000e+00,7.950000000000003730e+00,9.999999999999992228e-01,9.475812144199470266e-01,-3.195150107247207716e-01
1.863859941642351004e+01,9.999999999999992228e-01,1.000000000000000000e+00,7.950000000000003730e+00,9.999999999999992228e-01,9.475533162413820598e-01,-3.195977360369741116e-01
1.864360150062526245e+01,9.999999999999992228e-01,1.000000000000000000e+00,7.950000000000003730e+00,9.999999999999992228e-01,9.475254108407689113e-01,-3.196804589133220298e-01
1.864860358482701130e+01,9.999999999999992228e-01,1.000000000000000000e+00,7.950000000000003730e+00,9.999999999999992228e-01,9.474974982183200778e-01,-3.197631793531339195e-01
1.865360566902876016e+01,9.999999999999992228e-01,1.000000000000000000e+00,7.950000000000003730e+00,9.999999999999992228e-01,9.474695783742485000e-01,-3.198458973557794516e-01
1.865860775323050902e+01,1.000000000000001110e+00,1.000000000000000000e+00,7.949999999999993960e+00,1.000000000000001110e+00,9.474416513087667857e-01,-3.199286129206280749e-01
1.866360983743226143e+01,9.999999999999992228e-01,1.000000000000000000e+00,7.950000000000003730e+00,9.999999999999992228e-01,9.474137170220879867e-01,-3.200113260470494603e-01
1.866861192163401384e+01,1.000000000000001110e+00,1.000000000000000000e+00,7.949999999999993960e+00,1.000000000000001110e+00,9.473857755144248216e-01,-3.200940367344130566e-01
1.867361400583576270e+01,9.999999999999992228e-01,1.000000000000000000e+00,7.950000000000003730e+00,9.999999999999992228e-01,9.473578267859904534e-01,-3.201767449820885347e-01
1.867861609003751511e+01,9.999999999999992228e-01,1.000000000000000000e+00,7.950000000000003730e+00,9.999999999999992228e-01,9.473298708369977117e-01,-3.202594507894455100e-01
1.868361817423926752e+01,9.999999999999992228e-01,1.000000000000000000e+00,7.950000000000003730e+00,9.999999999999992228e-01,9.473019076676597594e-01,-3.203421541558535979e-01
1.868862025844101638e+01,1.000000000000001110e+00,1.000000000000000000e+00,7.949999999999993960e+00,1.000000000000001110e+00,9.472739372781896483e-01,-3.204248550806824136e-01
1.869362234264276523e+01,9.999999999999992228e-01,1.000000000000000000e+00,7.950000000000003730e+00,9.999999999999992228e-01,9.472459596688007633e-01,-3.205075535633016837e-01
1.869862442684451764e+01,9.999999999999992228e-01,1.000000000000000000e+00,7.950000000000003730e+00,9.999999999999992228e-01,9.472179748397061561e-01,-3.205902496030810789e-01
1.870362651104627005e+01,1.000000000000001110e+00,1.000000000000000000e+00,7.949999999999993960e+00,1.000000000000001110e+00,9.471899827911191005e-01,-3.206729431993903257e-01
1.870862859524801891e+01,9.999999999999992228e-01,1.000000000000000000e+00,7.950000000000003730e+00,9.999999999999992228e-01,9.471619835232532036e-01,-3.207556343515990394e-01
1.871363067944976777e+01,9.999999999999992228e-01,1.000000000000000000e+00,7.950000000000003730e+00,9.999999999999992228e-01,9.471339770363215171e-01,-3.208383230590771684e-01
1.871863276365152018e+01,9.999999999999992228e-01,1.000000000000000000e+00,7.950000000000003730e+00,9.999999999999992228e-01,9.471059633305377590e-01,-3.209210093211943282e-01
1.872363484785327259e+01,9.999999999999992228e-01,1.000000000000000000e+00,7.950000000000003730e+00,9.999999999999992228e-01,9.470779424061153140e-01,-3.210036931373203561e-01
1.872863693205502145e+01,9.999999999999992228e-01,1.000000000000000000e+00,7.950000000000003730e+00,9.999999999999992228e-01,9.470499142632677891e-01,-3.210863745068250896e-01
1.873363901625677386e+01,9.999999999999992228e-01,1.000000000000000000e+00,7.950000000000003730e+00,9.999999999999992228e-01,9.470218789022087913e-01,-3.211690534290782550e-01
1.873864110045852271e+01,9.999999999999992228e-01,1.000000000000000000e+00,7.950000000000003730e+00,9.999999999999992228e-01,9.469938363231521494e-01,-3.212517299034496898e-01
1.874364318466027512e+01,9.999999999999992228e-01,1.000000000000000000e+00,7.950000000000003730e+00,9.999999999999992228e-01,9.469657865263113594e-01,-3.213344039293093424e-01
1.874864526886202398e+01,9.999999999999992228e-01,1.000000000000000000e+00,7.950000000000003730e+00,9.999999999999992228e-01,9.469377295119003612e-01,-3.214170755060270501e-01
1.875364735306377284e+01,9.999999999999992228e-01,1.000000000000000000e+00,7.950000000000003730e+00,9.999999999999992228e-01,9.469096652801329839e-01,-3.214997446329726505e-01
1.875864943726552525e+01,9.999999999999992228e-01,1.000000000000000000e+00,7.950000000000003730e+00,9.999999999999992228e-01,9.468815938312230562e-01,-3.215824113095161474e-01
1.876365152146727766e+01,9.999999999999992228e-01,1.000000000000000000e+00,7.950000000000003730e+00,9.999999999999992228e-01,9.468535151653845183e-01,-3.216650755350274338e-01
1.876865360566902652e+01,9.999999999999992228e-01,1.000000000000000000e+00,7.950000000000003730e+00,9.999999999999992228e-01,9.468254292828315322e-01,-3.217477373088765136e-01
1.877365568987077893e+01,9.999999999999992228e-01,1.000000000000000000e+00,7.950000000000003730e+00,9.999999999999992228e-01,9.467973361837780377e-01,-3.218303966304332242e-01
1.877865777407253134e+01,9.999999999999992228e-01,1.000000000000000000e+00,7.950000000000003730e+00,9.999999999999992228e-01,9.467692358684381970e-01,-3.219130534990676806e-01
1.878365985827428020e+01,1.000000000000001110e+00,1.000000000000000000e+00,7.949999999999993960e+00,1.000000000000001110e+00,9.467411283370261721e-01,-3.219957079141498313e-01
1.878866194247602905e+01,9.999999999999992228e-01,1.000000000000000000e+00,7.950000000000003730e+00,9.999999999999992228e-01,9.467130135897562360e-01,-3.220783598750496801e-01
1.879366402667778146e+01,1.000000000000001110e+00,1.000000000000000000e+00,7.949999999999993960e+00,1.000000000000001110e+00,9.466848916268425507e-01,-3.221610093811373976e-01
1.879866611087953032e+01,1.000000000000001110e+00,1.000000000000000000e+00,7.949999999999993960e+00,1.000000000000001110e+00,9.466567624484996113e-01,-3.222436564317828211e-01
1.880366819508128273e+01,9.999999999999992228e-01,1.000000000000000000e+00,7.950000000000003730e+00,9.999999999999992228e-01,9.466286260549418019e-01,-3.223263010263562878e-01
1.880867027928303159e+01,9.999999999999992228e-01,1.000000000000000000e+00,7.950000000000003730e+00,9.999999999999992228e-01,9.466004824463833955e-01,-3.224089431642277459e-01
1.881367236348478400e+01,1.000000000000001110e+00,1.000000000000000000e+00,7.949999999999993960e+00,1.000000000000001110e+00,9.465723316230389983e-01,-3.224915828447673105e-01
1.881867444768653641e+01,9.999999999999992228e-01,1.000000000000000000e+00,7.950000000000003730e+00,9.999999999999992228e-01,9.465441735851232163e-01,-3.225742200673452076e-01
1.882367653188828882e+01,9.999999999999992228e-01,1.000000000000000000e+00,7.950000000000003730e+00,9.999999999999992228e-01,9.465160083328506557e-01,-3.226568548313314966e-01
1.882867861609003768e+01,9.999999999999992228e-01,1.000000000000000000e+00,7.950000000000003730e+00,9.999999999999992228e-01,9.464878358664359226e-01,-3.227394871360964590e-01
1.883368070029178654e+01,9.999999999999992228e-01,1.000000000000000000e+00,7.950000000000003730e+00,9.999999999999992228e-01,9.464596561860938451e-01,-3.228221169810100988e-01
1.883868278449353895e+01,9.999999999999992228e-01,1.000000000000000000e+00,7.950000000000003730e+00,9.999999999999992228e-01,9.464314692920391403e-01,-3.229047443654428640e-01
1.884368486869528780e+01,9.999999999999992228e-01,1.000000000000000000e+00,7.950000000000003730e+00,9.999999999999992228e-01,9.464032751844866365e-01,-3.229873692887648140e-01
1.884868695289703666e+01,9.999999999999992228e-01,1.000000000000000000e+00,7.950000000000003730e+00,9.999999999999992228e-01,9.463750738636511617e-01,-3.230699917503463414e-01
1.885368903709878907e+01,9.999999999999992228e-01,1.000000000000000000e+00,7.950000000000003730e+00,9.999999999999992228e-01,9.463468653297477662e-01,-3.231526117495576167e-01
1.885869112130054148e+01,9.999999999999992228e-01,1.000000000000000000e+00,7.950000000000003730e+00,9.999999999999992228e-01,9.463186495829913891e-01,-3.232352292857689768e-01
1.886369320550229389e+01,9.999999999999992228e-01,1.000000000000000000e+00,7.950000000000003730e+00,9.999999999999992228e-01,9.462904266235970807e-01,-3.233178443583506478e-01
1.886869528970404275e+01,9.999999999999992228e-01,1.000000000000000000e+00,7.950000000000003730e+00,9.999999999999992228e-01,9.462621964517800022e-01,-3.234004569666730777e-01
1.887369737390579516e+01,9.999999999999992228e-01,1.000000000000000000e+00,7.950000000000003730e+00,9.999999999999992228e-01,9.462339590677553147e-01,-3.234830671101064925e-01
1.887869945810754402e+01,9.999999999999992228e-01,1.000000000000000000e+00,7.950000000000003730e+00,9.999999999999992228e-01,9.462057144717381796e-01,-3.235656747880212847e-01
1.888370154230929643e+01,9.999999999999992228e-01,1.000000000000000000e+00,7.950000000000003730e+00,9.999999999999992228e-01,9.461774626639438690e-01,-3.236482799997879023e-01
1.888870362651104173e+01,1.000000000000001110e+00,1.000000000000000000e+00,7.949999999999993960e+00,1.000000000000001110e+00,9.461492036445877662e-01,-3.237308827447766268e-01
1.889370571071279414e+01,1.000000000000001110e+00,1.000000000000000000e+00,7.949999999999993960e+00,1.000000000000001110e+00,9.461209374138852546e-01,-3.238134830223580174e-01
1.889870779491454655e+01,9.999999999999992228e-01,1.000000000000000000e+00,7.950000000000003730e+00,9.999999999999992228e-01,9.460926639720518283e-01,-3.238960808319024665e-01
1.890370987911629896e+01,1.000000000000001110e+00,1.000000000000000000e+00,7.949999999999993960e+00,1.000000000000001110e+00,9.460643833193027596e-01,-3.239786761727804221e-01
1.890871196331804782e+01,9.999999999999992228e-01,1.000000000000000000e+00,7.950000000000003730e+00,9.999999999999992228e-01,9.460360954558538760e-01,-3.240612690443623323e-01
1.891371404751980023e+01,1.000000000000001110e+00,1.000000000000000000e+00,7.949999999999993960e+00,1.000000000000001110e+00,9.460078003819205605e-01,-3.241438594460187006e-01
1.891871613172155264e+01,9.999999999999992228e-01,1.000000000000000000e+00,7.950000000000003730e+00,9.999999999999992228e-01,9.459794980977186407e-01,-3.242264473771200306e-01
1.892371821592330150e+01,9.999999999999992228e-01,1.000000000000000000e+00,7.950000000000003730e+00,9.999999999999992228e-01,9.459511886034637218e-01,-3.243090328370368813e-01
1.892872030012505036e+01,1.000000000000001110e+00,1.000000000000000000e+00,7.949999999999993960e+00,1.000000000000001110e+00,9.459228718993715201e-01,-3.243916158251398119e-01
1.893372238432679922e+01,9.999999999999992228e-01,1.000000000000000000e+00,7.950000000000003730e+00,9.999999999999992228e-01,9.458945479856580851e-01,-3.244741963407993257e-01
1.893872446852855163e+01,1.000000000000001110e+00,1.000000000000000000e+00,7.949999999999993960e+00,1.000000000000001110e+00,9.458662168625390221e-01,-3.245567743833861485e-01
1.894372655273030404e+01,9.999999999999992228e-01,1.000000000000000000e+00,7.950000000000003730e+00,9.999999999999992228e-01,9.458378785302304914e-01,-3.246393499522707837e-01
1.894872863693205289e+01,1.000000000000001110e+00,1.000000000000000000e+00,7.949999999999993960e+00,1.000000000000001110e+00,9.458095329889483205e-01,-3.247219230468238460e-01
1.895373072113380530e+01,1.000000000000001110e+00,1.000000000000000000e+00,7.949999999999993960e+00,1.000000000000001110e+00,9.457811802389086697e-01,-3.248044936664160609e-01
1.895873280533555771e+01,9.999999999999992228e-01,1.000000000000000000e+00,7.950000000000003730e+00,9.999999999999992228e-01,9.457528202803275885e-01,-3.248870618104180430e-01
1.896373488953730657e+01,9.999999999999992228e-01,1.000000000000000000e+00,7.950000000000003730e+00,9.999999999999992228e-01,9.457244531134212373e-01,-3.249696274782004624e-01
1.896873697373905543e+01,9.999999999999992228e-01,1.000000000000000000e+00,7.950000000000003730e+00,9.999999999999992228e-01,9.456960787384057765e-01,-3.250521906691339891e-01
1.897373905794080784e+01,1.000000000000001110e+00,1.000000000000000000e+00,7.949999999999993960e+00,1.000000000000001110e+00,9.456676971554974775e-01,-3.251347513825894042e-01
1.897874114214255670e+01,9.999999999999992228e-01,1.000000000000000000e+00,7.950000000000003730e+00,9.999999999999992228e-01,9.456393083649128339e-01,-3.252173096179374334e-01
1.898374322634430911e+01,1.000000000000001110e+00,1.000000000000000000e+00,7.949999999999993960e+00,1.000000000000001110e+00,9.456109123668678951e-01,-3.252998653745489133e-01
1.898874531054605796e+01,9.999999999999992228e-01,1.000000000000000000e+00,7.950000000000003730e+00,9.999999999999992228e-01,9.455825091615793765e-01,-3.253824186517945138e-01
1.899374739474781038e+01,9.999999999999992228e-01,1.000000000000000000e+00,7.950000000000003730e+00,9.999999999999992228e-01,9.455540987492636607e-01,-3.254649694490450162e-01
1.899874947894956279e+01,9.999999999999992228e-01,1.000000000000000000e+00,7.950000000000003730e+00,9.999999999999992228e-01,9.455256811301372410e-01,-3.255475177656713681e-01
1.900375156315131164e+01,9.999999999999992228e-01,1.000000000000000000e+00,7.950000000000003730e+00,9.999999999999992228e-01,9.454972563044167222e-01,-3.256300636010442395e-01
1.900875364735306405e+01,9.999999999999992228e-01,1.000000000000000000e+00,7.950000000000003730e+00,9.999999999999992228e-01,9.454688242723188196e-01,-3.257126069545346336e-01
1.901375573155481291e+01,1.000000000000001110e+00,1.000000000000000000e+00,7.949999999999993960e+00,1.000000000000001110e+00,9.454403850340601378e-01,-3.257951478255132760e-01
1.901875781575656532e+01,9.999999999999992228e-01,1.000000000000000000e+00,7.950000000000003730e+00,9.999999999999992228e-01,9.454119385898576144e-01,-3.258776862133511698e-01
1.902375989995831418e+01,9.999999999999992228e-01,1.000000000000000000e+00,7.950000000000003730e+00,9.999999999999992228e-01,9.453834849399278539e-01,-3.259602221174191516e-01
1.902876198416006304e+01,9.999999999999992228e-01,1.000000000000000000e+00,7.950000000000003730e+00,9.999999999999992228e-01,9.453550240844877939e-01,-3.260427555370882247e-01
1.903376406836181545e+01,1.000000000000001110e+00,1.000000000000000000e+00,7.949999999999993960e+00,1.000000000000001110e+00,9.453265560237543719e-01,-3.261252864717292810e-01
1.903876615256356786e+01,9.999999999999992228e-01,1.000000000000000000e+00,7.950000000000003730e+00,9.999999999999992228e-01,9.452980807579446365e-01,-3.262078149207133793e-01
1.904376823676531671e+01,9.999999999999992228e-01,1.000000000000000000e+00,7.950000000000003730e+00,9.999999999999992228e-01,9.452695982872755254e-01,-3.262903408834113561e-01
1.904877032096706913e+01,9.999999999999992228e-01,1.000000000000000000e+00,7.950000000000003730e+00,9.999999999999992228e-01,9.452411086119640871e-01,-3.263728643591943257e-01
1.905377240516882154e+01,9.999999999999992228e-01,1.000000000000000000e+00,7.950000000000003730e+00,9.999999999999992228e-01,9.452126117322275922e-01,-3.264553853474332912e-01
1.905877448937057039e+01,9.999999999999992228e-01,1.000000000000000000e+00,7.950000000000003730e+00,9.999999999999992228e-01,9.451841076482832005e-01,-3.265379038474992557e-01
1.906377657357231925e+01,9.999999999999992228e-01,1.000000000000000000e+00,7.950000000000003730e+00,9.999999999999992228e-01,9.451555963603480714e-01,-3.266204198587633334e-01
1.906877865777406811e+01,9.999999999999992228e-01,1.000000000000000000e+00,7.950000000000003730e+00,9.999999999999992228e-01,9.451270778686395868e-01,-3.267029333805965274e-01
1.907378074197582052e+01,9.999999999999992228e-01,1.000000000000000000e+00,7.950000000000003730e+00,9.999999999999992228e-01,9.450985521733751282e-01,-3.267854444123700075e-01
1.907878282617757293e+01,9.999999999999992228e-01,1.000000000000000000e+00,7.950000000000003730e+00,9.999999999999992228e-01,9.450700192747720774e-01,-3.268679529534548878e-01
1.908378491037932179e+01,1.000000000000001110e+00,1.000000000000000000e+00,7.949999999999993960e+00,1.000000000000001110e+00,9.450414791730478159e-01,-3.269504590032223379e-01
1.908878699458107420e+01,9.999999999999992228e-01,1.000000000000000000e+00,7.950000000000003730e+00,9.999999999999992228e-01,9.450129318684200586e-01,-3.270329625610434721e-01
1.909378907878282661e+01,9.999999999999992228e-01,1.000000000000000000e+00,7.950000000000003730e+00,9.999999999999992228e-01,9.449843773611062980e-01,-3.271154636262894044e-01
1.909879116298457902e+01,9.999999999999992228e-01,1.000000000000000000e+00,7.950000000000003730e+00,9.999999999999992228e-01,9.449558156513241380e-01,-3.271979621983314157e-01
1.910379324718632432e+01,9.999999999999992228e-01,1.000000000000000000e+00,7.950000000000003730e+00,9.999999999999992228e-01,9.449272467392912933e-01,-3.272804582765406756e-01
1.910879533138807673e+01,9.999999999999992228e-01,1.000000000000000000e+00,7.950000000000003730e+00,9.999999999999992228e-01,9.448986706252255896e-01,-3.273629518602884092e-01
1.911379741558982559e+01,1.000000000000001110e+00,1.000000000000000000e+00,7.949999999999993960e+00,1.000000000000001110e+00,9.448700873093446306e-01,-3.274454429489458973e-01
1.911879949979157800e+01,1.000000000000001110e+00,1.000000000000000000e+00,7.949999999999993960e+00,1.000000000000001110e+00,9.448414967918664642e-01,-3.275279315418844761e-01
1.912380158399332686e+01,9.999999999999992228e-01,1.000000000000000000e+00,7.950000000000003730e+00,9.999999999999992228e-01,9.448128990730089161e-01,-3.276104176384753153e-01
1.912880366819507927e+01,9.999999999999992228e-01,1.000000000000000000e+00,7.950000000000003730e+00,9.999999999999992228e-01,9.447842941529900340e-01,-3.276929012380898065e-01
1.913380575239683168e+01,9.999999999999992228e-01,1.000000000000000000e+00,7.950000000000003730e+00,9.999999999999992228e-01,9.447556820320276438e-01,-3.277753823400992306e-01
1.913880783659858409e+01,9.999999999999992228e-01,1.000000000000000000e+00,7.950000000000003730e+00,9.999999999999992228e-01,9.447270627103400154e-01,-3.278578609438749236e-01
1.914380992080033295e+01,1.000000000000001110e+00,1.000000000000000000e+00,7.949999999999993960e+00,1.000000000000001110e+00,9.446984361881451964e-01,-3.279403370487883329e-01
1.914881200500208180e+01,9.999999999999992228e-01,1.000000000000000000e+00,7.950000000000003730e+00,9.999999999999992228e-01,9.446698024656614567e-01,-3.280228106542106836e-01
1.915381408920383421e+01,9.999999999999992228e-01,1.000000000000000000e+00,7.950000000000003730e+00,9.999999999999992228e-01,9.446411615431069553e-01,-3.281052817595135340e-01
1.915881617340558307e+01,9.999999999999992228e-01,1.000000000000000000e+00,7.950000000000003730e+00,9.999999999999992228e-01,9.446125134206999618e-01,-3.281877503640682203e-01
1.916381825760733193e+01,9.999999999999992228e-01,1.000000000000000000e+00,7.950000000000003730e+00,9.999999999999992228e-01,9.445838580986588573e-01,-3.282702164672463008e-01
1.916882034180908434e+01,1.000000000000001110e+00,1.000000000000000000e+00,7.949999999999993960e+00,1.000000000000001110e+00,9.445551955772020225e-01,-3.283526800684191116e-01
1.917382242601083675e+01,9.999999999999992228e-01,1.000000000000000000e+00,7.950000000000002842e+00,9.999999999999992228e-01,9.445265258565479494e-01,-3.284351411669581555e-01
1.917882451021258916e+01,9.999999999999992228e-01,1.000000000000000000e+00,7.950000000000003730e+00,9.999999999999992228e-01,9.444978489369152408e-01,-3.285175997622349908e-01
1.918382659441433802e+01,1.000000000000001110e+00,1.000000000000000000e+00,7.949999999999993960e+00,1.000000000000001110e+00,9.444691648185222776e-01,-3.286000558536211202e-01
1.918882867861609043e+01,9.999999999999992228e-01,1.000000000000000000e+00,7.950000000000003730e+00,9.999999999999992228e-01,9.444404735015878849e-01,-3.286825094404879910e-01
1.919383076281783929e+01,1.000000000000001110e+00,1.000000000000000000e+00,7.949999999999993960e+00,1.000000000000001110e+00,9.444117749863305544e-01,-3.287649605222072169e-01
1.919883284701959170e+01,1.000000000000001110e+00,1.000000000000000000e+00,7.949999999999993960e+00,1.000000000000001110e+00,9.443830692729691112e-01,-3.288474090981504672e-01
1.920383493122134055e+01,1.000000000000001110e+00,1.000000000000000000e+00,7.949999999999993960e+00,1.000000000000001110e+00,9.443543563617223802e-01,-3.289298551676891891e-01
1.920883701542308941e+01,9.999999999999992228e-01,1.000000000000000000e+00,7.950000000000003730e+00,9.999999999999992228e-01,9.443256362528091863e-01,-3.290122987301950519e-01
1.921383909962484182e+01,9.999999999999992228e-01,1.000000000000000000e+00,7.950000000000003730e+00,9.999999999999992228e-01,9.442969089464483545e-01,-3.290947397850397249e-01
1.921884118382659423e+01,9.999999999999992228e-01,1.000000000000000000e+00,7.950000000000003730e+00,9.999999999999992228e-01,9.442681744428589319e-01,-3.291771783315948219e-01
1.922384326802834309e+01,9.999999999999992228e-01,1.000000000000000000e+00,7.950000000000003730e+00,9.999999999999992228e-01,9.442394327422598543e-01,-3.292596143692320121e-01
1.922884535223009550e+01,9.999999999999992228e-01,1.000000000000000000e+00,7.950000000000003730e+00,9.999999999999992228e-01,9.442106838448701689e-01,-3.293420478973230758e-01
1.923384743643184791e+01,1.000000000000001110e+00,1.000000000000000000e+00,7.949999999999993960e+00,1.000000000000001110e+00,9.441819277509090336e-01,-3.294244789152395714e-01
1.923884952063359677e+01,9.999999999999992228e-01,1.000000000000000000e+00,7.950000000000003730e+00,9.999999999999992228e-01,9.441531644605957174e-01,-3.295069074223532790e-01
1.924385160483534563e+01,1.000000000000001110e+00,1.000000000000000000e+00,7.949999999999993960e+00,1.000000000000001110e+00,9.441243939741492675e-01,-3.295893334180359791e-01
1.924885368903709804e+01,9.999999999999992228e-01,1.000000000000000000e+00,7.950000000000003730e+00,9.999999999999992228e-01,9.440956162917891747e-01,-3.296717569016594518e-01
1.925385577323884689e+01,9.999999999999992228e-01,1.000000000000000000e+00,7.950000000000003730e+00,9.999999999999992228e-01,9.440668314137345973e-01,-3.297541778725954220e-01
1.925885785744059930e+01,1.000000000000001110e+00,1.000000000000000000e+00,7.949999999999993960e+00,1.000000000000001110e+00,9.440380393402049153e-01,-3.298365963302157255e-01
1.926385994164234816e+01,9.999999999999992228e-01,1.000000000000000000e+00,7.950000000000003730e+00,9.999999999999992228e-01,9.440092400714197307e-01,-3.299190122738922537e-01
1.926886202584410057e+01,9.999999999999992228e-01,1.000000000000000000e+00,7.950000000000003730e+00,9.999999999999992228e-01,9.439804336075984237e-01,-3.300014257029967313e-01
1.927386411004585298e+01,9.999999999999992228e-01,1.000000000000000000e+00,7.950000000000003730e+00,9.999999999999992228e-01,9.439516199489605963e-01,-3.300838366169011606e-01
1.927886619424760539e+01,9.999999999999992228e-01,1.000000000000000000e+00,7.950000000000003730e+00,9.999999999999992228e-01,9.439227990957258507e-01,-3.301662450149772665e-01
1.928386827844935070e+01,9.999999999999992228e-01,1.000000000000000000e+00,7.950000000000003730e+00,9.999999999999992228e-01,9.438939710481139000e-01,-3.302486508965969958e-01
1.928887036265110311e+01,9.999999999999992228e-01,1.000000000000000000e+00,7.950000000000003730e+00,9.999999999999992228e-01,9.438651358063443464e-01,-3.303310542611323508e-01
1.929387244685285552e+01,9.999999999999992228e-01,1.000000000000000000e+00,7.950000000000003730e+00,9.999999999999992228e-01,9.438362933706371249e-01,-3.304134551079551674e-01
1.929887453105460438e+01,9.999999999999992228e-01,1.000000000000000000e+00,7.950000000000003730e+00,9.999999999999992228e-01,9.438074437412119488e-01,-3.304958534364374478e-01
1.930387661525635323e+01,9.999999999999992228e-01,1.000000000000000000e+00,7.950000000000003730e+00,9.999999999999992228e-01,9.437785869182886422e-01,-3.305782492459511945e-01
1.930887869945810564e+01,9.999999999999992228e-01,1.000000000000000000e+00,7.950000000000003730e+00,9.999999999999992228e-01,9.437497229020873624e-01,-3.306606425358684098e-01
1.931388078365985805e+01,9.999999999999992228e-01,1.000000000000000000e+00,7.950000000000003730e+00,9.999999999999992228e-01,9.437208516928279334e-01,-3.307430333055610960e-01
1.931888286786161046e+01,1.000000000000001110e+00,1.000000000000000000e+00,7.949999999999993960e+00,1.000000000000001110e+00,9.436919732907304015e-01,-3.308254215544012555e-01
1.932388495206335932e+01,9.999999999999992228e-01,1.000000000000000000e+00,7.950000000000003730e+00,9.999999999999992228e-01,9.436630876960150349e-01,-3.309078072817609462e-01
1.932888703626511173e+01,1.000000000000001110e+00,1.000000000000000000e+00,7.949999999999993960e+00,1.000000000000001110e+00,9.436341949089017689e-01,-3.309901904870122813e-01
1.933388912046686059e+01,9.999999999999992228e-01,1.000000000000000000e+00,7.950000000000003730e+00,9.999999999999992228e-01,9.436052949296110937e-01,-3.310725711695273188e-01
1.933889120466861300e+01,1.000000000000001110e+00,1.000000000000000000e+00,7.949999999999993960e+00,1.000000000000001110e+00,9.435763877583629444e-01,-3.311549493286781720e-01
1.934389328887035830e+01,9.999999999999992228e-01,1.000000000000000000e+00,7.950000000000003730e+00,9.999999999999992228e-01,9.435474733953779225e-01,-3.312373249638369543e-01
1.934889537307211071e+01,1.000000000000001110e+00,1.000000000000000000e+00,7.949999999999993960e+00,1.000000000000001110e+00,9.435185518408762961e-01,-3.313196980743758902e-01
1.935389745727386313e+01,9.999999999999992228e-01,1.000000000000000000e+00,7.950000000000003730e+00,9.999999999999992228e-01,9.434896230950785556e-01,-3.314020686596670928e-01
1.935889954147561554e+01,1.000000000000001110e+00,1.000000000000000000e+00,7.949999999999993960e+00,1.000000000000001110e+00,9.434606871582049692e-01,-3.314844367190827867e-01
1.936390162567736439e+01,1.000000000000001110e+00,1.000000000000000000e+00,7.949999999999993960e+00,1.000000000000001110e+00,9.434317440304763602e-01,-3.315668022519951408e-01
1.936890370987911680e+01,1.000000000000001110e+00,1.000000000000000000e+00,7.949999999999993960e+00,1.000000000000001110e+00,9.434027937121132190e-01,-3.316491652577763793e-01
1.937390579408086921e+01,9.999999999999992228e-01,1.000000000000000000e+00,7.950000000000003730e+00,9.999999999999992228e-01,9.433738362033362579e-01,-3.317315257357988378e-01
1.937890787828261807e+01,9.999999999999992228e-01,1.000000000000000000e+00,7.950000000000003730e+00,9.999999999999992228e-01,9.433448715043660782e-01,-3.318138836854345741e-01
1.938390996248436693e+01,1.000000000000001110e+00,1.000000000000000000e+00,7.949999999999993960e+00,1.000000000000001110e+00,9.433158996154233922e-01,-3.318962391060560901e-01
1.938891204668611579e+01,9.999999999999992228e-01,1.000000000000000000e+00,7.950000000000003730e+00,9.999999999999992228e-01,9.432869205367292453e-01,-3.319785919970356103e-01
1.939391413088786820e+01,9.999999999999992228e-01,1.000000000000000000e+00,7.950000000000003730e+00,9.999999999999992228e-01,9.432579342685043500e-01,-3.320609423577454700e-01
1.939891621508962061e+01,9.999999999999992228e-01,1.000000000000000000e+00,7.950000000000003730e+00,9.999999999999992228e-01,9.432289408109696405e-01,-3.321432901875580046e-01
1.940391829929136946e+01,1.000000000000001110e+00,1.000000000000000000e+00,7.949999999999993960e+00,1.000000000000001110e+00,9.431999401643460512e-01,-3.322256354858455496e-01
1.940892038349312188e+01,9.999999999999992228e-01,1.000000000000000000e+00,7.950000000000003730e+00,9.999999999999992228e-01,9.431709323288548497e-01,-3.323079782519805514e-01
1.941392246769487429e+01,9.999999999999992228e-01,1.000000000000000000e+00,7.950000000000003730e+00,9.999999999999992228e-01,9.431419173047168591e-01,-3.323903184853353454e-01
1.941892455189662314e+01,9.999999999999992228e-01,1.000000000000000000e+00,7.950000000000003730e+00,9.999999999999992228e-01,9.431128950921533471e-01,-3.324726561852824336e-01
1.942392663609837200e+01,9.999999999999992228e-01,1.000000000000000000e+00,7.950000000000003730e+00,9.999999999999992228e-01,9.430838656913854701e-01,-3.325549913511940958e-01
1.942892872030012441e+01,9.999999999999992228e-01,1.000000000000000000e+00,7.950000000000003730e+00,9.999999999999992228e-01,9.430548291026346064e-01,-3.326373239824429451e-01
1.943393080450187327e+01,9.999999999999992228e-01,1.000000000000000000e+00,7.950000000000003730e+00,9.999999999999992228e-01,9.430257853261219125e-01,-3.327196540784013723e-01
1.943893288870362568e+01,1.000000000000001110e+00,1.000000000000000000e+00,7.949999999999993960e+00,1.000000000000001110e+00,9.429967343620687670e-01,-3.328019816384419904e-01
1.944393497290537454e+01,9.999999999999992228e-01,1.000000000000000000e+00,7.950000000000003730e+00,9.999999999999992228e-01,9.429676762106967702e-01,-3.328843066619371904e-01
1.944893705710712695e+01,1.000000000000001110e+00,1.000000000000000000e+00,7.949999999999993960e+00,1.000000000000001110e+00,9.429386108722270787e-01,-3.329666291482595852e-01
1.945393914130887936e+01,1.000000000000001110e+00,1.000000000000000000e+00,7.949999999999993960e+00,1.000000000000001110e+00,9.429095383468815150e-01,-3.330489490967816768e-01
1.945894122551062821e+01,1.000000000000001110e+00,1.000000000000000000e+00,7.949999999999993960e+00,1.000000000000001110e+00,9.428804586348815686e-01,-3.331312665068761336e-01
1.946394330971238062e+01,1.000000000000001110e+00,1.000000000000000000e+00,7.949999999999993960e+00,1.000000000000001110e+00,9.428513717364488400e-01,-3.332135813779154021e-01
1.946894539391412948e+01,9.999999999999992228e-01,1.000000000000000000e+00,7.950000000000003730e+00,9.999999999999992228e-01,9.428222776518051518e-01,-3.332958937092721508e-01
1.947394747811588189e+01,9.999999999999992228e-01,1.000000000000000000e+00,7.950000000000003730e+00,9.999999999999992228e-01,9.427931763811721044e-01,-3.333782035003191035e-01
1.947894956231763075e+01,9.999999999999992228e-01,1.000000000000000000e+00,7.950000000000003730e+00,9.999999999999992228e-01,9.427640679247715205e-01,-3.334605107504288179e-01
1.948395164651937961e+01,9.999999999999992228e-01,1.000000000000000000e+00,7.950000000000003730e+00,9.999999999999992228e-01,9.427349522828252226e-01,-3.335428154589740180e-01
1.948895373072113202e+01,9.999999999999992228e-01,1.000000000000000000e+00,7.950000000000003730e+00,9.999999999999992228e-01,9.427058294555552553e-01,-3.336251176253273720e-01
1.949395581492288443e+01,9.999999999999992228e-01,1.000000000000000000e+00,7.950000000000003730e+00,9.999999999999992228e-01,9.426766994431835522e-01,-3.337074172488615487e-01
1.949895789912463329e+01,9.999999999999992228e-01,1.000000000000000000e+00,7.950000000000003730e+00,9.999999999999992228e-01,9.426475622459320469e-01,-3.337897143289493829e-01
1.950395998332638570e+01,9.999999999999992228e-01,1.000000000000000000e+00,7.950000000000003730e+00,9.999999999999992228e-01,9.426184178640228950e-01,-3.338720088649635431e-01
1.950896206752813811e+01,9.999999999999992228e-01,1.000000000000000000e+00,7.950000000000003730e+00,9.999999999999992228e-01,9.425892662976782521e-01,-3.339543008562768089e-01
1.951396415172988696e+01,1.000000000000001110e+00,1.000000000000000000e+00,7.949999999999993960e+00,1.000000000000001110e+00,9.425601075471201629e-01,-3.340365903022619043e-01
1.951896623593163582e+01,9.999999999999992228e-01,1.000000000000000000e+00,7.950000000000003730e+00,9.999999999999992228e-01,9.425309416125711159e-01,-3.341188772022918307e-01
1.952396832013338468e+01,9.999999999999992228e-01,1.000000000000000000e+00,7.950000000000003730e+00,9.999999999999992228e-01,9.425017684942531559e-01,-3.342011615557391457e-01
1.952897040433513709e+01,9.999999999999992228e-01,1.000000000000000000e+00,7.950000000000003730e+00,9.999999999999992228e-01,9.424725881923887716e-01,-3.342834433619769618e-01
1.953397248853688950e+01,9.999999999999992228e-01,1.000000000000000000e+00,7.950000000000003730e+00,9.999999999999992228e-01,9.424434007072002295e-01,-3.343657226203780031e-01
1.953897457273863836e+01,9.999999999999992228e-01,1.000000000000000000e+00,7.950000000000003730e+00,9.999999999999992228e-01,9.424142060389102404e-01,-3.344479993303151599e-01
1.954397665694039077e+01,9.999999999999992228e-01,1.000000000000000000e+00,7.950000000000003730e+00,9.999999999999992228e-01,9.423850041877410710e-01,-3.345302734911613785e-01
1.954897874114214318e+01,9.999999999999992228e-01,1.000000000000000000e+00,7.950000000000003730e+00,9.999999999999992228e-01,9.423557951539154320e-01,-3.346125451022895492e-01
1.955398082534389559e+01,9.999999999999992228e-01,1.000000000000000000e+00,7.950000000000003730e+00,9.999999999999992228e-01,9.423265789376559232e-01,-3.346948141630726181e-01
1.955898290954564089e+01,9.999999999999992228e-01,1.000000000000000000e+00,7.950000000000003730e+00,9.999999999999992228e-01,9.422973555391852551e-01,-3.347770806728835313e-01
1.956398499374739330e+01,9.999999999999992228e-01,1.000000000000000000e+00,7.950000000000003730e+00,9.999999999999992228e-01,9.422681249587260277e-01,-3.348593446310952904e-01
1.956898707794914216e+01,9.999999999999992228e-01,1.000000000000000000e+00,7.950000000000003730e+00,9.999999999999992228e-01,9.422388871965011736e-01,-3.349416060370808967e-01
1.957398916215089457e+01,9.999999999999992228e-01,1.000000000000000000e+00,7.950000000000003730e+00,9.999999999999992228e-01,9.422096422527335147e-01,-3.350238648902134075e-01
1.957899124635264343e+01,9.999999999999992228e-01,1.000000000000000000e+00,7.950000000000003730e+00,9.999999999999992228e-01,9.421803901276458726e-01,-3.351061211898658243e-01
1.958399333055439584e+01,9.999999999999992228e-01,1.000000000000000000e+00,7.950000000000003730e+00,9.999999999999992228e-01,9.421511308214612912e-01,-3.351883749354112041e-01
1.958899541475614825e+01,9.999999999999992228e-01,1.000000000000000000e+00,7.950000000000003730e+00,9.999999999999992228e-01,9.421218643344027033e-01,-3.352706261262226595e-01
1.959399749895790066e+01,9.999999999999992228e-01,1.000000000000000000e+00,7.950000000000003730e+00,9.999999999999992228e-01,9.420925906666931526e-01,-3.353528747616732475e-01
1.959899958315964952e+01,9.999999999999992228e-01,1.000000000000000000e+00,7.950000000000003730e+00,9.999999999999992228e-01,9.420633098185559051e-01,-3.354351208411361362e-01
1.960400166736139838e+01,9.999999999999992228e-01,1.000000000000000000e+00,7.950000000000003730e+00,9.999999999999992228e-01,9.420340217902140045e-01,-3.355173643639843828e-01
1.960900375156315079e+01,9.999999999999992228e-01,1.000000000000000000e+00,7.950000000000003730e+00,9.999999999999992228e-01,9.420047265818907167e-01,-3.355996053295912107e-01
1.961400583576489964e+01,9.999999999999992228e-01,1.000000000000000000e+00,7.950000000000003730e+00,9.999999999999992228e-01,9.419754241938093076e-01,-3.356818437373297326e-01
1.961900791996664850e+01,9.999999999999992228e-01,1.000000000000000000e+00,7.950000000000003730e+00,9.999999999999992228e-01,9.419461146261930429e-01,-3.357640795865732830e-01
1.962401000416840091e+01,9.999999999999992228e-01,1.000000000000000000e+00,7.950000000000003730e+00,9.999999999999992228e-01,9.419167978792655216e-01,-3.358463128766949191e-01
1.962901208837015332e+01,9.999999999999992228e-01,1.000000000000000000e+00,7.950000000000003730e+00,9.999999999999992228e-01,9.418874739532500096e-01,-3.359285436070680309e-01
1.963401417257190573e+01,9.999999999999992228e-01,1.000000000000000000e+00,7.950000000000003730e+00,9.999999999999992228e-01,9.418581428483701057e-01,-3.360107717770657310e-01
1.963901625677365459e+01,9.999999999999992228e-01,1.000000000000000000e+00,7.950000000000003730e+00,9.999999999999992228e-01,9.418288045648491869e-01,-3.360929973860613540e-01
1.964401834097540700e+01,9.999999999999992228e-01,1.000000000000000000e+00,7.950000000000003730e+00,9.999999999999992228e-01,9.417994591029110740e-01,-3.361752204334282346e-01
1.964902042517715586e+01,9.999999999999992228e-01,1.000000000000000000e+00,7.950000000000003730e+00,9.999999999999992228e-01,9.417701064627794771e-01,-3.362574409185395408e-01
1.965402250937890827e+01,9.999999999999992228e-01,1.000000000000000000e+00,7.950000000000003730e+00,9.999999999999992228e-01,9.417407466446778841e-01,-3.363396588407687737e-01
1.965902459358065357e+01,1.000000000000001110e+00,1.000000000000000000e+00,7.949999999999993960e+00,1.000000000000001110e+00,9.417113796488301158e-01,-3.364218741994891571e-01
1.966402667778240598e+01,9.999999999999992228e-01,1.000000000000000000e+00,7.950000000000003730e+00,9.999999999999992228e-01,9.416820054754601044e-01,-3.365040869940741919e-01
1.966902876198415839e+01,9.999999999999992228e-01,1.000000000000000000e+00,7.950000000000003730e+00,9.999999999999992228e-01,9.416526241247917817e-01,-3.365862972238972128e-01
1.967403084618591080e+01,1.000000000000001110e+00,1.000000000000000000e+00,7.949999999999993960e+00,1.000000000000001110e+00,9.416232355970488577e-01,-3.366685048883316100e-01
1.967903293038765966e+01,9.999999999999992228e-01,1.000000000000000000e+00,7.950000000000003730e+00,9.999999999999992228e-01,9.415938398924555974e-01,-3.367507099867508291e-01
1.968403501458941207e+01,9.999999999999992228e-01,1.000000000000000000e+00,7.950000000000003730e+00,9.999999999999992228e-01,9.415644370112358219e-01,-3.368329125185283157e-01
1.968903709879116448e+01,9.999999999999992228e-01,1.000000000000000000e+00,7.950000000000003730e+00,9.999999999999992228e-01,9.415350269536137962e-01,-3.369151124830375710e-01
1.969403918299291334e+01,9.999999999999992228e-01,1.000000000000000000e+00,7.950000000000003730e+00,9.999999999999992228e-01,9.415056097198135632e-01,-3.369973098796519295e-01
1.969904126719466220e+01,9.999999999999992228e-01,1.000000000000000000e+00,7.950000000000003730e+00,9.999999999999992228e-01,9.414761853100593880e-01,-3.370795047077451700e-01
1.970404335139641461e+01,9.999999999999992228e-01,1.000000000000000000e+00,7.950000000000003730e+00,9.999999999999992228e-01,9.414467537245755357e-01,-3.371616969666906272e-01
1.970904543559816346e+01,9.999999999999992228e-01,1.000000000000000000e+00,7.950000000000003730e+00,9.999999999999992228e-01,9.414173149635862714e-01,-3.372438866558618575e-01
1.971404751979991588e+01,9.999999999999992228e-01,1.000000000000000000e+00,7.950000000000003730e+00,9.999999999999992228e-01,9.413878690273160821e-01,-3.373260737746324733e-01
1.971904960400166473e+01,9.999999999999992228e-01,1.000000000000000000e+00,7.950000000000003730e+00,9.999999999999992228e-01,9.413584159159893439e-01,-3.374082583223761422e-01
1.972405168820341714e+01,9.999999999999992228e-01,1.000000000000000000e+00,7.950000000000003730e+00,9.999999999999992228e-01,9.413289556298304328e-01,-3.374904402984663099e-01
1.972905377240516955e+01,9.999999999999992228e-01,1.000000000000000000e+00,7.950000000000003730e+00,9.999999999999992228e-01,9.412994881690640581e-01,-3.375726197022767550e-01
1.973405585660691841e+01,9.999999999999992228e-01,1.000000000000000000e+00,7.950000000000003730e+00,9.999999999999992228e-01,9.412700135339148177e-01,-3.376547965331809786e-01
1.973905794080866727e+01,1.000000000000001110e+00,1.000000000000000000e+00,7.949999999999993960e+00,1.000000000000001110e+00,9.412405317246071990e-01,-3.377369707905527041e-01
1.974406002501041968e+01,9.999999999999992228e-01,1.000000000000000000e+00,7.950000000000003730e+00,9.999999999999992228e-01,9.412110427413660219e-01,-3.378191424737657100e-01
1.974906210921217209e+01,9.999999999999992228e-01,1.000000000000000000e+00,7.950000000000003730e+00,9.999999999999992228e-01,9.411815465844161066e-01,-3.379013115821936086e-01
1.975406419341392095e+01,9.999999999999992228e-01,1.000000000000000000e+00,7.950000000000003730e+00,9.999999999999992228e-01,9.411520432539820513e-01,-3.379834781152100676e-01
1.975906627761566980e+01,1.000000000000001110e+00,1.000000000000000000e+00,7.949999999999993960e+00,1.000000000000001110e+00,9.411225327502888982e-01,-3.380656420721889210e-01
1.976406836181742221e+01,9.999999999999992228e-01,1.000000000000000000e+00,7.950000000000003730e+00,9.999999999999992228e-01,9.410930150735615785e-01,-3.381478034525039478e-01
1.976907044601917463e+01,1.000000000000001110e+00,1.000000000000000000e+00,7.949999999999993960e+00,1.000000000000001110e+00,9.410634902240249122e-01,-3.382299622555289265e-01
1.977407253022092348e+01,9.999999999999992228e-01,1.000000000000000000e+00,7.950000000000003730e+00,9.999999999999992228e-01,9.410339582019041638e-01,-3.383121184806375803e-01
1.977907461442267589e+01,1.000000000000001110e+00,1.000000000000000000e+00,7.949999999999993960e+00,1.000000000000001110e+00,9.410044190074241532e-01,-3.383942721272037990e-01
1.978407669862442475e+01,9.999999999999992228e-01,1.000000000000000000e+00,7.950000000000003730e+00,9.999999999999992228e-01,9.409748726408102559e-01,-3.384764231946013613e-01
1.978907878282617716e+01,9.999999999999992228e-01,1.000000000000000000e+00,7.950000000000003730e+00,9.999999999999992228e-01,9.409453191022876251e-01,-3.385585716822042124e-01
1.979408086702792602e+01,9.999999999999992228e-01,1.000000000000000000e+00,7.950000000000003730e+00,9.999999999999992228e-01,9.409157583920813028e-01,-3.386407175893862420e-01
1.979908295122967488e+01,9.999999999999992228e-01,1.000000000000000000e+00,7.950000000000003730e+00,9.999999999999992228e-01,9.408861905104168866e-01,-3.387228609155212289e-01
1.980408503543142729e+01,9.999999999999992228e-01,1.000000000000000000e+00,7.950000000000003730e+00,9.999999999999992228e-01,9.408566154575195295e-01,-3.388050016599832293e-01
1.980908711963317970e+01,9.999999999999992228e-01,1.000000000000000000e+00,7.950000000000003730e+00,9.999999999999992228e-01,9.408270332336147179e-01,-3.388871398221461329e-01
1.981408920383492855e+01,9.999999999999992228e-01,1.000000000000000000e+00,7.950000000000003730e+00,9.999999999999992228e-01,9.407974438389279381e-01,-3.389692754013838849e-01
1.981909128803668096e+01,9.999999999999992228e-01,1.000000000000000000e+00,7.950000000000003730e+00,9.999999999999992228e-01,9.407678472736846764e-01,-3.390514083970704862e-01
1.982409337223843337e+01,1.000000000000001110e+00,1.000000000000000000e+00,7.949999999999993960e+00,1.000000000000001110e+00,9.407382435381105301e-01,-3.391335388085798819e-01
1.982909545644018579e+01,9.999999999999992228e-01,1.000000000000000000e+00,7.950000000000003730e+00,9.999999999999992228e-01,9.407086326324312076e-01,-3.392156666352861838e-01
1.983409754064193109e+01,9.999999999999992228e-01,1.000000000000000000e+00,7.950000000000003730e+00,9.999999999999992228e-01,9.406790145568723061e-01,-3.392977918765633372e-01
1.983909962484368350e+01,9.999999999999992228e-01,1.000000000000000000e+00,7.950000000000003730e+00,9.999999999999992228e-01,9.406493893116595340e-01,-3.393799145317854538e-01
1.984410170904543236e+01,1.000000000000001110e+00,1.000000000000000000e+00,7.949999999999993960e+00,1.000000000000001110e+00,9.406197568970187106e-01,-3.394620346003265898e-01
1.984910379324718477e+01,1.000000000000001110e+00,1.000000000000000000e+00,7.949999999999993960e+00,1.000000000000001110e+00,9.405901173131757664e-01,-3.395441520815609127e-01
1.985410587744893363e+01,9.999999999999992228e-01,1.000000000000000000e+00,7.950000000000003730e+00,9.999999999999992228e-01,9.405604705603566318e-01,-3.396262669748624785e-01
1.985910796165068604e+01,9.999999999999992228e-01,1.000000000000000000e+00,7.950000000000003730e+00,9.999999999999992228e-01,9.405308166387871260e-01,-3.397083792796054547e-01
1.986411004585243845e+01,9.999999999999992228e-01,1.000000000000000000e+00,7.950000000000003730e+00,9.999999999999992228e-01,9.405011555486932906e-01,-3.397904889951639529e-01
1.986911213005419086e+01,9.999999999999992228e-01,1.000000000000000000e+00,7.950000000000003730e+00,9.999999999999992228e-01,9.404714872903012779e-01,-3.398725961209121960e-01
1.987411421425593971e+01,1.000000000000001110e+00,1.000000000000000000e+00,7.949999999999993960e+00,1.000000000000001110e+00,9.404418118638371293e-01,-3.399547006562243512e-01
1.987911629845768857e+01,1.000000000000001110e+00,1.000000000000000000e+00,7.949999999999993960e+00,1.000000000000001110e+00,9.404121292695271084e-01,-3.400368026004745858e-01
1.988411838265944098e+01,9.999999999999992228e-01,1.000000000000000000e+00,7.950000000000003730e+00,9.999999999999992228e-01,9.403824395075974785e-01,-3.401189019530372892e-01
1.988912046686118984e+01,9.999999999999992228e-01,1.000000000000000000e+00,7.950000000000003730e+00,9.999999999999992228e-01,9.403527425782743920e-01,-3.402009987132865176e-01
1.989412255106293870e+01,9.999999999999992228e-01,1.000000000000000000e+00,7.950000000000003730e+00,9.999999999999992228e-01,9.403230384817843346e-01,-3.402830928805967159e-01
1.989912463526469111e+01,9.999999999999992228e-01,1.000000000000000000e+00,7.950000000000003730e+00,9.999999999999992228e-01,9.402933272183535696e-01,-3.403651844543421623e-01
1.990412671946644352e+01,9.999999999999992228e-01,1.000000000000000000e+00,7.950000000000003730e+00,9.999999999999992228e-01,9.402636087882085825e-01,-3.404472734338970796e-01
1.990912880366819593e+01,1.000000000000001110e+00,1.000000000000000000e+00,7.949999999999993960e+00,1.000000000000001110e+00,9.402338831915758588e-01,-3.405293598186359127e-01
1.991413088786994479e+01,9.999999999999992228e-01,1.000000000000000000e+00,7.950000000000003730e+00,9.999999999999992228e-01,9.402041504286821061e-01,-3.406114436079328844e-01
1.991913297207169720e+01,1.000000000000001110e+00,1.000000000000000000e+00,7.949999999999993960e+00,1.000000000000001110e+00,9.401744104997538098e-01,-3.406935248011624950e-01
1.992413505627344605e+01,9.999999999999992228e-01,1.000000000000000000e+00,7.950000000000003730e+00,9.999999999999992228e-01,9.401446634050177886e-01,-3.407756033976989674e-01
1.992913714047519846e+01,9.999999999999992228e-01,1.000000000000000000e+00,7.950000000000003730e+00,9.999999999999992228e-01,9.401149091447005279e-01,-3.408576793969169683e-01
1.993413922467694377e+01,9.999999999999992228e-01,1.000000000000000000e+00,7.950000000000003730e+00,9.999999999999992228e-01,9.400851477190290684e-01,-3.409397527981906650e-01
1.993914130887869618e+01,9.999999999999992228e-01,1.000000000000000000e+00,7.950000000000003730e+00,9.999999999999992228e-01,9.400553791282300065e-01,-3.410218236008947801e-01
1.994414339308044859e+01,9.999999999999992228e-01,1.000000000000000000e+00,7.950000000000003730e+00,9.999999999999992228e-01,9.400256033725303828e-01,-3.411038918044035917e-01
1.994914547728220100e+01,9.999999999999992228e-01,1.000000000000000000e+00,7.950000000000003730e+00,9.999999999999992228e-01,9.399958204521570160e-01,-3.411859574080916557e-01
1.995414756148394986e+01,9.999999999999992228e-01,1.000000000000000000e+00,7.950000000000003730e+00,9.999999999999992228e-01,9.399660303673370576e-01,-3.412680204113335281e-01
1.995914964568570227e+01,9.999999999999992228e-01,1.000000000000000000e+00,7.950000000000003730e+00,9.999999999999992228e-01,9.399362331182975483e-01,-3.413500808135036535e-01
1.996415172988745468e+01,9.999999999999992228e-01,1.000000000000000000e+00,7.950000000000003730e+00,9.999999999999992228e-01,9.399064287052654176e-01,-3.414321386139766434e-01
1.996915381408920354e+01,9.999999999999992228e-01,1.000000000000000000e+00,7.950000000000003730e+00,9.999999999999992228e-01,9.398766171284680393e-01,-3.415141938121270537e-01
1.997415589829095239e+01,9.999999999999992228e-01,1.000000000000000000e+00,7.950000000000003730e+00,9.999999999999992228e-01,9.398467983881325649e-01,-3.415962464073294402e-01
1.997915798249270125e+01,1.000000000000001110e+00,1.000000000000000000e+00,7.949999999999993960e+00,1.000000000000001110e+00,9.398169724844861461e-01,-3.416782963989584698e-01
1.998416006669445366e+01,1.000000000000001110e+00,1.000000000000000000e+00,7.949999999999993960e+00,1.000000000000001110e+00,9.397871394177562676e-01,-3.417603437863888094e-01
1.998916215089620607e+01,9.999999999999992228e-01,1.000000000000000000e+00,7.950000000000003730e+00,9.999999999999992228e-01,9.397572991881703031e-01,-3.418423885689950703e-01
1.999416423509795493e+01,1.000000000000001110e+00,1.000000000000000000e+00,7.949999999999993960e+00,1.000000000000001110e+00,9.397274517959555151e-01,-3.419244307461518639e-01
1.999916631929970734e+01,1.000000000000001110e+00,1.000000000000000000e+00,7.949999999999993960e+00,1.000000000000001110e+00,9.396975972413396105e-01,-3.420064703172339682e-01
2.000416840350145975e+01,9.999999999999992228e-01,1.000000000000000000e+00,7.950000000000003730e+00,9.999999999999992228e-01,9.396677355245500740e-01,-3.420885072816160499e-01
2.000917048770321216e+01,9.999999999999992228e-01,1.000000000000000000e+00,7.950000000000003730e+00,9.999999999999992228e-01,9.396378666458143902e-01,-3.421705416386728871e-01
2.001417257190495746e+01,1.000000000000001110e+00,1.000000000000000000e+00,7.949999999999993960e+00,1.000000000000001110e+00,9.396079906053602659e-01,-3.422525733877791465e-01
2.001917465610670988e+01,9.999999999999992228e-01,1.000000000000000000e+00,7.950000000000003730e+00,9.999999999999992228e-01,9.395781074034155189e-01,-3.423346025283096616e-01
2.002417674030845873e+01,9.999999999999992228e-01,1.000000000000000000e+00,7.950000000000003730e+00,9.999999999999992228e-01,9.395482170402078559e-01,-3.424166290596392104e-01
2.002917882451021114e+01,9.999999999999992228e-01,1.000000000000000000e+00,7.950000000000003730e+00,9.999999999999992228e-01,9.395183195159649836e-01,-3.424986529811426261e-01
2.003418090871196000e+01,9.999999999999992228e-01,1.000000000000000000e+00,7.950000000000003730e+00,9.999999999999992228e-01,9.394884148309148308e-01,-3.425806742921947423e-01
2.003918299291371241e+01,9.999999999999992228e-01,1.000000000000000000e+00,7.950000000000003730e+00,9.999999999999992228e-01,9.394585029852854374e-01,-3.426626929921703923e-01
2.004418507711546482e+01,9.999999999999992228e-01,1.000000000000000000e+00,7.950000000000003730e+00,9.999999999999992228e-01,9.394285839793047321e-01,-3.427447090804444096e-01
2.004918716131721723e+01,9.999999999999992228e-01,1.000000000000000000e+00,7.950000000000003730e+00,9.999999999999992228e-01,9.393986578132006438e-01,-3.428267225563917386e-01
2.005418924551896609e+01,1.000000000000001110e+00,1.000000000000000000e+00,7.949999999999993960e+00,1.000000000000001110e+00,9.393687244872013231e-01,-3.429087334193872683e-01
2.005919132972071495e+01,9.999999999999992228e-01,1.000000000000000000e+00,7.950000000000003730e+00,9.999999999999992228e-01,9.393387840015350321e-01,-3.429907416688058874e-01
2.006419341392246736e+01,9.999999999999992228e-01,1.000000000000000000e+00,7.950000000000003730e+00,9.999999999999992228e-01,9.393088363564298104e-01,-3.430727473040226516e-01
2.006919549812421621e+01,9.999999999999992228e-01,1.000000000000000000e+00,7.950000000000003730e+00,9.999999999999992228e-01,9.392788815521140311e-01,-3.431547503244123942e-01
2.007419758232596507e+01,9.999999999999992228e-01,1.000000000000000000e+00,7.950000000000003730e+00,9.999999999999992228e-01,9.392489195888158449e-01,-3.432367507293502817e-01
2.007919966652771748e+01,1.000000000000001110e+00,1.000000000000000000e+00,7.949999999999993960e+00,1.000000000000001110e+00,9.392189504667637356e-01,-3.433187485182112031e-01
2.008420175072946989e+01,9.999999999999992228e-01,1.000000000000000000e+00,7.950000000000003730e+00,9.999999999999992228e-01,9.391889741861861873e-01,-3.434007436903702137e-01
2.008920383493122230e+01,9.999999999999992228e-01,1.000000000000000000e+00,7.950000000000003730e+00,9.999999999999992228e-01,9.391589907473115728e-01,-3.434827362452023136e-01
2.009420591913297116e+01,9.999999999999992228e-01,1.000000000000000000e+00,7.950000000000003730e+00,9.999999999999992228e-01,9.391290001503683760e-01,-3.435647261820826692e-01
2.009920800333472357e+01,1.000000000000001110e+00,1.000000000000000000e+00,7.949999999999993960e+00,1.000000000000001110e+00,9.390990023955851917e-01,-3.436467135003863360e-01
2.010421008753647243e+01,9.999999999999992228e-01,1.000000000000000000e+00,7.950000000000003730e+00,9.999999999999992228e-01,9.390689974831908371e-01,-3.437286981994883139e-01
2.010921217173822484e+01,9.999999999999992228e-01,1.000000000000000000e+00,7.950000000000003730e+00,9.999999999999992228e-01,9.390389854134137959e-01,-3.438106802787639360e-01
2.011421425593997014e+01,1.000000000000001110e+00,1.000000000000000000e+00,7.949999999999993960e+00,1.000000000000001110e+00,9.390089661864828852e-01,-3.438926597375881467e-01
2.011921634014172255e+01,9.999999999999992228e-01,1.000000000000000000e+00,7.950000000000003730e+00,9.999999999999992228e-01,9.389789398026269218e-01,-3.439746365753363344e-01
2.012421842434347496e+01,9.999999999999992228e-01,1.000000000000000000e+00,7.950000000000003730e+00,9.999999999999992228e-01,9.389489062620747228e-01,-3.440566107913834992e-01
2.012922050854522737e+01,1.000000000000001110e+00,1.000000000000000000e+00,7.949999999999993960e+00,1.000000000000001110e+00,9.389188655650552162e-01,-3.441385823851049741e-01
2.013422259274697623e+01,9.999999999999992228e-01,1.000000000000000000e+00,7.950000000000003730e+00,9.999999999999992228e-01,9.388888177117974410e-01,-3.442205513558759256e-01
2.013922467694872864e+01,9.999999999999992228e-01,1.000000000000000000e+00,7.950000000000003730e+00,9.999999999999992228e-01,9.388587627025303251e-01,-3.443025177030715755e-01
2.014422676115048105e+01,9.999999999999992228e-01,1.000000000000000000e+00,7.950000000000003730e+00,9.999999999999992228e-01,9.388287005374829075e-01,-3.443844814260672571e-01
2.014922884535222991e+01,1.000000000000001110e+00,1.000000000000000000e+00,7.949999999999993960e+00,1.000000000000001110e+00,9.387986312168843384e-01,-3.444664425242382477e-01
2.015423092955397877e+01,1.000000000000001110e+00,1.000000000000000000e+00,7.949999999999993960e+00,1.000000000000001110e+00,9.387685547409638787e-01,-3.445484009969598249e-01
2.015923301375572763e+01,9.999999999999992228e-01,1.000000000000000000e+00,7.950000000000003730e+00,9.999999999999992228e-01,9.387384711099507895e-01,-3.446303568436073217e-01
2.016423509795748004e+01,9.999999999999992228e-01,1.000000000000000000e+00,7.950000000000003730e+00,9.999999999999992228e-01,9.387083803240742208e-01,-3.447123100635561266e-01
2.016923718215923245e+01,9.999999999999992228e-01,1.000000000000000000e+00,7.950000000000003730e+00,9.999999999999992228e-01,9.386782823835635448e-01,-3.447942606561816281e-01
2.017423926636098130e+01,9.999999999999992228e-01,1.000000000000000000e+00,7.950000000000003730e+00,9.999999999999992228e-01,9.386481772886482444e-01,-3.448762086208591593e-01
2.017924135056273371e+01,1.000000000000001110e+00,1.000000000000000000e+00,7.949999999999993960e+00,1.000000000000001110e+00,9.386180650395576919e-01,-3.449581539569641642e-01
2.018424343476448612e+01,9.999999999999992228e-01,1.000000000000000000e+00,7.950000000000003730e+00,9.999999999999992228e-01,9.385879456365214812e-01,-3.450400966638720868e-01
2.018924551896623498e+01,9.999999999999992228e-01,1.000000000000000000e+00,7.950000000000003730e+00,9.999999999999992228e-01,9.385578190797690956e-01,-3.451220367409583156e-01
2.019424760316798384e+01,9.999999999999992228e-01,1.000000000000000000e+00,7.950000000000003730e+00,9.999999999999992228e-01,9.385276853695302401e-01,-3.452039741875982948e-01
2.019924968736973625e+01,9.999999999999992228e-01,1.000000000000000000e+00,7.950000000000003730e+00,9.999999999999992228e-01,9.384975445060345089e-01,-3.452859090031676348e-01
2.020425177157148866e+01,9.999999999999992228e-01,1.000000000000000000e+00,7.950000000000003730e+00,9.999999999999992228e-01,9.384673964895116072e-01,-3.453678411870418352e-01
2.020925385577323752e+01,9.999999999999992228e-01,1.000000000000000000e+00,7.950000000000003730e+00,9.999999999999992228e-01,9.384372413201914620e-01,-3.454497707385962846e-01
2.021425593997498638e+01,9.999999999999992228e-01,1.000000000000000000e+00,7.950000000000003730e+00,9.999999999999992228e-01,9.384070789983037786e-01,-3.455316976572066490e-01
2.021925802417673879e+01,9.999999999999992228e-01,1.000000000000000000e+00,7.950000000000003730e+00,9.999999999999992228e-01,9.383769095240784841e-01,-3.456136219422485389e-01
2.022426010837849120e+01,9.999999999999992228e-01,1.000000000000000000e+00,7.950000000000003730e+00,9.999999999999992228e-01,9.383467328977455058e-01,-3.456955435930974541e-01
2.022926219258024005e+01,9.999999999999992228e-01,1.000000000000000000e+00,7.950000000000003730e+00,9.999999999999992228e-01,9.383165491195347707e-01,-3.457774626091290049e-01
2.023426427678199246e+01,9.999999999999992228e-01,1.000000000000000000e+00,7.950000000000003730e+00,9.999999999999992228e-01,9.382863581896765393e-01,-3.458593789897189130e-01
2.023926636098374132e+01,9.999999999999992228e-01,1.000000000000000000e+00,7.950000000000003730e+00,9.999999999999992228e-01,9.382561601084008496e-01,-3.459412927342426780e-01
2.024426844518549373e+01,1.000000000000001110e+00,1.000000000000000000e+00,7.949999999999993960e+00,1.000000000000001110e+00,9.382259548759376289e-01,-3.460232038420760770e-01
2.024927052938724259e+01,9.999999999999992228e-01,1.000000000000000000e+00,7.950000000000003730e+00,9.999999999999992228e-01,9.381957424925174704e-01,-3.461051123125948314e-01
2.025427261358899145e+01,9.999999999999992228e-01,1.000000000000000000e+00,7.950000000000003730e+00,9.999999999999992228e-01,9.381655229583704125e-01,-3.461870181451745521e-01
2.025927469779074386e+01,1.000000000000001110e+00,1.000000000000000000e+00,7.949999999999993960e+00,1.000000000000001110e+00,9.381352962737267154e-01,-3.462689213391910714e-01
2.026427678199249627e+01,1.000000000000001110e+00,1.000000000000000000e+00,7.949999999999993960e+00,1.000000000000001110e+00,9.381050624388169723e-01,-3.463508218940201111e-01
2.026927886619424513e+01,9.999999999999992228e-01,1.000000000000000000e+00,7.950000000000003730e+00,9.999999999999992228e-01,9.380748214538715546e-01,-3.464327198090373927e-01
2.027428095039599754e+01,9.999999999999992228e-01,1.000000000000000000e+00,7.950000000000003730e+00,9.999999999999992228e-01,9.380445733191208335e-01,-3.465146150836187489e-01
2.027928303459774995e+01,9.999999999999992228e-01,1.000000000000000000e+00,7.950000000000003730e+00,9.999999999999992228e-01,9.380143180347955134e-01,-3.465965077171400122e-01
2.028428511879949880e+01,1.000000000000001110e+00,1.000000000000000000e+00,7.949999999999993960e+00,1.000000000000001110e+00,9.379840556011260766e-01,-3.466783977089769042e-01
2.028928720300124766e+01,1.000000000000001110e+00,1.000000000000000000e+00,7.949999999999993960e+00,1.000000000000001110e+00,9.379537860183432274e-01,-3.467602850585053686e-01
2.029428928720300007e+01,1.000000000000001110e+00,1.000000000000000000e+00,7.949999999999993960e+00,1.000000000000001110e+00,9.379235092866776702e-01,-3.468421697651013491e-01
2.029929137140474893e+01,9.999999999999992228e-01,1.000000000000000000e+00,7.950000000000003730e+00,9.999999999999992228e-01,9.378932254063602203e-01,-3.469240518281405672e-01
2.030429345560650134e+01,9.999999999999992228e-01,1.000000000000000000e+00,7.950000000000003730e+00,9.999999999999992228e-01,9.378629343776215821e-01,-3.470059312469990775e-01
2.030929553980825020e+01,9.999999999999992228e-01,1.000000000000000000e+00,7.950000000000003730e+00,9.999999999999992228e-01,9.378326362006926820e-01,-3.470878080210527683e-01
2.031429762401000261e+01,9.999999999999992228e-01,1.000000000000000000e+00,7.950000000000003730e+00,9.999999999999992228e-01,9.378023308758044463e-01,-3.471696821496775276e-01
2.031929970821175502e+01,9.999999999999992228e-01,1.000000000000000000e+00,7.950000000000003730e+00,9.999999999999992228e-01,9.377720184031879125e-01,-3.472515536322494656e-01
2.032430179241350743e+01,9.999999999999992228e-01,1.000000000000000000e+00,7.950000000000003730e+00,9.999999999999992228e-01,9.377416987830740069e-01,-3.473334224681444149e-01
2.032930387661525629e+01,9.999999999999992228e-01,1.000000000000000000e+00,7.950000000000003730e+00,9.999999999999992228e-01,9.377113720156938781e-01,-3.474152886567385412e-01
2.033430596081700514e+01,1.000000000000001110e+00,1.000000000000000000e+00,7.949999999999993960e+00,1.000000000000001110e+00,9.376810381012786744e-01,-3.474971521974077326e-01
2.033930804501875755e+01,9.999999999999992228e-01,1.000000000000000000e+00,7.950000000000003730e+00,9.999999999999992228e-01,9.376506970400595442e-01,-3.475790130895281549e-01
2.034431012922050641e+01,9.999999999999992228e-01,1.000000000000000000e+00,7.950000000000003730e+00,9.999999999999992228e-01,9.376203488322678581e-01,-3.476608713324757516e-01
2.034931221342225527e+01,9.999999999999992228e-01,1.000000000000000000e+00,7.950000000000003730e+00,9.999999999999992228e-01,9.375899934781348755e-01,-3.477427269256267994e-01
2.035431429762400768e+01,9.999999999999992228e-01,1.000000000000000000e+00,7.950000000000003730e+00,9.999999999999992228e-01,9.375596309778918558e-01,-3.478245798683572976e-01
2.035931638182576009e+01,9.999999999999992228e-01,1.000000000000000000e+00,7.950000000000003730e+00,9.999999999999992228e-01,9.375292613317702806e-01,-3.479064301600434672e-01
2.036431846602751250e+01,1.000000000000001110e+00,1.000000000000000000e+00,7.949999999999993960e+00,1.000000000000001110e+00,9.374988845400016313e-01,-3.479882778000613075e-01
2.036932055022926136e+01,9.999999999999992228e-01,1.000000000000000000e+00,7.950000000000003730e+00,9.999999999999992228e-01,9.374685006028175005e-01,-3.480701227877871506e-01
2.037432263443101377e+01,9.999999999999992228e-01,1.000000000000000000e+00,7.950000000000003730e+00,9.999999999999992228e-01,9.374381095204493697e-01,-3.481519651225971068e-01
2.037932471863276263e+01,9.999999999999992228e-01,1.000000000000000000e+00,7.950000000000003730e+00,9.999999999999992228e-01,9.374077112931288314e-01,-3.482338048038673417e-01
2.038432680283451504e+01,9.999999999999992228e-01,1.000000000000000000e+00,7.950000000000003730e+00,9.999999999999992228e-01,9.373773059210877001e-01,-3.483156418309742430e-01
2.038932888703626034e+01,9.999999999999992228e-01,1.000000000000000000e+00,7.950000000000003730e+00,9.999999999999992228e-01,9.373468934045576795e-01,-3.483974762032938655e-01
2.039433097123801275e+01,9.999999999999992228e-01,1.000000000000000000e+00,7.950000000000003730e+00,9.999999999999992228e-01,9.373164737437705840e-01,-3.484793079202027077e-01
2.039933305543976516e+01,1.000000000000001110e+00,1.000000000000000000e+00,7.949999999999993960e+00,1.000000000000001110e+00,9.372860469389581173e-01,-3.485611369810769355e-01
2.040433513964151757e+01,9.999999999999992228e-01,1.000000000000000000e+00,7.950000000000003730e+00,9.999999999999992228e-01,9.372556129903524269e-01,-3.486429633852929366e-01
2.040933722384326643e+01,9.999999999999992228e-01,1.000000000000000000e+00,7.950000000000003730e+00,9.999999999999992228e-01,9.372251718981853275e-01,-3.487247871322269321e-01
2.041433930804501884e+01,9.999999999999992228e-01,1.000000000000000000e+00,7.950000000000003730e+00,9.999999999999992228e-01,9.371947236626888555e-01,-3.488066082212554209e-01
2.041934139224677125e+01,9.999999999999992228e-01,1.000000000000000000e+00,7.950000000000003730e+00,9.999999999999992228e-01,9.371642682840950478e-01,-3.488884266517546795e-01
2.042434347644852011e+01,9.999999999999992228e-01,1.000000000000000000e+00,7.950000000000003730e+00,9.999999999999992228e-01,9.371338057626360518e-01,-3.489702424231010403e-01
2.042934556065026896e+01,9.999999999999992228e-01,1.000000000000000000e+00,7.950000000000003730e+00,9.999999999999992228e-01,9.371033360985441263e-01,-3.490520555346711129e-01
2.043434764485201782e+01,9.999999999999992228e-01,1.000000000000000000e+00,7.950000000000003730e+00,9.999999999999992228e-01,9.370728592920514188e-01,-3.491338659858411742e-01
2.043934972905377023e+01,9.999999999999992228e-01,1.000000000000000000e+00,7.950000000000003730e+00,9.999999999999992228e-01,9.370423753433901881e-01,-3.492156737759877783e-01
2.044435181325552264e+01,9.999999999999992228e-01,1.000000000000000000e+00,7.950000000000003730e+00,9.999999999999992228e-01,9.370118842527928038e-01,-3.492974789044873685e-01
2.044935389745727150e+01,9.999999999999992228e-01,1.000000000000000000e+00,7.950000000000003730e+00,9.999999999999992228e-01,9.369813860204917466e-01,-3.493792813707164435e-01
2.045435598165902391e+01,9.999999999999992228e-01,1.000000000000000000e+00,7.950000000000003730e+00,9.999999999999992228e-01,9.369508806467193862e-01,-3.494610811740515577e-01
2.045935806586077632e+01,9.999999999999992228e-01,1.000000000000000000e+00,7.950000000000003730e+00,9.999999999999992228e-01,9.369203681317082033e-01,-3.495428783138692097e-01
2.046436015006252518e+01,1.000000000000001110e+00,1.000000000000000000e+00,7.949999999999993960e+00,1.000000000000001110e+00,9.368898484756907896e-01,-3.496246727895458983e-01
2.046936223426427404e+01,9.999999999999992228e-01,1.000000000000000000e+00,7.950000000000003730e+00,9.999999999999992228e-01,9.368593216788998479e-01,-3.497064646004582888e-01
2.047436431846602645e+01,9.999999999999992228e-01,1.000000000000000000e+00,7.950000000000003730e+00,9.999999999999992228e-01,9.368287877415679699e-01,-3.497882537459829910e-01
2.047936640266777530e+01,9.999999999999992228e-01,1.000000000000000000e+00,7.950000000000003730e+00,9.999999999999992228e-01,9.367982466639278583e-01,-3.498700402254965591e-01
2.048436848686952771e+01,9.999999999999992228e-01,1.000000000000000000e+00,7.950000000000003730e+00,9.999999999999992228e-01,9.367676984462123269e-01,-3.499518240383757139e-01
2.048937057107127657e+01,1.000000000000001110e+00,1.000000000000000000e+00,7.949999999999993960e+00,1.000000000000001110e+00,9.367371430886540784e-01,-3.500336051839971208e-01
2.049437265527302898e+01,9.999999999999992228e-01,1.000000000000000000e+00,7.950000000000003730e+00,9.999999999999992228e-01,9.367065805914862597e-01,-3.501153836617373893e-01
2.049937473947478139e+01,9.999999999999992228e-01,1.000000000000000000e+00,7.950000000000003730e+00,9.999999999999992228e-01,9.366760109549415736e-01,-3.501971594709732405e-01
2.050437682367653025e+01,9.999999999999992228e-01,1.000000000000000000e+00,7.950000000000003730e+00,9.999999999999992228e-01,9.366454341792530558e-01,-3.502789326110813950e-01
2.050937890787828266e+01,1.000000000000001110e+00,1.000000000000000000e+00,7.949999999999993960e+00,1.000000000000001110e+00,9.366148502646538532e-01,-3.503607030814386292e-01
2.051438099208003152e+01,9.999999999999992228e-01,1.000000000000000000e+00,7.950000000000003730e+00,9.999999999999992228e-01,9.365842592113771126e-01,-3.504424708814216083e-01
2.051938307628178393e+01,1.000000000000001110e+00,1.000000000000000000e+00,7.949999999999993960e+00,1.000000000000001110e+00,9.365536610196557588e-01,-3.505242360104072197e-01
2.052438516048353279e+01,9.999999999999992228e-01,1.000000000000000000e+00,7.950000000000003730e+00,9.999999999999992228e-01,9.365230556897232717e-01,-3.506059984677722396e-01
2.052938724468528164e+01,1.000000000000001110e+00,1.000000000000000000e+00,7.949999999999993960e+00,1.000000000000001110e+00,9.364924432218126871e-01,-3.506877582528935000e-01
2.053438932888703405e+01,1.000000000000001110e+00,1.000000000000000000e+00,7.949999999999993960e+00,1.000000000000001110e+00,9.364618236161574849e-01,-3.507695153651478881e-01
2.053939141308878646e+01,9.999999999999992228e-01,1.000000000000000000e+00,7.950000000000003730e+00,9.999999999999992228e-01,9.364311968729910340e-01,-3.508512698039121802e-01
2.054439349729053532e+01,1.000000000000001110e+00,1.000000000000000000e+00,7.949999999999993960e+00,1.000000000000001110e+00,9.364005629925465923e-01,-3.509330215685632637e-01
2.054939558149228773e+01,1.000000000000001110e+00,1.000000000000000000e+00,7.949999999999993960e+00,1.000000000000001110e+00,9.363699219750578617e-01,-3.510147706584781369e-01
2.055439766569404014e+01,9.999999999999992228e-01,1.000000000000000000e+00,7.950000000000003730e+00,9.999999999999992228e-01,9.363392738207583221e-01,-3.510965170730336316e-01
2.055939974989578900e+01,1.000000000000001110e+00,1.000000000000000000e+00,7.949999999999993960e+00,1.000000000000001110e+00,9.363086185298814534e-01,-3.511782608116066906e-01
2.056440183409753786e+01,9.999999999999992228e-01,1.000000000000000000e+00,7.950000000000003730e+00,9.999999999999992228e-01,9.362779561026610686e-01,-3.512600018735743679e-01
2.056940391829928672e+01,9.999999999999992228e-01,1.000000000000000000e+00,7.950000000000003730e+00,9.999999999999992228e-01,9.362472865393307586e-01,-3.513417402583135507e-01
2.057440600250103913e+01,9.999999999999992228e-01,1.000000000000000000e+00,7.950000000000003730e+00,9.999999999999992228e-01,9.362166098401243364e-01,-3.514234759652013484e-01
2.057940808670279154e+01,9.999999999999992228e-01,1.000000000000000000e+00,7.950000000000003730e+00,9.999999999999992228e-01,9.361859260052755038e-01,-3.515052089936147595e-01
2.058441017090454039e+01,9.999999999999992228e-01,1.000000000000000000e+00,7.950000000000003730e+00,9.999999999999992228e-01,9.361552350350182961e-01,-3.515869393429307821e-01
2.058941225510629280e+01,9.999999999999992228e-01,1.000000000000000000e+00,7.950000000000003730e+00,9.999999999999992228e-01,9.361245369295865260e-01,-3.516686670125265257e-01
2.059441433930804521e+01,9.999999999999992228e-01,1.000000000000000000e+00,7.950000000000003730e+00,9.999999999999992228e-01,9.360938316892141176e-01,-3.517503920017790442e-01
2.059941642350979762e+01,1.000000000000001110e+00,1.000000000000000000e+00,7.949999999999993960e+00,1.000000000000001110e+00,9.360631193141352169e-01,-3.518321143100655024e-01
2.060441850771154293e+01,9.999999999999992228e-01,1.000000000000000000e+00,7.950000000000003730e+00,9.999999999999992228e-01,9.360323998045839700e-01,-3.519138339367629542e-01
2.060942059191329534e+01,9.999999999999992228e-01,1.000000000000000000e+00,7.950000000000003730e+00,9.999999999999992228e-01,9.360016731607943008e-01,-3.519955508812486200e-01
2.061442267611504420e+01,9.999999999999992228e-01,1.000000000000000000e+00,7.950000000000003730e+00,9.999999999999992228e-01,9.359709393830004664e-01,-3.520772651428996092e-01
2.061942476031679661e+01,9.999999999999992228e-01,1.000000000000000000e+00,7.950000000000003730e+00,9.999999999999992228e-01,9.359401984714368350e-01,-3.521589767210931976e-01
2.062442684451854547e+01,1.000000000000001110e+00,1.000000000000000000e+00,7.949999999999993960e+00,1.000000000000001110e+00,9.359094504263375525e-01,-3.522406856152065502e-01
2.062942892872029788e+01,9.999999999999992228e-01,1.000000000000000000e+00,7.950000000000003730e+00,9.999999999999992228e-01,9.358786952479370980e-01,-3.523223918246168873e-01
2.063443101292205029e+01,9.999999999999992228e-01,1.000000000000000000e+00,7.950000000000003730e+00,9.999999999999992228e-01,9.358479329364698396e-01,-3.524040953487014849e-01
2.063943309712380270e+01,1.000000000000001110e+00,1.000000000000000000e+00,7.949999999999993960e+00,1.000000000000001110e+00,9.358171634921701454e-01,-3.524857961868375633e-01
2.064443518132555155e+01,9.999999999999992228e-01,1.000000000000000000e+00,7.950000000000003730e+00,9.999999999999992228e-01,9.357863869152727165e-01,-3.525674943384025095e-01
2.064943726552730041e+01,9.999999999999992228e-01,1.000000000000000000e+00,7.950000000000003730e+00,9.999999999999992228e-01,9.357556032060120321e-01,-3.526491898027735439e-01
2.065443934972905282e+01,9.999999999999992228e-01,1.000000000000000000e+00,7.950000000000003730e+00,9.999999999999992228e-01,9.357248123646226823e-01,-3.527308825793280533e-01
2.065944143393080168e+01,9.999999999999992228e-01,1.000000000000000000e+00,7.950000000000003730e+00,9.999999999999992228e-01,9.356940143913393682e-01,-3.528125726674433138e-01
2.066444351813255054e+01,1.000000000000001110e+00,1.000000000000000000e+00,7.949999999999993960e+00,1.000000000000001110e+00,9.356632092863967909e-01,-3.528942600664968787e-01
2.066944560233430295e+01,9.999999999999992228e-01,1.000000000000000000e+00,7.950000000000003730e+00,9.999999999999992228e-01,9.356323970500298737e-01,-3.529759447758660240e-01
2.067444768653605536e+01,1.000000000000001110e+00,1.000000000000000000e+00,7.949999999999993960e+00,1.000000000000001110e+00,9.356015776824733177e-01,-3.530576267949281366e-01
2.067944977073780777e+01,9.999999999999992228e-01,1.000000000000000000e+00,7.950000000000003730e+00,9.999999999999992228e-01,9.355707511839621571e-01,-3.531393061230607144e-01
2.068445185493955663e+01,9.999999999999992228e-01,1.000000000000000000e+00,7.950000000000003730e+00,9.999999999999992228e-01,9.355399175547312041e-01,-3.532209827596412000e-01
2.068945393914130904e+01,9.999999999999992228e-01,1.000000000000000000e+00,7.950000000000003730e+00,9.999999999999992228e-01,9.355090767950154929e-01,-3.533026567040470356e-01
2.069445602334305789e+01,1.000000000000001110e+00,1.000000000000000000e+00,7.949999999999993960e+00,1.000000000000001110e+00,9.354782289050501687e-01,-3.533843279556557748e-01
2.069945810754481030e+01,9.999999999999992228e-01,1.000000000000000000e+00,7.950000000000003730e+00,9.999999999999992228e-01,9.354473738850703768e-01,-3.534659965138449156e-01
2.070446019174655916e+01,9.999999999999992228e-01,1.000000000000000000e+00,7.950000000000003730e+00,9.999999999999992228e-01,9.354165117353111514e-01,-3.535476623779919558e-01
2.070946227594830802e+01,9.999999999999992228e-01,1.000000000000000000e+00,7.950000000000003730e+00,9.999999999999992228e-01,9.353856424560077487e-01,-3.536293255474745045e-01
2.071446436015006043e+01,9.999999999999992228e-01,1.000000000000000000e+00,7.950000000000003730e+00,9.999999999999992228e-01,9.353547660473954251e-01,-3.537109860216701707e-01
2.071946644435181284e+01,9.999999999999992228e-01,1.000000000000000000e+00,7.950000000000003730e+00,9.999999999999992228e-01,9.353238825097096587e-01,-3.537926437999565077e-01
2.072446852855356170e+01,9.999999999999992228e-01,1.000000000000000000e+00,7.950000000000003730e+00,9.999999999999992228e-01,9.352929918431857059e-01,-3.538742988817111246e-01
2.072947061275531411e+01,9.999999999999992228e-01,1.000000000000000000e+00,7.950000000000003730e+00,9.999999999999992228e-01,9.352620940480590450e-01,-3.539559512663117413e-01
2.073447269695706652e+01,9.999999999999992228e-01,1.000000000000000000e+00,7.950000000000003730e+00,9.999999999999992228e-01,9.352311891245651543e-01,-3.540376009531359114e-01
2.073947478115881538e+01,9.999999999999992228e-01,1.000000000000000000e+00,7.950000000000003730e+00,9.999999999999992228e-01,9.352002770729396230e-01,-3.541192479415613548e-01
2.074447686536056423e+01,9.999999999999992228e-01,1.000000000000000000e+00,7.950000000000003730e+00,9.999999999999992228e-01,9.351693578934180406e-01,-3.542008922309658470e-01
2.074947894956231664e+01,9.999999999999992228e-01,1.000000000000000000e+00,7.950000000000003730e+00,9.999999999999992228e-01,9.351384315862359964e-01,-3.542825338207270525e-01
2.075448103376406550e+01,1.000000000000001110e+00,1.000000000000000000e+00,7.949999999999993960e+00,1.000000000000001110e+00,9.351074981516293017e-01,-3.543641727102226913e-01
2.075948311796581791e+01,9.999999999999992228e-01,1.000000000000000000e+00,7.950000000000003730e+00,9.999999999999992228e-01,9.350765575898337678e-01,-3.544458088988305944e-01
2.076448520216756677e+01,9.999999999999992228e-01,1.000000000000000000e+00,7.950000000000003730e+00,9.999999999999992228e-01,9.350456099010850952e-01,-3.545274423859284818e-01
2.076948728636931918e+01,9.999999999999992228e-01,1.000000000000000000e+00,7.950000000000003730e+00,9.999999999999992228e-01,9.350146550856192063e-01,-3.546090731708942401e-01
2.077448937057107159e+01,9.999999999999992228e-01,1.000000000000000000e+00,7.950000000000003730e+00,9.999999999999992228e-01,9.349836931436720233e-01,-3.546907012531056447e-01
2.077949145477282400e+01,9.999999999999992228e-01,1.000000000000000000e+00,7.950000000000003730e+00,9.999999999999992228e-01,9.349527240754794688e-01,-3.547723266319405266e-01
2.078449353897456930e+01,9.999999999999992228e-01,1.000000000000000000e+00,7.950000000000003730e+00,9.999999999999992228e-01,9.349217478812777982e-01,-3.548539493067767725e-01
2.078949562317632171e+01,9.999999999999992228e-01,1.000000000000000000e+00,7.950000000000003730e+00,9.999999999999992228e-01,9.348907645613028228e-01,-3.549355692769922688e-01
2.079449770737807413e+01,9.999999999999992228e-01,1.000000000000000000e+00,7.950000000000003730e+00,9.999999999999992228e-01,9.348597741157909091e-01,-3.550171865419649575e-01
2.079949979157982298e+01,9.999999999999992228e-01,1.000000000000000000e+00,7.950000000000003730e+00,9.999999999999992228e-01,9.348287765449782016e-01,-3.550988011010727252e-01
2.080450187578157184e+01,9.999999999999992228e-01,1.000000000000000000e+00,7.950000000000003730e+00,9.999999999999992228e-01,9.347977718491009558e-01,-3.551804129536935695e-01
2.080950395998332425e+01,1.000000000000001110e+00,1.000000000000000000e+00,7.949999999999993960e+00,1.000000000000001110e+00,9.347667600283953160e-01,-3.552620220992054323e-01
2.081450604418507666e+01,1.000000000000001110e+00,1.000000000000000000e+00,7.949999999999993960e+00,1.000000000000001110e+00,9.347357410830978708e-01,-3.553436285369863668e-01
2.081950812838682907e+01,9.999999999999992228e-01,1.000000000000000000e+00,7.950000000000003730e+00,9.999999999999992228e-01,9.347047150134449867e-01,-3.554252322664142594e-01
2.082451021258857793e+01,9.999999999999992228e-01,1.000000000000000000e+00,7.950000000000003730e+00,9.999999999999992228e-01,9.346736818196731411e-01,-3.555068332868672742e-01
2.082951229679033034e+01,9.999999999999992228e-01,1.000000000000000000e+00,7.950000000000003730e+00,9.999999999999992228e-01,9.346426415020188117e-01,-3.555884315977233534e-01
2.083451438099207920e+01,9.999999999999992228e-01,1.000000000000000000e+00,7.950000000000003730e+00,9.999999999999992228e-01,9.346115940607185868e-01,-3.556700271983606054e-01
2.083951646519383161e+01,9.999999999999992228e-01,1.000000000000000000e+00,7.950000000000003730e+00,9.999999999999992228e-01,9.345805394960091661e-01,-3.557516200881571944e-01
2.084451854939557691e+01,9.999999999999992228e-01,1.000000000000000000e+00,7.950000000000003730e+00,9.999999999999992228e-01,9.345494778081271381e-01,-3.558332102664911178e-01
2.084952063359732932e+01,9.999999999999992228e-01,1.000000000000000000e+00,7.950000000000003730e+00,9.999999999999992228e-01,9.345184089973093133e-01,-3.559147977327406509e-01
2.085452271779908173e+01,9.999999999999992228e-01,1.000000000000000000e+00,7.950000000000003730e+00,9.999999999999992228e-01,9.344873330637925024e-01,-3.559963824862839021e-01
2.085952480200083414e+01,9.999999999999992228e-01,1.000000000000000000e+00,7.950000000000003730e+00,9.999999999999992228e-01,9.344562500078135159e-01,-3.560779645264989801e-01
2.086452688620258300e+01,9.999999999999992228e-01,1.000000000000000000e+00,7.950000000000003730e+00,9.999999999999992228e-01,9.344251598296093864e-01,-3.561595438527642155e-01
2.086952897040433541e+01,1.000000000000001110e+00,1.000000000000000000e+00,7.949999999999993960e+00,1.000000000000001110e+00,9.343940625294168134e-01,-3.562411204644576612e-01
2.087453105460608782e+01,9.999999999999992228e-01,1.000000000000000000e+00,7.950000000000003730e+00,9.999999999999992228e-01,9.343629581074730517e-01,-3.563226943609577035e-01
2.087953313880783668e+01,1.000000000000001110e+00,1.000000000000000000e+00,7.949999999999993960e+00,1.000000000000001110e+00,9.343318465640151338e-01,-3.564042655416425065e-01
2.088453522300958554e+01,9.999999999999992228e-01,1.000000000000000000e+00,7.950000000000003730e+00,9.999999999999992228e-01,9.343007278992802034e-01,-3.564858340058904007e-01
2.088953730721133439e+01,9.999999999999992228e-01,1.000000000000000000e+00,7.950000000000003730e+00,9.999999999999992228e-01,9.342696021135052931e-01,-3.565673997530796058e-01
2.089453939141308680e+01,9.999999999999992228e-01,1.000000000000000000e+00,7.950000000000003730e+00,9.999999999999992228e-01,9.342384692069277685e-01,-3.566489627825886188e-01
2.089954147561483921e+01,9.999999999999992228e-01,1.000000000000000000e+00,7.950000000000003730e+00,9.999999999999992228e-01,9.342073291797848844e-01,-3.567305230937956595e-01
2.090454355981658807e+01,1.000000000000001110e+00,1.000000000000000000e+00,7.949999999999993960e+00,1.000000000000001110e+00,9.341761820323138954e-01,-3.568120806860791694e-01
2.090954564401834048e+01,9.999999999999992228e-01,1.000000000000000000e+00,7.950000000000003730e+00,9.999999999999992228e-01,9.341450277647523892e-01,-3.568936355588174236e-01
2.091454772822009289e+01,9.999999999999992228e-01,1.000000000000000000e+00,7.950000000000003730e+00,9.999999999999992228e-01,9.341138663773377315e-01,-3.569751877113889194e-01
2.091954981242184175e+01,9.999999999999992228e-01,1.000000000000000000e+00,7.950000000000003730e+00,9.999999999999992228e-01,9.340826978703072880e-01,-3.570567371431719872e-01
2.092455189662359061e+01,9.999999999999992228e-01,1.000000000000000000e+00,7.950000000000003730e+00,9.999999999999992228e-01,9.340515222438988685e-01,-3.571382838535451798e-01
2.092955398082534302e+01,9.999999999999992228e-01,1.000000000000000000e+00,7.950000000000003730e+00,9.999999999999992228e-01,9.340203394983498386e-01,-3.572198278418868833e-01
2.093455606502709188e+01,9.999999999999992228e-01,1.000000000000000000e+00,7.950000000000003730e+00,9.999999999999992228e-01,9.339891496338980081e-01,-3.573013691075756504e-01
2.093955814922884429e+01,9.999999999999992228e-01,1.000000000000000000e+00,7.950000000000003730e+00,9.999999999999992228e-01,9.339579526507811869e-01,-3.573829076499899782e-01
2.094456023343059314e+01,1.000000000000001110e+00,1.000000000000000000e+00,7.949999999999993960e+00,1.000000000000001110e+00,9.339267485492368515e-01,-3.574644434685084193e-01
2.094956231763234555e+01,9.999999999999992228e-01,1.000000000000000000e+00,7.950000000000003730e+00,9.999999999999992228e-01,9.338955373295031448e-01,-3.575459765625094710e-01
2.095456440183409796e+01,9.999999999999992228e-01,1.000000000000000000e+00,7.950000000000003730e+00,9.999999999999992228e-01,9.338643189918178766e-01,-3.576275069313716859e-01
2.095956648603584682e+01,9.999999999999992228e-01,1.000000000000000000e+00,7.950000000000003730e+00,9.999999999999992228e-01,9.338330935364188568e-01,-3.577090345744737832e-01
2.096456857023759923e+01,9.999999999999992228e-01,1.000000000000000000e+00,7.950000000000003730e+00,9.999999999999992228e-01,9.338018609635441170e-01,-3.577905594911942044e-01
2.096957065443934809e+01,1.000000000000001110e+00,1.000000000000000000e+00,7.949999999999993960e+00,1.000000000000001110e+00,9.337706212734318001e-01,-3.578720816809116689e-01
2.097457273864110050e+01,9.999999999999992228e-01,1.000000000000000000e+00,7.950000000000003730e+00,9.999999999999992228e-01,9.337393744663199380e-01,-3.579536011430048958e-01
2.097957482284284936e+01,1.000000000000001110e+00,1.000000000000000000e+00,7.949999999999993960e+00,1.000000000000001110e+00,9.337081205424467845e-01,-3.580351178768524378e-01
2.098457690704459822e+01,9.999999999999992228e-01,1.000000000000000000e+00,7.950000000000003730e+00,9.999999999999992228e-01,9.336768595020504824e-01,-3.581166318818331251e-01
2.098957899124635063e+01,9.999999999999992228e-01,1.000000000000000000e+00,7.950000000000003730e+00,9.999999999999992228e-01,9.336455913453691746e-01,-3.581981431573255659e-01
2.099458107544810304e+01,9.999999999999992228e-01,1.000000000000000000e+00,7.950000000000003730e+00,9.999999999999992228e-01,9.336143160726413370e-01,-3.582796517027085903e-01
2.099958315964985189e+01,9.999999999999992228e-01,1.000000000000000000e+00,7.950000000000003730e+00,9.999999999999992228e-01,9.335830336841053345e-01,-3.583611575173608621e-01
2.100458524385160430e+01,9.999999999999992228e-01,1.000000000000000000e+00,7.950000000000003730e+00,9.999999999999992228e-01,9.335517441799995320e-01,-3.584426606006612115e-01
2.100958732805335671e+01,9.999999999999992228e-01,1.000000000000000000e+00,7.950000000000003730e+00,9.999999999999992228e-01,9.335204475605624053e-01,-3.585241609519884132e-01
2.101458941225510557e+01,9.999999999999992228e-01,1.000000000000000000e+00,7.950000000000003730e+00,9.999999999999992228e-01,9.334891438260325414e-01,-3.586056585707212974e-01
2.101959149645685443e+01,9.999999999999992228e-01,1.000000000000000000e+00,7.950000000000003730e+00,9.999999999999992228e-01,9.334578329766485272e-01,-3.586871534562387498e-01
2.102459358065860329e+01,1.000000000000001110e+00,1.000000000000000000e+00,7.949999999999993960e+00,1.000000000000001110e+00,9.334265150126489496e-01,-3.587686456079195452e-01
2.102959566486035570e+01,9.999999999999992228e-01,1.000000000000000000e+00,7.950000000000003730e+00,9.999999999999992228e-01,9.333951899342726177e-01,-3.588501350251426802e-01
2.103459774906210811e+01,9.999999999999992228e-01,1.000000000000000000e+00,7.950000000000003730e+00,9.999999999999992228e-01,9.333638577417582294e-01,-3.589316217072869852e-01
2.103959983326385697e+01,9.999999999999992228e-01,1.000000000000000000e+00,7.950000000000003730e+00,9.999999999999992228e-01,9.333325184353444826e-01,-3.590131056537314569e-01
2.104460191746560938e+01,9.999999999999992228e-01,1.000000000000000000e+00,7.950000000000003730e+00,9.999999999999992228e-01,9.333011720152704083e-01,-3.590945868638549254e-01
2.104960400166736179e+01,9.999999999999992228e-01,1.000000000000000000e+00,7.950000000000003730e+00,9.999999999999992228e-01,9.332698184817748155e-01,-3.591760653370364986e-01
2.105460608586911420e+01,9.999999999999992228e-01,1.000000000000000000e+00,7.950000000000003730e+00,9.999999999999992228e-01,9.332384578350967352e-01,-3.592575410726550067e-01
2.105960817007085950e+01,9.999999999999992228e-01,1.000000000000000000e+00,7.950000000000003730e+00,9.999999999999992228e-01,9.332070900754751985e-01,-3.593390140700895574e-01
2.106461025427261191e+01,9.999999999999992228e-01,1.000000000000000000e+00,7.950000000000003730e+00,9.999999999999992228e-01,9.331757152031491254e-01,-3.594204843287191475e-01
2.106961233847436077e+01,9.999999999999992228e-01,1.000000000000000000e+00,7.950000000000003730e+00,9.999999999999992228e-01,9.331443332183578798e-01,-3.595019518479228848e-01
2.107461442267611318e+01,9.999999999999992228e-01,1.000000000000000000e+00,7.950000000000003730e+00,9.999999999999992228e-01,9.331129441213404929e-01,-3.595834166270797660e-01
2.107961650687786204e+01,9.999999999999992228e-01,1.000000000000000000e+00,7.950000000000003730e+00,9.999999999999992228e-01,9.330815479123363287e-01,-3.596648786655689545e-01
2.108461859107961445e+01,9.999999999999992228e-01,1.000000000000000000e+00,7.950000000000003730e+00,9.999999999999992228e-01,9.330501445915845293e-01,-3.597463379627695579e-01
2.108962067528136686e+01,9.999999999999992228e-01,1.000000000000000000e+00,7.950000000000003730e+00,9.999999999999992228e-01,9.330187341593245698e-01,-3.598277945180606840e-01
2.109462275948311927e+01,1.000000000000001110e+00,1.000000000000000000e+00,7.949999999999993960e+00,1.000000000000001110e+00,9.329873166157957032e-01,-3.599092483308214407e-01
2.109962484368486813e+01,9.999999999999992228e-01,1.000000000000000000e+00,7.950000000000003730e+00,9.999999999999992228e-01,9.329558919612376267e-01,-3.599906994004311023e-01
2.110462692788661698e+01,9.999999999999992228e-01,1.000000000000000000e+00,7.950000000000003730e+00,9.999999999999992228e-01,9.329244601958897043e-01,-3.600721477262687209e-01
2.110962901208836939e+01,9.999999999999992228e-01,1.000000000000000000e+00,7.950000000000003730e+00,9.999999999999992228e-01,9.328930213199914112e-01,-3.601535933077136820e-01
2.111463109629011825e+01,9.999999999999992228e-01,1.000000000000000000e+00,7.950000000000003730e+00,9.999999999999992228e-01,9.328615753337825556e-01,-3.602350361441450932e-01
2.111963318049186711e+01,9.999999999999992228e-01,1.000000000000000000e+00,7.950000000000003730e+00,9.999999999999992228e-01,9.328301222375027235e-01,-3.603164762349423400e-01
2.112463526469361952e+01,9.999999999999992228e-01,1.000000000000000000e+00,7.950000000000003730e+00,9.999999999999992228e-01,9.327986620313916122e-01,-3.603979135794845856e-01
2.112963734889537193e+01,9.999999999999992228e-01,1.000000000000000000e+00,7.950000000000003730e+00,9.999999999999992228e-01,9.327671947156890297e-01,-3.604793481771512709e-01
2.113463943309712434e+01,9.999999999999992228e-01,1.000000000000000000e+00,7.950000000000003730e+00,9.999999999999992228e-01,9.327357202906348954e-01,-3.605607800273215591e-01
2.113964151729887320e+01,9.999999999999992228e-01,1.000000000000000000e+00,7.950000000000003730e+00,9.999999999999992228e-01,9.327042387564689063e-01,-3.606422091293748911e-01
2.114464360150062561e+01,9.999999999999992228e-01,1.000000000000000000e+00,7.950000000000003730e+00,9.999999999999992228e-01,9.326727501134312037e-01,-3.607236354826905966e-01
2.114964568570237446e+01,9.999999999999992228e-01,1.000000000000000000e+00,7.950000000000003730e+00,9.999999999999992228e-01,9.326412543617618178e-01,-3.608050590866480611e-01
2.115464776990412687e+01,9.999999999999992228e-01,1.000000000000000000e+00,7.950000000000003730e+00,9.999999999999992228e-01,9.326097515017005568e-01,-3.608864799406267254e-01
2.115964985410587218e+01,1.000000000000001110e+00,1.000000000000000000e+00,7.949999999999993960e+00,1.000000000000001110e+00,9.325782415334876729e-01,-3.609678980440059193e-01
2.116465193830762459e+01,9.999999999999992228e-01,1.000000000000000000e+00,7.950000000000003730e+00,9.999999999999992228e-01,9.325467244573634185e-01,-3.610493133961652501e-01
2.116965402250937700e+01,9.999999999999992228e-01,1.000000000000000000e+00,7.950000000000003730e+00,9.999999999999992228e-01,9.325152002735678236e-01,-3.611307259964841032e-01
2.117465610671112941e+01,9.999999999999992228e-01,1.000000000000000000e+00,7.950000000000002842e+00,9.999999999999992228e-01,9.324836689823412517e-01,-3.612121358443419195e-01
2.117965819091287827e+01,1.000000000000001110e+00,1.000000000000000000e+00,7.949999999999993960e+00,1.000000000000001110e+00,9.324521305839240659e-01,-3.612935429391183062e-01
2.118466027511463068e+01,9.999999999999992228e-01,1.000000000000000000e+00,7.950000000000003730e+00,9.999999999999992228e-01,9.324205850785566296e-01,-3.613749472801927598e-01
2.118966235931638309e+01,1.000000000000001110e+00,1.000000000000000000e+00,7.949999999999993960e+00,1.000000000000001110e+00,9.323890324664793061e-01,-3.614563488669447766e-01
2.119466444351813195e+01,1.000000000000001110e+00,1.000000000000000000e+00,7.949999999999993960e+00,1.000000000000001110e+00,9.323574727479326807e-01,-3.615377476987539640e-01
2.119966652771988080e+01,1.000000000000001110e+00,1.000000000000000000e+00,7.949999999999993960e+00,1.000000000000001110e+00,9.323259059231572277e-01,-3.616191437749999849e-01
2.120466861192163321e+01,9.999999999999992228e-01,1.000000000000000000e+00,7.950000000000002842e+00,9.999999999999992228e-01,9.322943319923935324e-01,-3.617005370950623910e-01
2.120967069612338207e+01,9.999999999999992228e-01,1.000000000000000000e+00,7.950000000000003730e+00,9.999999999999992228e-01,9.322627509558824022e-01,-3.617819276583207899e-01
2.121467278032513448e+01,9.999999999999992228e-01,1.000000000000000000e+00,7.950000000000003730e+00,9.999999999999992228e-01,9.322311628138642003e-01,-3.618633154641549554e-01
2.121967486452688334e+01,9.999999999999992228e-01,1.000000000000000000e+00,7.950000000000003730e+00,9.999999999999992228e-01,9.321995675665800674e-01,-3.619447005119444394e-01
2.122467694872863575e+01,9.999999999999992228e-01,1.000000000000000000e+00,7.950000000000003730e+00,9.999999999999992228e-01,9.321679652142705885e-01,-3.620260828010690157e-01
2.122967903293038816e+01,1.000000000000001110e+00,1.000000000000000000e+00,7.949999999999993960e+00,1.000000000000001110e+00,9.321363557571765712e-01,-3.621074623309084028e-01
2.123468111713213702e+01,9.999999999999992228e-01,1.000000000000000000e+00,7.950000000000003730e+00,9.999999999999992228e-01,9.321047391955391559e-01,-3.621888391008423747e-01
2.123968320133388588e+01,9.999999999999992228e-01,1.000000000000000000e+00,7.950000000000003730e+00,9.999999999999992228e-01,9.320731155295992609e-01,-3.622702131102505385e-01
2.124468528553563829e+01,9.999999999999992228e-01,1.000000000000000000e+00,7.950000000000003730e+00,9.999999999999992228e-01,9.320414847595978047e-01,-3.623515843585128349e-01
2.124968736973739070e+01,9.999999999999992228e-01,1.000000000000000000e+00,7.950000000000003730e+00,9.999999999999992228e-01,9.320098468857759277e-01,-3.624329528450090376e-01
2.125468945393913955e+01,9.999999999999992228e-01,1.000000000000000000e+00,7.950000000000003730e+00,9.999999999999992228e-01,9.319782019083747704e-01,-3.625143185691189207e-01
2.125969153814088841e+01,1.000000000000001110e+00,1.000000000000000000e+00,7.949999999999993960e+00,1.000000000000001110e+00,9.319465498276354731e-01,-3.625956815302223690e-01
2.126469362234264082e+01,1.000000000000001110e+00,1.000000000000000000e+00,7.949999999999993960e+00,1.000000000000001110e+00,9.319148906437993984e-01,-3.626770417276993230e-01
2.126969570654439323e+01,9.999999999999992228e-01,1.000000000000000000e+00,7.950000000000003730e+00,9.999999999999992228e-01,9.318832243571077978e-01,-3.627583991609295566e-01
2.127469779074614209e+01,1.000000000000001110e+00,1.000000000000000000e+00,7.949999999999993960e+00,1.000000000000001110e+00,9.318515509678019226e-01,-3.628397538292930657e-01
2.127969987494789450e+01,9.999999999999992228e-01,1.000000000000000000e+00,7.950000000000003730e+00,9.999999999999992228e-01,9.318198704761233575e-01,-3.629211057321697353e-01
2.128470195914964336e+01,9.999999999999992228e-01,1.000000000000000000e+00,7.950000000000003730e+00,9.999999999999992228e-01,9.317881828823134649e-01,-3.630024548689394503e-01
2.128970404335139577e+01,9.999999999999992228e-01,1.000000000000000000e+00,7.950000000000003730e+00,9.999999999999992228e-01,9.317564881866137183e-01,-3.630838012389823177e-01
2.129470612755314463e+01,9.999999999999992228e-01,1.000000000000000000e+00,7.950000000000003730e+00,9.999999999999992228e-01,9.317247863892657023e-01,-3.631651448416782779e-01
2.129970821175489348e+01,1.000000000000001110e+00,1.000000000000000000e+00,7.949999999999993960e+00,1.000000000000001110e+00,9.316930774905111123e-01,-3.632464856764073269e-01
2.130471029595664589e+01,9.999999999999992228e-01,1.000000000000000000e+00,7.950000000000003730e+00,9.999999999999992228e-01,9.316613614905916441e-01,-3.633278237425495161e-01
2.130971238015839830e+01,9.999999999999992228e-01,1.000000000000000000e+00,7.950000000000003730e+00,9.999999999999992228e-01,9.316296383897488820e-01,-3.634091590394849525e-01
2.131471446436014716e+01,9.999999999999992228e-01,1.000000000000000000e+00,7.950000000000003730e+00,9.999999999999992228e-01,9.315979081882247437e-01,-3.634904915665936875e-01
2.131971654856189957e+01,9.999999999999992228e-01,1.000000000000000000e+00,7.950000000000003730e+00,9.999999999999992228e-01,9.315661708862610357e-01,-3.635718213232557727e-01
2.132471863276365198e+01,1.000000000000001110e+00,1.000000000000000000e+00,7.949999999999993960e+00,1.000000000000001110e+00,9.315344264840996757e-01,-3.636531483088513705e-01
2.132972071696540439e+01,9.999999999999992228e-01,1.000000000000000000e+00,7.950000000000003730e+00,9.999999999999992228e-01,9.315026749819825813e-01,-3.637344725227606435e-01
2.133472280116714970e+01,9.999999999999992228e-01,1.000000000000000000e+00,7.950000000000003730e+00,9.999999999999992228e-01,9.314709163801517811e-01,-3.638157939643636429e-01
2.133972488536890211e+01,9.999999999999992228e-01,1.000000000000000000e+00,7.950000000000003730e+00,9.999999999999992228e-01,9.314391506788493036e-01,-3.638971126330407535e-01
2.134472696957065097e+01,9.999999999999992228e-01,1.000000000000000000e+00,7.950000000000003730e+00,9.999999999999992228e-01,9.314073778783171775e-01,-3.639784285281719711e-01
2.134972905377240338e+01,9.999999999999992228e-01,1.000000000000000000e+00,7.950000000000003730e+00,9.999999999999992228e-01,9.313755979787977646e-01,-3.640597416491376803e-01
2.135473113797415223e+01,1.000000000000001110e+00,1.000000000000000000e+00,7.949999999999993960e+00,1.000000000000001110e+00,9.313438109805330933e-01,-3.641410519953180991e-01
2.135973322217590464e+01,9.999999999999992228e-01,1.000000000000000000e+00,7.950000000000003730e+00,9.999999999999992228e-01,9.313120168837656365e-01,-3.642223595660934454e-01
2.136473530637765705e+01,9.999999999999992228e-01,1.000000000000000000e+00,7.950000000000003730e+00,9.999999999999992228e-01,9.312802156887375338e-01,-3.643036643608440484e-01
2.136973739057940946e+01,9.999999999999992228e-01,1.000000000000000000e+00,7.950000000000003730e+00,9.999999999999992228e-01,9.312484073956912578e-01,-3.643849663789501814e-01
2.137473947478115832e+01,1.000000000000001110e+00,1.000000000000000000e+00,7.949999999999993960e+00,1.000000000000001110e+00,9.312165920048691703e-01,-3.644662656197922290e-01
2.137974155898290718e+01,9.999999999999992228e-01,1.000000000000000000e+00,7.950000000000003730e+00,9.999999999999992228e-01,9.311847695165139660e-01,-3.645475620827504648e-01
2.138474364318465959e+01,9.999999999999992228e-01,1.000000000000000000e+00,7.950000000000003730e+00,9.999999999999992228e-01,9.311529399308678956e-01,-3.646288557672053843e-01
2.138974572738640845e+01,1.000000000000001110e+00,1.000000000000000000e+00,7.949999999999993960e+00,1.000000000000001110e+00,9.311211032481737648e-01,-3.647101466725372609e-01
2.139474781158815730e+01,1.000000000000001110e+00,1.000000000000000000e+00,7.949999999999993960e+00,1.000000000000001110e+00,9.310892594686741575e-01,-3.647914347981266459e-01
2.139974989578990971e+01,9.999999999999992228e-01,1.000000000000000000e+00,7.950000000000003730e+00,9.999999999999992228e-01,9.310574085926118793e-01,-3.648727201433538680e-01
2.140475197999166213e+01,9.999999999999992228e-01,1.000000000000000000e+00,7.950000000000003730e+00,9.999999999999992228e-01,9.310255506202295139e-01,-3.649540027075994786e-01
2.140975406419341454e+01,9.999999999999992228e-01,1.000000000000000000e+00,7.950000000000003730e+00,9.999999999999992228e-01,9.309936855517699783e-01,-3.650352824902438620e-01
2.141475614839516339e+01,9.999999999999992228e-01,1.000000000000000000e+00,7.950000000000003730e+00,9.999999999999992228e-01,9.309618133874760781e-01,-3.651165594906675693e-01
2.141975823259691580e+01,9.999999999999992228e-01,1.000000000000000000e+00,7.950000000000003730e+00,9.999999999999992228e-01,9.309299341275908413e-01,-3.651978337082511517e-01
2.142476031679866466e+01,9.999999999999992228e-01,1.000000000000000000e+00,7.950000000000003730e+00,9.999999999999992228e-01,9.308980477723571845e-01,-3.652791051423750490e-01
2.142976240100041707e+01,9.999999999999992228e-01,1.000000000000000000e+00,7.950000000000003730e+00,9.999999999999992228e-01,9.308661543220181356e-01,-3.653603737924199235e-01
2.143476448520216238e+01,9.999999999999992228e-01,1.000000000000000000e+00,7.950000000000003730e+00,9.999999999999992228e-01,9.308342537768167224e-01,-3.654416396577663262e-01
2.143976656940391479e+01,9.999999999999992228e-01,1.000000000000000000e+00,7.950000000000003730e+00,9.999999999999992228e-01,9.308023461369961948e-01,-3.655229027377949191e-01
2.144476865360566720e+01,1.000000000000001110e+00,1.000000000000000000e+00,7.949999999999993960e+00,1.000000000000001110e+00,9.307704314027996917e-01,-3.656041630318863089e-01
2.144977073780741961e+01,9.999999999999992228e-01,1.000000000000000000e+00,7.950000000000003730e+00,9.999999999999992228e-01,9.307385095744704628e-01,-3.656854205394211577e-01
2.145477282200916846e+01,9.999999999999992228e-01,1.000000000000000000e+00,7.950000000000003730e+00,9.999999999999992228e-01,9.307065806522518692e-01,-3.657666752597800719e-01
2.145977490621092088e+01,9.999999999999992228e-01,1.000000000000000000e+00,7.950000000000003730e+00,9.999999999999992228e-01,9.306746446363871605e-01,-3.658479271923438247e-01
2.146477699041267329e+01,9.999999999999992228e-01,1.000000000000000000e+00,7.950000000000003730e+00,9.999999999999992228e-01,9.306427015271198089e-01,-3.659291763364930783e-01
2.146977907461442214e+01,9.999999999999992228e-01,1.000000000000000000e+00,7.950000000000003730e+00,9.999999999999992228e-01,9.306107513246932861e-01,-3.660104226916084946e-01
2.147478115881617100e+01,9.999999999999992228e-01,1.000000000000000000e+00,7.950000000000003730e+00,9.999999999999992228e-01,9.305787940293510641e-01,-3.660916662570710134e-01
2.147978324301791986e+01,9.999999999999992228e-01,1.000000000000000000e+00,7.950000000000003730e+00,9.999999999999992228e-01,9.305468296413367257e-01,-3.661729070322612412e-01
2.148478532721967227e+01,9.999999999999992228e-01,1.000000000000000000e+00,7.950000000000003730e+00,9.999999999999992228e-01,9.305148581608939651e-01,-3.662541450165601731e-01
2.148978741142142468e+01,1.000000000000001110e+00,1.000000000000000000e+00,7.949999999999993960e+00,1.000000000000001110e+00,9.304828795882662540e-01,-3.663353802093484712e-01
2.149478949562317354e+01,9.999999999999992228e-01,1.000000000000000000e+00,7.950000000000003730e+00,9.999999999999992228e-01,9.304508939236976195e-01,-3.664166126100070198e-01
2.149979157982492595e+01,9.999999999999992228e-01,1.000000000000000000e+00,7.950000000000003730e+00,9.999999999999992228e-01,9.304189011674316445e-01,-3.664978422179167028e-01
2.150479366402667836e+01,9.999999999999992228e-01,1.000000000000000000e+00,7.950000000000003730e+00,9.999999999999992228e-01,9.303869013197123561e-01,-3.665790690324583490e-01
2.150979574822843077e+01,9.999999999999992228e-01,1.000000000000000000e+00,7.950000000000003730e+00,9.999999999999992228e-01,9.303548943807834481e-01,-3.666602930530129534e-01
2.151479783243017607e+01,9.999999999999992228e-01,1.000000000000000000e+00,7.950000000000003730e+00,9.999999999999992228e-01,9.303228803508889477e-01,-3.667415142789613447e-01
2.151979991663192848e+01,9.999999999999992228e-01,1.000000000000000000e+00,7.950000000000003730e+00,9.999999999999992228e-01,9.302908592302728819e-01,-3.668227327096845736e-01
2.152480200083367734e+01,9.999999999999992228e-01,1.000000000000000000e+00,7.950000000000003730e+00,9.999999999999992228e-01,9.302588310191792775e-01,-3.669039483445634686e-01
2.152980408503542975e+01,9.999999999999992228e-01,1.000000000000000000e+00,7.950000000000003730e+00,9.999999999999992228e-01,9.302267957178522728e-01,-3.669851611829791915e-01
2.153480616923717861e+01,9.999999999999992228e-01,1.000000000000000000e+00,7.950000000000003730e+00,9.999999999999992228e-01,9.301947533265360057e-01,-3.670663712243126819e-01
2.153980825343893102e+01,1.000000000000001110e+00,1.000000000000000000e+00,7.949999999999993960e+00,1.000000000000001110e+00,9.301627038454746144e-01,-3.671475784679449905e-01
2.154481033764068343e+01,1.000000000000001110e+00,1.000000000000000000e+00,7.949999999999993960e+00,1.000000000000001110e+00,9.301306472749125698e-01,-3.672287829132571124e-01
2.154981242184243584e+01,9.999999999999992228e-01,1.000000000000000000e+00,7.950000000000003730e+00,9.999999999999992228e-01,9.300985836150941211e-01,-3.673099845596301538e-01
2.155481450604418470e+01,9.999999999999992228e-01,1.000000000000000000e+00,7.950000000000003730e+00,9.999999999999992228e-01,9.300665128662636283e-01,-3.673911834064452764e-01
2.155981659024593355e+01,1.000000000000001110e+00,1.000000000000000000e+00,7.949999999999993960e+00,1.000000000000001110e+00,9.300344350286654516e-01,-3.674723794530834753e-01
2.156481867444768596e+01,9.999999999999992228e-01,1.000000000000000000e+00,7.950000000000003730e+00,9.999999999999992228e-01,9.300023501025442840e-01,-3.675535726989260232e-01
2.156982075864943482e+01,9.999999999999992228e-01,1.000000000000000000e+00,7.950000000000003730e+00,9.999999999999992228e-01,9.299702580881444858e-01,-3.676347631433539709e-01
2.157482284285118368e+01,1.000000000000001110e+00,1.000000000000000000e+00,7.949999999999993960e+00,1.000000000000001110e+00,9.299381589857106389e-01,-3.677159507857485909e-01
2.157982492705293609e+01,9.999999999999992228e-01,1.000000000000000000e+00,7.950000000000003730e+00,9.999999999999992228e-01,9.299060527954875477e-01,-3.677971356254910451e-01
2.158482701125468850e+01,9.999999999999992228e-01,1.000000000000000000e+00,7.950000000000003730e+00,9.999999999999992228e-01,9.298739395177199052e-01,-3.678783176619625506e-01
2.158982909545644091e+01,9.999999999999992228e-01,1.000000000000000000e+00,7.950000000000003730e+00,9.999999999999992228e-01,9.298418191526522936e-01,-3.679594968945444355e-01
2.159483117965818977e+01,9.999999999999992228e-01,1.000000000000000000e+00,7.950000000000003730e+00,9.999999999999992228e-01,9.298096917005297390e-01,-3.680406733226178617e-01
2.159983326385994218e+01,9.999999999999992228e-01,1.000000000000000000e+00,7.950000000000003730e+00,9.999999999999992228e-01,9.297775571615969348e-01,-3.681218469455641573e-01
2.160483534806169104e+01,9.999999999999992228e-01,1.000000000000000000e+00,7.950000000000003730e+00,9.999999999999992228e-01,9.297454155360989070e-01,-3.682030177627645950e-01
2.160983743226344345e+01,9.999999999999992228e-01,1.000000000000000000e+00,7.950000000000003730e+00,9.999999999999992228e-01,9.297132668242806819e-01,-3.682841857736006141e-01
2.161483951646518875e+01,9.999999999999992228e-01,1.000000000000000000e+00,7.950000000000003730e+00,9.999999999999992228e-01,9.296811110263871747e-01,-3.683653509774534873e-01
2.161984160066694116e+01,9.999999999999992228e-01,1.000000000000000000e+00,7.950000000000003730e+00,9.999999999999992228e-01,9.296489481426634116e-01,-3.684465133737045983e-01
2.162484368486869357e+01,9.999999999999992228e-01,1.000000000000000000e+00,7.950000000000003730e+00,9.999999999999992228e-01,9.296167781733547519e-01,-3.685276729617353864e-01
2.162984576907044598e+01,9.999999999999992228e-01,1.000000000000000000e+00,7.950000000000003730e+00,9.999999999999992228e-01,9.295846011187062219e-01,-3.686088297409272907e-01
2.163484785327219484e+01,9.999999999999992228e-01,1.000000000000000000e+00,7.950000000000003730e+00,9.999999999999992228e-01,9.295524169789630697e-01,-3.686899837106616395e-01
2.163984993747394725e+01,1.000000000000001110e+00,1.000000000000000000e+00,7.949999999999993960e+00,1.000000000000001110e+00,9.295202257543706548e-01,-3.687711348703199832e-01
2.164485202167569966e+01,1.000000000000001110e+00,1.000000000000000000e+00,7.949999999999993960e+00,1.000000000000001110e+00,9.294880274451743363e-01,-3.688522832192838163e-01
2.164985410587744852e+01,9.999999999999992228e-01,1.000000000000000000e+00,7.950000000000003730e+00,9.999999999999992228e-01,9.294558220516195846e-01,-3.689334287569345228e-01
2.165485619007919738e+01,9.999999999999992228e-01,1.000000000000000000e+00,7.950000000000003730e+00,9.999999999999992228e-01,9.294236095739517589e-01,-3.690145714826537637e-01
2.165985827428094623e+01,9.999999999999992228e-01,1.000000000000000000e+00,7.950000000000003730e+00,9.999999999999992228e-01,9.293913900124163296e-01,-3.690957113958229785e-01
2.166486035848269864e+01,9.999999999999992228e-01,1.000000000000000000e+00,7.950000000000003730e+00,9.999999999999992228e-01,9.293591633672589891e-01,-3.691768484958238283e-01
2.166986244268445105e+01,9.999999999999992228e-01,1.000000000000000000e+00,7.950000000000003730e+00,9.999999999999992228e-01,9.293269296387252076e-01,-3.692579827820379190e-01
2.167486452688619991e+01,9.999999999999992228e-01,1.000000000000000000e+00,7.950000000000003730e+00,9.999999999999992228e-01,9.292946888270608996e-01,-3.693391142538468008e-01
2.167986661108795232e+01,1.000000000000001110e+00,1.000000000000000000e+00,7.949999999999993960e+00,1.000000000000001110e+00,9.292624409325115353e-01,-3.694202429106321350e-01
2.168486869528970473e+01,9.999999999999992228e-01,1.000000000000000000e+00,7.950000000000003730e+00,9.999999999999992228e-01,9.292301859553231402e-01,-3.695013687517755274e-01
2.168987077949145359e+01,9.999999999999992228e-01,1.000000000000000000e+00,7.950000000000003730e+00,9.999999999999992228e-01,9.291979238957414067e-01,-3.695824917766586948e-01
2.169487286369320245e+01,9.999999999999992228e-01,1.000000000000000000e+00,7.950000000000003730e+00,9.999999999999992228e-01,9.291656547540122491e-01,-3.696636119846632984e-01
2.169987494789495486e+01,9.999999999999992228e-01,1.000000000000000000e+00,7.950000000000003730e+00,9.999999999999992228e-01,9.291333785303816928e-01,-3.697447293751711106e-01
2.170487703209670727e+01,9.999999999999992228e-01,1.000000000000000000e+00,7.950000000000003730e+00,9.999999999999992228e-01,9.291010952250955413e-01,-3.698258439475638482e-01
2.170987911629845613e+01,9.999999999999992228e-01,1.000000000000000000e+00,7.950000000000003730e+00,9.999999999999992228e-01,9.290688048384001529e-01,-3.699069557012232279e-01
2.171488120050020498e+01,9.999999999999992228e-01,1.000000000000000000e+00,7.950000000000003730e+00,9.999999999999992228e-01,9.290365073705414423e-01,-3.699880646355311331e-01
2.171988328470195739e+01,9.999999999999992228e-01,1.000000000000000000e+00,7.950000000000003730e+00,9.999999999999992228e-01,9.290042028217655457e-01,-3.700691707498693361e-01
2.172488536890370980e+01,1.000000000000001110e+00,1.000000000000000000e+00,7.949999999999993960e+00,1.000000000000001110e+00,9.289718911923187106e-01,-3.701502740436196093e-01
2.172988745310545866e+01,9.999999999999992228e-01,1.000000000000000000e+00,7.950000000000003730e+00,9.999999999999992228e-01,9.289395724824472955e-01,-3.702313745161638359e-01
2.173488953730721107e+01,9.999999999999992228e-01,1.000000000000000000e+00,7.950000000000003730e+00,9.999999999999992228e-01,9.289072466923976590e-01,-3.703124721668838992e-01
2.173989162150895993e+01,1.000000000000001110e+00,1.000000000000000000e+00,7.949999999999993960e+00,1.000000000000001110e+00,9.288749138224159374e-01,-3.703935669951616272e-01
2.174489370571071234e+01,9.999999999999992228e-01,1.000000000000000000e+00,7.950000000000003730e+00,9.999999999999992228e-01,9.288425738727488223e-01,-3.704746590003790696e-01
2.174989578991246120e+01,9.999999999999992228e-01,1.000000000000000000e+00,7.950000000000003730e+00,9.999999999999992228e-01,9.288102268436426723e-01,-3.705557481819179988e-01
2.175489787411421005e+01,1.000000000000001110e+00,1.000000000000000000e+00,7.949999999999993960e+00,1.000000000000001110e+00,9.287778727353440678e-01,-3.706368345391604091e-01
2.175989995831596246e+01,1.000000000000001110e+00,1.000000000000000000e+00,7.949999999999993960e+00,1.000000000000001110e+00,9.287455115480995893e-01,-3.707179180714883504e-01
2.176490204251771488e+01,9.999999999999992228e-01,1.000000000000000000e+00,7.950000000000003730e+00,9.999999999999992228e-01,9.287131432821559285e-01,-3.707989987782838170e-01
2.176990412671946373e+01,1.000000000000001110e+00,1.000000000000000000e+00,7.949999999999993960e+00,1.000000000000001110e+00,9.286807679377596658e-01,-3.708800766589288034e-01
2.177490621092121614e+01,9.999999999999992228e-01,1.000000000000000000e+00,7.950000000000003730e+00,9.999999999999992228e-01,9.286483855151577149e-01,-3.709611517128053038e-01
2.177990829512296855e+01,9.999999999999992228e-01,1.000000000000000000e+00,7.950000000000003730e+00,9.999999999999992228e-01,9.286159960145968784e-01,-3.710422239392954236e-01
2.178491037932471741e+01,9.999999999999992228e-01,1.000000000000000000e+00,7.950000000000003730e+00,9.999999999999992228e-01,9.285835994363238477e-01,-3.711232933377812127e-01
2.178991246352646627e+01,9.999999999999992228e-01,1.000000000000000000e+00,7.950000000000003730e+00,9.999999999999992228e-01,9.285511957805857586e-01,-3.712043599076448319e-01
2.179491454772821868e+01,9.999999999999992228e-01,1.000000000000000000e+00,7.950000000000003730e+00,9.999999999999992228e-01,9.285187850476294136e-01,-3.712854236482684422e-01
2.179991663192996754e+01,9.999999999999992228e-01,1.000000000000000000e+00,7.950000000000003730e+00,9.999999999999992228e-01,9.284863672377019483e-01,-3.713664845590340380e-01
2.180491871613171995e+01,9.999999999999992228e-01,1.000000000000000000e+00,7.950000000000003730e+00,9.999999999999992228e-01,9.284539423510503875e-01,-3.714475426393239466e-01
2.180992080033346880e+01,9.999999999999992228e-01,1.000000000000000000e+00,7.950000000000003730e+00,9.999999999999992228e-01,9.284215103879218667e-01,-3.715285978885202733e-01
2.181492288453522121e+01,1.000000000000001110e+00,1.000000000000000000e+00,7.949999999999993960e+00,1.000000000000001110e+00,9.283890713485636326e-01,-3.716096503060052902e-01
2.181992496873697363e+01,9.999999999999992228e-01,1.000000000000000000e+00,7.950000000000003730e+00,9.999999999999992228e-01,9.283566252332229318e-01,-3.716906998911612137e-01
2.182492705293872604e+01,9.999999999999992228e-01,1.000000000000000000e+00,7.950000000000003730e+00,9.999999999999992228e-01,9.283241720421470111e-01,-3.717717466433703155e-01
2.182992913714047489e+01,9.999999999999992228e-01,1.000000000000000000e+00,7.950000000000003730e+00,9.999999999999992228e-01,9.282917117755831171e-01,-3.718527905620148122e-01
2.183493122134222375e+01,9.999999999999992228e-01,1.000000000000000000e+00,7.950000000000003730e+00,9.999999999999992228e-01,9.282592444337789406e-01,-3.719338316464770311e-01
2.183993330554397616e+01,1.000000000000001110e+00,1.000000000000000000e+00,7.949999999999993960e+00,1.000000000000001110e+00,9.282267700169816171e-01,-3.720148698961392997e-01
2.184493538974572502e+01,9.999999999999992228e-01,1.000000000000000000e+00,7.950000000000003730e+00,9.999999999999992228e-01,9.281942885254389486e-01,-3.720959053103839453e-01
2.184993747394747388e+01,9.999999999999992228e-01,1.000000000000000000e+00,7.950000000000003730e+00,9.999999999999992228e-01,9.281617999593982926e-01,-3.721769378885934620e-01
2.185493955814922629e+01,9.999999999999992228e-01,1.000000000000000000e+00,7.950000000000003730e+00,9.999999999999992228e-01,9.281293043191073400e-01,-3.722579676301500662e-01
2.185994164235097870e+01,9.999999999999992228e-01,1.000000000000000000e+00,7.950000000000003730e+00,9.999999999999992228e-01,9.280968016048137814e-01,-3.723389945344362517e-01
2.186494372655273111e+01,9.999999999999992228e-01,1.000000000000000000e+00,7.950000000000003730e+00,9.999999999999992228e-01,9.280642918167653077e-01,-3.724200186008344571e-01
2.186994581075447996e+01,9.999999999999992228e-01,1.000000000000000000e+00,7.950000000000003730e+00,9.999999999999992228e-01,9.280317749552097206e-01,-3.725010398287270652e-01
2.187494789495623237e+01,9.999999999999992228e-01,1.000000000000000000e+00,7.950000000000003730e+00,9.999999999999992228e-01,9.279992510203949330e-01,-3.725820582174966256e-01
2.187994997915798123e+01,9.999999999999992228e-01,1.000000000000000000e+00,7.950000000000003730e+00,9.999999999999992228e-01,9.279667200125687465e-01,-3.726630737665255211e-01
2.188495206335973364e+01,9.999999999999992228e-01,1.000000000000000000e+00,7.950000000000003730e+00,9.999999999999992228e-01,9.279341819319790741e-01,-3.727440864751964122e-01
2.188995414756147895e+01,9.999999999999992228e-01,1.000000000000000000e+00,7.950000000000003730e+00,9.999999999999992228e-01,9.279016367788740505e-01,-3.728250963428916820e-01
2.189495623176323136e+01,9.999999999999992228e-01,1.000000000000000000e+00,7.950000000000003730e+00,9.999999999999992228e-01,9.278690845535015885e-01,-3.729061033689941018e-01
2.189995831596498377e+01,9.999999999999992228e-01,1.000000000000000000e+00,7.950000000000003730e+00,9.999999999999992228e-01,9.278365252561098231e-01,-3.729871075528860547e-01
2.190496040016673618e+01,9.999999999999992228e-01,1.000000000000000000e+00,7.950000000000003730e+00,9.999999999999992228e-01,9.278039588869470000e-01,-3.730681088939502565e-01
2.190996248436848504e+01,9.999999999999992228e-01,1.000000000000000000e+00,7.950000000000003730e+00,9.999999999999992228e-01,9.277713854462612542e-01,-3.731491073915693124e-01
2.191496456857023745e+01,9.999999999999992228e-01,1.000000000000000000e+00,7.950000000000003730e+00,9.999999999999992228e-01,9.277388049343008314e-01,-3.732301030451258828e-01
2.191996665277198986e+01,9.999999999999992228e-01,1.000000000000000000e+00,7.950000000000003730e+00,9.999999999999992228e-01,9.277062173513141996e-01,-3.733110958540025726e-01
2.192496873697373871e+01,1.000000000000001110e+00,1.000000000000000000e+00,7.949999999999993960e+00,1.000000000000001110e+00,9.276736226975494937e-01,-3.733920858175820423e-01
2.192997082117548757e+01,9.999999999999992228e-01,1.000000000000000000e+00,7.950000000000003730e+00,9.999999999999992228e-01,9.276410209732554035e-01,-3.734730729352471190e-01
2.193497290537723643e+01,9.999999999999992228e-01,1.000000000000000000e+00,7.950000000000003730e+00,9.999999999999992228e-01,9.276084121786801751e-01,-3.735540572063804632e-01
2.193997498957898884e+01,9.999999999999992228e-01,1.000000000000000000e+00,7.950000000000003730e+00,9.999999999999992228e-01,9.275757963140724982e-01,-3.736350386303649018e-01
2.194497707378074125e+01,9.999999999999992228e-01,1.000000000000000000e+00,7.950000000000003730e+00,9.999999999999992228e-01,9.275431733796809519e-01,-3.737160172065831509e-01
2.194997915798249011e+01,9.999999999999992228e-01,1.000000000000000000e+00,7.950000000000003730e+00,9.999999999999992228e-01,9.275105433757541151e-01,-3.737969929344179820e-01
2.195498124218424252e+01,9.999999999999992228e-01,1.000000000000000000e+00,7.950000000000003730e+00,9.999999999999992228e-01,9.274779063025407888e-01,-3.738779658132523331e-01
2.195998332638599493e+01,9.999999999999992228e-01,1.000000000000000000e+00,7.950000000000003730e+00,9.999999999999992228e-01,9.274452621602895519e-01,-3.739589358424689203e-01
2.196498541058774379e+01,9.999999999999992228e-01,1.000000000000000000e+00,7.950000000000003730e+00,9.999999999999992228e-01,9.274126109492494274e-01,-3.740399030214506815e-01
2.196998749478949264e+01,9.999999999999992228e-01,1.000000000000000000e+00,7.950000000000003730e+00,9.999999999999992228e-01,9.273799526696691053e-01,-3.741208673495803883e-01
2.197498957899124505e+01,9.999999999999992228e-01,1.000000000000000000e+00,7.950000000000003730e+00,9.999999999999992228e-01,9.273472873217976087e-01,-3.742018288262410897e-01
2.197999166319299391e+01,9.999999999999992228e-01,1.000000000000000000e+00,7.950000000000003730e+00,9.999999999999992228e-01,9.273146149058838494e-01,-3.742827874508156127e-01
2.198499374739474632e+01,1.000000000000001110e+00,1.000000000000000000e+00,7.949999999999993960e+00,1.000000000000001110e+00,9.272819354221767396e-01,-3.743637432226870621e-01
2.198999583159649518e+01,9.999999999999992228e-01,1.000000000000000000e+00,7.950000000000003730e+00,9.999999999999992228e-01,9.272492488709256353e-01,-3.744446961412382646e-01
2.199499791579824759e+01,9.999999999999992228e-01,1.000000000000000000e+00,7.950000000000003730e+00,9.999999999999992228e-01,9.272165552523794485e-01,-3.745256462058522140e-01
2.200000000000000000e+01,9.999999999999992228e-01,1.000000000000000000e+00,7.950000000000003730e+00,9.999999999999992228e-01,9.271838545667874243e-01,-3.746065934159120148e-01
