1  3  3       68      69      91
       2  3  3       91      69      94
       3  3  3       94      69      70
       4  3  3       94      70      95
       5  3  3       95      70      71
       6  3  3       95      71      96
       7  3  3       96      71       2
       8  3  3       68      91      97
       9  3  3       68      97      67
      10  3  3       67      97      98
      11  3  3       67      98      66
      12  3  3       66      98      99
      13  3  3       66      99      65
      14  3  3       65      99     100
      15  3  3       65     100      64
      16  3  3       64     100     101
      17  3  3       64     101      63
      18  3  3       63     101     102
      19  3  3       63     102      62
      20  3  3       62     102     103
      21  3  3       62     103      61
      22  3  3       61     103     104
      23  3  3       61     104      60
      24  3  3       60     104     105
      25  3  3       60     105      59
      26  3  3       59     105     106
      27  3  3       59     106      58
      28  3  3       58     106     107
      29  3  3       58     107      57
      30  3  3       57     107     108
      31  3  3       57     108      56
      32  3  3       56     108     109
      33  3  3       56     109      55
      34  3  3       55     109     110
      35  3  3       55     110      54
      36  3  3       54     110     111
      37  3  3       54     111      53
      38  3  3       53     111     112
      39  3  3       53     112       1
      40  3  3       73      74     113
      41  3  3      113      74     114
      42  3  3      114      74      75
      43  3  3      114      75     115
      44  3  3      115      75      76
      45  3  3      115      76     116
      46  3  3      116      76      77
      47  3  3      116      77     117
      48  3  3      117      77      78
      49  3  3      117      78     118
      50  3  3      118      78      79
      51  3  3      118      79     119
      52  3  3      119      79      80
      53  3  3      119      80     120
      54  3  3      120      80      81
      55  3  3      120      81     121
      56  3  3      121      81      82
      57  3  3      121      82     122
      58  3  3      122      82      83
      59  3  3      122      83     123
      60  3  3      123      83      84
      61  3  3      123      84     124
      62  3  3      124      84      85
      63  3  3      124      85     125
      64  3  3      125      85      86
      65  3  3      125      86     126
      66  3  3      126      86      87
      67  3  3      126      87     127
      68  3  3      127      87      88
      69  3  3      127      88     128
      70  3  3      128      88      89
      71  3  3       73     113     129
      72  3  3       73     129      72
      73  3  3       72     129     130
      74  3  3       72     130       2
      75  3  3      128      89     131
      76  3  3      131      89      90
      77  3  3      131      90     132
      78  3  3      132      90       1
      79  3  3       52       3     133
      80  3  3      133       3     134
      81  3  3      134       3       4
      82  3  3       52     133     135
      83  3  3       52     135      51
      84  3  3       51     135     136
      85  3  3       51     136      50
      86  3  3       50     136     137
      87  3  3       50     137      49
      88  3  3      134       4     138
      89  3  3      138       4       5
      90  3  3      138       5     139
      91  3  3      139       5       6
      92  3  3      139       6     140
      93  3  3      140       6       7
      94  3  3       49     137     141
      95  3  3       49     141      48
      96  3  3       48     141     142
      97  3  3       48     142      47
      98  3  3       47     142     143
      99  3  3       47     143      46
     100  3  3       46     143     144
     101  3  3       46     144      45
     102  3  3       45     144     145
     103  3  3       45     145      44
     104  3  3       44     145     146
     105  3  3       44     146      43
     106  3  3       43     146     147
     107  3  3       43     147      42
     108  3  3       42     147     148
     109  3  3       42     148      41
     110  3  3       41     148     149
     111  3  3       41     149      40
     112  3  3       40     149     150
     113  3  3       40     150      39
     114  3  3       39     150     151
     115  3  3       39     151      38
     116  3  3       38     151     152
     117  3  3       38     152      37
     118  3  3       37     152     153
     119  3  3       37     153      36
     120  3  3       36     153     154
     121  3  3       36     154      35
     122  3  3       35     154     155
     123  3  3       35     155      34
     124  3  3       34     155     156
     125  3  3       34     156      33
     126  3  3       33     156     157
     127  3  3       33     157      32
     128  3  3       32     157     158
     129  3  3       32     158      31
     130  3  3       31     158     159
     131  3  3       31     159      30
     132  3  3       30     159     160
     133  3  3       30     160      29
     134  3  3       29     160     161
     135  3  3       29     161      28
     136  3  3       28     161     162
     137  3  3       28     162      27
     138  3  3       27     162     163
     139  3  3       27     163      26
     140  3  3       26     163     164
     141  3  3       26     164      25
     142  3  3       25     164     165
     143  3  3       25     165      24
     144  3  3       24     165     166
     145  3  3       24     166      23
     146  3  3       23     166     167
     147  3  3       23     167      22
     148  3  3       22     167     168
     149  3  3       22     168      21
     150  3  3       21     168     169
     151  3  3       21     169      20
     152  3  3       20     169     170
     153  3  3       20     170      19
     154  3  3       19     170     171
     155  3  3       19     171      18
     156  3  3       18     171     172
     157  3  3       18     172      17
     158  3  3       17     172     173
     159  3  3       17     173      16
     160  3  3       16     173     174
     161  3  3       16     174      15
     162  3  3       15     174     175
     163  3  3       15     175      14
     164  3  3       14     175     176
     165  3  3       14     176      13
     166  3  3       13     176     177
     167  3  3       13     177      12
     168  3  3       12     177     178
     169  3  3       12     178      11
     170  3  3       11     178     179
     171  3  3       11     179      10
     172  3  3       10     179     180
     173  3  3       10     180       9
     174  3  3        9     180     181
     175  3  3        9     181       8
     176  3  3        8     181     182
     177  3  3        8     182       7
     178  3  3      140       7     182
     179  3  3      134     138     183
     180  3  3      134     183     184
     181  3  3      134     184     133
     182  3  3      135     133     185
     183  3  3      185     133     184
     184  3  3      138     139     186
     185  3  3      138     186     183
     186  3  3      136     135     187
     187  3  3      187     135     185
     188  3  3      137     136     188
     189  3  3      188     136     187
     190  3  3      141     137     189
     191  3  3      189     137     188
     192  3  3      139     140     190
     193  3  3      139     190     186
     194  3  3      142     141     191
     195  3  3      191     141     189
     196  3  3      143     142     192
     197  3  3      192     142     191
     198  3  3      144     143     193
     199  3  3      193     143     192
     200  3  3      145     144     194
     201  3  3      194     144     193
     202  3  3      146     145     195
     203  3  3      195     145     194
     204  3  3      147     146     196
     205  3  3      196     146     195
     206  3  3      148     147     197
     207  3  3      197     147     196
     208  3  3      149     148     198
     209  3  3      198     148     197
     210  3  3      150     149     199
     211  3  3      199     149     198
     212  3  3      151     150     200
     213  3  3      200     150     199
     214  3  3      152     151     201
     215  3  3      201     151     200
     216  3  3      153     152     202
     217  3  3      202     152     201
     218  3  3      154     153     203
     219  3  3      203     153     202
     220  3  3      155     154     204
     221  3  3      204     154     203
     222  3  3      156     155     205
     223  3  3      205     155     204
     224  3  3      157     156     206
     225  3  3      206     156     205
     226  3  3      158     157     207
     227  3  3      207     157     206
     228  3  3      159     158     208
     229  3  3      208     158     207
     230  3  3      160     159     209
     231  3  3      209     159     208
     232  3  3      161     160     210
     233  3  3      210     160     209
     234  3  3      162     161     211
     235  3  3      211     161     210
     236  3  3      163     162     212
     237  3  3      212     162     211
     238  3  3      164     163     213
     239  3  3      213     163     212
     240  3  3      165     164     214
     241  3  3      214     164     213
     242  3  3      166     165     215
     243  3  3      215     165     214
     244  3  3      167     166     216
     245  3  3      216     166     215
     246  3  3      168     167     217
     247  3  3      217     167     216
     248  3  3      169     168     218
     249  3  3      218     168     217
     250  3  3      170     169     219
     251  3  3      219     169     218
     252  3  3      171     170     220
     253  3  3      220     170     219
     254  3  3      172     171     221
     255  3  3      221     171     220
     256  3  3      173     172     222
     257  3  3      222     172     221
     258  3  3      174     173     223
     259  3  3      223     173     222
     260  3  3      175     174     224
     261  3  3      224     174     223
     262  3  3      176     175     225
     263  3  3      225     175     224
     264  3  3      177     176     226
     265  3  3      226     176     225
     266  3  3      178     177     227
     267  3  3      227     177     226
     268  3  3      179     178     228
     269  3  3      228     178     227
     270  3  3      180     179     229
     271  3  3      229     179     228
     272  3  3      181     180     230
     273  3  3      230     180     229
     274  3  3      182     181     231
     275  3  3      231     181     230
     276  3  3      132       1     232
     277  3  3      232       1     233
     278  3  3      233       1     112
     279  3  3      113     114     234
     280  3  3      113     234     235
     281  3  3      113     235     129
     282  3  3      130     129     236
     283  3  3      236     129     235
     284  3  3      114     115     237
     285  3  3      114     237     234
     286  3  3      115     116     238
     287  3  3      115     238     237
     288  3  3      116     117     239
     289  3  3      116     239     238
     290  3  3      117     118     240
     291  3  3      117     240     239
     292  3  3      118     119     241
     293  3  3      118     241     240
     294  3  3      119     120     242
     295  3  3      119     242     241
     296  3  3      120     121     243
     297  3  3      120     243     242
     298  3  3      121     122     244
     299  3  3      121     244     243
     300  3  3      122     123     245
     301  3  3      122     245     244
     302  3  3      123     124     246
     303  3  3      123     246     245
     304  3  3      124     125     247
     305  3  3      124     247     246
     306  3  3      125     126     248
     307  3  3      125     248     247
     308  3  3      126     127     249
     309  3  3      126     249     248
     310  3  3      127     128     250
     311  3  3      127     250     249
     312  3  3      128     131     251
     313  3  3      128     251     250
     314  3  3      131     132     252
     315  3  3      131     252     251
     316  3  3       97      91     253
     317  3  3      253      91     254
     318  3  3      254      91      94
     319  3  3       94      95     255
     320  3  3       94     255     254
     321  3  3       95      96     256
     322  3  3       95     256     255
     323  3  3       98      97     257
     324  3  3      257      97     253
     325  3  3       99      98     258
     326  3  3      258      98     257
     327  3  3      100      99     259
     328  3  3      259      99     258
     329  3  3      101     100     260
     330  3  3      260     100     259
     331  3  3      102     101     261
     332  3  3      261     101     260
     333  3  3      103     102     262
     334  3  3      262     102     261
     335  3  3      104     103     263
     336  3  3      263     103     262
     337  3  3      105     104     264
     338  3  3      264     104     263
     339  3  3      106     105     265
     340  3  3      265     105     264
     341  3  3      107     106     266
     342  3  3      266     106     265
     343  3  3      108     107     267
     344  3  3      267     107     266
     345  3  3      109     108     268
     346  3  3      268     108     267
     347  3  3      110     109     269
     348  3  3      269     109     268
     349  3  3      111     110     270
     350  3  3      270     110     269
     351  3  3      112     111     271
     352  3  3      271     111     270
     353  3  3       96       2     272
     354  3  3       96     272     273
     355  3  3       96     273     256
     356  3  3        2     130     274
     357  3  3        2     274     272
     358  3  3      190     140     275
     359  3  3      275     140     182
     360  3  3      182     231     276
     361  3  3      182     276     275
     362  3  3      231     230     277
     363  3  3      231     277     278
     364  3  3      231     278     276
     365  3  3      230     229     279
     366  3  3      230     279     277
     367  3  3      229     228     280
     368  3  3      229     280     279
     369  3  3      228     227     281
     370  3  3      228     281     280
     371  3  3      227     226     282
     372  3  3      227     282     281
     373  3  3      226     225     283
     374  3  3      226     283     282
     375  3  3      225     224     284
     376  3  3      225     284     283
     377  3  3      224     223     285
     378  3  3      224     285     284
     379  3  3      223     222     286
     380  3  3      223     286     285
     381  3  3      222     221     287
     382  3  3      222     287     286
     383  3  3      221     220     288
     384  3  3      221     288     287
     385  3  3      220     219     289
     386  3  3      220     289     288
     387  3  3      219     218     290
     388  3  3      219     290     289
     389  3  3      218     217     291
     390  3  3      218     291     290
     391  3  3      217     216     292
     392  3  3      217     292     291
     393  3  3      216     215     293
     394  3  3      216     293     292
     395  3  3      215     214     294
     396  3  3      215     294     293
     397  3  3      214     213     295
     398  3  3      214     295     294
     399  3  3      213     212     296
     400  3  3      213     296     295
     401  3  3      212     211     297
     402  3  3      212     297     296
     403  3  3      211     210     298
     404  3  3      211     298     297
     405  3  3      210     209     299
     406  3  3      210     299     298
     407  3  3      209     208     300
     408  3  3      209     300     299
     409  3  3      208     207     301
     410  3  3      208     301     300
     411  3  3      207     206     302
     412  3  3      207     302     301
     413  3  3      206     205     303
     414  3  3      206     303     302
     415  3  3      205     204     304
     416  3  3      205     304     303
     417  3  3      204     203     305
     418  3  3      204     305     304
     419  3  3      203     202     306
     420  3  3      203     306     305
     421  3  3      202     201     307
     422  3  3      202     307     306
     423  3  3      201     200     308
     424  3  3      201     308     307
     425  3  3      200     199     309
     426  3  3      200     309     308
     427  3  3      199     198     310
     428  3  3      199     310     309
     429  3  3      198     197     311
     430  3  3      198     311     310
     431  3  3      197     196     312
     432  3  3      197     312     311
     433  3  3      196     195     313
     434  3  3      196     313     312
     435  3  3      195     194     314
     436  3  3      195     314     313
     437  3  3      194     193     315
     438  3  3      194     315     314
     439  3  3      193     192     316
     440  3  3      193     316     315
     441  3  3      192     191     317
     442  3  3      192     317     316
     443  3  3      191     189     318
     444  3  3      191     318     317
     445  3  3      189     188     319
     446  3  3      189     319     318
     447  3  3      188     187     320
     448  3  3      188     320     319
     449  3  3      187     185     321
     450  3  3      187     321     320
     451  3  3      185     184     322
     452  3  3      185     322     321
     453  3  3      184     183     323
     454  3  3      184     323     322
     455  3  3      183     186     324
     456  3  3      183     324     323
     457  3  3      186     190     325
     458  3  3      186     325     324
     459  3  3      190     275     326
     460  3  3      190     326     325
     461  3  3      275     276     327
     462  3  3      275     327     326
     463  3  3      276     278     327
     464  3  3      278     277     328
     465  3  3      328     277     329
     466  3  3      329     277     279
     467  3  3      279     280     330
     468  3  3      279     330     329
     469  3  3      280     281     331
     470  3  3      280     331     330
     471  3  3      281     282     332
     472  3  3      281     332     331
     473  3  3      282     283     333
     474  3  3      282     333     332
     475  3  3      283     284     334
     476  3  3      283     334     333
     477  3  3      284     285     335
     478  3  3      284     335     334
     479  3  3      285     286     336
     480  3  3      285     336     335
     481  3  3      286     287     337
     482  3  3      286     337     336
     483  3  3      287     288     338
     484  3  3      287     338     337
     485  3  3      288     289     339
     486  3  3      288     339     338
     487  3  3      289     290     340
     488  3  3      289     340     339
     489  3  3      290     291     341
     490  3  3      290     341     340
     491  3  3      291     292     342
     492  3  3      291     342     341
     493  3  3      292     293     343
     494  3  3      292     343     342
     495  3  3      293     294     344
     496  3  3      293     344     343
     497  3  3      294     295     345
     498  3  3      294     345     344
     499  3  3      295     296     346
     500  3  3      295     346     345
     501  3  3      296     297     347
     502  3  3      296     347     346
     503  3  3      297     298     348
     504  3  3      297     348     347
     505  3  3      298     299     349
     506  3  3      298     349     348
     507  3  3      299     300     350
     508  3  3      299     350     349
     509  3  3      300     301     351
     510  3  3      300     351     350
     511  3  3      301     302     352
     512  3  3      301     352     351
     513  3  3      302     303     353
     514  3  3      302     353     352
     515  3  3      303     304     354
     516  3  3      303     354     353
     517  3  3      304     305     355
     518  3  3      304     355     354
     519  3  3      305     306     356
     520  3  3      305     356     355
     521  3  3      306     307     357
     522  3  3      306     357     356
     523  3  3      307     308     358
     524  3  3      307     358     357
     525  3  3      308     309     359
     526  3  3      308     359     358
     527  3  3      309     310     360
     528  3  3      309     360     359
     529  3  3      310     311     361
     530  3  3      310     361     360
     531  3  3      311     312     362
     532  3  3      311     362     361
     533  3  3      312     313     363
     534  3  3      312     363     362
     535  3  3      313     314     364
     536  3  3      313     364     363
     537  3  3      314     315     365
     538  3  3      314     365     364
     539  3  3      315     316     366
     540  3  3      315     366     365
     541  3  3      316     317     367
     542  3  3      316     367     366
     543  3  3      317     318     368
     544  3  3      317     368     367
     545  3  3      318     319     369
     546  3  3      318     369     368
     547  3  3      319     320     370
     548  3  3      319     370     369
     549  3  3      320     321     371
     550  3  3      320     371     370
     551  3  3      321     322     372
     552  3  3      321     372     371
     553  3  3      322     323     373
     554  3  3      322     373     372
     555  3  3      323     324     374
     556  3  3      323     374     373
     557  3  3      324     325     375
     558  3  3      324     375     374
     559  3  3      130     236     376
     560  3  3      130     376     274
     561  3  3      233     112     377
     562  3  3      377     112     271
     563  3  3      252     132     378
     564  3  3      378     132     232
     565  3  3      232     233     379
     566  3  3      232     379     380
     567  3  3      232     380     378
     568  3  3      238     239     381
     569  3  3      238     381     382
     570  3  3      238     382     237
     571  3  3      234     237     383
     572  3  3      383     237     382
     573  3  3      235     234     384
     574  3  3      384     234     383
     575  3  3      236     235     385
     576  3  3      385     235     384
     577  3  3      239     240     386
     578  3  3      239     386     381
     579  3  3      240     241     387
     580  3  3      240     387     386
     581  3  3      241     242     388
     582  3  3      241     388     387
     583  3  3      242     243     389
     584  3  3      242     389     388
     585  3  3      243     244     390
     586  3  3      243     390     389
     587  3  3      244     245     391
     588  3  3      244     391     390
     589  3  3      245     246     392
     590  3  3      245     392     391
     591  3  3      246     247     393
     592  3  3      246     393     392
     593  3  3      247     248     394
     594  3  3      247     394     393
     595  3  3      248     249     395
     596  3  3      248     395     394
     597  3  3      249     250     396
     598  3  3      249     396     395
     599  3  3      250     251     397
     600  3  3      250     397     396
     601  3  3      251     252     398
     602  3  3      251     398     397
     603  3  3      259     258     399
     604  3  3      399     258     400
     605  3  3      400     258     257
     606  3  3      257     253     401
     607  3  3      257     401     400
     608  3  3      253     254     402
     609  3  3      253     402     401
     610  3  3      254     255     403
     611  3  3      254     403     402
     612  3  3      255     256     404
     613  3  3      255     404     403
     614  3  3      256     273     405
     615  3  3      256     405     404
     616  3  3      260     259     406
     617  3  3      406     259     399
     618  3  3      261     260     407
     619  3  3      407     260     406
     620  3  3      262     261     408
     621  3  3      408     261     407
     622  3  3      263     262     409
     623  3  3      409     262     408
     624  3  3      264     263     410
     625  3  3      410     263     409
     626  3  3      265     264     411
     627  3  3      411     264     410
     628  3  3      266     265     412
     629  3  3      412     265     411
     630  3  3      267     266     413
     631  3  3      413     266     412
     632  3  3      268     267     414
     633  3  3      414     267     413
     634  3  3      269     268     415
     635  3  3      415     268     414
     636  3  3      270     269     416
     637  3  3      416     269     415
     638  3  3      271     270     417
     639  3  3      417     270     416
     640  3  3      273     272     418
     641  3  3      418     272     419
     642  3  3      419     272     274
     643  3  3      325     326     420
     644  3  3      325     420     375
     645  3  3      326     327     421
     646  3  3      326     421     420
     647  3  3      278     328     422
     648  3  3      278     422     327
     649  3  3      328     329     423
     650  3  3      328     423     424
     651  3  3      328     424     422
     652  3  3      329     330     425
     653  3  3      329     425     423
     654  3  3      330     331     426
     655  3  3      330     426     425
     656  3  3      331     332     427
     657  3  3      331     427     426
     658  3  3      332     333     428
     659  3  3      332     428     427
     660  3  3      333     334     429
     661  3  3      333     429     428
     662  3  3      334     335     430
     663  3  3      334     430     429
     664  3  3      335     336     431
     665  3  3      335     431     430
     666  3  3      336     337     432
     667  3  3      336     432     431
     668  3  3      337     338     433
     669  3  3      337     433     432
     670  3  3      338     339     434
     671  3  3      338     434     433
     672  3  3      339     340     435
     673  3  3      339     435     434
     674  3  3      340     341     436
     675  3  3      340     436     435
     676  3  3      341     342     437
     677  3  3      341     437     436
     678  3  3      342     343     438
     679  3  3      342     438     437
     680  3  3      343     344     439
     681  3  3      343     439     438
     682  3  3      344     345     440
     683  3  3      344     440     439
     684  3  3      345     346     441
     685  3  3      345     441     440
     686  3  3      346     347     442
     687  3  3      346     442     441
     688  3  3      347     348     443
     689  3  3      347     443     442
     690  3  3      348     349     444
     691  3  3      348     444     443
     692  3  3      349     350     445
     693  3  3      349     445     444
     694  3  3      350     351     446
     695  3  3      350     446     445
     696  3  3      351     352     447
     697  3  3      351     447     446
     698  3  3      352     353     448
     699  3  3      352     448     447
     700  3  3      353     354     449
     701  3  3      353     449     448
     702  3  3      354     355     450
     703  3  3      354     450     449
     704  3  3      355     356     451
     705  3  3      355     451     450
     706  3  3      356     357     452
     707  3  3      356     452     451
     708  3  3      357     358     453
     709  3  3      357     453     452
     710  3  3      358     359     454
     711  3  3      358     454     453
     712  3  3      359     360     455
     713  3  3      359     455     454
     714  3  3      360     361     456
     715  3  3      360     456     455
     716  3  3      361     362     457
     717  3  3      361     457     456
     718  3  3      362     363     458
     719  3  3      362     458     457
     720  3  3      363     364     459
     721  3  3      363     459     458
     722  3  3      364     365     460
     723  3  3      364     460     459
     724  3  3      365     366     461
     725  3  3      365     461     460
     726  3  3      366     367     462
     727  3  3      366     462     461
     728  3  3      367     368     463
     729  3  3      367     463     462
     730  3  3      368     369     464
     731  3  3      368     464     463
     732  3  3      369     370     465
     733  3  3      369     465     464
     734  3  3      370     371     466
     735  3  3      370     466     465
     736  3  3      371     372     467
     737  3  3      371     467     466
     738  3  3      372     373     468
     739  3  3      372     468     467
     740  3  3      373     374     469
     741  3  3      373     469     468
     742  3  3      374     375     470
     743  3  3      374     470     469
     744  3  3      421     327     471
     745  3  3      471     327     422
     746  3  3      422     424     472
     747  3  3      422     472     471
     748  3  3      470     375     473
     749  3  3      473     375     420
     750  3  3      420     421     474
     751  3  3      420     474     475
     752  3  3      420     475     473
     753  3  3      424     423     476
     754  3  3      476     423     477
     755  3  3      477     423     425
     756  3  3      425     426     478
     757  3  3      425     478     477
     758  3  3      426     427     479
     759  3  3      426     479     478
     760  3  3      427     428     480
     761  3  3      427     480     479
     762  3  3      428     429     481
     763  3  3      428     481     480
     764  3  3      429     430     482
     765  3  3      429     482     481
     766  3  3      430     431     483
     767  3  3      430     483     482
     768  3  3      431     432     484
     769  3  3      431     484     483
     770  3  3      432     433     485
     771  3  3      432     485     484
     772  3  3      433     434     486
     773  3  3      433     486     485
     774  3  3      434     435     487
     775  3  3      434     487     486
     776  3  3      435     436     488
     777  3  3      435     488     487
     778  3  3      436     437     489
     779  3  3      436     489     488
     780  3  3      437     438     490
     781  3  3      437     490     489
     782  3  3      438     439     491
     783  3  3      438     491     490
     784  3  3      439     440     492
     785  3  3      439     492     491
     786  3  3      440     441     493
     787  3  3      440     493     492
     788  3  3      441     442     494
     789  3  3      441     494     493
     790  3  3      442     443     495
     791  3  3      442     495     494
     792  3  3      443     444     496
     793  3  3      443     496     495
     794  3  3      444     445     497
     795  3  3      444     497     496
     796  3  3      445     446     498
     797  3  3      445     498     497
     798  3  3      446     447     499
     799  3  3      446     499     498
     800  3  3      447     448     500
     801  3  3      447     500     499
     802  3  3      448     449     501
     803  3  3      448     501     500
     804  3  3      449     450     502
     805  3  3      449     502     501
     806  3  3      450     451     503
     807  3  3      450     503     502
     808  3  3      451     452     504
     809  3  3      451     504     503
     810  3  3      452     453     505
     811  3  3      452     505     504
     812  3  3      453     454     506
     813  3  3      453     506     505
     814  3  3      454     455     507
     815  3  3      454     507     506
     816  3  3      455     456     508
     817  3  3      455     508     507
     818  3  3      456     457     509
     819  3  3      456     509     508
     820  3  3      457     458     510
     821  3  3      457     510     509
     822  3  3      458     459     511
     823  3  3      458     511     510
     824  3  3      459     460     512
     825  3  3      459     512     511
     826  3  3      460     461     513
     827  3  3      460     513     512
     828  3  3      461     462     514
     829  3  3      461     514     513
     830  3  3      462     463     515
     831  3  3      462     515     514
     832  3  3      463     464     516
     833  3  3      463     516     517
     834  3  3      463     517     515
     835  3  3      464     465     518
     836  3  3      464     518     516
     837  3  3      465     466     519
     838  3  3      465     519     520
     839  3  3      465     520     518
     840  3  3      466     467     521
     841  3  3      466     521     522
     842  3  3      466     522     519
     843  3  3      467     468     523
     844  3  3      467     523     521
     845  3  3      468     469     524
     846  3  3      468     524     525
     847  3  3      468     525     523
     848  3  3      469     470     526
     849  3  3      469     526     527
     850  3  3      469     527     524
     851  3  3      271     417     528
     852  3  3      271     528     377
     853  3  3      398     252     529
     854  3  3      529     252     378
     855  3  3      376     236     530
     856  3  3      530     236     385
     857  3  3      379     233     531
     858  3  3      531     233     377
     859  3  3      378     380     532
     860  3  3      378     532     529
     861  3  3      419     274     533
     862  3  3      533     274     376
     863  3  3      405     273     534
     864  3  3      534     273     418
     865  3  3      380     379     535
     866  3  3      535     379     536
     867  3  3      536     379     531
     868  3  3      417     416     537
     869  3  3      417     537     538
     870  3  3      417     538     528
     871  3  3      416     415     539
     872  3  3      416     539     537
     873  3  3      415     414     540
     874  3  3      415     540     539
     875  3  3      414     413     541
     876  3  3      414     541     540
     877  3  3      413     412     542
     878  3  3      413     542     541
     879  3  3      412     411     543
     880  3  3      412     543     542
     881  3  3      411     410     544
     882  3  3      411     544     543
     883  3  3      410     409     545
     884  3  3      410     545     544
     885  3  3      409     408     546
     886  3  3      409     546     545
     887  3  3      408     407     547
     888  3  3      408     547     546
     889  3  3      407     406     548
     890  3  3      407     548     547
     891  3  3      406     399     549
     892  3  3      406     549     548
     893  3  3      399     400     550
     894  3  3      399     550     549
     895  3  3      400     401     551
     896  3  3      400     551     550
     897  3  3      401     402     552
     898  3  3      401     552     551
     899  3  3      402     403     553
     900  3  3      402     553     552
     901  3  3      403     404     554
     902  3  3      403     554     553
     903  3  3      404     405     555
     904  3  3      404     555     554
     905  3  3      387     388     556
     906  3  3      556     388     557
     907  3  3      557     388     389
     908  3  3      386     387     558
     909  3  3      558     387     556
     910  3  3      389     390     559
     911  3  3      389     559     557
     912  3  3      390     391     560
     913  3  3      390     560     559
     914  3  3      391     392     561
     915  3  3      391     561     560
     916  3  3      392     393     562
     917  3  3      392     562     561
     918  3  3      393     394     563
     919  3  3      393     563     562
     920  3  3      394     395     564
     921  3  3      394     564     563
     922  3  3      395     396     565
     923  3  3      395     565     564
     924  3  3      396     397     566
     925  3  3      396     566     565
     926  3  3      397     398     567
     927  3  3      397     567     566
     928  3  3      381     386     568
     929  3  3      568     386     558
     930  3  3      382     381     569
     931  3  3      569     381     568
     932  3  3      383     382     570
     933  3  3      570     382     569
     934  3  3      384     383     571
     935  3  3      571     383     570
     936  3  3      385     384     572
     937  3  3      572     384     571
     938  3  3      418     419     573
     939  3  3      573     419     574
     940  3  3      574     419     533
     941  3  3      421     471     474
     942  3  3      526     470     575
     943  3  3      575     470     473
     944  3  3      473     475     576
     945  3  3      473     576     575
     946  3  3      472     424     577
     947  3  3      577     424     476
     948  3  3      524     527     578
     949  3  3      524     578     525
     950  3  3      520     519     579
     951  3  3      579     519     522
     952  3  3      471     472     580
     953  3  3      471     580     581
     954  3  3      471     581     474
     955  3  3      475     474     582
     956  3  3      582     474     581
     957  3  3      522     521     583
     958  3  3      583     521     584
     959  3  3      584     521     523
     960  3  3      523     525     585
     961  3  3      523     585     584
     962  3  3      517     516     586
     963  3  3      586     516     587
     964  3  3      587     516     518
     965  3  3      518     520     588
     966  3  3      518     588     587
     967  3  3      515     517     589
     968  3  3      589     517     590
     969  3  3      590     517     586
     970  3  3      514     515     591
     971  3  3      591     515     589
     972  3  3      513     514     592
     973  3  3      592     514     591
     974  3  3      512     513     593
     975  3  3      593     513     592
     976  3  3      511     512     594
     977  3  3      594     512     595
     978  3  3      595     512     593
     979  3  3      510     511     596
     980  3  3      596     511     594
     981  3  3      509     510     597
     982  3  3      597     510     596
     983  3  3      508     509     598
     984  3  3      598     509     599
     985  3  3      599     509     597
     986  3  3      507     508     600
     987  3  3      600     508     598
     988  3  3      506     507     601
     989  3  3      601     507     600
     990  3  3      505     506     602
     991  3  3      602     506     601
     992  3  3      504     505     603
     993  3  3      603     505     602
     994  3  3      503     504     604
     995  3  3      604     504     603
     996  3  3      502     503     605
     997  3  3      605     503     604
     998  3  3      501     502     606
     999  3  3      606     502     605
    1000  3  3      500     501     607
    1001  3  3      607     501     606
    1002  3  3      499     500     608
    1003  3  3      608     500     607
    1004  3  3      498     499     609
    1005  3  3      609     499     608
    1006  3  3      497     498     610
    1007  3  3      610     498     609
    1008  3  3      496     497     611
    1009  3  3      611     497     610
    1010  3  3      495     496     612
    1011  3  3      612     496     611
    1012  3  3      494     495     613
    1013  3  3      613     495     612
    1014  3  3      493     494     614
    1015  3  3      614     494     613
    1016  3  3      492     493     615
    1017  3  3      615     493     614
    1018  3  3      491     492     616
    1019  3  3      616     492     615
    1020  3  3      490     491     617
    1021  3  3      617     491     616
    1022  3  3      489     490     618
    1023  3  3      618     490     617
    1024  3  3      488     489     619
    1025  3  3      619     489     618
    1026  3  3      487     488     620
    1027  3  3      620     488     619
    1028  3  3      486     487     621
    1029  3  3      621     487     622
    1030  3  3      622     487     620
    1031  3  3      485     486     623
    1032  3  3      623     486     621
    1033  3  3      484     485     624
    1034  3  3      624     485     623
    1035  3  3      483     484     625
    1036  3  3      625     484     626
    1037  3  3      626     484     624
    1038  3  3      482     483     627
    1039  3  3      627     483     625
    1040  3  3      481     482     628
    1041  3  3      628     482     629
    1042  3  3      629     482     627
    1043  3  3      480     481     630
    1044  3  3      630     481     631
    1045  3  3      631     481     628
    1046  3  3      479     480     632
    1047  3  3      632     480     630
    1048  3  3      478     479     633
    1049  3  3      633     479     632
    1050  3  3      477     478     634
    1051  3  3      634     478     633
    1052  3  3      476     477     635
    1053  3  3      635     477     634
    1054  3  3      527     526     636
    1055  3  3      636     526     637
    1056  3  3      637     526     575
    1057  3  3      576     475     582
    1058  3  3      588     520     579
    1059  3  3      585     525     578
    1060  3  3      575     576     638
    1061  3  3      575     638     637
    1062  3  3      579     522     639
    1063  3  3      639     522     583
    1064  3  3      527     636     640
    1065  3  3      527     640     578
    1066  3  3      476     635     641
    1067  3  3      476     641     577
    1068  3  3      580     472     642
    1069  3  3      642     472     577
    1070  3  3      581     580     643
    1071  3  3      581     643     582
    1072  3  3      586     587     644
    1073  3  3      586     644     590
    1074  3  3      587     588     645
    1075  3  3      587     645     644
    1076  3  3      631     628     646
    1077  3  3      646     628     629
    1078  3  3      583     584     647
    1079  3  3      583     647     639
    1080  3  3      584     585     648
    1081  3  3      584     648     647
    1082  3  3      636     637     649
    1083  3  3      636     649     640
    1084  3  3      589     590     650
    1085  3  3      589     650     651
    1086  3  3      589     651     591
    1087  3  3      592     591     651
    1088  3  3      593     592     652
    1089  3  3      652     592     651
    1090  3  3      595     593     653
    1091  3  3      653     593     652
    1092  3  3      629     627     654
    1093  3  3      654     627     655
    1094  3  3      655     627     625
    1095  3  3      625     626     656
    1096  3  3      625     656     655
    1097  3  3      626     624     657
    1098  3  3      626     657     656
    1099  3  3      624     623     658
    1100  3  3      624     658     657
    1101  3  3      623     621     659
    1102  3  3      623     659     658
    1103  3  3      621     622     660
    1104  3  3      621     660     659
    1105  3  3      622     620     661
    1106  3  3      622     661     660
    1107  3  3      620     619     662
    1108  3  3      620     662     661
    1109  3  3      619     618     663
    1110  3  3      619     663     662
    1111  3  3      618     617     664
    1112  3  3      618     664     663
    1113  3  3      617     616     665
    1114  3  3      617     665     666
    1115  3  3      617     666     664
    1116  3  3      616     615     667
    1117  3  3      616     667     665
    1118  3  3      615     614     668
    1119  3  3      615     668     667
    1120  3  3      614     613     669
    1121  3  3      614     669     668
    1122  3  3      613     612     670
    1123  3  3      613     670     669
    1124  3  3      612     611     671
    1125  3  3      612     671     672
    1126  3  3      612     672     670
    1127  3  3      611     610     673
    1128  3  3      611     673     671
    1129  3  3      610     609     674
    1130  3  3      610     674     673
    1131  3  3      609     608     675
    1132  3  3      609     675     674
    1133  3  3      608     607     676
    1134  3  3      608     676     675
    1135  3  3      607     606     677
    1136  3  3      607     677     676
    1137  3  3      606     605     678
    1138  3  3      606     678     677
    1139  3  3      605     604     679
    1140  3  3      605     679     678
    1141  3  3      604     603     680
    1142  3  3      604     680     679
    1143  3  3      603     602     681
    1144  3  3      603     681     682
    1145  3  3      603     682     680
    1146  3  3      602     601     683
    1147  3  3      602     683     681
    1148  3  3      601     600     684
    1149  3  3      601     684     685
    1150  3  3      601     685     683
    1151  3  3      600     598     686
    1152  3  3      600     686     687
    1153  3  3      600     687     684
    1154  3  3      598     599     688
    1155  3  3      598     688     686
    1156  3  3      599     597     689
    1157  3  3      599     689     688
    1158  3  3      597     596     690
    1159  3  3      597     690     689
    1160  3  3      596     594     691
    1161  3  3      596     691     690
    1162  3  3      594     595     692
    1163  3  3      594     692     691
    1164  3  3      632     630     693
    1165  3  3      693     630     694
    1166  3  3      694     630     631
    1167  3  3      633     632     695
    1168  3  3      695     632     693
    1169  3  3      634     633     696
    1170  3  3      696     633     695
    1171  3  3      635     634     697
    1172  3  3      697     634     696
    1173  3  3      530     385     698
    1174  3  3      698     385     572
    1175  3  3      531     377     699
    1176  3  3      699     377     528
    1177  3  3      536     531     700
    1178  3  3      700     531     699
    1179  3  3      398     529     701
    1180  3  3      398     701     567
    1181  3  3      529     532     702
    1182  3  3      529     702     701
    1183  3  3      405     534     703
    1184  3  3      405     703     555
    1185  3  3      418     573     704
    1186  3  3      418     704     534
    1187  3  3      376     530     705
    1188  3  3      376     705     533
    1189  3  3      532     380     706
    1190  3  3      706     380     535
    1191  3  3      528     538     707
    1192  3  3      528     707     699
    1193  3  3      574     533     708
    1194  3  3      708     533     705
    1195  3  3      550     551     709
    1196  3  3      550     709     710
    1197  3  3      550     710     549
    1198  3  3      551     552     711
    1199  3  3      551     711     709
    1200  3  3      552     553     712
    1201  3  3      552     712     711
    1202  3  3      553     554     713
    1203  3  3      553     713     712
    1204  3  3      554     555     714
    1205  3  3      554     714     713
    1206  3  3      548     549     715
    1207  3  3      715     549     710
    1208  3  3      547     548     716
    1209  3  3      716     548     715
    1210  3  3      546     547     717
    1211  3  3      717     547     716
    1212  3  3      545     546     718
    1213  3  3      718     546     717
    1214  3  3      544     545     719
    1215  3  3      719     545     718
    1216  3  3      543     544     720
    1217  3  3      720     544     719
    1218  3  3      542     543     721
    1219  3  3      721     543     720
    1220  3  3      541     542     722
    1221  3  3      722     542     721
    1222  3  3      540     541     723
    1223  3  3      723     541     722
    1224  3  3      539     540     724
    1225  3  3      724     540     723
    1226  3  3      537     539     725
    1227  3  3      725     539     724
    1228  3  3      538     537     726
    1229  3  3      726     537     725
    1230  3  3      569     568     727
    1231  3  3      569     727     728
    1232  3  3      569     728     570
    1233  3  3      568     558     729
    1234  3  3      568     729     727
    1235  3  3      558     556     730
    1236  3  3      558     730     729
    1237  3  3      556     557     731
    1238  3  3      556     731     730
    1239  3  3      557     559     732
    1240  3  3      557     732     731
    1241  3  3      559     560     733
    1242  3  3      559     733     732
    1243  3  3      560     561     734
    1244  3  3      560     734     733
    1245  3  3      561     562     735
    1246  3  3      561     735     734
    1247  3  3      562     563     736
    1248  3  3      562     736     735
    1249  3  3      563     564     737
    1250  3  3      563     737     736
    1251  3  3      564     565     738
    1252  3  3      564     738     737
    1253  3  3      565     566     739
    1254  3  3      565     739     738
    1255  3  3      571     570     740
    1256  3  3      740     570     728
    1257  3  3      572     571     741
    1258  3  3      741     571     740
    1259  3  3      566     567     742
    1260  3  3      566     742     739
    1261  3  3      535     536     743
    1262  3  3      535     743     744
    1263  3  3      535     744     706
    1264  3  3      573     574     745
    1265  3  3      745     574     746
    1266  3  3      746     574     708
    1267  3  3      692     595     653
    1268  3  3      694     631     646
    1269  3  3      580     642     747
    1270  3  3      580     747     643
    1271  3  3      629     654     748
    1272  3  3      629     748     646
    1273  3  3      637     638     749
    1274  3  3      637     749     649
    1275  3  3      642     577     750
    1276  3  3      750     577     641
    1277  3  3      576     582     751
    1278  3  3      576     751     638
    1279  3  3      582     643     752
    1280  3  3      582     752     751
    1281  3  3      641     635     753
    1282  3  3      753     635     697
    1283  3  3      579     639     754
    1284  3  3      579     754     588
    1285  3  3      645     588     755
    1286  3  3      755     588     754
    1287  3  3      585     578     756
    1288  3  3      585     756     648
    1289  3  3      578     640     757
    1290  3  3      578     757     756
    1291  3  3      640     649     758
    1292  3  3      640     758     757
    1293  3  3      654     655     759
    1294  3  3      654     759     748
    1295  3  3      655     656     760
    1296  3  3      655     760     759
    1297  3  3      684     687     761
    1298  3  3      684     761     685
    1299  3  3      639     647     762
    1300  3  3      639     762     754
    1301  3  3      590     644     763
    1302  3  3      590     763     650
    1303  3  3      644     645     764
    1304  3  3      644     764     763
    1305  3  3      686     688     765
    1306  3  3      686     765     687
    1307  3  3      647     648     766
    1308  3  3      647     766     767
    1309  3  3      647     767     762
    1310  3  3      688     689     768
    1311  3  3      688     768     769
    1312  3  3      688     769     765
    1313  3  3      689     690     770
    1314  3  3      689     770     768
    1315  3  3      690     691     771
    1316  3  3      690     771     770
    1317  3  3      691     692     772
    1318  3  3      691     772     771
    1319  3  3      656     657     773
    1320  3  3      656     773     774
    1321  3  3      656     774     760
    1322  3  3      657     658     775
    1323  3  3      657     775     773
    1324  3  3      658     659     776
    1325  3  3      658     776     775
    1326  3  3      659     660     777
    1327  3  3      659     777     776
    1328  3  3      660     661     778
    1329  3  3      660     778     779
    1330  3  3      660     779     777
    1331  3  3      661     662     780
    1332  3  3      661     780     778
    1333  3  3      662     663     781
    1334  3  3      662     781     780
    1335  3  3      663     664     782
    1336  3  3      663     782     781
    1337  3  3      664     666     783
    1338  3  3      664     783     782
    1339  3  3      651     650     784
    1340  3  3      651     784     785
    1341  3  3      651     785     652
    1342  3  3      653     652     786
    1343  3  3      786     652     785
    1344  3  3      681     683     787
    1345  3  3      681     787     788
    1346  3  3      681     788     682
    1347  3  3      683     685     789
    1348  3  3      683     789     787
    1349  3  3      680     682     790
    1350  3  3      790     682     788
    1351  3  3      679     680     791
    1352  3  3      791     680     790
    1353  3  3      678     679     792
    1354  3  3      792     679     791
    1355  3  3      677     678     793
    1356  3  3      793     678     792
    1357  3  3      676     677     794
    1358  3  3      794     677     795
    1359  3  3      795     677     793
    1360  3  3      675     676     796
    1361  3  3      796     676     794
    1362  3  3      674     675     797
    1363  3  3      797     675     798
    1364  3  3      798     675     796
    1365  3  3      673     674     799
    1366  3  3      799     674     800
    1367  3  3      800     674     797
    1368  3  3      671     673     801
    1369  3  3      801     673     799
    1370  3  3      672     671     802
    1371  3  3      802     671     801
    1372  3  3      670     672     803
    1373  3  3      803     672     802
    1374  3  3      669     670     804
    1375  3  3      804     670     803
    1376  3  3      668     669     805
    1377  3  3      805     669     804
    1378  3  3      667     668     806
    1379  3  3      806     668     805
    1380  3  3      665     667     807
    1381  3  3      807     667     808
    1382  3  3      808     667     806
    1383  3  3      666     665     809
    1384  3  3      809     665     807
    1385  3  3      697     696     810
    1386  3  3      697     810     811
    1387  3  3      697     811     753
    1388  3  3      696     695     812
    1389  3  3      696     812     810
    1390  3  3      695     693     813
    1391  3  3      695     813     812
    1392  3  3      693     694     814
    1393  3  3      693     814     813
    1394  3  3      666     809     783
    1395  3  3      747     642     750
    1396  3  3      685     761     815
    1397  3  3      685     815     789
    1398  3  3      761     687     816
    1399  3  3      816     687     765
    1400  3  3      784     650     817
    1401  3  3      817     650     763
    1402  3  3      749     638     818
    1403  3  3      818     638     751
    1404  3  3      645     755     819
    1405  3  3      645     819     764
    1406  3  3      648     756     820
    1407  3  3      648     820     766
    1408  3  3      765     769     821
    1409  3  3      765     821     816
    1410  3  3      643     747     822
    1411  3  3      643     822     752
    1412  3  3      756     757     823
    1413  3  3      756     823     820
    1414  3  3      757     758     824
    1415  3  3      757     824     823
    1416  3  3      754     762     825
    1417  3  3      754     825     755
    1418  3  3      694     646     826
    1419  3  3      694     826     827
    1420  3  3      694     827     814
    1421  3  3      646     748     828
    1422  3  3      646     828     826
    1423  3  3      748     759     829
    1424  3  3      748     829     828
    1425  3  3      751     752     830
    1426  3  3      751     830     818
    1427  3  3      762     767     831
    1428  3  3      762     831     825
    1429  3  3      758     649     832
    1430  3  3      832     649     749
    1431  3  3      750     641     833
    1432  3  3      833     641     753
    1433  3  3      753     811     834
    1434  3  3      753     834     833
    1435  3  3      763     764     835
    1436  3  3      763     835     817
    1437  3  3      692     653     836
    1438  3  3      836     653     786
    1439  3  3      772     692     837
    1440  3  3      837     692     836
    1441  3  3      787     789     838
    1442  3  3      838     789     815
    1443  3  3      788     787     839
    1444  3  3      839     787     838
    1445  3  3      790     788     840
    1446  3  3      840     788     839
    1447  3  3      760     774     841
    1448  3  3      760     841     759
    1449  3  3      800     797     842
    1450  3  3      842     797     798
    1451  3  3      791     790     843
    1452  3  3      843     790     840
    1453  3  3      792     791     844
    1454  3  3      844     791     843
    1455  3  3      793     792     845
    1456  3  3      845     792     844
    1457  3  3      795     793     846
    1458  3  3      846     793     845
    1459  3  3      785     784     847
    1460  3  3      847     784     817
    1461  3  3      786     785     848
    1462  3  3      848     785     847
    1463  3  3      809     807     849
    1464  3  3      849     807     850
    1465  3  3      850     807     808
    1466  3  3      808     806     851
    1467  3  3      808     851     850
    1468  3  3      806     805     852
    1469  3  3      806     852     851
    1470  3  3      805     804     853
    1471  3  3      805     853     852
    1472  3  3      804     803     854
    1473  3  3      804     854     853
    1474  3  3      803     802     855
    1475  3  3      803     855     854
    1476  3  3      802     801     856
    1477  3  3      802     856     855
    1478  3  3      801     799     857
    1479  3  3      801     857     856
    1480  3  3      799     800     858
    1481  3  3      799     858     857
    1482  3  3      813     814     859
    1483  3  3      859     814     860
    1484  3  3      860     814     827
    1485  3  3      812     813     861
    1486  3  3      861     813     859
    1487  3  3      810     812     862
    1488  3  3      862     812     861
    1489  3  3      811     810     863
    1490  3  3      863     810     862
    1491  3  3      777     779     864
    1492  3  3      777     864     865
    1493  3  3      777     865     776
    1494  3  3      775     776     865
    1495  3  3      773     775     866
    1496  3  3      866     775     865
    1497  3  3      774     773     867
    1498  3  3      867     773     866
    1499  3  3      798     796     868
    1500  3  3      798     868     869
    1501  3  3      798     869     842
    1502  3  3      796     794     870
    1503  3  3      796     870     868
    1504  3  3      794     795     871
    1505  3  3      794     871     870
    1506  3  3      767     766     872
    1507  3  3      872     766     873
    1508  3  3      873     766     820
    1509  3  3      779     778     874
    1510  3  3      874     778     875
    1511  3  3      875     778     780
    1512  3  3      780     781     876
    1513  3  3      780     876     875
    1514  3  3      781     782     877
    1515  3  3      781     877     876
    1516  3  3      782     783     878
    1517  3  3      782     878     877
    1518  3  3      769     768     879
    1519  3  3      879     768     880
    1520  3  3      880     768     770
    1521  3  3      770     771     881
    1522  3  3      770     881     880
    1523  3  3      771     772     882
    1524  3  3      771     882     881
    1525  3  3      699     707     883
    1526  3  3      699     883     700
    1527  3  3      698     572     884
    1528  3  3      884     572     741
    1529  3  3      555     703     885
    1530  3  3      555     885     714
    1531  3  3      707     538     886
    1532  3  3      886     538     726
    1533  3  3      704     573     887
    1534  3  3      887     573     745
    1535  3  3      743     536     888
    1536  3  3      888     536     700
    1537  3  3      567     701     889
    1538  3  3      567     889     742
    1539  3  3      701     702     890
    1540  3  3      701     890     889
    1541  3  3      705     530     891
    1542  3  3      891     530     698
    1543  3  3      702     532     892
    1544  3  3      892     532     706
    1545  3  3      706     744     893
    1546  3  3      706     893     892
    1547  3  3      708     705     894
    1548  3  3      894     705     891
    1549  3  3      703     534     895
    1550  3  3      895     534     896
    1551  3  3      896     534     704
    1552  3  3      746     708     897
    1553  3  3      897     708     898
    1554  3  3      898     708     894
    1555  3  3      734     735     899
    1556  3  3      899     735     900
    1557  3  3      900     735     736
    1558  3  3      733     734     901
    1559  3  3      901     734     899
    1560  3  3      736     737     902
    1561  3  3      736     902     900
    1562  3  3      737     738     903
    1563  3  3      737     903     902
    1564  3  3      738     739     904
    1565  3  3      738     904     903
    1566  3  3      739     742     905
    1567  3  3      739     905     904
    1568  3  3      732     733     906
    1569  3  3      906     733     901
    1570  3  3      731     732     907
    1571  3  3      907     732     906
    1572  3  3      730     731     908
    1573  3  3      908     731     907
    1574  3  3      729     730     909
    1575  3  3      909     730     908
    1576  3  3      727     729     910
    1577  3  3      910     729     909
    1578  3  3      728     727     911
    1579  3  3      911     727     910
    1580  3  3      740     728     912
    1581  3  3      912     728     911
    1582  3  3      741     740     913
    1583  3  3      913     740     912
    1584  3  3      716     715     914
    1585  3  3      716     914     915
    1586  3  3      716     915     717
    1587  3  3      718     717     916
    1588  3  3      916     717     915
    1589  3  3      719     718     917
    1590  3  3      917     718     916
    1591  3  3      720     719     918
    1592  3  3      918     719     917
    1593  3  3      721     720     919
    1594  3  3      919     720     918
    1595  3  3      722     721     920
    1596  3  3      920     721     919
    1597  3  3      723     722     921
    1598  3  3      921     722     920
    1599  3  3      724     723     922
    1600  3  3      922     723     921
    1601  3  3      725     724     923
    1602  3  3      923     724     922
    1603  3  3      715     710     924
    1604  3  3      715     924     914
    1605  3  3      710     709     925
    1606  3  3      710     925     924
    1607  3  3      709     711     926
    1608  3  3      709     926     925
    1609  3  3      711     712     927
    1610  3  3      711     927     926
    1611  3  3      712     713     928
    1612  3  3      712     928     927
    1613  3  3      713     714     929
    1614  3  3      713     929     928
    1615  3  3      726     725     930
    1616  3  3      930     725     923
    1617  3  3      744     743     931
    1618  3  3      744     931     932
    1619  3  3      744     932     893
    1620  3  3      745     746     933
    1621  3  3      933     746     934
    1622  3  3      934     746     897
    1623  3  3      871     795     846
    1624  3  3      858     800     842
    1625  3  3      759     841     935
    1626  3  3      759     935     829
    1627  3  3      882     772     936
    1628  3  3      936     772     837
    1629  3  3      820     823     937
    1630  3  3      820     937     873
    1631  3  3      823     824     938
    1632  3  3      823     938     937
    1633  3  3      752     822     939
    1634  3  3      752     939     830
    1635  3  3      761     816     940
    1636  3  3      761     940     815
    1637  3  3      769     879     941
    1638  3  3      769     941     821
    1639  3  3      767     872     942
    1640  3  3      767     942     831
    1641  3  3      755     825     943
    1642  3  3      755     943     819
    1643  3  3      774     867     944
    1644  3  3      774     944     841
    1645  3  3      864     779     945
    1646  3  3      945     779     874
    1647  3  3      825     831     946
    1648  3  3      825     946     943
    1649  3  3      824     758     947
    1650  3  3      947     758     832
    1651  3  3      811     863     948
    1652  3  3      811     948     834
    1653  3  3      783     809     949
    1654  3  3      783     949     878
    1655  3  3      809     849     950
    1656  3  3      809     950     949
    1657  3  3      816     821     951
    1658  3  3      816     951     940
    1659  3  3      786     848     952
    1660  3  3      786     952     836
    1661  3  3      837     836     953
    1662  3  3      953     836     954
    1663  3  3      954     836     952
    1664  3  3      826     828     955
    1665  3  3      826     955     827
    1666  3  3      860     827     955
    1667  3  3      828     829     956
    1668  3  3      828     956     955
    1669  3  3      835     764     957
    1670  3  3      957     764     819
    1671  3  3      849     850     958
    1672  3  3      849     958     950
    1673  3  3      838     815     959
    1674  3  3      959     815     940
    1675  3  3      842     869     960
    1676  3  3      842     960     858
    1677  3  3      747     750     961
    1678  3  3      961     750     962
    1679  3  3      962     750     833
    1680  3  3      822     747     961
    1681  3  3      833     834     963
    1682  3  3      833     963     962
    1683  3  3      749     818     964
    1684  3  3      749     964     832
    1685  3  3      818     830     965
    1686  3  3      818     965     964
    1687  3  3      839     838     966
    1688  3  3      966     838     967
    1689  3  3      967     838     959
    1690  3  3      840     839     968
    1691  3  3      968     839     966
    1692  3  3      843     840     969
    1693  3  3      969     840     968
    1694  3  3      844     843     970
    1695  3  3      970     843     969
    1696  3  3      845     844     971
    1697  3  3      971     844     970
    1698  3  3      846     845     972
    1699  3  3      972     845     971
    1700  3  3      868     870     973
    1701  3  3      973     870     871
    1702  3  3      869     868     973
    1703  3  3      817     835     974
    1704  3  3      817     974     975
    1705  3  3      817     975     847
    1706  3  3      848     847     976
    1707  3  3      976     847     975
    1708  3  3      850     851     977
    1709  3  3      850     977     978
    1710  3  3      850     978     958
    1711  3  3      851     852     979
    1712  3  3      851     979     977
    1713  3  3      852     853     980
    1714  3  3      852     980     979
    1715  3  3      853     854     981
    1716  3  3      853     981     980
    1717  3  3      854     855     982
    1718  3  3      854     982     981
    1719  3  3      855     856     983
    1720  3  3      855     983     982
    1721  3  3      856     857     984
    1722  3  3      856     984     983
    1723  3  3      857     858     985
    1724  3  3      857     985     984
    1725  3  3      862     861     986
    1726  3  3      862     986     987
    1727  3  3      862     987     863
    1728  3  3      861     859     988
    1729  3  3      861     988     986
    1730  3  3      859     860     989
    1731  3  3      859     989     988
    1732  3  3      866     865     990
    1733  3  3      866     990     991
    1734  3  3      866     991     867
    1735  3  3      865     864     992
    1736  3  3      865     992     990
    1737  3  3      880     881     993
    1738  3  3      993     881     994
    1739  3  3      994     881     882
    1740  3  3      879     880     995
    1741  3  3      995     880     993
    1742  3  3      875     876     996
    1743  3  3      996     876     997
    1744  3  3      997     876     877
    1745  3  3      877     878     998
    1746  3  3      877     998     997
    1747  3  3      874     875     999
    1748  3  3      999     875     996
    1749  3  3      872     873    1000
    1750  3  3      872    1000    1001
    1751  3  3      872    1001     942
    1752  3  3      936     837     953
    1753  3  3      864     945     992
    1754  3  3      956     829    1002
    1755  3  3     1002     829     935
    1756  3  3      878     949    1003
    1757  3  3      878    1003     998
    1758  3  3      949     950    1004
    1759  3  3      949    1004    1003
    1760  3  3      950     958    1005
    1761  3  3      950    1005    1004
    1762  3  3      958     978    1006
    1763  3  3      958    1006    1005
    1764  3  3      874     999    1007
    1765  3  3      874    1007     945
    1766  3  3      879     995    1008
    1767  3  3      879    1008     941
    1768  3  3      873     937    1009
    1769  3  3      873    1009    1000
    1770  3  3      937     938    1010
    1771  3  3      937    1010    1009
    1772  3  3      858     960    1011
    1773  3  3      858    1011     985
    1774  3  3      882     936    1012
    1775  3  3      882    1012     994
    1776  3  3      824     947    1013
    1777  3  3      824    1013     938
    1778  3  3      819     943    1014
    1779  3  3      819    1014     957
    1780  3  3      963     834    1015
    1781  3  3     1015     834     948
    1782  3  3      940     951    1016
    1783  3  3      940    1016     959
    1784  3  3      951     821    1017
    1785  3  3     1017     821     941
    1786  3  3      943     946    1018
    1787  3  3      943    1018    1014
    1788  3  3      848     976    1019
    1789  3  3      848    1019     952
    1790  3  3      954     952    1020
    1791  3  3     1020     952    1019
    1792  3  3      967     959    1021
    1793  3  3     1021     959    1016
    1794  3  3      948     863    1022
    1795  3  3     1022     863     987
    1796  3  3      867     991    1023
    1797  3  3      867    1023     944
    1798  3  3      935     841    1024
    1799  3  3     1024     841     944
    1800  3  3      830     939    1025
    1801  3  3      830    1025     965
    1802  3  3      871     846    1026
    1803  3  3     1026     846     972
    1804  3  3      973     871    1027
    1805  3  3     1027     871    1026
    1806  3  3      822     961    1028
    1807  3  3      822    1028     939
    1808  3  3      961     962    1029
    1809  3  3      961    1029    1028
    1810  3  3      962     963    1030
    1811  3  3      962    1030    1029
    1812  3  3      831     942    1031
    1813  3  3      831    1031     946
    1814  3  3      942    1001    1032
    1815  3  3      942    1032    1031
    1816  3  3      835     957    1033
    1817  3  3      835    1033     974
    1818  3  3      989     860    1034
    1819  3  3     1034     860     955
    1820  3  3      955     956    1035
    1821  3  3      955    1035    1034
    1822  3  3      947     832    1036
    1823  3  3     1036     832     964
    1824  3  3      991     990    1037
    1825  3  3     1037     990     992
    1826  3  3      953     954    1038
    1827  3  3     1038     954    1020
    1828  3  3      964     965    1039
    1829  3  3      964    1039    1036
    1830  3  3      984     985    1040
    1831  3  3     1040     985    1041
    1832  3  3     1041     985    1011
    1833  3  3      983     984    1042
    1834  3  3     1042     984    1040
    1835  3  3     1001    1000    1043
    1836  3  3     1043    1000    1044
    1837  3  3     1044    1000    1009
    1838  3  3      960     869    1045
    1839  3  3     1045     869    1046
    1840  3  3     1046     869     973
    1841  3  3      982     983    1047
    1842  3  3     1047     983    1048
    1843  3  3     1048     983    1042
    1844  3  3      981     982    1049
    1845  3  3     1049     982    1047
    1846  3  3      980     981    1050
    1847  3  3     1050     981    1049
    1848  3  3      979     980    1051
    1849  3  3     1051     980    1050
    1850  3  3      977     979    1052
    1851  3  3     1052     979    1051
    1852  3  3      978     977    1052
    1853  3  3      966     967    1053
    1854  3  3      966    1053    1054
    1855  3  3      966    1054     968
    1856  3  3      969     968    1055
    1857  3  3     1055     968    1054
    1858  3  3      970     969    1056
    1859  3  3     1056     969    1055
    1860  3  3      971     970    1057
    1861  3  3     1057     970    1056
    1862  3  3      972     971    1058
    1863  3  3     1058     971    1057
    1864  3  3      975     974    1059
    1865  3  3     1059     974    1060
    1866  3  3     1060     974    1033
    1867  3  3      976     975    1061
    1868  3  3     1061     975    1059
    1869  3  3      988     989    1062
    1870  3  3      988    1062    1063
    1871  3  3      988    1063     986
    1872  3  3      987     986    1064
    1873  3  3     1064     986    1063
    1874  3  3      995     993    1065
    1875  3  3     1065     993    1066
    1876  3  3     1066     993     994
    1877  3  3      999     996    1067
    1878  3  3     1067     996    1068
    1879  3  3     1068     996     997
    1880  3  3      997     998    1069
    1881  3  3      997    1069    1068
    1882  3  3      891     698    1070
    1883  3  3     1070     698     884
    1884  3  3      896     704    1071
    1885  3  3     1071     704     887
    1886  3  3      890     702    1072
    1887  3  3     1072     702     892
    1888  3  3      894     891    1073
    1889  3  3     1073     891    1070
    1890  3  3      898     894    1074
    1891  3  3     1074     894    1073
    1892  3  3      931     743    1075
    1893  3  3     1075     743     888
    1894  3  3      703     895    1076
    1895  3  3      703    1076     885
    1896  3  3      892     893    1077
    1897  3  3      892    1077    1072
    1898  3  3      893     932    1078
    1899  3  3      893    1078    1077
    1900  3  3      887     745    1079
    1901  3  3     1079     745     933
    1902  3  3      884     741    1080
    1903  3  3     1080     741     913
    1904  3  3      888     700    1081
    1905  3  3     1081     700     883
    1906  3  3      886     726    1082
    1907  3  3     1082     726     930
    1908  3  3      883     707    1083
    1909  3  3     1083     707     886
    1910  3  3      905     742    1084
    1911  3  3     1084     742     889
    1912  3  3      889     890    1085
    1913  3  3      889    1085    1084
    1914  3  3      714     885    1086
    1915  3  3      714    1086     929
    1916  3  3      934     897    1087
    1917  3  3     1087     897    1088
    1918  3  3     1088     897     898
    1919  3  3      895     896    1089
    1920  3  3      895    1089    1090
    1921  3  3      895    1090    1076
    1922  3  3      907     906    1091
    1923  3  3      907    1091    1092
    1924  3  3      907    1092     908
    1925  3  3      909     908    1093
    1926  3  3     1093     908    1092
    1927  3  3      910     909    1094
    1928  3  3     1094     909    1093
    1929  3  3      911     910    1095
    1930  3  3     1095     910    1094
    1931  3  3      912     911    1096
    1932  3  3     1096     911    1095
    1933  3  3      913     912    1097
    1934  3  3     1097     912    1096
    1935  3  3      906     901    1098
    1936  3  3      906    1098    1091
    1937  3  3      901     899    1099
    1938  3  3      901    1099    1098
    1939  3  3      899     900    1100
    1940  3  3      899    1100    1099
    1941  3  3      900     902    1101
    1942  3  3      900    1101    1100
    1943  3  3      902     903    1102
    1944  3  3      902    1102    1101
    1945  3  3      903     904    1103
    1946  3  3      903    1103    1102
    1947  3  3      904     905    1104
    1948  3  3      904    1104    1103
    1949  3  3      932     931    1105
    1950  3  3     1105     931    1106
    1951  3  3     1106     931    1075
    1952  3  3      925     926    1107
    1953  3  3      925    1107    1108
    1954  3  3      925    1108     924
    1955  3  3      926     927    1109
    1956  3  3      926    1109    1107
    1957  3  3      914     924    1110
    1958  3  3     1110     924    1108
    1959  3  3      915     914    1111
    1960  3  3     1111     914    1110
    1961  3  3      916     915    1112
    1962  3  3     1112     915    1111
    1963  3  3      927     928    1113
    1964  3  3      927    1113    1109
    1965  3  3      928     929    1114
    1966  3  3      928    1114    1113
    1967  3  3      917     916    1115
    1968  3  3     1115     916    1112
    1969  3  3      918     917    1116
    1970  3  3     1116     917    1115
    1971  3  3      919     918    1117
    1972  3  3     1117     918    1116
    1973  3  3      920     919    1118
    1974  3  3     1118     919    1117
    1975  3  3      921     920    1119
    1976  3  3     1119     920    1118
    1977  3  3      922     921    1120
    1978  3  3     1120     921    1119
    1979  3  3      923     922    1121
    1980  3  3     1121     922    1120
    1981  3  3      930     923    1122
    1982  3  3     1122     923    1121
    1983  3  3      933     934    1123
    1984  3  3     1123     934    1124
    1985  3  3     1124     934    1087
    1986  3  3      935    1024    1125
    1987  3  3      935    1125    1002
    1988  3  3      953    1038    1126
    1989  3  3      953    1126     936
    1990  3  3     1012     936    1126
    1991  3  3      994    1012    1127
    1992  3  3      994    1127    1066
    1993  3  3     1017     941    1128
    1994  3  3     1128     941    1008
    1995  3  3     1044    1009    1129
    1996  3  3     1129    1009    1010
    1997  3  3     1046     973    1130
    1998  3  3     1130     973    1027
    1999  3  3     1022     987    1131
    2000  3  3     1131     987    1064
    2001  3  3      999    1067    1132
    2002  3  3      999    1132    1007
    2003  3  3      972    1058    1133
    2004  3  3      972    1133    1026
    2005  3  3     1025     939    1134
    2006  3  3     1134     939    1028
    2007  3  3      978    1052    1135
    2008  3  3      978    1135    1006
    2009  3  3      995    1065    1136
    2010  3  3      995    1136    1008
    2011  3  3      963    1015    1137
    2012  3  3      963    1137    1030
    2013  3  3      998    1003    1138
    2014  3  3      998    1138    1069
    2015  3  3     1003    1004    1138
    2016  3  3     1027    1026    1139
    2017  3  3     1139    1026    1133
    2018  3  3      992     945    1140
    2019  3  3     1140     945    1007
    2020  3  3     1037     992    1141
    2021  3  3     1141     992    1140
    2022  3  3      956    1002    1142
    2023  3  3      956    1142    1035
    2024  3  3     1039     965    1143
    2025  3  3     1143     965    1025
    2026  3  3      967    1021    1144
    2027  3  3      967    1144    1053
    2028  3  3      944    1023    1145
    2029  3  3      944    1145    1024
    2030  3  3      938    1013    1146
    2031  3  3      938    1146    1010
    2032  3  3     1001    1043    1147
    2033  3  3     1001    1147    1032
    2034  3  3      946    1031    1148
    2035  3  3      946    1148    1018
    2036  3  3     1031    1032    1149
    2037  3  3     1031    1149    1148
    2038  3  3     1013     947    1150
    2039  3  3     1150     947    1036
    2040  3  3     1015     948    1151
    2041  3  3     1151     948    1022
    2042  3  3     1028    1029    1152
    2043  3  3     1028    1152    1134
    2044  3  3     1029    1030    1153
    2045  3  3     1029    1153    1152
    2046  3  3     1016     951    1154
    2047  3  3     1154     951    1017
    2048  3  3     1021    1016    1155
    2049  3  3     1155    1016    1154
    2050  3  3     1041    1011    1156
    2051  3  3     1156    1011     960
    2052  3  3      960    1045    1157
    2053  3  3      960    1157    1156
    2054  3  3     1019     976    1158
    2055  3  3     1158     976    1061
    2056  3  3     1020    1019    1159
    2057  3  3     1159    1019    1158
    2058  3  3      957    1014    1160
    2059  3  3      957    1160    1033
    2060  3  3     1060    1033    1161
    2061  3  3     1161    1033    1160
    2062  3  3     1014    1018    1162
    2063  3  3     1014    1162    1160
    2064  3  3     1004    1005    1163
    2065  3  3     1004    1163    1138
    2066  3  3     1005    1006    1164
    2067  3  3     1005    1164    1163
    2068  3  3     1045    1046    1165
    2069  3  3     1045    1165    1157
    2070  3  3     1038    1020    1166
    2071  3  3     1166    1020    1159
    2072  3  3     1036    1039    1167
    2073  3  3     1036    1167    1150
    2074  3  3     1023     991    1168
    2075  3  3     1168     991    1037
    2076  3  3     1049    1047    1169
    2077  3  3     1169    1047    1048
    2078  3  3      989    1034    1170
    2079  3  3      989    1170    1062
    2080  3  3     1034    1035    1171
    2081  3  3     1034    1171    1170
    2082  3  3     1050    1049    1172
    2083  3  3     1172    1049    1169
    2084  3  3     1051    1050    1173
    2085  3  3     1173    1050    1172
    2086  3  3     1052    1051    1173
    2087  3  3     1067    1068    1174
    2088  3  3     1067    1174    1175
    2089  3  3     1067    1175    1132
    2090  3  3     1068    1069    1176
    2091  3  3     1068    1176    1174
    2092  3  3     1043    1044    1177
    2093  3  3     1043    1177    1178
    2094  3  3     1043    1178    1147
    2095  3  3     1042    1040    1179
    2096  3  3     1179    1040    1180
    2097  3  3     1180    1040    1041
    2098  3  3     1048    1042    1181
    2099  3  3     1181    1042    1179
    2100  3  3     1065    1066    1182
    2101  3  3     1065    1182    1183
    2102  3  3     1065    1183    1136
    2103  3  3     1059    1060    1184
    2104  3  3     1059    1184    1185
    2105  3  3     1059    1185    1061
    2106  3  3     1054    1053    1186
    2107  3  3     1186    1053    1187
    2108  3  3     1187    1053    1144
    2109  3  3     1055    1054    1188
    2110  3  3     1188    1054    1186
    2111  3  3     1056    1055    1189
    2112  3  3     1189    1055    1188
    2113  3  3     1057    1056    1190
    2114  3  3     1190    1056    1189
    2115  3  3     1058    1057    1191
    2116  3  3     1191    1057    1190
    2117  3  3     1064    1063    1192
    2118  3  3     1192    1063    1193
    2119  3  3     1193    1063    1062
    2120  3  3     1027    1139    1194
    2121  3  3     1027    1194    1130
    2122  3  3     1193    1062    1195
    2123  3  3     1195    1062    1170
    2124  3  3     1017    1128    1196
    2125  3  3     1017    1196    1154
    2126  3  3     1165    1046    1197
    2127  3  3     1197    1046    1130
    2128  3  3     1171    1035    1198
    2129  3  3     1198    1035    1142
    2130  3  3     1024    1145    1199
    2131  3  3     1024    1199    1125
    2132  3  3     1177    1044    1200
    2133  3  3     1200    1044    1129
    2134  3  3     1158    1061    1201
    2135  3  3     1201    1061    1185
    2136  3  3     1146    1013    1202
    2137  3  3     1202    1013    1150
    2138  3  3     1030    1137    1203
    2139  3  3     1030    1203    1153
    2140  3  3     1150    1167    1204
    2141  3  3     1150    1204    1202
    2142  3  3     1176    1069    1205
    2143  3  3     1205    1069    1138
    2144  3  3     1138    1163    1206
    2145  3  3     1138    1206    1205
    2146  3  3     1151    1022    1207
    2147  3  3     1207    1022    1131
    2148  3  3     1010    1146    1208
    2149  3  3     1010    1208    1129
    2150  3  3     1155    1154    1209
    2151  3  3     1209    1154    1196
    2152  3  3     1015    1151    1210
    2153  3  3     1015    1210    1137
    2154  3  3     1064    1192    1211
    2155  3  3     1064    1211    1131
    2156  3  3     1041    1156    1212
    2157  3  3     1041    1212    1180
    2158  3  3     1156    1157    1213
    2159  3  3     1156    1213    1212
    2160  3  3     1157    1165    1214
    2161  3  3     1157    1214    1213
    2162  3  3     1159    1158    1215
    2163  3  3     1215    1158    1201
    2164  3  3     1002    1125    1216
    2165  3  3     1002    1216    1142
    2166  3  3     1162    1018    1217
    2167  3  3     1217    1018    1148
    2168  3  3     1148    1149    1218
    2169  3  3     1148    1218    1217
    2170  3  3     1066    1127    1219
    2171  3  3     1066    1219    1182
    2172  3  3     1128    1008    1220
    2173  3  3     1220    1008    1136
    2174  3  3     1136    1183    1220
    2175  3  3     1144    1021    1221
    2176  3  3     1221    1021    1155
    2177  3  3     1187    1144    1222
    2178  3  3     1222    1144    1221
    2179  3  3     1012    1126    1223
    2180  3  3     1012    1223    1127
    2181  3  3     1126    1038    1224
    2182  3  3     1126    1224    1223
    2183  3  3     1038    1166    1224
    2184  3  3     1169    1048    1225
    2185  3  3     1225    1048    1181
    2186  3  3     1133    1058    1226
    2187  3  3     1226    1058    1191
    2188  3  3     1140    1007    1227
    2189  3  3     1227    1007    1132
    2190  3  3     1141    1140    1228
    2191  3  3     1228    1140    1227
    2192  3  3     1132    1175    1229
    2193  3  3     1132    1229    1227
    2194  3  3     1052    1173    1230
    2195  3  3     1052    1230    1135
    2196  3  3     1143    1025    1231
    2197  3  3     1231    1025    1134
    2198  3  3     1134    1152    1232
    2199  3  3     1134    1232    1231
    2200  3  3     1152    1153    1233
    2201  3  3     1152    1233    1232
    2202  3  3     1023    1168    1234
    2203  3  3     1023    1234    1145
    2204  3  3     1060    1161    1235
    2205  3  3     1060    1235    1184
    2206  3  3     1032    1147    1236
    2207  3  3     1032    1236    1149
    2208  3  3     1147    1178    1237
    2209  3  3     1147    1237    1236
    2210  3  3     1166    1159    1238
    2211  3  3     1238    1159    1215
    2212  3  3     1170    1171    1239
    2213  3  3     1170    1239    1195
    2214  3  3     1163    1164    1240
    2215  3  3     1163    1240    1206
    2216  3  3     1161    1160    1241
    2217  3  3     1241    1160    1162
    2218  3  3     1139    1133    1242
    2219  3  3     1242    1133    1226
    2220  3  3     1037    1141    1243
    2221  3  3     1243    1141    1228
    2222  3  3     1168    1037    1244
    2223  3  3     1244    1037    1243
    2224  3  3     1164    1006    1245
    2225  3  3     1245    1006    1135
    2226  3  3     1178    1177    1246
    2227  3  3     1246    1177    1200
    2228  3  3     1188    1186    1247
    2229  3  3     1247    1186    1248
    2230  3  3     1248    1186    1187
    2231  3  3     1189    1188    1249
    2232  3  3     1249    1188    1247
    2233  3  3     1190    1189    1250
    2234  3  3     1250    1189    1249
    2235  3  3     1191    1190    1251
    2236  3  3     1251    1190    1250
    2237  3  3     1039    1143    1252
    2238  3  3     1039    1252    1253
    2239  3  3     1039    1253    1167
    2240  3  3     1172    1169    1254
    2241  3  3     1254    1169    1255
    2242  3  3     1255    1169    1225
    2243  3  3     1173    1172    1256
    2244  3  3     1256    1172    1254
    2245  3  3     1181    1179    1257
    2246  3  3     1257    1179    1258
    2247  3  3     1258    1179    1180
    2248  3  3     1174    1176    1259
    2249  3  3     1174    1259    1260
    2250  3  3     1174    1260    1175
    2251  3  3     1183    1182    1261
    2252  3  3     1261    1182    1262
    2253  3  3     1262    1182    1219
    2254  3  3     1192    1193    1263
    2255  3  3     1192    1263    1264
    2256  3  3     1192    1264    1211
    2257  3  3     1185    1184    1265
    2258  3  3     1265    1184    1266
    2259  3  3     1266    1184    1235
    2260  3  3      898    1074    1088
    2261  3  3      896    1071    1267
    2262  3  3      896    1267    1089
    2263  3  3     1071     887    1268
    2264  3  3     1268     887    1079
    2265  3  3      883    1083    1269
    2266  3  3      883    1269    1081
    2267  3  3      890    1072    1270
    2268  3  3      890    1270    1085
    2269  3  3      885    1076    1271
    2270  3  3      885    1271    1086
    2271  3  3     1076    1090    1272
    2272  3  3     1076    1272    1271
    2273  3  3      929    1086    1273
    2274  3  3      929    1273    1114
    2275  3  3     1083     886    1274
    2276  3  3     1274     886    1082
    2277  3  3      933    1123    1275
    2278  3  3      933    1275    1079
    2279  3  3      888    1081    1276
    2280  3  3      888    1276    1075
    2281  3  3     1106    1075    1277
    2282  3  3     1277    1075    1276
    2283  3  3      884    1080    1278
    2284  3  3      884    1278    1070
    2285  3  3     1080     913    1279
    2286  3  3     1279     913    1097
    2287  3  3     1073    1070    1280
    2288  3  3     1280    1070    1278
    2289  3  3     1074    1073    1281
    2290  3  3     1281    1073    1280
    2291  3  3      905    1084    1282
    2292  3  3      905    1282    1104
    2293  3  3     1078     932    1283
    2294  3  3     1283     932    1105
    2295  3  3     1072    1077    1284
    2296  3  3     1072    1284    1270
    2297  3  3     1077    1078    1285
    2298  3  3     1077    1285    1284
    2299  3  3     1084    1085    1286
    2300  3  3     1084    1286    1282
    2301  3  3      930    1122    1287
    2302  3  3      930    1287    1288
    2303  3  3      930    1288    1082
    2304  3  3     1090    1089    1289
    2305  3  3     1289    1089    1267
    2306  3  3     1087    1088    1290
    2307  3  3     1087    1290    1291
    2308  3  3     1087    1291    1124
    2309  3  3     1123    1124    1292
    2310  3  3     1292    1124    1293
    2311  3  3     1293    1124    1291
    2312  3  3     1107    1109    1294
    2313  3  3     1107    1294    1295
    2314  3  3     1107    1295    1108
    2315  3  3     1109    1113    1296
    2316  3  3     1109    1296    1294
    2317  3  3     1110    1108    1297
    2318  3  3     1297    1108    1295
    2319  3  3     1111    1110    1298
    2320  3  3     1298    1110    1297
    2321  3  3     1112    1111    1299
    2322  3  3     1299    1111    1298
    2323  3  3     1115    1112    1300
    2324  3  3     1300    1112    1299
    2325  3  3     1113    1114    1301
    2326  3  3     1113    1301    1296
    2327  3  3     1116    1115    1302
    2328  3  3     1302    1115    1300
    2329  3  3     1117    1116    1303
    2330  3  3     1303    1116    1302
    2331  3  3     1118    1117    1304
    2332  3  3     1304    1117    1303
    2333  3  3     1119    1118    1305
    2334  3  3     1305    1118    1304
    2335  3  3     1120    1119    1306
    2336  3  3     1306    1119    1305
    2337  3  3     1121    1120    1307
    2338  3  3     1307    1120    1306
    2339  3  3     1122    1121    1308
    2340  3  3     1308    1121    1307
    2341  3  3     1105    1106    1309
    2342  3  3     1105    1309    1310
    2343  3  3     1105    1310    1283
    2344  3  3     1100    1101    1311
    2345  3  3     1100    1311    1312
    2346  3  3     1100    1312    1099
    2347  3  3     1098    1099    1313
    2348  3  3     1313    1099    1312
    2349  3  3     1091    1098    1314
    2350  3  3     1314    1098    1313
    2351  3  3     1092    1091    1315
    2352  3  3     1315    1091    1314
    2353  3  3     1093    1092    1316
    2354  3  3     1316    1092    1315
    2355  3  3     1094    1093    1317
    2356  3  3     1317    1093    1316
    2357  3  3     1095    1094    1318
    2358  3  3     1318    1094    1317
    2359  3  3     1096    1095    1319
    2360  3  3     1319    1095    1318
    2361  3  3     1097    1096    1320
    2362  3  3     1320    1096    1319
    2363  3  3     1101    1102    1321
    2364  3  3     1101    1321    1311
    2365  3  3     1102    1103    1322
    2366  3  3     1102    1322    1321
    2367  3  3     1103    1104    1323
    2368  3  3     1103    1323    1322
    2369  3  3     1139    1242    1194
    2370  3  3     1208    1146    1324
    2371  3  3     1324    1146    1202
    2372  3  3     1137    1210    1325
    2373  3  3     1137    1325    1203
    2374  3  3     1197    1130    1326
    2375  3  3     1326    1130    1194
    2376  3  3     1248    1187    1327
    2377  3  3     1327    1187    1222
    2378  3  3     1145    1234    1328
    2379  3  3     1145    1328    1199
    2380  3  3     1173    1256    1329
    2381  3  3     1173    1329    1230
    2382  3  3     1229    1175    1330
    2383  3  3     1330    1175    1260
    2384  3  3     1142    1216    1331
    2385  3  3     1142    1331    1198
    2386  3  3     1233    1153    1332
    2387  3  3     1332    1153    1203
    2388  3  3     1143    1231    1333
    2389  3  3     1143    1333    1252
    2390  3  3     1231    1232    1334
    2391  3  3     1231    1334    1333
    2392  3  3     1191    1251    1335
    2393  3  3     1191    1335    1226
    2394  3  3     1214    1165    1336
    2395  3  3     1336    1165    1197
    2396  3  3     1149    1236    1337
    2397  3  3     1149    1337    1218
    2398  3  3     1181    1257    1338
    2399  3  3     1181    1338    1225
    2400  3  3     1255    1225    1339
    2401  3  3     1339    1225    1338
    2402  3  3     1135    1230    1340
    2403  3  3     1135    1340    1245
    2404  3  3     1235    1161    1341
    2405  3  3     1341    1161    1241
    2406  3  3     1227    1229    1342
    2407  3  3     1227    1342    1228
    2408  3  3     1216    1125    1343
    2409  3  3     1343    1125    1199
    2410  3  3     1242    1226    1344
    2411  3  3     1344    1226    1335
    2412  3  3     1266    1235    1345
    2413  3  3     1345    1235    1341
    2414  3  3     1241    1162    1346
    2415  3  3     1346    1162    1217
    2416  3  3     1202    1204    1347
    2417  3  3     1202    1347    1324
    2418  3  3     1128    1220    1348
    2419  3  3     1128    1348    1196
    2420  3  3     1236    1237    1349
    2421  3  3     1236    1349    1337
    2422  3  3     1221    1155    1350
    2423  3  3     1350    1155    1209
    2424  3  3     1222    1221    1351
    2425  3  3     1351    1221    1350
    2426  3  3     1200    1129    1352
    2427  3  3     1352    1129    1208
    2428  3  3     1210    1151    1353
    2429  3  3     1353    1151    1207
    2430  3  3     1217    1218    1354
    2431  3  3     1217    1354    1346
    2432  3  3     1263    1193    1355
    2433  3  3     1355    1193    1195
    2434  3  3     1180    1212    1356
    2435  3  3     1180    1356    1258
    2436  3  3     1212    1213    1357
    2437  3  3     1212    1357    1356
    2438  3  3     1213    1214    1358
    2439  3  3     1213    1358    1357
    2440  3  3     1195    1239    1359
    2441  3  3     1195    1359    1355
    2442  3  3     1204    1167    1360
    2443  3  3     1360    1167    1253
    2444  3  3     1237    1178    1361
    2445  3  3     1361    1178    1246
    2446  3  3     1232    1233    1362
    2447  3  3     1232    1362    1334
    2448  3  3     1164    1245    1363
    2449  3  3     1164    1363    1240
    2450  3  3     1234    1168    1364
    2451  3  3     1364    1168    1244
    2452  3  3     1201    1185    1365
    2453  3  3     1365    1185    1265
    2454  3  3     1215    1201    1366
    2455  3  3     1366    1201    1365
    2456  3  3     1238    1215    1367
    2457  3  3     1367    1215    1366
    2458  3  3     1209    1196    1368
    2459  3  3     1368    1196    1348
    2460  3  3     1127    1223    1369
    2461  3  3     1127    1369    1219
    2462  3  3     1262    1219    1370
    2463  3  3     1370    1219    1369
    2464  3  3     1223    1224    1371
    2465  3  3     1223    1371    1369
    2466  3  3     1224    1166    1372
    2467  3  3     1224    1372    1371
    2468  3  3     1166    1238    1373
    2469  3  3     1166    1373    1372
    2470  3  3     1171    1198    1374
    2471  3  3     1171    1374    1239
    2472  3  3     1220    1183    1375
    2473  3  3     1220    1375    1348
    2474  3  3     1183    1261    1376
    2475  3  3     1183    1376    1375
    2476  3  3     1259    1176    1377
    2477  3  3     1377    1176    1205
    2478  3  3     1205    1206    1378
    2479  3  3     1205    1378    1377
    2480  3  3     1206    1240    1378
    2481  3  3     1207    1131    1379
    2482  3  3     1379    1131    1211
    2483  3  3     1211    1264    1380
    2484  3  3     1211    1380    1379
    2485  3  3     1246    1200    1381
    2486  3  3     1381    1200    1352
    2487  3  3     1243    1228    1382
    2488  3  3     1382    1228    1383
    2489  3  3     1383    1228    1342
    2490  3  3     1244    1243    1384
    2491  3  3     1384    1243    1382
    2492  3  3     1253    1252    1385
    2493  3  3     1385    1252    1386
    2494  3  3     1386    1252    1333
    2495  3  3     1256    1254    1387
    2496  3  3     1387    1254    1388
    2497  3  3     1388    1254    1255
    2498  3  3     1247    1248    1389
    2499  3  3     1247    1389    1390
    2500  3  3     1247    1390    1249
    2501  3  3     1250    1249    1391
    2502  3  3     1391    1249    1390
    2503  3  3     1251    1250    1392
    2504  3  3     1392    1250    1391
    2505  3  3     1257    1258    1393
    2506  3  3     1257    1393    1394
    2507  3  3     1257    1394    1338
    2508  3  3     1261    1262    1395
    2509  3  3     1261    1395    1396
    2510  3  3     1261    1396    1376
    2511  3  3     1264    1263    1397
    2512  3  3     1397    1263    1398
    2513  3  3     1398    1263    1355
    2514  3  3     1260    1259    1399
    2515  3  3     1399    1259    1400
    2516  3  3     1400    1259    1377
    2517  3  3     1265    1266    1401
    2518  3  3     1265    1401    1402
    2519  3  3     1265    1402    1365
    2520  3  3     1339    1338    1394
    2521  3  3     1386    1333    1334
    2522  3  3     1374    1198    1331
    2523  3  3     1210    1353    1325
    2524  3  3     1238    1367    1403
    2525  3  3     1238    1403    1373
    2526  3  3     1388    1255    1404
    2527  3  3     1404    1255    1339
    2528  3  3     1197    1326    1405
    2529  3  3     1197    1405    1336
    2530  3  3     1362    1233    1406
    2531  3  3     1406    1233    1332
    2532  3  3     1216    1343    1407
    2533  3  3     1216    1407    1331
    2534  3  3     1327    1222    1408
    2535  3  3     1408    1222    1351
    2536  3  3     1364    1244    1409
    2537  3  3     1409    1244    1384
    2538  3  3     1377    1378    1410
    2539  3  3     1377    1410    1400
    2540  3  3     1398    1355    1411
    2541  3  3     1411    1355    1359
    2542  3  3     1248    1327    1412
    2543  3  3     1248    1412    1389
    2544  3  3     1214    1336    1413
    2545  3  3     1214    1413    1358
    2546  3  3     1229    1330    1414
    2547  3  3     1229    1414    1342
    2548  3  3     1383    1342    1414
    2549  3  3     1347    1204    1415
    2550  3  3     1415    1204    1360
    2551  3  3     1340    1230    1416
    2552  3  3     1416    1230    1329
    2553  3  3     1234    1364    1417
    2554  3  3     1234    1417    1328
    2555  3  3     1256    1387    1418
    2556  3  3     1256    1418    1329
    2557  3  3     1209    1368    1419
    2558  3  3     1209    1419    1350
    2559  3  3     1351    1350    1420
    2560  3  3     1420    1350    1419
    2561  3  3     1335    1251    1421
    2562  3  3     1421    1251    1392
    2563  3  3     1360    1253    1422
    2564  3  3     1422    1253    1385
    2565  3  3     1207    1379    1423
    2566  3  3     1207    1423    1353
    2567  3  3     1194    1242    1424
    2568  3  3     1194    1424    1326
    2569  3  3     1242    1344    1425
    2570  3  3     1242    1425    1424
    2571  3  3     1218    1337    1426
    2572  3  3     1218    1426    1354
    2573  3  3     1337    1349    1427
    2574  3  3     1337    1427    1426
    2575  3  3     1366    1365    1428
    2576  3  3     1428    1365    1402
    2577  3  3     1370    1369    1429
    2578  3  3     1429    1369    1371
    2579  3  3     1371    1372    1430
    2580  3  3     1371    1430    1429
    2581  3  3     1372    1373    1431
    2582  3  3     1372    1431    1430
    2583  3  3     1348    1375    1432
    2584  3  3     1348    1432    1368
    2585  3  3     1262    1370    1433
    2586  3  3     1262    1433    1395
    2587  3  3     1367    1366    1434
    2588  3  3     1434    1366    1428
    2589  3  3     1332    1203    1435
    2590  3  3     1435    1203    1325
    2591  3  3     1380    1264    1436
    2592  3  3     1436    1264    1397
    2593  3  3     1199    1328    1437
    2594  3  3     1199    1437    1343
    2595  3  3     1208    1324    1438
    2596  3  3     1208    1438    1352
    2597  3  3     1381    1352    1439
    2598  3  3     1439    1352    1438
    2599  3  3     1324    1347    1440
    2600  3  3     1324    1440    1438
    2601  3  3     1260    1399    1441
    2602  3  3     1260    1441    1330
    2603  3  3     1378    1240    1442
    2604  3  3     1378    1442    1410
    2605  3  3     1240    1363    1443
    2606  3  3     1240    1443    1442
    2607  3  3     1241    1346    1444
    2608  3  3     1241    1444    1341
    2609  3  3     1345    1341    1445
    2610  3  3     1445    1341    1444
    2611  3  3     1346    1354    1446
    2612  3  3     1346    1446    1444
    2613  3  3     1379    1380    1447
    2614  3  3     1379    1447    1423
    2615  3  3     1393    1258    1448
    2616  3  3     1448    1258    1356
    2617  3  3     1356    1357    1449
    2618  3  3     1356    1449    1448
    2619  3  3     1357    1358    1450
    2620  3  3     1357    1450    1449
    2621  3  3     1375    1376    1451
    2622  3  3     1375    1451    1432
    2623  3  3     1376    1396    1451
    2624  3  3     1239    1374    1452
    2625  3  3     1239    1452    1359
    2626  3  3     1344    1335    1453
    2627  3  3     1453    1335    1421
    2628  3  3     1401    1266    1454
    2629  3  3     1454    1266    1345
    2630  3  3     1237    1361    1455
    2631  3  3     1237    1455    1349
    2632  3  3     1363    1245    1456
    2633  3  3     1456    1245    1340
    2634  3  3     1382    1383    1457
    2635  3  3     1382    1457    1458
    2636  3  3     1382    1458    1384
    2637  3  3     1390    1389    1459
    2638  3  3     1459    1389    1412
    2639  3  3     1391    1390    1460
    2640  3  3     1460    1390    1459
    2641  3  3     1392    1391    1461
    2642  3  3     1461    1391    1460
    2643  3  3     1246    1381    1462
    2644  3  3     1246    1462    1463
    2645  3  3     1246    1463    1361
    2646  3  3     1334    1362    1464
    2647  3  3     1334    1464    1465
    2648  3  3     1334    1465    1386
    2649  3  3     1385    1386    1466
    2650  3  3     1466    1386    1465
    2651  3  3     1387    1388    1467
    2652  3  3     1387    1467    1468
    2653  3  3     1387    1468    1418
    2654  3  3     1402    1401    1469
    2655  3  3     1402    1469    1470
    2656  3  3     1402    1470    1428
    2657  3  3     1396    1395    1471
    2658  3  3     1471    1395    1472
    2659  3  3     1472    1395    1433
    2660  3  3     1397    1398    1473
    2661  3  3     1397    1473    1474
    2662  3  3     1397    1474    1436
    2663  3  3     1399    1400    1475
    2664  3  3     1399    1475    1476
    2665  3  3     1399    1476    1441
    2666  3  3     1394    1393    1477
    2667  3  3     1477    1393    1478
    2668  3  3     1478    1393    1448
    2669  3  3     1267    1071    1479
    2670  3  3     1479    1071    1268
    2671  3  3     1079    1275    1480
    2672  3  3     1079    1480    1268
    2673  3  3     1272    1090    1481
    2674  3  3     1481    1090    1289
    2675  3  3     1279    1097    1482
    2676  3  3     1482    1097    1320
    2677  3  3     1285    1078    1483
    2678  3  3     1483    1078    1283
    2679  3  3     1123    1292    1484
    2680  3  3     1123    1484    1275
    2681  3  3     1274    1082    1485
    2682  3  3     1485    1082    1288
    2683  3  3     1122    1308    1486
    2684  3  3     1122    1486    1287
    2685  3  3     1114    1273    1487
    2686  3  3     1114    1487    1301
    2687  3  3     1106    1277    1488
    2688  3  3     1106    1488    1309
    2689  3  3     1289    1267    1489
    2690  3  3     1489    1267    1479
    2691  3  3     1278    1080    1490
    2692  3  3     1490    1080    1279
    2693  3  3     1323    1104    1491
    2694  3  3     1491    1104    1282
    2695  3  3     1286    1085    1492
    2696  3  3     1492    1085    1270
    2697  3  3     1270    1284    1493
    2698  3  3     1270    1493    1492
    2699  3  3     1280    1278    1494
    2700  3  3     1494    1278    1490
    2701  3  3     1281    1280    1495
    2702  3  3     1495    1280    1494
    2703  3  3     1282    1286    1496
    2704  3  3     1282    1496    1491
    2705  3  3     1081    1269    1497
    2706  3  3     1081    1497    1276
    2707  3  3     1277    1276    1498
    2708  3  3     1498    1276    1497
    2709  3  3     1283    1310    1499
    2710  3  3     1283    1499    1483
    2711  3  3     1269    1083    1500
    2712  3  3     1500    1083    1274
    2713  3  3     1074    1281    1501
    2714  3  3     1074    1501    1088
    2715  3  3     1290    1088    1501
    2716  3  3     1284    1285    1502
    2717  3  3     1284    1502    1493
    2718  3  3     1086    1271    1503
    2719  3  3     1086    1503    1273
    2720  3  3     1271    1272    1504
    2721  3  3     1271    1504    1503
    2722  3  3     1288    1287    1505
    2723  3  3     1505    1287    1506
    2724  3  3     1506    1287    1486
    2725  3  3     1292    1293    1507
    2726  3  3     1292    1507    1508
    2727  3  3     1292    1508    1484
    2728  3  3     1294    1296    1509
    2729  3  3     1294    1509    1510
    2730  3  3     1294    1510    1295
    2731  3  3     1296    1301    1511
    2732  3  3     1296    1511    1509
    2733  3  3     1297    1295    1512
    2734  3  3     1512    1295    1510
    2735  3  3     1298    1297    1513
    2736  3  3     1513    1297    1512
    2737  3  3     1299    1298    1514
    2738  3  3     1514    1298    1513
    2739  3  3     1300    1299    1515
    2740  3  3     1515    1299    1514
    2741  3  3     1302    1300    1516
    2742  3  3     1516    1300    1515
    2743  3  3     1303    1302    1517
    2744  3  3     1517    1302    1516
    2745  3  3     1304    1303    1518
    2746  3  3     1518    1303    1517
    2747  3  3     1305    1304    1519
    2748  3  3     1519    1304    1518
    2749  3  3     1306    1305    1520
    2750  3  3     1520    1305    1519
    2751  3  3     1307    1306    1521
    2752  3  3     1521    1306    1520
    2753  3  3     1308    1307    1522
    2754  3  3     1522    1307    1521
    2755  3  3     1320    1319    1523
    2756  3  3     1320    1523    1524
    2757  3  3     1320    1524    1482
    2758  3  3     1319    1318    1525
    2759  3  3     1319    1525    1523
    2760  3  3     1318    1317    1526
    2761  3  3     1318    1526    1525
    2762  3  3     1317    1316    1527
    2763  3  3     1317    1527    1526
    2764  3  3     1316    1315    1528
    2765  3  3     1316    1528    1527
    2766  3  3     1315    1314    1529
    2767  3  3     1315    1529    1528
    2768  3  3     1314    1313    1530
    2769  3  3     1314    1530    1529
    2770  3  3     1313    1312    1531
    2771  3  3     1313    1531    1530
    2772  3  3     1312    1311    1532
    2773  3  3     1312    1532    1531
    2774  3  3     1311    1321    1533
    2775  3  3     1311    1533    1532
    2776  3  3     1321    1322    1534
    2777  3  3     1321    1534    1533
    2778  3  3     1322    1323    1535
    2779  3  3     1322    1535    1534
    2780  3  3     1310    1309    1536
    2781  3  3     1310    1536    1537
    2782  3  3     1310    1537    1499
    2783  3  3     1291    1290    1538
    2784  3  3     1538    1290    1539
    2785  3  3     1539    1290    1501
    2786  3  3     1293    1291    1540
    2787  3  3     1540    1291    1538
    2788  3  3     1431    1373    1403
    2789  3  3     1407    1343    1541
    2790  3  3     1541    1343    1437
    2791  3  3     1406    1332    1542
    2792  3  3     1542    1332    1435
    2793  3  3     1340    1416    1543
    2794  3  3     1340    1543    1456
    2795  3  3     1344    1453    1544
    2796  3  3     1344    1544    1425
    2797  3  3     1434    1428    1545
    2798  3  3     1545    1428    1470
    2799  3  3     1422    1385    1546
    2800  3  3     1546    1385    1466
    2801  3  3     1454    1345    1547
    2802  3  3     1547    1345    1445
    2803  3  3     1349    1455    1548
    2804  3  3     1349    1548    1427
    2805  3  3     1440    1347    1549
    2806  3  3     1549    1347    1415
    2807  3  3     1409    1384    1550
    2808  3  3     1550    1384    1458
    2809  3  3     1415    1360    1551
    2810  3  3     1551    1360    1422
    2811  3  3     1408    1351    1552
    2812  3  3     1552    1351    1420
    2813  3  3     1448    1449    1553
    2814  3  3     1448    1553    1478
    2815  3  3     1412    1327    1554
    2816  3  3     1554    1327    1408
    2817  3  3     1450    1358    1555
    2818  3  3     1555    1358    1413
    2819  3  3     1449    1450    1556
    2820  3  3     1449    1556    1553
    2821  3  3     1362    1406    1557
    2822  3  3     1362    1557    1464
    2823  3  3     1336    1405    1558
    2824  3  3     1336    1558    1413
    2825  3  3     1403    1367    1559
    2826  3  3     1559    1367    1434
    2827  3  3     1417    1364    1560
    2828  3  3     1560    1364    1409
    2829  3  3     1443    1363    1561
    2830  3  3     1561    1363    1456
    2831  3  3     1416    1329    1562
    2832  3  3     1562    1329    1418
    2833  3  3     1418    1468    1562
    2834  3  3     1411    1359    1563
    2835  3  3     1563    1359    1452
    2836  3  3     1455    1361    1564
    2837  3  3     1564    1361    1463
    2838  3  3     1405    1326    1565
    2839  3  3     1565    1326    1424
    2840  3  3     1424    1425    1565
    2841  3  3     1388    1404    1566
    2842  3  3     1388    1566    1467
    2843  3  3     1400    1410    1567
    2844  3  3     1400    1567    1475
    2845  3  3     1445    1444    1568
    2846  3  3     1568    1444    1446
    2847  3  3     1446    1354    1569
    2848  3  3     1569    1354    1426
    2849  3  3     1426    1427    1570
    2850  3  3     1426    1570    1569
    2851  3  3     1398    1411    1571
    2852  3  3     1398    1571    1473
    2853  3  3     1421    1392    1572
    2854  3  3     1572    1392    1461
    2855  3  3     1453    1421    1573
    2856  3  3     1573    1421    1572
    2857  3  3     1469    1401    1574
    2858  3  3     1574    1401    1454
    2859  3  3     1339    1394    1575
    2860  3  3     1339    1575    1404
    2861  3  3     1394    1477    1575
    2862  3  3     1330    1441    1576
    2863  3  3     1330    1576    1414
    2864  3  3     1441    1476    1577
    2865  3  3     1441    1577    1576
    2866  3  3     1439    1438    1578
    2867  3  3     1578    1438    1440
    2868  3  3     1447    1380    1579
    2869  3  3     1579    1380    1436
    2870  3  3     1436    1474    1580
    2871  3  3     1436    1580    1579
    2872  3  3     1325    1353    1581
    2873  3  3     1581    1353    1423
    2874  3  3     1435    1325    1582
    2875  3  3     1582    1325    1581
    2876  3  3     1423    1447    1583
    2877  3  3     1423    1583    1581
    2878  3  3     1328    1417    1584
    2879  3  3     1328    1584    1437
    2880  3  3     1457    1383    1585
    2881  3  3     1585    1383    1414
    2882  3  3     1368    1432    1586
    2883  3  3     1368    1586    1419
    2884  3  3     1420    1419    1587
    2885  3  3     1587    1419    1586
    2886  3  3     1432    1451    1588
    2887  3  3     1432    1588    1586
    2888  3  3     1370    1429    1589
    2889  3  3     1370    1589    1433
    2890  3  3     1472    1433    1590
    2891  3  3     1590    1433    1589
    2892  3  3     1429    1430    1591
    2893  3  3     1429    1591    1589
    2894  3  3     1430    1431    1592
    2895  3  3     1430    1592    1591
    2896  3  3     1459    1412    1593
    2897  3  3     1593    1412    1554
    2898  3  3     1410    1442    1594
    2899  3  3     1410    1594    1567
    2900  3  3     1442    1443    1595
    2901  3  3     1442    1595    1594
    2902  3  3     1462    1381    1596
    2903  3  3     1596    1381    1439
    2904  3  3     1374    1331    1597
    2905  3  3     1597    1331    1598
    2906  3  3     1598    1331    1407
    2907  3  3     1452    1374    1599
    2908  3  3     1599    1374    1597
    2909  3  3     1465    1464    1600
    2910  3  3     1600    1464    1557
    2911  3  3     1466    1465    1601
    2912  3  3     1601    1465    1600
    2913  3  3     1451    1396    1602
    2914  3  3     1602    1396    1603
    2915  3  3     1603    1396    1471
    2916  3  3     1471    1472    1604
    2917  3  3     1471    1604    1603
    2918  3  3     1460    1459    1605
    2919  3  3     1605    1459    1606
    2920  3  3     1606    1459    1593
    2921  3  3     1461    1460    1607
    2922  3  3     1607    1460    1605
    2923  3  3     1458    1457    1608
    2924  3  3     1458    1608    1609
    2925  3  3     1458    1609    1550
    2926  3  3     1468    1467    1610
    2927  3  3     1610    1467    1611
    2928  3  3     1611    1467    1566
    2929  3  3     1463    1462    1612
    2930  3  3     1612    1462    1613
    2931  3  3     1613    1462    1596
    2932  3  3     1476    1475    1614
    2933  3  3     1476    1614    1615
    2934  3  3     1476    1615    1577
    2935  3  3     1474    1473    1616
    2936  3  3     1616    1473    1617
    2937  3  3     1617    1473    1571
    2938  3  3     1470    1469    1618
    2939  3  3     1618    1469    1619
    2940  3  3     1619    1469    1574
    2941  3  3     1477    1478    1620
    2942  3  3     1477    1620    1621
    2943  3  3     1477    1621    1575
    2944  3  3     1551    1422    1546
    2945  3  3     1542    1435    1582
    2946  3  3     1434    1545    1559
    2947  3  3     1584    1417    1560
    2948  3  3     1420    1587    1622
    2949  3  3     1420    1622    1552
    2950  3  3     1407    1541    1623
    2951  3  3     1407    1623    1598
    2952  3  3     1443    1561    1624
    2953  3  3     1443    1624    1595
    2954  3  3     1585    1414    1625
    2955  3  3     1625    1414    1576
    2956  3  3     1588    1451    1626
    2957  3  3     1626    1451    1602
    2958  3  3     1406    1542    1627
    2959  3  3     1406    1627    1557
    2960  3  3     1409    1550    1628
    2961  3  3     1409    1628    1560
    2962  3  3     1457    1585    1629
    2963  3  3     1457    1629    1608
    2964  3  3     1556    1450    1630
    2965  3  3     1630    1450    1555
    2966  3  3     1408    1552    1631
    2967  3  3     1408    1631    1554
    2968  3  3     1558    1405    1632
    2969  3  3     1632    1405    1565
    2970  3  3     1427    1548    1633
    2971  3  3     1427    1633    1570
    2972  3  3     1550    1609    1634
    2973  3  3     1550    1634    1628
    2974  3  3     1555    1413    1635
    2975  3  3     1635    1413    1558
    2976  3  3     1578    1440    1636
    2977  3  3     1636    1440    1549
    2978  3  3     1549    1415    1637
    2979  3  3     1637    1415    1551
    2980  3  3     1446    1569    1638
    2981  3  3     1446    1638    1568
    2982  3  3     1569    1570    1638
    2983  3  3     1437    1584    1639
    2984  3  3     1437    1639    1541
    2985  3  3     1576    1577    1640
    2986  3  3     1576    1640    1625
    2987  3  3     1577    1615    1641
    2988  3  3     1577    1641    1640
    2989  3  3     1546    1466    1642
    2990  3  3     1642    1466    1601
    2991  3  3     1456    1543    1643
    2992  3  3     1456    1643    1561
    2993  3  3     1416    1562    1644
    2994  3  3     1416    1644    1543
    2995  3  3     1565    1425    1645
    2996  3  3     1645    1425    1544
    2997  3  3     1614    1475    1646
    2998  3  3     1646    1475    1567
    2999  3  3     1563    1452    1647
    3000  3  3     1647    1452    1599
    3001  3  3     1545    1470    1648
    3002  3  3     1648    1470    1618
    3003  3  3     1582    1581    1649
    3004  3  3     1649    1581    1583
    3005  3  3     1567    1594    1650
    3006  3  3     1567    1650    1646
    3007  3  3     1587    1586    1651
    3008  3  3     1651    1586    1588
    3009  3  3     1445    1568    1652
    3010  3  3     1445    1652    1547
    3011  3  3     1620    1478    1653
    3012  3  3     1653    1478    1553
    3013  3  3     1553    1556    1654
    3014  3  3     1553    1654    1653
    3015  3  3     1431    1403    1655
    3016  3  3     1655    1403    1559
    3017  3  3     1592    1431    1655
    3018  3  3     1571    1411    1656
    3019  3  3     1656    1411    1563
    3020  3  3     1617    1571    1657
    3021  3  3     1657    1571    1656
    3022  3  3     1596    1439    1658
    3023  3  3     1658    1439    1578
    3024  3  3     1544    1453    1659
    3025  3  3     1659    1453    1573
    3026  3  3     1562    1468    1660
    3027  3  3     1562    1660    1644
    3028  3  3     1468    1610    1661
    3029  3  3     1468    1661    1660
    3030  3  3     1455    1564    1662
    3031  3  3     1455    1662    1548
    3032  3  3     1572    1461    1663
    3033  3  3     1663    1461    1607
    3034  3  3     1573    1572    1664
    3035  3  3     1664    1572    1663
    3036  3  3     1574    1454    1665
    3037  3  3     1665    1454    1547
    3038  3  3     1619    1574    1666
    3039  3  3     1666    1574    1665
    3040  3  3     1463    1612    1667
    3041  3  3     1463    1667    1564
    3042  3  3     1590    1589    1668
    3043  3  3     1668    1589    1591
    3044  3  3     1591    1592    1669
    3045  3  3     1591    1669    1668
    3046  3  3     1566    1404    1670
    3047  3  3     1670    1404    1575
    3048  3  3     1611    1566    1671
    3049  3  3     1671    1566    1670
    3050  3  3     1575    1621    1672
    3051  3  3     1575    1672    1670
    3052  3  3     1600    1557    1673
    3053  3  3     1673    1557    1627
    3054  3  3     1593    1554    1674
    3055  3  3     1674    1554    1631
    3056  3  3     1606    1593    1675
    3057  3  3     1675    1593    1674
    3058  3  3     1613    1596    1676
    3059  3  3     1676    1596    1658
    3060  3  3     1604    1472    1677
    3061  3  3     1677    1472    1590
    3062  3  3     1447    1579    1678
    3063  3  3     1447    1678    1583
    3064  3  3     1579    1580    1679
    3065  3  3     1579    1679    1678
    3066  3  3     1580    1474    1680
    3067  3  3     1680    1474    1616
    3068  3  3     1594    1595    1681
    3069  3  3     1594    1681    1650
    3070  3  3     1599    1597    1682
    3071  3  3     1599    1682    1647
    3072  3  3     1597    1598    1682
    3073  3  3     1610    1611    1683
    3074  3  3     1610    1683    1661
    3075  3  3     1609    1608    1684
    3076  3  3     1684    1608    1629
    3077  3  3     1601    1600    1685
    3078  3  3     1685    1600    1686
    3079  3  3     1686    1600    1673
    3080  3  3     1602    1603    1687
    3081  3  3     1602    1687    1688
    3082  3  3     1602    1688    1626
    3083  3  3     1603    1604    1689
    3084  3  3     1603    1689    1687
    3085  3  3     1621    1620    1690
    3086  3  3     1621    1690    1691
    3087  3  3     1621    1691    1672
    3088  3  3     1605    1606    1692
    3089  3  3     1605    1692    1693
    3090  3  3     1605    1693    1607
    3091  3  3     1618    1619    1694
    3092  3  3     1618    1694    1695
    3093  3  3     1618    1695    1648
    3094  3  3     1612    1613    1696
    3095  3  3     1612    1696    1697
    3096  3  3     1612    1697    1667
    3097  3  3     1615    1614    1698
    3098  3  3     1698    1614    1699
    3099  3  3     1699    1614    1646
    3100  3  3     1616    1617    1700
    3101  3  3     1616    1700    1701
    3102  3  3     1616    1701    1680
    3103  3  3     1275    1484    1702
    3104  3  3     1275    1702    1480
    3105  3  3     1484    1508    1702
    3106  3  3     1485    1288    1703
    3107  3  3     1703    1288    1505
    3108  3  3     1272    1481    1704
    3109  3  3     1272    1704    1504
    3110  3  3     1268    1480    1705
    3111  3  3     1268    1705    1479
    3112  3  3     1497    1269    1706
    3113  3  3     1706    1269    1500
    3114  3  3     1498    1497    1707
    3115  3  3     1707    1497    1706
    3116  3  3     1490    1279    1708
    3117  3  3     1708    1279    1482
    3118  3  3     1277    1498    1709
    3119  3  3     1277    1709    1488
    3120  3  3     1274    1485    1710
    3121  3  3     1274    1710    1500
    3122  3  3     1309    1488    1711
    3123  3  3     1309    1711    1536
    3124  3  3     1486    1308    1712
    3125  3  3     1712    1308    1522
    3126  3  3     1506    1486    1713
    3127  3  3     1713    1486    1712
    3128  3  3     1487    1273    1714
    3129  3  3     1714    1273    1503
    3130  3  3     1502    1285    1715
    3131  3  3     1715    1285    1483
    3132  3  3     1483    1499    1716
    3133  3  3     1483    1716    1715
    3134  3  3     1293    1540    1717
    3135  3  3     1293    1717    1507
    3136  3  3     1489    1479    1718
    3137  3  3     1718    1479    1705
    3138  3  3     1535    1323    1719
    3139  3  3     1719    1323    1491
    3140  3  3     1482    1524    1720
    3141  3  3     1482    1720    1708
    3142  3  3     1494    1490    1721
    3143  3  3     1721    1490    1708
    3144  3  3     1301    1487    1722
    3145  3  3     1301    1722    1511
    3146  3  3     1495    1494    1723
    3147  3  3     1723    1494    1721
    3148  3  3     1281    1495    1724
    3149  3  3     1281    1724    1501
    3150  3  3     1539    1501    1725
    3151  3  3     1725    1501    1724
    3152  3  3     1491    1496    1726
    3153  3  3     1491    1726    1719
    3154  3  3     1503    1504    1727
    3155  3  3     1503    1727    1714
    3156  3  3     1289    1489    1728
    3157  3  3     1289    1728    1481
    3158  3  3     1499    1537    1729
    3159  3  3     1499    1729    1716
    3160  3  3     1496    1286    1730
    3161  3  3     1730    1286    1731
    3162  3  3     1731    1286    1492
    3163  3  3     1492    1493    1732
    3164  3  3     1492    1732    1731
    3165  3  3     1493    1502    1733
    3166  3  3     1493    1733    1732
    3167  3  3     1505    1506    1734
    3168  3  3     1505    1734    1703
    3169  3  3     1528    1529    1735
    3170  3  3     1735    1529    1736
    3171  3  3     1736    1529    1530
    3172  3  3     1530    1531    1737
    3173  3  3     1530    1737    1736
    3174  3  3     1531    1532    1738
    3175  3  3     1531    1738    1737
    3176  3  3     1527    1528    1739
    3177  3  3     1739    1528    1735
    3178  3  3     1526    1527    1740
    3179  3  3     1740    1527    1739
    3180  3  3     1525    1526    1741
    3181  3  3     1741    1526    1740
    3182  3  3     1523    1525    1742
    3183  3  3     1742    1525    1741
    3184  3  3     1524    1523    1743
    3185  3  3     1743    1523    1742
    3186  3  3     1532    1533    1744
    3187  3  3     1532    1744    1738
    3188  3  3     1533    1534    1745
    3189  3  3     1533    1745    1744
    3190  3  3     1534    1535    1746
    3191  3  3     1534    1746    1745
    3192  3  3     1538    1539    1747
    3193  3  3     1747    1539    1748
    3194  3  3     1748    1539    1725
    3195  3  3     1540    1538    1749
    3196  3  3     1749    1538    1747
    3197  3  3     1508    1507    1750
    3198  3  3     1750    1507    1751
    3199  3  3     1751    1507    1717
    3200  3  3     1509    1511    1752
    3201  3  3     1509    1752    1753
    3202  3  3     1509    1753    1510
    3203  3  3     1512    1510    1754
    3204  3  3     1754    1510    1753
    3205  3  3     1513    1512    1755
    3206  3  3     1755    1512    1754
    3207  3  3     1514    1513    1756
    3208  3  3     1756    1513    1755
    3209  3  3     1515    1514    1757
    3210  3  3     1757    1514    1756
    3211  3  3     1516    1515    1758
    3212  3  3     1758    1515    1757
    3213  3  3     1517    1516    1759
    3214  3  3     1759    1516    1758
    3215  3  3     1518    1517    1760
    3216  3  3     1760    1517    1759
    3217  3  3     1519    1518    1761
    3218  3  3     1761    1518    1760
    3219  3  3     1520    1519    1762
    3220  3  3     1762    1519    1761
    3221  3  3     1521    1520    1763
    3222  3  3     1763    1520    1762
    3223  3  3     1522    1521    1764
    3224  3  3     1764    1521    1763
    3225  3  3     1537    1536    1765
    3226  3  3     1537    1765    1766
    3227  3  3     1537    1766    1729
    3228  3  3     1632    1565    1645
    3229  3  3     1595    1624    1681
    3230  3  3     1670    1672    1671
    3231  3  3     1652    1568    1767
    3232  3  3     1767    1568    1638
    3233  3  3     1541    1639    1768
    3234  3  3     1541    1768    1623
    3235  3  3     1629    1585    1769
    3236  3  3     1769    1585    1625
    3237  3  3     1625    1640    1770
    3238  3  3     1625    1770    1769
    3239  3  3     1640    1641    1770
    3240  3  3     1646    1650    1771
    3241  3  3     1646    1771    1699
    3242  3  3     1631    1552    1772
    3243  3  3     1772    1552    1622
    3244  3  3     1622    1587    1773
    3245  3  3     1773    1587    1651
    3246  3  3     1650    1681    1774
    3247  3  3     1650    1774    1771
    3248  3  3     1636    1549    1775
    3249  3  3     1775    1549    1637
    3250  3  3     1630    1555    1776
    3251  3  3     1776    1555    1635
    3252  3  3     1662    1564    1777
    3253  3  3     1777    1564    1667
    3254  3  3     1667    1697    1778
    3255  3  3     1667    1778    1777
    3256  3  3     1682    1598    1779
    3257  3  3     1779    1598    1623
    3258  3  3     1659    1573    1780
    3259  3  3     1780    1573    1664
    3260  3  3     1635    1558    1781
    3261  3  3     1781    1558    1632
    3262  3  3     1607    1693    1782
    3263  3  3     1607    1782    1663
    3264  3  3     1664    1663    1783
    3265  3  3     1783    1663    1782
    3266  3  3     1583    1678    1784
    3267  3  3     1583    1784    1649
    3268  3  3     1679    1580    1785
    3269  3  3     1785    1580    1680
    3270  3  3     1548    1662    1786
    3271  3  3     1548    1786    1633
    3272  3  3     1578    1636    1787
    3273  3  3     1578    1787    1658
    3274  3  3     1643    1543    1788
    3275  3  3     1788    1543    1644
    3276  3  3     1644    1660    1789
    3277  3  3     1644    1789    1788
    3278  3  3     1660    1661    1790
    3279  3  3     1660    1790    1789
    3280  3  3     1661    1683    1791
    3281  3  3     1661    1791    1790
    3282  3  3     1669    1592    1792
    3283  3  3     1792    1592    1655
    3284  3  3     1588    1626    1793
    3285  3  3     1588    1793    1651
    3286  3  3     1626    1688    1793
    3287  3  3     1544    1659    1794
    3288  3  3     1544    1794    1645
    3289  3  3     1676    1658    1795
    3290  3  3     1795    1658    1787
    3291  3  3     1672    1691    1796
    3292  3  3     1672    1796    1671
    3293  3  3     1624    1561    1797
    3294  3  3     1797    1561    1643
    3295  3  3     1692    1606    1798
    3296  3  3     1798    1606    1675
    3297  3  3     1627    1542    1799
    3298  3  3     1799    1542    1582
    3299  3  3     1582    1649    1800
    3300  3  3     1582    1800    1799
    3301  3  3     1684    1629    1801
    3302  3  3     1801    1629    1769
    3303  3  3     1674    1631    1802
    3304  3  3     1802    1631    1772
    3305  3  3     1690    1620    1803
    3306  3  3     1803    1620    1653
    3307  3  3     1653    1654    1804
    3308  3  3     1653    1804    1803
    3309  3  3     1634    1609    1805
    3310  3  3     1805    1609    1684
    3311  3  3     1617    1657    1806
    3312  3  3     1617    1806    1700
    3313  3  3     1654    1556    1807
    3314  3  3     1807    1556    1630
    3315  3  3     1641    1615    1808
    3316  3  3     1808    1615    1698
    3317  3  3     1619    1666    1809
    3318  3  3     1619    1809    1694
    3319  3  3     1638    1570    1810
    3320  3  3     1810    1570    1633
    3321  3  3     1637    1551    1811
    3322  3  3     1811    1551    1546
    3323  3  3     1546    1642    1811
    3324  3  3     1611    1671    1812
    3325  3  3     1611    1812    1683
    3326  3  3     1675    1674    1813
    3327  3  3     1813    1674    1802
    3328  3  3     1601    1685    1814
    3329  3  3     1601    1814    1642
    3330  3  3     1665    1547    1815
    3331  3  3     1815    1547    1652
    3332  3  3     1666    1665    1816
    3333  3  3     1816    1665    1815
    3334  3  3     1613    1676    1817
    3335  3  3     1613    1817    1696
    3336  3  3     1560    1628    1818
    3337  3  3     1560    1818    1584
    3338  3  3     1639    1584    1819
    3339  3  3     1819    1584    1818
    3340  3  3     1628    1634    1820
    3341  3  3     1628    1820    1818
    3342  3  3     1678    1679    1821
    3343  3  3     1678    1821    1784
    3344  3  3     1655    1559    1822
    3345  3  3     1655    1822    1792
    3346  3  3     1559    1545    1823
    3347  3  3     1559    1823    1822
    3348  3  3     1545    1648    1823
    3349  3  3     1648    1695    1824
    3350  3  3     1648    1824    1823
    3351  3  3     1563    1647    1825
    3352  3  3     1563    1825    1656
    3353  3  3     1657    1656    1826
    3354  3  3     1826    1656    1825
    3355  3  3     1647    1682    1827
    3356  3  3     1647    1827    1825
    3357  3  3     1680    1701    1828
    3358  3  3     1680    1828    1785
    3359  3  3     1677    1590    1829
    3360  3  3     1829    1590    1668
    3361  3  3     1668    1669    1830
    3362  3  3     1668    1830    1829
    3363  3  3     1673    1627    1831
    3364  3  3     1831    1627    1799
    3365  3  3     1686    1673    1832
    3366  3  3     1832    1673    1831
    3367  3  3     1689    1604    1833
    3368  3  3     1833    1604    1834
    3369  3  3     1834    1604    1677
    3370  3  3     1685    1686    1835
    3371  3  3     1685    1835    1836
    3372  3  3     1685    1836    1814
    3373  3  3     1691    1690    1837
    3374  3  3     1837    1690    1838
    3375  3  3     1838    1690    1803
    3376  3  3     1687    1689    1839
    3377  3  3     1687    1839    1840
    3378  3  3     1687    1840    1688
    3379  3  3     1693    1692    1841
    3380  3  3     1841    1692    1842
    3381  3  3     1842    1692    1798
    3382  3  3     1695    1694    1843
    3383  3  3     1843    1694    1844
    3384  3  3     1844    1694    1809
    3385  3  3     1698    1699    1845
    3386  3  3     1698    1845    1846
    3387  3  3     1698    1846    1808
    3388  3  3     1697    1696    1847
    3389  3  3     1847    1696    1848
    3390  3  3     1848    1696    1817
    3391  3  3     1701    1700    1849
    3392  3  3     1701    1849    1850
    3393  3  3     1701    1850    1828
    3394  3  3     1768    1639    1819
    3395  3  3     1767    1638    1810
    3396  3  3     1649    1784    1851
    3397  3  3     1649    1851    1800
    3398  3  3     1784    1821    1851
    3399  3  3     1651    1793    1852
    3400  3  3     1651    1852    1773
    3401  3  3     1622    1773    1853
    3402  3  3     1622    1853    1772
    3403  3  3     1803    1804    1854
    3404  3  3     1803    1854    1838
    3405  3  3     1652    1767    1855
    3406  3  3     1652    1855    1815
    3407  3  3     1816    1815    1856
    3408  3  3     1856    1815    1855
    3409  3  3     1671    1796    1857
    3410  3  3     1671    1857    1812
    3411  3  3     1793    1688      93
    3412  3  3     1793      93    1852
    3413  3  3     1688    1840      93
    3414  3  3     1799    1800    1858
    3415  3  3     1799    1858    1831
    3416  3  3     1662    1777    1860
    3417  3  3     1662    1860    1786
    3418  3  3     1777    1778    1861
    3419  3  3     1777    1861    1860
    3420  3  3     1664    1783    1862
    3421  3  3     1664    1862    1780
    3422  3  3     1643    1788    1863
    3423  3  3     1643    1863    1797
    3424  3  3     1788    1789    1864
    3425  3  3     1788    1864    1863
    3426  3  3     1789    1790    1864
    3427  3  3     1801    1769    1865
    3428  3  3     1865    1769    1770
    3429  3  3     1677    1829    1866
    3430  3  3     1677    1866    1834
    3431  3  3     1830    1669    1867
    3432  3  3     1867    1669    1792
    3433  3  3     1792    1822    1868
    3434  3  3     1792    1868    1867
    3435  3  3     1642    1814    1869
    3436  3  3     1642    1869    1811
    3437  3  3     1814    1836    1870
    3438  3  3     1814    1870    1869
    3439  3  3     1623    1768    1871
    3440  3  3     1623    1871    1779
    3441  3  3     1778    1697    1872
    3442  3  3     1872    1697    1847
    3443  3  3     1804    1654    1873
    3444  3  3     1873    1654    1807
    3445  3  3     1807    1630    1874
    3446  3  3     1874    1630    1776
    3447  3  3     1682    1779    1875
    3448  3  3     1682    1875    1827
    3449  3  3     1693    1841    1876
    3450  3  3     1693    1876    1782
    3451  3  3     1686    1832    1877
    3452  3  3     1686    1877    1835
    3453  3  3     1783    1782    1878
    3454  3  3     1878    1782    1876
    3455  3  3     1700    1806    1879
    3456  3  3     1700    1879    1849
    3457  3  3     1809    1666    1880
    3458  3  3     1880    1666    1816
    3459  3  3     1844    1809    1881
    3460  3  3     1881    1809    1880
    3461  3  3     1845    1699    1882
    3462  3  3     1882    1699    1771
    3463  3  3     1776    1635    1883
    3464  3  3     1883    1635    1781
    3465  3  3     1802    1772    1884
    3466  3  3     1884    1772    1853
    3467  3  3     1813    1802    1885
    3468  3  3     1885    1802    1884
    3469  3  3     1794    1659    1886
    3470  3  3     1886    1659    1780
    3471  3  3     1636    1775    1887
    3472  3  3     1636    1887    1787
    3473  3  3     1795    1787    1888
    3474  3  3     1888    1787    1887
    3475  3  3     1829    1830    1889
    3476  3  3     1829    1889    1866
    3477  3  3     1819    1818    1890
    3478  3  3     1890    1818    1820
    3479  3  3     1798    1675    1891
    3480  3  3     1891    1675    1813
    3481  3  3     1842    1798    1892
    3482  3  3     1892    1798    1891
    3483  3  3     1806    1657    1893
    3484  3  3     1893    1657    1826
    3485  3  3     1825    1827    1894
    3486  3  3     1825    1894    1826
    3487  3  3     1832    1831    1895
    3488  3  3     1895    1831    1858
    3489  3  3     1822    1823    1896
    3490  3  3     1822    1896    1868
    3491  3  3     1823    1824    1897
    3492  3  3     1823    1897    1896
    3493  3  3     1771    1774    1898
    3494  3  3     1771    1898    1882
    3495  3  3     1817    1676    1899
    3496  3  3     1899    1676    1795
    3497  3  3     1691    1837    1900
    3498  3  3     1691    1900    1796
    3499  3  3     1689    1833    1901
    3500  3  3     1689    1901    1839
    3501  3  3     1637    1811    1902
    3502  3  3     1637    1902    1775
    3503  3  3     1848    1817    1903
    3504  3  3     1903    1817    1899
    3505  3  3     1821    1679    1904
    3506  3  3     1904    1679    1785
    3507  3  3     1785    1828    1905
    3508  3  3     1785    1905    1904
    3509  3  3     1828    1850    1906
    3510  3  3     1828    1906    1905
    3511  3  3     1632    1645    1907
    3512  3  3     1907    1645    1794
    3513  3  3     1781    1632    1907
    3514  3  3     1824    1695    1908
    3515  3  3     1908    1695    1843
    3516  3  3     1770    1641    1909
    3517  3  3     1770    1909    1865
    3518  3  3     1641    1808    1910
    3519  3  3     1641    1910    1909
    3520  3  3     1808    1846    1910
    3521  3  3     1681    1624    1911
    3522  3  3     1911    1624    1797
    3523  3  3     1774    1681    1912
    3524  3  3     1912    1681    1911
    3525  3  3     1633    1786    1913
    3526  3  3     1633    1913    1810
    3527  3  3     1634    1805    1914
    3528  3  3     1634    1914    1820
    3529  3  3     1790    1791    1915
    3530  3  3     1790    1915    1864
    3531  3  3     1791    1683    1916
    3532  3  3     1916    1683    1917
    3533  3  3     1917    1683    1812
    3534  3  3     1684    1801    1918
    3535  3  3     1684    1918    1919
    3536  3  3     1684    1919    1805
    3537  3  3     1833    1834    1920
    3538  3  3     1833    1920    1921
    3539  3  3     1833    1921    1901
    3540  3  3     1836    1835    1922
    3541  3  3     1922    1835    1923
    3542  3  3     1923    1835    1877
    3543  3  3     1841    1842    1924
    3544  3  3     1841    1924    1925
    3545  3  3     1841    1925    1876
    3546  3  3     1846    1845    1926
    3547  3  3     1926    1845    1927
    3548  3  3     1927    1845    1882
    3549  3  3     1837    1838    1928
    3550  3  3     1837    1928    1929
    3551  3  3     1837    1929    1900
    3552  3  3     1840    1839    1930
    3553  3  3     1930    1839    1931
    3554  3  3     1931    1839    1901
    3555  3  3     1847    1848    1932
    3556  3  3     1932    1848    1933
    3557  3  3     1933    1848    1903
    3558  3  3     1850    1849    1934
    3559  3  3     1934    1849    1935
    3560  3  3     1935    1849    1879
    3561  3  3     1843    1844    1936
    3562  3  3     1843    1936    1937
    3563  3  3     1843    1937    1908
    3564  3  3     1480    1702    1938
    3565  3  3     1480    1938    1705
    3566  3  3     1485    1703    1939
    3567  3  3     1485    1939    1710
    3568  3  3     1506    1713    1940
    3569  3  3     1506    1940    1734
    3570  3  3     1504    1704    1941
    3571  3  3     1504    1941    1727
    3572  3  3     1721    1708    1942
    3573  3  3     1942    1708    1720
    3574  3  3     1522    1764    1943
    3575  3  3     1522    1943    1712
    3576  3  3     1713    1712    1944
    3577  3  3     1944    1712    1943
    3578  3  3     1718    1705    1945
    3579  3  3     1945    1705    1938
    3580  3  3     1536    1711    1946
    3581  3  3     1536    1946    1765
    3582  3  3     1724    1495    1947
    3583  3  3     1947    1495    1723
    3584  3  3     1511    1722    1948
    3585  3  3     1511    1948    1752
    3586  3  3     1488    1709    1949
    3587  3  3     1488    1949    1711
    3588  3  3     1720    1524    1950
    3589  3  3     1950    1524    1743
    3590  3  3     1722    1487    1951
    3591  3  3     1951    1487    1714
    3592  3  3     1714    1727    1952
    3593  3  3     1714    1952    1951
    3594  3  3     1728    1489    1953
    3595  3  3     1953    1489    1718
    3596  3  3     1723    1721    1954
    3597  3  3     1954    1721    1942
    3598  3  3     1502    1715    1955
    3599  3  3     1502    1955    1733
    3600  3  3     1715    1716    1956
    3601  3  3     1715    1956    1955
    3602  3  3     1716    1729    1957
    3603  3  3     1716    1957    1956
    3604  3  3     1725    1724    1958
    3605  3  3     1958    1724    1947
    3606  3  3     1748    1725    1958
    3607  3  3     1496    1730    1959
    3608  3  3     1496    1959    1726
    3609  3  3     1481    1728    1960
    3610  3  3     1481    1960    1704
    3611  3  3     1500    1710    1961
    3612  3  3     1500    1961    1706
    3613  3  3     1707    1706    1962
    3614  3  3     1962    1706    1961
    3615  3  3     1702    1508    1963
    3616  3  3     1702    1963    1938
    3617  3  3     1508    1750    1964
    3618  3  3     1508    1964    1963
    3619  3  3     1703    1734    1965
    3620  3  3     1703    1965    1939
    3621  3  3     1709    1498    1966
    3622  3  3     1966    1498    1707
    3623  3  3     1746    1535    1967
    3624  3  3     1967    1535    1719
    3625  3  3     1719    1726    1968
    3626  3  3     1719    1968    1967
    3627  3  3     1729    1766    1969
    3628  3  3     1729    1969    1957
    3629  3  3     1540    1749    1970
    3630  3  3     1540    1970    1717
    3631  3  3     1751    1717    1971
    3632  3  3     1971    1717    1970
    3633  3  3     1750    1751    1972
    3634  3  3     1750    1972    1973
    3635  3  3     1750    1973    1964
    3636  3  3     1730    1731    1974
    3637  3  3     1974    1731    1975
    3638  3  3     1975    1731    1732
    3639  3  3     1732    1733    1976
    3640  3  3     1732    1976    1975
    3641  3  3     1742    1741    1977
    3642  3  3     1742    1977    1978
    3643  3  3     1742    1978    1743
    3644  3  3     1741    1740    1979
    3645  3  3     1741    1979    1977
    3646  3  3     1740    1739    1980
    3647  3  3     1740    1980    1979
    3648  3  3     1739    1735    1981
    3649  3  3     1739    1981    1980
    3650  3  3     1735    1736    1982
    3651  3  3     1735    1982    1981
    3652  3  3     1736    1737    1983
    3653  3  3     1736    1983    1982
    3654  3  3     1737    1738    1984
    3655  3  3     1737    1984    1983
    3656  3  3     1738    1744    1985
    3657  3  3     1738    1985    1984
    3658  3  3     1744    1745    1986
    3659  3  3     1744    1986    1985
    3660  3  3     1745    1746    1987
    3661  3  3     1745    1987    1986
    3662  3  3     1747    1748    1988
    3663  3  3     1747    1988    1989
    3664  3  3     1747    1989    1749
    3665  3  3     1753    1752    1990
    3666  3  3     1990    1752    1991
    3667  3  3     1991    1752    1948
    3668  3  3     1754    1753    1992
    3669  3  3     1992    1753    1990
    3670  3  3     1755    1754    1993
    3671  3  3     1993    1754    1992
    3672  3  3     1756    1755    1994
    3673  3  3     1994    1755    1993
    3674  3  3     1757    1756    1995
    3675  3  3     1995    1756    1994
    3676  3  3     1758    1757    1996
    3677  3  3     1996    1757    1995
    3678  3  3     1759    1758    1997
    3679  3  3     1997    1758    1996
    3680  3  3     1760    1759    1998
    3681  3  3     1998    1759    1997
    3682  3  3     1761    1760    1999
    3683  3  3     1999    1760    1998
    3684  3  3     1762    1761    2000
    3685  3  3     2000    1761    1999
    3686  3  3     1763    1762    2001
    3687  3  3     2001    1762    2000
    3688  3  3     1764    1763    2002
    3689  3  3     2002    1763    2001
    3690  3  3     1766    1765    2003
    3691  3  3     1766    2003    2004
    3692  3  3     1766    2004    1969
    3693  3  3     1897    1824    1908
    3694  3  3     1886    1780    1862
    3695  3  3     1800    1851    1858
    3696  3  3     1804    1873    2005
    3697  3  3     1804    2005    1854
    3698  3  3     1811    1869    2006
    3699  3  3     1811    2006    1902
    3700  3  3     1869    1870    2006
    3701  3  3     1786    1860    2007
    3702  3  3     1786    2007    1913
    3703  3  3     1774    1912    2008
    3704  3  3     1774    2008    1898
    3705  3  3     1876    1925    2009
    3706  3  3     1876    2009    1878
    3707  3  3     1812    1857    2010
    3708  3  3     1812    2010    1917
    3709  3  3     1861    1778    2011
    3710  3  3     2011    1778    1872
    3711  3  3     1795    1888    2012
    3712  3  3     1795    2012    1899
    3713  3  3     1853    1773    2013
    3714  3  3     2013    1773    1852
    3715  3  3     1860    1861    2014
    3716  3  3     1860    2014    2007
    3717  3  3     1832    1895    2015
    3718  3  3     1832    2015    1877
    3719  3  3     1923    1877    2015
    3720  3  3     1882    1898    2016
    3721  3  3     1882    2016    1927
    3722  3  3     1779    1871    2017
    3723  3  3     1779    2017    1875
    3724  3  3     1805    1919    2018
    3725  3  3     1805    2018    1914
    3726  3  3     1797    1863    2019
    3727  3  3     1797    2019    1911
    3728  3  3     1931    1901    2020
    3729  3  3     2020    1901    1921
    3730  3  3     1903    1899    2021
    3731  3  3     2021    1899    2012
    3732  3  3     1915    1791    2022
    3733  3  3     2022    1791    1916
    3734  3  3     1863    1864    2023
    3735  3  3     1863    2023    2019
    3736  3  3     1864    1915    2024
    3737  3  3     1864    2024    2023
    3738  3  3     1796    1900    2025
    3739  3  3     1796    2025    1857
    3740  3  3     1900    1929    2026
    3741  3  3     1900    2026    2025
    3742  3  3     1801    1865    2027
    3743  3  3     1801    2027    1918
    3744  3  3     1865    1909    2028
    3745  3  3     1865    2028    2027
    3746  3  3     1909    1910    2029
    3747  3  3     1909    2029    2028
    3748  3  3     1928    1838    2030
    3749  3  3     2030    1838    1854
    3750  3  3     1781    1907    2031
    3751  3  3     1781    2031    1883
    3752  3  3     1852      93    2032
    3753  3  3     2032      93    1840
    3754  3  3     1840    1930    2032
    3755  3  3     1933    1903    2033
    3756  3  3     2033    1903    2021
    3757  3  3     1894    1827    2034
    3758  3  3     2034    1827    1875
    3759  3  3     1884    1853    2035
    3760  3  3     2035    1853    2013
    3761  3  3     1872    1847    2036
    3762  3  3     2036    1847    1932
    3763  3  3     1870    1836    2037
    3764  3  3     2037    1836    1922
    3765  3  3     1834    1866    2038
    3766  3  3     1834    2038    1920
    3767  3  3     1866    1889    2039
    3768  3  3     1866    2039    2038
    3769  3  3     1794    1886    2040
    3770  3  3     1794    2040    1907
    3771  3  3     1816    1856    2041
    3772  3  3     1816    2041    1880
    3773  3  3     1881    1880    2042
    3774  3  3     2042    1880    2041
    3775  3  3     1767    1810    2043
    3776  3  3     1767    2043    1855
    3777  3  3     1810    1913    2044
    3778  3  3     1810    2044    2043
    3779  3  3     1856    1855    2045
    3780  3  3     2045    1855    2043
    3781  3  3     1885    1884    2046
    3782  3  3     2046    1884    2035
    3783  3  3     1924    1842    2047
    3784  3  3     2047    1842    1892
    3785  3  3     1873    1807    2048
    3786  3  3     2048    1807    1874
    3787  3  3     1936    1844    2049
    3788  3  3     2049    1844    1881
    3789  3  3     1806    1893    2050
    3790  3  3     1806    2050    1879
    3791  3  3     1935    1879    2051
    3792  3  3     2051    1879    2050
    3793  3  3     1820    1914    2052
    3794  3  3     1820    2052    1890
    3795  3  3     1862    1783    2053
    3796  3  3     2053    1783    1878
    3797  3  3     1891    1813    2054
    3798  3  3     2054    1813    1885
    3799  3  3     1892    1891    2055
    3800  3  3     2055    1891    2054
    3801  3  3     1912    1911    2056
    3802  3  3     2056    1911    2019
    3803  3  3     1850    1934    2057
    3804  3  3     1850    2057    1906
    3805  3  3     1910    1846    2058
    3806  3  3     1910    2058    2029
    3807  3  3     1846    1926    2059
    3808  3  3     1846    2059    2058
    3809  3  3     1893    1826    2060
    3810  3  3     2060    1826    1894
    3811  3  3     1768    1819    2061
    3812  3  3     2061    1819    1890
    3813  3  3     1871    1768    2062
    3814  3  3     2062    1768    2061
    3815  3  3     1830    1867    2063
    3816  3  3     1830    2063    1889
    3817  3  3     1867    1868    2064
    3818  3  3     1867    2064    2063
    3819  3  3     1868    1896    2065
    3820  3  3     1868    2065    2064
    3821  3  3     1896    1897    2066
    3822  3  3     1896    2066    2065
    3823  3  3     1874    1776    2067
    3824  3  3     2067    1776    1883
    3825  3  3     1775    1902    2068
    3826  3  3     1775    2068    1887
    3827  3  3     1888    1887    2069
    3828  3  3     2069    1887    2068
    3829  3  3     1930    1931    2070
    3830  3  3     2070    1931    2020
    3831  3  3     1919    1918    2071
    3832  3  3     2071    1918    2027
    3833  3  3     1895    1858    2072
    3834  3  3     2072    1858    2073
    3835  3  3     2073    1858    1851
    3836  3  3     1851    1821    2074
    3837  3  3     1851    2074    2073
    3838  3  3     1821    1904    2075
    3839  3  3     1821    2075    2074
    3840  3  3     1904    1905    2076
    3841  3  3     1904    2076    2075
    3842  3  3     1905    1906    2077
    3843  3  3     1905    2077    2076
    3844  3  3     1908    1937    2078
    3845  3  3     1908    2078    2079
    3846  3  3     1908    2079    1897
    3847  3  3     1916    1917    2080
    3848  3  3     1916    2080    2081
    3849  3  3     1916    2081    2022
    3850  3  3     1921    1920    2082
    3851  3  3     2082    1920    2083
    3852  3  3     2083    1920    2038
    3853  3  3     1926    1927    2084
    3854  3  3     1926    2084    2085
    3855  3  3     1926    2085    2059
    3856  3  3     1922    1923    2086
    3857  3  3     1922    2086    2087
    3858  3  3     1922    2087    2037
    3859  3  3     1929    1928    2088
    3860  3  3     2088    1928    2089
    3861  3  3     2089    1928    2030
    3862  3  3     1937    1936    2090
    3863  3  3     1937    2090    2091
    3864  3  3     1937    2091    2078
    3865  3  3     1925    1924    2092
    3866  3  3     2092    1924    2093
    3867  3  3     2093    1924    2047
    3868  3  3     1932    1933    2094
    3869  3  3     1932    2094    2095
    3870  3  3     1932    2095    2036
    3871  3  3     1934    1935    2096
    3872  3  3     2096    1935    2097
    3873  3  3     2097    1935    2051
    3874  3  3     1897    2079    2066
    3875  3  3     1852    2032    2013
    3876  3  3     1857    2025    2010
    3877  3  3     2008    1912    2056
    3878  3  3     1871    2062    2017
    3879  3  3     2083    2038    2039
    3880  3  3     2034    1875    2098
    3881  3  3     2098    1875    2017
    3882  3  3     1873    2048    2099
    3883  3  3     1873    2099    2005
    3884  3  3     2011    1872    2100
    3885  3  3     2100    1872    2036
    3886  3  3     2036    2095    2100
    3887  3  3     1898    2008    2101
    3888  3  3     1898    2101    2016
    3889  3  3     1917    2010    2102
    3890  3  3     1917    2102    2080
    3891  3  3     2053    1878    2103
    3892  3  3     2103    1878    2009
    3893  3  3     1919    2071    2104
    3894  3  3     1919    2104    2018
    3895  3  3     2015    1895    2105
    3896  3  3     2105    1895    2072
    3897  3  3     2014    1861    2106
    3898  3  3     2106    1861    2011
    3899  3  3     2039    1889    2107
    3900  3  3     2107    1889    2063
    3901  3  3     1907    2040    2108
    3902  3  3     1907    2108    2031
    3903  3  3     2043    2044    2109
    3904  3  3     2043    2109    2045
    3905  3  3     2068    1902    2110
    3906  3  3     2110    1902    2006
    3907  3  3     2047    1892    2111
    3908  3  3     2111    1892    2055
    3909  3  3     2093    2047    2112
    3910  3  3     2112    2047    2111
    3911  3  3     1906    2057    2113
    3912  3  3     1906    2113    2077
    3913  3  3     2025    2026    2114
    3914  3  3     2025    2114    2010
    3915  3  3     2020    1921    2115
    3916  3  3     2115    1921    2082
    3917  3  3     1888    2069    2116
    3918  3  3     1888    2116    2012
    3919  3  3     1854    2005    2117
    3920  3  3     1854    2117    2030
    3921  3  3     2089    2030    2118
    3922  3  3     2118    2030    2117
    3923  3  3     2048    1874    2119
    3924  3  3     2119    1874    2067
    3925  3  3     1925    2092    2120
    3926  3  3     1925    2120    2009
    3927  3  3     2006    1870    2121
    3928  3  3     2006    2121    2110
    3929  3  3     1870    2037    2121
    3930  3  3     2037    2087    2122
    3931  3  3     2037    2122    2121
    3932  3  3     2090    1936    2123
    3933  3  3     2123    1936    2049
    3934  3  3     1885    2046    2124
    3935  3  3     1885    2124    2054
    3936  3  3     2055    2054    2125
    3937  3  3     2125    2054    2124
    3938  3  3     1881    2042    2126
    3939  3  3     1881    2126    2049
    3940  3  3     1927    2016    2127
    3941  3  3     1927    2127    2084
    3942  3  3     1890    2052    2128
    3943  3  3     1890    2128    2061
    3944  3  3     2062    2061    2129
    3945  3  3     2129    2061    2128
    3946  3  3     2057    1934    2130
    3947  3  3     2130    1934    2096
    3948  3  3     1883    2031    2131
    3949  3  3     1883    2131    2067
    3950  3  3     2063    2064    2132
    3951  3  3     2063    2132    2107
    3952  3  3     2064    2065    2133
    3953  3  3     2064    2133    2132
    3954  3  3     2065    2066    2133
    3955  3  3     2044    1913    2134
    3956  3  3     2134    1913    2007
    3957  3  3     2007    2014    2135
    3958  3  3     2007    2135    2134
    3959  3  3     1893    2060    2136
    3960  3  3     1893    2136    2050
    3961  3  3     2051    2050    2137
    3962  3  3     2137    2050    2136
    3963  3  3     2097    2051    2138
    3964  3  3     2138    2051    2137
    3965  3  3     1894    2034    2139
    3966  3  3     1894    2139    2060
    3967  3  3     2041    1856    2140
    3968  3  3     2140    1856    2045
    3969  3  3     2042    2041    2141
    3970  3  3     2141    2041    2140
    3971  3  3     2056    2019    2142
    3972  3  3     2142    2019    2023
    3973  3  3     2023    2024    2143
    3974  3  3     2023    2143    2142
    3975  3  3     2021    2012    2144
    3976  3  3     2144    2012    2116
    3977  3  3     2033    2021    2145
    3978  3  3     2145    2021    2144
    3979  3  3     2024    1915    2146
    3980  3  3     2024    2146    2143
    3981  3  3     1915    2022    2146
    3982  3  3     2022    2081    2147
    3983  3  3     2022    2147    2146
    3984  3  3     1914    2018    2148
    3985  3  3     1914    2148    2052
    3986  3  3     2094    1933    2149
    3987  3  3     2149    1933    2033
    3988  3  3     1929    2088    2150
    3989  3  3     1929    2150    2026
    3990  3  3     2071    2027    2151
    3991  3  3     2151    2027    2028
    3992  3  3     2028    2029    2152
    3993  3  3     2028    2152    2151
    3994  3  3     2029    2058    2153
    3995  3  3     2029    2153    2152
    3996  3  3     2058    2059    2154
    3997  3  3     2058    2154    2153
    3998  3  3     2059    2085    2154
    3999  3  3     1923    2015    2155
    4000  3  3     2155    2015    2105
    4001  3  3     2086    1923    2156
    4002  3  3     2156    1923    2155
    4003  3  3     2032    1930    2157
    4004  3  3     2157    1930    2070
    4005  3  3     2069    2068    2158
    4006  3  3     2158    2068    2110
    4007  3  3     2040    1886    2159
    4008  3  3     2159    1886    1862
    4009  3  3     1862    2053    2160
    4010  3  3     1862    2160    2159
    4011  3  3     2081    2080    2161
    4012  3  3     2161    2080    2102
    4013  3  3     2072    2073    2162
    4014  3  3     2072    2162    2105
    4015  3  3     2073    2074    2163
    4016  3  3     2073    2163    2162
    4017  3  3     2074    2075    2163
    4018  3  3     2075    2076    2164
    4019  3  3     2075    2164    2163
    4020  3  3     2076    2077    2165
    4021  3  3     2076    2165    2164
    4022  3  3     2079    2078    2166
    4023  3  3     2166    2078    2091
    4024  3  3     2035    2013    2167
    4025  3  3     2167    2013    2032
    4026  3  3     2046    2035    2168
    4027  3  3     2168    2035    2167
    4028  3  3     2087    2086    2169
    4029  3  3     2169    2086    2170
    4030  3  3     2170    2086    2156
    4031  3  3     2070    2020    2171
    4032  3  3     2171    2020    2172
    4033  3  3     2172    2020    2115
    4034  3  3     2085    2084    2173
    4035  3  3     2173    2084    2174
    4036  3  3     2174    2084    2127
    4037  3  3     2082    2083    2175
    4038  3  3     2082    2175    2176
    4039  3  3     2082    2176    2115
    4040  3  3     2092    2093    2177
    4041  3  3     2092    2177    2178
    4042  3  3     2092    2178    2120
    4043  3  3     2091    2090    2179
    4044  3  3     2179    2090    2180
    4045  3  3     2180    2090    2123
    4046  3  3     2088    2089    2181
    4047  3  3     2088    2181    2182
    4048  3  3     2088    2182    2150
    4049  3  3     2095    2094    2183
    4050  3  3     2183    2094    2184
    4051  3  3     2184    2094    2149
    4052  3  3     2096    2097    2185
    4053  3  3     2096    2185    2186
    4054  3  3     2096    2186    2130
    4055  3  3     1749    1989    2187
    4056  3  3     1749    2187    1970
    4057  3  3     1730    1974    2188
    4058  3  3     1730    2188    1959
    4059  3  3     1961    1710    2189
    4060  3  3     2189    1710    1939
    4061  3  3     1713    1944    2190
    4062  3  3     1713    2190    1940
    4063  3  3     1976    1733    2191
    4064  3  3     2191    1733    1955
    4065  3  3     1955    1956    2192
    4066  3  3     1955    2192    2191
    4067  3  3     1956    1957    2193
    4068  3  3     1956    2193    2192
    4069  3  3     1957    1969    2194
    4070  3  3     1957    2194    2193
    4071  3  3     1962    1961    2195
    4072  3  3     2195    1961    2189
    4073  3  3     1711    1949    2196
    4074  3  3     1711    2196    1946
    4075  3  3     1971    1970    2197
    4076  3  3     2197    1970    2187
    4077  3  3     1707    1962    2198
    4078  3  3     1707    2198    1966
    4079  3  3     1709    1966    2199
    4080  3  3     1709    2199    1949
    4081  3  3     1743    1978    2200
    4082  3  3     1743    2200    1950
    4083  3  3     1764    2002    2201
    4084  3  3     1764    2201    1943
    4085  3  3     1944    1943    2202
    4086  3  3     2202    1943    2201
    4087  3  3     1939    1965    2203
    4088  3  3     1939    2203    2189
    4089  3  3     2003    1765    2204
    4090  3  3     2204    1765    1946
    4091  3  3     1952    1727    2205
    4092  3  3     2205    1727    1941
    4093  3  3     1751    1971    2206
    4094  3  3     1751    2206    1972
    4095  3  3     1969    2004    2207
    4096  3  3     1969    2207    2194
    4097  3  3     1942    1720    2208
    4098  3  3     2208    1720    1950
    4099  3  3     1954    1942    2209
    4100  3  3     2209    1942    2208
    4101  3  3     1704    1960    2210
    4102  3  3     1704    2210    1941
    4103  3  3     1718    1945    2211
    4104  3  3     1718    2211    1953
    4105  3  3     1947    1723    2212
    4106  3  3     2212    1723    1954
    4107  3  3     1958    1947    2213
    4108  3  3     2213    1947    2212
    4109  3  3     1948    1722    2214
    4110  3  3     2214    1722    1951
    4111  3  3     1991    1948    2215
    4112  3  3     2215    1948    2214
    4113  3  3     1951    1952    2216
    4114  3  3     1951    2216    2214
    4115  3  3     1726    1959    2217
    4116  3  3     1726    2217    1968
    4117  3  3     1938    1963    2218
    4118  3  3     1938    2218    1945
    4119  3  3     1963    1964    2219
    4120  3  3     1963    2219    2218
    4121  3  3     1964    1973    2220
    4122  3  3     1964    2220    2219
    4123  3  3     1965    1734    2221
    4124  3  3     2221    1734    1940
    4125  3  3     1960    1728    2222
    4126  3  3     2222    1728    1953
    4127  3  3     1987    1746    2223
    4128  3  3     2223    1746    1967
    4129  3  3     1967    1968    2224
    4130  3  3     1967    2224    2223
    4131  3  3     1748    1958    2225
    4132  3  3     2225    1958    2213
    4133  3  3     1988    1748    2226
    4134  3  3     2226    1748    2225
    4135  3  3     1974    1975    2227
    4136  3  3     1974    2227    2188
    4137  3  3     1975    1976    2228
    4138  3  3     1975    2228    2227
    4139  3  3     1989    1988    2229
    4140  3  3     2229    1988    2230
    4141  3  3     2230    1988    2226
    4142  3  3     1973    1972    2231
    4143  3  3     2231    1972    2232
    4144  3  3     2232    1972    2206
    4145  3  3     1986    1987    2233
    4146  3  3     2233    1987    2234
    4147  3  3     2234    1987    2223
    4148  3  3     1985    1986    2235
    4149  3  3     2235    1986    2233
    4150  3  3     1984    1985    2236
    4151  3  3     2236    1985    2235
    4152  3  3     1983    1984    2237
    4153  3  3     2237    1984    2236
    4154  3  3     1982    1983    2238
    4155  3  3     2238    1983    2237
    4156  3  3     1981    1982    2239
    4157  3  3     2239    1982    2238
    4158  3  3     1980    1981    2240
    4159  3  3     2240    1981    2239
    4160  3  3     1979    1980    2241
    4161  3  3     2241    1980    2240
    4162  3  3     1977    1979    2242
    4163  3  3     2242    1979    2241
    4164  3  3     1978    1977    2243
    4165  3  3     2243    1977    2242
    4166  3  3     1995    1994    2244
    4167  3  3     2244    1994    2245
    4168  3  3     2245    1994    1993
    4169  3  3     1993    1992    2246
    4170  3  3     1993    2246    2245
    4171  3  3     1996    1995    2247
    4172  3  3     2247    1995    2244
    4173  3  3     1997    1996    2248
    4174  3  3     2248    1996    2247
    4175  3  3     1998    1997    2249
    4176  3  3     2249    1997    2248
    4177  3  3     1999    1998    2250
    4178  3  3     2250    1998    2249
    4179  3  3     2000    1999    2251
    4180  3  3     2251    1999    2250
    4181  3  3     2001    2000    2252
    4182  3  3     2252    2000    2251
    4183  3  3     2002    2001    2253
    4184  3  3     2253    2001    2252
    4185  3  3     1992    1990    2254
    4186  3  3     1992    2254    2246
    4187  3  3     1990    1991    2255
    4188  3  3     1990    2255    2254
    4189  3  3     2004    2003    2256
    4190  3  3     2004    2256    2257
    4191  3  3     2004    2257    2207
    4192  3  3     2167    2032    2157
    4193  3  3     2102    2010    2114
    4194  3  3     2044    2134    2109
    4195  3  3     2034    2098    2258
    4196  3  3     2034    2258    2139
    4197  3  3     2172    2115    2259
    4198  3  3     2259    2115    2176
    4199  3  3     2033    2145    2260
    4200  3  3     2033    2260    2149
    4201  3  3     2099    2048    2261
    4202  3  3     2261    2048    2119
    4203  3  3     2079    2166    2262
    4204  3  3     2079    2262    2066
    4205  3  3     2133    2066    2262
    4206  3  3     2114    2026    2263
    4207  3  3     2263    2026    2150
    4208  3  3     2106    2011    2264
    4209  3  3     2264    2011    2100
    4210  3  3     2131    2031    2265
    4211  3  3     2265    2031    2108
    4212  3  3     2053    2103    2266
    4213  3  3     2053    2266    2160
    4214  3  3     2116    2069    2267
    4215  3  3     2267    2069    2158
    4216  3  3     2144    2116    2268
    4217  3  3     2268    2116    2267
    4218  3  3     2145    2144    2269
    4219  3  3     2269    2144    2268
    4220  3  3     2103    2009    2270
    4221  3  3     2270    2009    2120
    4222  3  3     2120    2178    2271
    4223  3  3     2120    2271    2270
    4224  3  3     2005    2099    2272
    4225  3  3     2005    2272    2117
    4226  3  3     2118    2117    2272
    4227  3  3     2158    2110    2273
    4228  3  3     2273    2110    2121
    4229  3  3     2121    2122    2274
    4230  3  3     2121    2274    2273
    4231  3  3     2042    2141    2275
    4232  3  3     2042    2275    2126
    4233  3  3     2040    2159    2276
    4234  3  3     2040    2276    2108
    4235  3  3     2077    2113    2277
    4236  3  3     2077    2277    2165
    4237  3  3     2016    2101    2278
    4238  3  3     2016    2278    2127
    4239  3  3     2174    2127    2279
    4240  3  3     2279    2127    2278
    4241  3  3     2147    2081    2280
    4242  3  3     2280    2081    2161
    4243  3  3     2184    2149    2281
    4244  3  3     2281    2149    2260
    4245  3  3     2181    2089    2282
    4246  3  3     2282    2089    2118
    4247  3  3     2111    2055    2283
    4248  3  3     2283    2055    2125
    4249  3  3     2112    2111    2284
    4250  3  3     2284    2111    2283
    4251  3  3     2150    2182    2285
    4252  3  3     2150    2285    2263
    4253  3  3     2140    2045    2286
    4254  3  3     2286    2045    2109
    4255  3  3     2141    2140    2287
    4256  3  3     2287    2140    2286
    4257  3  3     2049    2126    2288
    4258  3  3     2049    2288    2123
    4259  3  3     2180    2123    2289
    4260  3  3     2289    2123    2288
    4261  3  3     2185    2097    2290
    4262  3  3     2290    2097    2138
    4263  3  3     2135    2014    2291
    4264  3  3     2291    2014    2106
    4265  3  3     2008    2056    2292
    4266  3  3     2008    2292    2101
    4267  3  3     2056    2142    2293
    4268  3  3     2056    2293    2292
    4269  3  3     2142    2143    2294
    4270  3  3     2142    2294    2293
    4271  3  3     2124    2046    2295
    4272  3  3     2295    2046    2168
    4273  3  3     2125    2124    2296
    4274  3  3     2296    2124    2295
    4275  3  3     2052    2148    2297
    4276  3  3     2052    2297    2128
    4277  3  3     2129    2128    2298
    4278  3  3     2298    2128    2297
    4279  3  3     2093    2112    2299
    4280  3  3     2093    2299    2177
    4281  3  3     2148    2018    2300
    4282  3  3     2300    2018    2104
    4283  3  3     2100    2095    2301
    4284  3  3     2100    2301    2264
    4285  3  3     2095    2183    2302
    4286  3  3     2095    2302    2301
    4287  3  3     2113    2057    2303
    4288  3  3     2303    2057    2130
    4289  3  3     2130    2186    2304
    4290  3  3     2130    2304    2303
    4291  3  3     2098    2017    2305
    4292  3  3     2305    2017    2062
    4293  3  3     2062    2129    2306
    4294  3  3     2062    2306    2305
    4295  3  3     2163    2164    2307
    4296  3  3     2163    2307    2162
    4297  3  3     2164    2165    2308
    4298  3  3     2164    2308    2307
    4299  3  3     2105    2162    2309
    4300  3  3     2309    2162    2307
    4301  3  3     2155    2105    2310
    4302  3  3     2310    2105    2309
    4303  3  3     2156    2155    2311
    4304  3  3     2311    2155    2310
    4305  3  3     2170    2156    2312
    4306  3  3     2312    2156    2311
    4307  3  3     2122    2087    2313
    4308  3  3     2313    2087    2169
    4309  3  3     2104    2071    2314
    4310  3  3     2314    2071    2151
    4311  3  3     2159    2160    2315
    4312  3  3     2159    2315    2276
    4313  3  3     2143    2146    2316
    4314  3  3     2143    2316    2294
    4315  3  3     2146    2147    2316
    4316  3  3     2136    2060    2317
    4317  3  3     2317    2060    2139
    4318  3  3     2137    2136    2318
    4319  3  3     2318    2136    2317
    4320  3  3     2138    2137    2319
    4321  3  3     2319    2137    2318
    4322  3  3     2151    2152    2320
    4323  3  3     2151    2320    2314
    4324  3  3     2152    2153    2321
    4325  3  3     2152    2321    2320
    4326  3  3     2153    2154    2322
    4327  3  3     2153    2322    2321
    4328  3  3     2083    2039    2323
    4329  3  3     2323    2039    2107
    4330  3  3     2175    2083    2324
    4331  3  3     2324    2083    2323
    4332  3  3     2107    2132    2325
    4333  3  3     2107    2325    2323
    4334  3  3     2132    2133    2326
    4335  3  3     2132    2326    2325
    4336  3  3     2067    2131    2327
    4337  3  3     2067    2327    2119
    4338  3  3     2161    2102    2328
    4339  3  3     2328    2102    2114
    4340  3  3     2171    2172    2329
    4341  3  3     2329    2172    2259
    4342  3  3     2154    2085    2330
    4343  3  3     2154    2330    2322
    4344  3  3     2085    2173    2331
    4345  3  3     2085    2331    2330
    4346  3  3     2134    2135    2332
    4347  3  3     2134    2332    2109
    4348  3  3     2168    2167    2333
    4349  3  3     2333    2167    2157
    4350  3  3     2157    2070    2334
    4351  3  3     2157    2334    2333
    4352  3  3     2070    2171    2335
    4353  3  3     2070    2335    2334
    4354  3  3     2091    2179    2336
    4355  3  3     2091    2336    2337
    4356  3  3     2091    2337    2166
    4357  3  3     2176    2175    2338
    4358  3  3     2338    2175    2339
    4359  3  3     2339    2175    2324
    4360  3  3     2173    2174    2340
    4361  3  3     2173    2340    2341
    4362  3  3     2173    2341    2331
    4363  3  3     2169    2170    2342
    4364  3  3     2342    2170    2343
    4365  3  3     2343    2170    2312
    4366  3  3     2183    2184    2344
    4367  3  3     2183    2344    2345
    4368  3  3     2183    2345    2302
    4369  3  3     2182    2181    2346
    4370  3  3     2182    2346    2347
    4371  3  3     2182    2347    2285
    4372  3  3     2178    2177    2348
    4373  3  3     2348    2177    2349
    4374  3  3     2349    2177    2299
    4375  3  3     2179    2180    2350
    4376  3  3     2179    2350    2351
    4377  3  3     2179    2351    2336
    4378  3  3     2186    2185    2352
    4379  3  3     2186    2352    2353
    4380  3  3     2186    2353    2304
    4381  3  3     2109    2332    2286
    4382  3  3     2114    2263    2354
    4383  3  3     2114    2354    2328
    4384  3  3     2160    2266    2315
    4385  3  3     2108    2276    2265
    4386  3  3     2133    2262    2355
    4387  3  3     2133    2355    2326
    4388  3  3     2306    2129    2356
    4389  3  3     2356    2129    2298
    4390  3  3     2274    2122    2357
    4391  3  3     2357    2122    2313
    4392  3  3     2119    2327    2358
    4393  3  3     2119    2358    2261
    4394  3  3     2313    2169    2359
    4395  3  3     2359    2169    2342
    4396  3  3     2099    2261    2360
    4397  3  3     2099    2360    2272
    4398  3  3     2145    2269    2361
    4399  3  3     2145    2361    2260
    4400  3  3     2344    2184    2362
    4401  3  3     2362    2184    2281
    4402  3  3     2317    2139    2363
    4403  3  3     2363    2139    2258
    4404  3  3     2258    2098    2364
    4405  3  3     2364    2098    2305
    4406  3  3     2305    2306    2365
    4407  3  3     2305    2365    2364
    4408  3  3     2332    2135    2366
    4409  3  3     2366    2135    2291
    4410  3  3     2263    2285    2367
    4411  3  3     2263    2367    2354
    4412  3  3     2285    2347    2368
    4413  3  3     2285    2368    2367
    4414  3  3     2113    2303    2369
    4415  3  3     2113    2369    2277
    4416  3  3     2281    2260    2370
    4417  3  3     2370    2260    2361
    4418  3  3     2131    2265    2371
    4419  3  3     2131    2371    2327
    4420  3  3     2171    2329    2372
    4421  3  3     2171    2372    2335
    4422  3  3     2266    2103    2373
    4423  3  3     2373    2103    2270
    4424  3  3     2270    2271    2374
    4425  3  3     2270    2374    2373
    4426  3  3     2287    2286    2375
    4427  3  3     2375    2286    2332
    4428  3  3     2138    2319    2376
    4429  3  3     2138    2376    2290
    4430  3  3     2346    2181    2377
    4431  3  3     2377    2181    2282
    4432  3  3     2168    2333    2378
    4433  3  3     2168    2378    2295
    4434  3  3     2296    2295    2379
    4435  3  3     2379    2295    2378
    4436  3  3     2259    2176    2380
    4437  3  3     2380    2176    2338
    4438  3  3     2350    2180    2381
    4439  3  3     2381    2180    2289
    4440  3  3     2352    2185    2382
    4441  3  3     2382    2185    2290
    4442  3  3     2126    2275    2383
    4443  3  3     2126    2383    2288
    4444  3  3     2289    2288    2384
    4445  3  3     2384    2288    2383
    4446  3  3     2299    2112    2385
    4447  3  3     2385    2112    2284
    4448  3  3     2174    2279    2386
    4449  3  3     2174    2386    2340
    4450  3  3     2178    2348    2387
    4451  3  3     2178    2387    2271
    4452  3  3     2166    2337    2388
    4453  3  3     2166    2388    2262
    4454  3  3     2349    2299    2389
    4455  3  3     2389    2299    2385
    4456  3  3     2283    2125    2390
    4457  3  3     2390    2125    2296
    4458  3  3     2284    2283    2391
    4459  3  3     2391    2283    2390
    4460  3  3     2106    2264    2392
    4461  3  3     2106    2392    2291
    4462  3  3     2165    2277    2393
    4463  3  3     2165    2393    2308
    4464  3  3     2276    2315    2394
    4465  3  3     2276    2394    2265
    4466  3  3     2101    2292    2395
    4467  3  3     2101    2395    2278
    4468  3  3     2279    2278    2396
    4469  3  3     2396    2278    2395
    4470  3  3     2292    2293    2397
    4471  3  3     2292    2397    2395
    4472  3  3     2293    2294    2397
    4473  3  3     2267    2158    2398
    4474  3  3     2398    2158    2273
    4475  3  3     2273    2274    2399
    4476  3  3     2273    2399    2398
    4477  3  3     2268    2267    2400
    4478  3  3     2400    2267    2398
    4479  3  3     2269    2268    2401
    4480  3  3     2401    2268    2400
    4481  3  3     2323    2325    2402
    4482  3  3     2323    2402    2324
    4483  3  3     2339    2324    2403
    4484  3  3     2403    2324    2402
    4485  3  3     2316    2147    2404
    4486  3  3     2404    2147    2280
    4487  3  3     2303    2304    2405
    4488  3  3     2303    2405    2369
    4489  3  3     2304    2353    2406
    4490  3  3     2304    2406    2405
    4491  3  3     2148    2300    2407
    4492  3  3     2148    2407    2297
    4493  3  3     2298    2297    2408
    4494  3  3     2408    2297    2407
    4495  3  3     2294    2316    2409
    4496  3  3     2294    2409    2397
    4497  3  3     2275    2141    2410
    4498  3  3     2410    2141    2287
    4499  3  3     2318    2317    2411
    4500  3  3     2411    2317    2363
    4501  3  3     2319    2318    2412
    4502  3  3     2412    2318    2411
    4503  3  3     2329    2259    2413
    4504  3  3     2413    2259    2380
    4505  3  3     2307    2308    2414
    4506  3  3     2307    2414    2415
    4507  3  3     2307    2415    2309
    4508  3  3     2310    2309    2416
    4509  3  3     2416    2309    2415
    4510  3  3     2311    2310    2416
    4511  3  3     2312    2311    2417
    4512  3  3     2417    2311    2416
    4513  3  3     2343    2312    2418
    4514  3  3     2418    2312    2417
    4515  3  3     2325    2326    2419
    4516  3  3     2325    2419    2402
    4517  3  3     2118    2272    2420
    4518  3  3     2118    2420    2282
    4519  3  3     2333    2334    2421
    4520  3  3     2421    2334    2335
    4521  3  3     2300    2104    2422
    4522  3  3     2422    2104    2314
    4523  3  3     2314    2320    2423
    4524  3  3     2314    2423    2422
    4525  3  3     2320    2321    2424
    4526  3  3     2320    2424    2425
    4527  3  3     2320    2425    2423
    4528  3  3     2321    2322    2426
    4529  3  3     2321    2426    2424
    4530  3  3     2322    2330    2427
    4531  3  3     2322    2427    2426
    4532  3  3     2330    2331    2428
    4533  3  3     2330    2428    2427
    4534  3  3     2331    2341    2429
    4535  3  3     2331    2429    2428
    4536  3  3     2264    2301    2430
    4537  3  3     2264    2430    2392
    4538  3  3     2301    2302    2431
    4539  3  3     2301    2431    2430
    4540  3  3     2302    2345    2432
    4541  3  3     2302    2432    2431
    4542  3  3     2342    2343    2433
    4543  3  3     2342    2433    2359
    4544  3  3     2345    2344    2434
    4545  3  3     2434    2344    2435
    4546  3  3     2435    2344    2362
    4547  3  3     2280    2161    2436
    4548  3  3     2436    2161    2437
    4549  3  3     2437    2161    2328
    4550  3  3     2337    2336    2438
    4551  3  3     2438    2336    2439
    4552  3  3     2439    2336    2351
    4553  3  3     2351    2350    2440
    4554  3  3     2351    2440    2439
    4555  3  3     2341    2340    2441
    4556  3  3     2441    2340    2442
    4557  3  3     2442    2340    2386
    4558  3  3     2338    2339    2443
    4559  3  3     2338    2443    2444
    4560  3  3     2338    2444    2380
    4561  3  3     2348    2349    2445
    4562  3  3     2445    2349    2446
    4563  3  3     2446    2349    2389
    4564  3  3     2347    2346    2447
    4565  3  3     2447    2346    2448
    4566  3  3     2448    2346    2377
    4567  3  3     2353    2352    2449
    4568  3  3     2449    2352    2450
    4569  3  3     2450    2352    2382
    4570  3  3     2190    1944    2451
    4571  3  3     2451    1944    2202
    4572  3  3     2220    1973    2452
    4573  3  3     2452    1973    2231
    4574  3  3     2217    1959    2453
    4575  3  3     2453    1959    2188
    4576  3  3     1952    2205    2454
    4577  3  3     1952    2454    2216
    4578  3  3     1946    2196    2455
    4579  3  3     1946    2455    2204
    4580  3  3     2215    2214    2456
    4581  3  3     2456    2214    2216
    4582  3  3     2228    1976    2457
    4583  3  3     2457    1976    2191
    4584  3  3     2200    1978    2458
    4585  3  3     2458    1978    2243
    4586  3  3     2187    1989    2459
    4587  3  3     2459    1989    2229
    4588  3  3     2197    2187    2460
    4589  3  3     2460    2187    2459
    4590  3  3     2195    2189    2461
    4591  3  3     2461    2189    2203
    4592  3  3     1949    2199    2462
    4593  3  3     1949    2462    2196
    4594  3  3     2256    2003    2463
    4595  3  3     2463    2003    2204
    4596  3  3     2255    1991    2464
    4597  3  3     2464    1991    2215
    4598  3  3     2191    2192    2465
    4599  3  3     2191    2465    2457
    4600  3  3     2002    2253    2466
    4601  3  3     2002    2466    2201
    4602  3  3     2202    2201    2467
    4603  3  3     2467    2201    2466
    4604  3  3     2208    1950    2468
    4605  3  3     2468    1950    2200
    4606  3  3     2192    2193    2469
    4607  3  3     2192    2469    2465
    4608  3  3     2193    2194    2470
    4609  3  3     2193    2470    2469
    4610  3  3     2194    2207    2471
    4611  3  3     2194    2471    2470
    4612  3  3     2207    2257    2472
    4613  3  3     2207    2472    2471
    4614  3  3     2209    2208    2473
    4615  3  3     2473    2208    2468
    4616  3  3     1945    2218    2474
    4617  3  3     1945    2474    2211
    4618  3  3     2212    1954    2475
    4619  3  3     2475    1954    2209
    4620  3  3     1968    2217    2476
    4621  3  3     1968    2476    2224
    4622  3  3     1940    2190    2477
    4623  3  3     1940    2477    2221
    4624  3  3     1953    2211    2478
    4625  3  3     1953    2478    2222
    4626  3  3     1962    2195    2479
    4627  3  3     1962    2479    2198
    4628  3  3     2213    2212    2480
    4629  3  3     2480    2212    2475
    4630  3  3     2225    2213    2481
    4631  3  3     2481    2213    2480
    4632  3  3     2188    2227    2482
    4633  3  3     2188    2482    2453
    4634  3  3     2226    2225    2483
    4635  3  3     2483    2225    2481
    4636  3  3     2230    2226    2484
    4637  3  3     2484    2226    2483
    4638  3  3     2223    2224    2485
    4639  3  3     2223    2485    2234
    4640  3  3     2210    1960    2486
    4641  3  3     2486    1960    2222
    4642  3  3     1965    2221    2487
    4643  3  3     1965    2487    2203
    4644  3  3     2206    1971    2488
    4645  3  3     2488    1971    2197
    4646  3  3     2232    2206    2489
    4647  3  3     2489    2206    2488
    4648  3  3     1966    2198    2490
    4649  3  3     1966    2490    2199
    4650  3  3     2218    2219    2491
    4651  3  3     2218    2491    2474
    4652  3  3     2219    2220    2492
    4653  3  3     2219    2492    2491
    4654  3  3     2227    2228    2493
    4655  3  3     2227    2493    2482
    4656  3  3     2205    1941    2494
    4657  3  3     2494    1941    2210
    4658  3  3     2231    2232    2495
    4659  3  3     2231    2495    2496
    4660  3  3     2231    2496    2452
    4661  3  3     2229    2230    2497
    4662  3  3     2229    2497    2498
    4663  3  3     2229    2498    2459
    4664  3  3     2245    2246    2499
    4665  3  3     2245    2499    2500
    4666  3  3     2245    2500    2244
    4667  3  3     2247    2244    2501
    4668  3  3     2501    2244    2500
    4669  3  3     2248    2247    2502
    4670  3  3     2502    2247    2501
    4671  3  3     2249    2248    2503
    4672  3  3     2503    2248    2502
    4673  3  3     2246    2254    2504
    4674  3  3     2246    2504    2499
    4675  3  3     2250    2249    2505
    4676  3  3     2505    2249    2503
    4677  3  3     2251    2250    2506
    4678  3  3     2506    2250    2505
    4679  3  3     2252    2251    2507
    4680  3  3     2507    2251    2506
    4681  3  3     2253    2252    2508
    4682  3  3     2508    2252    2507
    4683  3  3     2254    2255    2509
    4684  3  3     2254    2509    2504
    4685  3  3     2233    2234    2510
    4686  3  3     2233    2510    2511
    4687  3  3     2233    2511    2235
    4688  3  3     2236    2235    2512
    4689  3  3     2512    2235    2511
    4690  3  3     2237    2236    2513
    4691  3  3     2513    2236    2512
    4692  3  3     2238    2237    2514
    4693  3  3     2514    2237    2513
    4694  3  3     2239    2238    2515
    4695  3  3     2515    2238    2514
    4696  3  3     2240    2239    2516
    4697  3  3     2516    2239    2515
    4698  3  3     2241    2240    2517
    4699  3  3     2517    2240    2516
    4700  3  3     2242    2241    2518
    4701  3  3     2518    2241    2517
    4702  3  3     2243    2242    2519
    4703  3  3     2519    2242    2518
    4704  3  3     2257    2256    2520
    4705  3  3     2257    2520    2521
    4706  3  3     2257    2521    2472
    4707  3  3     2262    2388    2355
    4708  3  3     2399    2274    2357
    4709  3  3     2306    2356    2365
    4710  3  3     2420    2272    2522
    4711  3  3     2522    2272    2360
    4712  3  3     2281    2370    2523
    4713  3  3     2281    2523    2362
    4714  3  3     2356    2298    2524
    4715  3  3     2524    2298    2408
    4716  3  3     2378    2333    2525
    4717  3  3     2525    2333    2421
    4718  3  3     2379    2378    2525
    4719  3  3     2435    2362    2526
    4720  3  3     2526    2362    2523
    4721  3  3     2395    2397    2527
    4722  3  3     2395    2527    2396
    4723  3  3     2397    2409    2528
    4724  3  3     2397    2528    2527
    4725  3  3     2335    2372    2529
    4726  3  3     2335    2529    2421
    4727  3  3     2337    2438    2530
    4728  3  3     2337    2530    2388
    4729  3  3     2371    2265    2531
    4730  3  3     2531    2265    2394
    4731  3  3     2380    2444    2532
    4732  3  3     2380    2532    2413
    4733  3  3     2437    2328    2533
    4734  3  3     2533    2328    2354
    4735  3  3     2354    2367    2533
    4736  3  3     2367    2368    2534
    4737  3  3     2367    2534    2533
    4738  3  3     2443    2339    2535
    4739  3  3     2535    2339    2403
    4740  3  3     2419    2326    2536
    4741  3  3     2536    2326    2355
    4742  3  3     2313    2359    2537
    4743  3  3     2313    2537    2357
    4744  3  3     2363    2258    2538
    4745  3  3     2538    2258    2364
    4746  3  3     2411    2363    2539
    4747  3  3     2539    2363    2538
    4748  3  3     2341    2441    2540
    4749  3  3     2341    2540    2429
    4750  3  3     2375    2332    2541
    4751  3  3     2541    2332    2366
    4752  3  3     2284    2391    2542
    4753  3  3     2284    2542    2385
    4754  3  3     2389    2385    2543
    4755  3  3     2543    2385    2542
    4756  3  3     2446    2389    2544
    4757  3  3     2544    2389    2543
    4758  3  3     2364    2365    2545
    4759  3  3     2364    2545    2538
    4760  3  3     2316    2404    2546
    4761  3  3     2316    2546    2409
    4762  3  3     2287    2375    2547
    4763  3  3     2287    2547    2410
    4764  3  3     2360    2261    2548
    4765  3  3     2548    2261    2358
    4766  3  3     2361    2269    2549
    4767  3  3     2549    2269    2401
    4768  3  3     2403    2402    2550
    4769  3  3     2550    2402    2419
    4770  3  3     2393    2277    2551
    4771  3  3     2551    2277    2369
    4772  3  3     2369    2405    2552
    4773  3  3     2369    2552    2551
    4774  3  3     2405    2406    2553
    4775  3  3     2405    2553    2552
    4776  3  3     2398    2399    2554
    4777  3  3     2398    2554    2400
    4778  3  3     2401    2400    2555
    4779  3  3     2555    2400    2554
    4780  3  3     2275    2410    2556
    4781  3  3     2275    2556    2383
    4782  3  3     2384    2383    2557
    4783  3  3     2557    2383    2556
    4784  3  3     2412    2411    2558
    4785  3  3     2558    2411    2539
    4786  3  3     2271    2387    2559
    4787  3  3     2271    2559    2374
    4788  3  3     2404    2280    2560
    4789  3  3     2560    2280    2436
    4790  3  3     2348    2445    2561
    4791  3  3     2348    2561    2387
    4792  3  3     2414    2308    2562
    4793  3  3     2562    2308    2393
    4794  3  3     2290    2376    2563
    4795  3  3     2290    2563    2382
    4796  3  3     2450    2382    2564
    4797  3  3     2564    2382    2563
    4798  3  3     2390    2296    2565
    4799  3  3     2565    2296    2379
    4800  3  3     2391    2390    2566
    4801  3  3     2566    2390    2565
    4802  3  3     2279    2396    2567
    4803  3  3     2279    2567    2386
    4804  3  3     2442    2386    2568
    4805  3  3     2568    2386    2567
    4806  3  3     2368    2347    2569
    4807  3  3     2569    2347    2447
    4808  3  3     2381    2289    2570
    4809  3  3     2570    2289    2384
    4810  3  3     2366    2291    2571
    4811  3  3     2571    2291    2392
    4812  3  3     2345    2434    2572
    4813  3  3     2345    2572    2432
    4814  3  3     2350    2381    2573
    4815  3  3     2350    2573    2440
    4816  3  3     2353    2449    2574
    4817  3  3     2353    2574    2406
    4818  3  3     2359    2433    2575
    4819  3  3     2359    2575    2537
    4820  3  3     2343    2418    2576
    4821  3  3     2343    2576    2433
    4822  3  3     2370    2361    2577
    4823  3  3     2577    2361    2549
    4824  3  3     2407    2300    2578
    4825  3  3     2578    2300    2422
    4826  3  3     2282    2420    2579
    4827  3  3     2282    2579    2377
    4828  3  3     2448    2377    2580
    4829  3  3     2580    2377    2579
    4830  3  3     2416    2415    2581
    4831  3  3     2581    2415    2414
    4832  3  3     2417    2416    2582
    4833  3  3     2582    2416    2581
    4834  3  3     2418    2417    2583
    4835  3  3     2583    2417    2582
    4836  3  3     2392    2430    2584
    4837  3  3     2392    2584    2571
    4838  3  3     2319    2412    2585
    4839  3  3     2319    2585    2376
    4840  3  3     2408    2407    2586
    4841  3  3     2586    2407    2578
    4842  3  3     2327    2371    2587
    4843  3  3     2327    2587    2358
    4844  3  3     2430    2431    2588
    4845  3  3     2430    2588    2589
    4846  3  3     2430    2589    2584
    4847  3  3     2431    2432    2588
    4848  3  3     2372    2329    2590
    4849  3  3     2372    2590    2529
    4850  3  3     2329    2413    2591
    4851  3  3     2329    2591    2590
    4852  3  3     2315    2266    2592
    4853  3  3     2592    2266    2593
    4854  3  3     2593    2266    2373
    4855  3  3     2373    2374    2593
    4856  3  3     2394    2315    2594
    4857  3  3     2594    2315    2592
    4858  3  3     2422    2423    2595
    4859  3  3     2422    2595    2596
    4860  3  3     2422    2596    2578
    4861  3  3     2423    2425    2597
    4862  3  3     2423    2597    2595
    4863  3  3     2438    2439    2598
    4864  3  3     2438    2598    2530
    4865  3  3     2439    2440    2599
    4866  3  3     2439    2599    2598
    4867  3  3     2444    2443    2600
    4868  3  3     2600    2443    2535
    4869  3  3     2425    2424    2601
    4870  3  3     2425    2601    2597
    4871  3  3     2424    2426    2602
    4872  3  3     2424    2602    2601
    4873  3  3     2426    2427    2603
    4874  3  3     2426    2603    2602
    4875  3  3     2427    2428    2604
    4876  3  3     2427    2604    2603
    4877  3  3     2428    2429    2605
    4878  3  3     2428    2605    2604
    4879  3  3     2441    2442    2606
    4880  3  3     2441    2606    2607
    4881  3  3     2441    2607    2540
    4882  3  3     2436    2437    2608
    4883  3  3     2436    2608    2609
    4884  3  3     2436    2609    2560
    4885  3  3     2449    2450    2610
    4886  3  3     2610    2450    2611
    4887  3  3     2611    2450    2564
    4888  3  3     2434    2435    2612
    4889  3  3     2434    2612    2613
    4890  3  3     2434    2613    2572
    4891  3  3     2447    2448    2614
    4892  3  3     2447    2614    2615
    4893  3  3     2447    2615    2569
    4894  3  3     2445    2446    2616
    4895  3  3     2445    2616    2617
    4896  3  3     2445    2617    2561
    4897  3  3     2587    2371    2531
    4898  3  3     2414    2562    2581
    4899  3  3     2608    2437    2618
    4900  3  3     2618    2437    2533
    4901  3  3     2533    2534    2618
    4902  3  3     2524    2408    2619
    4903  3  3     2619    2408    2586
    4904  3  3     2531    2394    2620
    4905  3  3     2620    2394    2594
    4906  3  3     2366    2571    2621
    4907  3  3     2366    2621    2541
    4908  3  3     2612    2435    2622
    4909  3  3     2622    2435    2526
    4910  3  3     2358    2587    2623
    4911  3  3     2358    2623    2548
    4912  3  3     2391    2566    2624
    4913  3  3     2391    2624    2542
    4914  3  3     2536    2355    2388
    4915  3  3     2388    2530    2536
    4916  3  3     2413    2532    2625
    4917  3  3     2413    2625    2591
    4918  3  3     2412    2558    2626
    4919  3  3     2412    2626    2585
    4920  3  3     2549    2401    2627
    4921  3  3     2627    2401    2555
    4922  3  3     2577    2549    2628
    4923  3  3     2628    2549    2627
    4924  3  3     2399    2357    2629
    4925  3  3     2399    2629    2554
    4926  3  3     2357    2537    2629
    4927  3  3     2543    2542    2630
    4928  3  3     2630    2542    2624
    4929  3  3     2375    2541    2631
    4930  3  3     2375    2631    2547
    4931  3  3     2571    2584    2632
    4932  3  3     2571    2632    2621
    4933  3  3     2442    2568    2633
    4934  3  3     2442    2633    2606
    4935  3  3     2584    2589    2634
    4936  3  3     2584    2634    2632
    4937  3  3     2586    2578    2635
    4938  3  3     2635    2578    2596
    4939  3  3     2525    2421    2636
    4940  3  3     2636    2421    2529
    4941  3  3     2532    2444    2637
    4942  3  3     2637    2444    2600
    4943  3  3     2522    2360    2638
    4944  3  3     2638    2360    2548
    4945  3  3     2567    2396    2639
    4946  3  3     2639    2396    2527
    4947  3  3     2568    2567    2640
    4948  3  3     2640    2567    2639
    4949  3  3     2544    2543    2641
    4950  3  3     2641    2543    2630
    4951  3  3     2403    2550    2642
    4952  3  3     2403    2642    2535
    4953  3  3     2381    2570    2643
    4954  3  3     2381    2643    2573
    4955  3  3     2370    2577    2644
    4956  3  3     2370    2644    2523
    4957  3  3     2526    2523    2645
    4958  3  3     2645    2523    2644
    4959  3  3     2616    2446    2646
    4960  3  3     2646    2446    2544
    4961  3  3     2406    2574    2647
    4962  3  3     2406    2647    2553
    4963  3  3     2559    2387    2648
    4964  3  3     2648    2387    2561
    4965  3  3     2561    2617    2649
    4966  3  3     2561    2649    2648
    4967  3  3     2365    2356    2650
    4968  3  3     2650    2356    2524
    4969  3  3     2545    2365    2650
    4970  3  3     2449    2610    2651
    4971  3  3     2449    2651    2574
    4972  3  3     2527    2528    2652
    4973  3  3     2527    2652    2639
    4974  3  3     2563    2376    2653
    4975  3  3     2653    2376    2585
    4976  3  3     2564    2563    2654
    4977  3  3     2654    2563    2653
    4978  3  3     2384    2557    2655
    4979  3  3     2384    2655    2570
    4980  3  3     2614    2448    2656
    4981  3  3     2656    2448    2580
    4982  3  3     2534    2368    2657
    4983  3  3     2657    2368    2569
    4984  3  3     2569    2615    2658
    4985  3  3     2569    2658    2657
    4986  3  3     2611    2564    2659
    4987  3  3     2659    2564    2654
    4988  3  3     2555    2554    2660
    4989  3  3     2660    2554    2629
    4990  3  3     2528    2409    2661
    4991  3  3     2661    2409    2546
    4992  3  3     2538    2545    2662
    4993  3  3     2538    2662    2539
    4994  3  3     2558    2539    2663
    4995  3  3     2663    2539    2662
    4996  3  3     2576    2418    2664
    4997  3  3     2664    2418    2583
    4998  3  3     2429    2540    2665
    4999  3  3     2429    2665    2605
    5000  3  3     2540    2607    2666
    5001  3  3     2540    2666    2665
    5002  3  3     2562    2393    2667
    5003  3  3     2667    2393    2551
    5004  3  3     2551    2552    2668
    5005  3  3     2551    2668    2667
    5006  3  3     2552    2553    2669
    5007  3  3     2552    2669    2668
    5008  3  3     2579    2420    2670
    5009  3  3     2670    2420    2522
    5010  3  3     2580    2579    2671
    5011  3  3     2671    2579    2670
    5012  3  3     2379    2525    2672
    5013  3  3     2672    2525    2636
    5014  3  3     2565    2379    2673
    5015  3  3     2673    2379    2672
    5016  3  3     2566    2565    2673
    5017  3  3     2546    2404    2674
    5018  3  3     2674    2404    2560
    5019  3  3     2560    2609    2675
    5020  3  3     2560    2675    2674
    5021  3  3     2594    2592    2676
    5022  3  3     2594    2676    2620
    5023  3  3     2592    2593    2677
    5024  3  3     2592    2677    2676
    5025  3  3     2593    2374    2678
    5026  3  3     2593    2678    2677
    5027  3  3     2374    2559    2678
    5028  3  3     2410    2547    2679
    5029  3  3     2410    2679    2556
    5030  3  3     2557    2556    2680
    5031  3  3     2680    2556    2679
    5032  3  3     2550    2419    2681
    5033  3  3     2681    2419    2536
    5034  3  3     2537    2575    2682
    5035  3  3     2537    2682    2629
    5036  3  3     2530    2598    2683
    5037  3  3     2530    2683    2536
    5038  3  3     2529    2590    2684
    5039  3  3     2529    2684    2636
    5040  3  3     2590    2591    2685
    5041  3  3     2590    2685    2684
    5042  3  3     2609    2608    2686
    5043  3  3     2686    2608    2618
    5044  3  3     2613    2612    2687
    5045  3  3     2687    2612    2622
    5046  3  3     2607    2606    2688
    5047  3  3     2688    2606    2633
    5048  3  3     2600    2535    2689
    5049  3  3     2689    2535    2690
    5050  3  3     2690    2535    2642
    5051  3  3     2583    2582    2691
    5052  3  3     2691    2582    2692
    5053  3  3     2692    2582    2581
    5054  3  3     2432    2572    2693
    5055  3  3     2432    2693    2694
    5056  3  3     2432    2694    2588
    5057  3  3     2572    2613    2695
    5058  3  3     2572    2695    2693
    5059  3  3     2589    2588    2696
    5060  3  3     2696    2588    2694
    5061  3  3     2575    2433    2697
    5062  3  3     2697    2433    2698
    5063  3  3     2698    2433    2576
    5064  3  3     2599    2440    2699
    5065  3  3     2699    2440    2700
    5066  3  3     2700    2440    2573
    5067  3  3     2595    2597    2701
    5068  3  3     2595    2701    2702
    5069  3  3     2595    2702    2596
    5070  3  3     2597    2601    2703
    5071  3  3     2597    2703    2701
    5072  3  3     2601    2602    2704
    5073  3  3     2601    2704    2705
    5074  3  3     2601    2705    2703
    5075  3  3     2602    2603    2706
    5076  3  3     2602    2706    2704
    5077  3  3     2603    2604    2707
    5078  3  3     2603    2707    2706
    5079  3  3     2604    2605    2708
    5080  3  3     2604    2708    2707
    5081  3  3     2598    2599    2709
    5082  3  3     2598    2709    2710
    5083  3  3     2598    2710    2683
    5084  3  3     2610    2611    2711
    5085  3  3     2610    2711    2712
    5086  3  3     2610    2712    2651
    5087  3  3     2615    2614    2713
    5088  3  3     2713    2614    2714
    5089  3  3     2714    2614    2656
    5090  3  3     2617    2616    2715
    5091  3  3     2715    2616    2716
    5092  3  3     2716    2616    2646
    5093  3  3     2459    2498    2717
    5094  3  3     2459    2717    2460
    5095  3  3     2220    2452    2718
    5096  3  3     2220    2718    2492
    5097  3  3     2452    2496    2719
    5098  3  3     2452    2719    2718
    5099  3  3     2202    2467    2720
    5100  3  3     2202    2720    2451
    5101  3  3     2196    2462    2721
    5102  3  3     2196    2721    2455
    5103  3  3     2497    2230    2722
    5104  3  3     2722    2230    2484
    5105  3  3     2197    2460    2723
    5106  3  3     2197    2723    2488
    5107  3  3     2489    2488    2724
    5108  3  3     2724    2488    2723
    5109  3  3     2204    2455    2725
    5110  3  3     2204    2725    2463
    5111  3  3     2479    2195    2726
    5112  3  3     2726    2195    2461
    5113  3  3     2209    2473    2727
    5114  3  3     2209    2727    2475
    5115  3  3     2232    2489    2728
    5116  3  3     2232    2728    2495
    5117  3  3     2480    2475    2729
    5118  3  3     2729    2475    2727
    5119  3  3     2190    2451    2730
    5120  3  3     2190    2730    2477
    5121  3  3     2490    2198    2731
    5122  3  3     2731    2198    2479
    5123  3  3     2468    2200    2732
    5124  3  3     2732    2200    2458
    5125  3  3     2199    2490    2733
    5126  3  3     2199    2733    2462
    5127  3  3     2509    2255    2734
    5128  3  3     2734    2255    2464
    5129  3  3     2256    2463    2735
    5130  3  3     2256    2735    2520
    5131  3  3     2456    2216    2736
    5132  3  3     2736    2216    2454
    5133  3  3     2454    2205    2737
    5134  3  3     2737    2205    2494
    5135  3  3     2473    2468    2738
    5136  3  3     2738    2468    2732
    5137  3  3     2461    2203    2739
    5138  3  3     2739    2203    2487
    5139  3  3     2217    2453    2740
    5140  3  3     2217    2740    2476
    5141  3  3     2453    2482    2741
    5142  3  3     2453    2741    2740
    5143  3  3     2482    2493    2742
    5144  3  3     2482    2742    2741
    5145  3  3     2478    2211    2743
    5146  3  3     2743    2211    2474
    5147  3  3     2474    2491    2744
    5148  3  3     2474    2744    2743
    5149  3  3     2491    2492    2745
    5150  3  3     2491    2745    2744
    5151  3  3     2481    2480    2746
    5152  3  3     2746    2480    2729
    5153  3  3     2483    2481    2747
    5154  3  3     2747    2481    2746
    5155  3  3     2484    2483    2748
    5156  3  3     2748    2483    2747
    5157  3  3     2466    2253    2749
    5158  3  3     2749    2253    2508
    5159  3  3     2467    2466    2750
    5160  3  3     2750    2466    2749
    5161  3  3     2215    2456    2751
    5162  3  3     2215    2751    2464
    5163  3  3     2494    2210    2752
    5164  3  3     2752    2210    2486
    5165  3  3     2234    2485    2753
    5166  3  3     2234    2753    2510
    5167  3  3     2224    2476    2754
    5168  3  3     2224    2754    2485
    5169  3  3     2243    2519    2755
    5170  3  3     2243    2755    2458
    5171  3  3     2222    2478    2756
    5172  3  3     2222    2756    2486
    5173  3  3     2221    2477    2757
    5174  3  3     2221    2757    2487
    5175  3  3     2493    2228    2758
    5176  3  3     2758    2228    2457
    5177  3  3     2457    2465    2759
    5178  3  3     2457    2759    2758
    5179  3  3     2465    2469    2760
    5180  3  3     2465    2760    2759
    5181  3  3     2469    2470    2761
    5182  3  3     2469    2761    2760
    5183  3  3     2470    2471    2762
    5184  3  3     2470    2762    2761
    5185  3  3     2471    2472    2763
    5186  3  3     2471    2763    2762
    5187  3  3     2472    2521    2764
    5188  3  3     2472    2764    2763
    5189  3  3     2498    2497    2765
    5190  3  3     2765    2497    2722
    5191  3  3     2496    2495    2766
    5192  3  3     2766    2495    2767
    5193  3  3     2767    2495    2728
    5194  3  3     2500    2499    2768
    5195  3  3     2768    2499    2769
    5196  3  3     2769    2499    2504
    5197  3  3     2504    2509    2770
    5198  3  3     2504    2770    2769
    5199  3  3     2501    2500    2771
    5200  3  3     2771    2500    2768
    5201  3  3     2502    2501    2772
    5202  3  3     2772    2501    2771
    5203  3  3     2503    2502    2773
    5204  3  3     2773    2502    2772
    5205  3  3     2505    2503    2774
    5206  3  3     2774    2503    2773
    5207  3  3     2506    2505    2775
    5208  3  3     2775    2505    2774
    5209  3  3     2507    2506    2776
    5210  3  3     2776    2506    2775
    5211  3  3     2508    2507    2777
    5212  3  3     2777    2507    2776
    5213  3  3     2516    2515    2778
    5214  3  3     2516    2778    2779
    5215  3  3     2516    2779    2517
    5216  3  3     2518    2517    2780
    5217  3  3     2780    2517    2779
    5218  3  3     2519    2518    2781
    5219  3  3     2781    2518    2780
    5220  3  3     2515    2514    2782
    5221  3  3     2515    2782    2778
    5222  3  3     2514    2513    2783
    5223  3  3     2514    2783    2782
    5224  3  3     2513    2512    2784
    5225  3  3     2513    2784    2783
    5226  3  3     2512    2511    2785
    5227  3  3     2512    2785    2784
    5228  3  3     2511    2510    2786
    5229  3  3     2511    2786    2785
    5230  3  3     2521    2520    2787
    5231  3  3     2521    2787    2788
    5232  3  3     2521    2788    2764
    5233  3  3     2536    2683    2681
    5234  3  3     2629    2682    2660
    5235  3  3     2692    2581    2562
    5236  3  3     2652    2528    2661
    5237  3  3     2541    2621    2631
    5238  3  3     2634    2589    2696
    5239  3  3     2639    2652    2789
    5240  3  3     2639    2789    2640
    5241  3  3     2562    2667    2790
    5242  3  3     2562    2790    2692
    5243  3  3     2667    2668    2791
    5244  3  3     2667    2791    2790
    5245  3  3     2635    2596    2792
    5246  3  3     2792    2596    2702
    5247  3  3     2626    2558    2793
    5248  3  3     2793    2558    2663
    5249  3  3     2638    2548    2794
    5250  3  3     2794    2548    2623
    5251  3  3     2591    2625    2795
    5252  3  3     2591    2795    2685
    5253  3  3     2661    2546    2796
    5254  3  3     2796    2546    2674
    5255  3  3     2674    2675    2797
    5256  3  3     2674    2797    2796
    5257  3  3     2568    2640    2798
    5258  3  3     2568    2798    2633
    5259  3  3     2679    2547    2799
    5260  3  3     2799    2547    2631
    5261  3  3     2700    2573    2800
    5262  3  3     2800    2573    2643
    5263  3  3     2526    2645    2801
    5264  3  3     2526    2801    2622
    5265  3  3     2680    2679    2802
    5266  3  3     2802    2679    2799
    5267  3  3     2522    2638    2803
    5268  3  3     2522    2803    2670
    5269  3  3     2708    2605    2804
    5270  3  3     2804    2605    2665
    5271  3  3     2665    2666    2805
    5272  3  3     2665    2805    2804
    5273  3  3     2550    2681    2806
    5274  3  3     2550    2806    2642
    5275  3  3     2690    2642    2807
    5276  3  3     2807    2642    2806
    5277  3  3     2668    2669    2808
    5278  3  3     2668    2808    2791
    5279  3  3     2577    2628    2809
    5280  3  3     2577    2809    2644
    5281  3  3     2645    2644    2810
    5282  3  3     2810    2644    2809
    5283  3  3     2671    2670    2811
    5284  3  3     2811    2670    2803
    5285  3  3     2524    2619    2812
    5286  3  3     2524    2812    2650
    5287  3  3     2675    2609    2813
    5288  3  3     2813    2609    2686
    5289  3  3     2586    2635    2814
    5290  3  3     2586    2814    2619
    5291  3  3     2576    2664    2815
    5292  3  3     2576    2815    2698
    5293  3  3     2695    2613    2816
    5294  3  3     2816    2613    2687
    5295  3  3     2691    2692    2817
    5296  3  3     2817    2692    2790
    5297  3  3     2683    2710    2818
    5298  3  3     2683    2818    2681
    5299  3  3     2555    2660    2819
    5300  3  3     2555    2819    2627
    5301  3  3     2666    2607    2820
    5302  3  3     2820    2607    2688
    5303  3  3     2672    2636    2821
    5304  3  3     2821    2636    2684
    5305  3  3     2673    2672    2822
    5306  3  3     2822    2672    2821
    5307  3  3     2544    2641    2823
    5308  3  3     2544    2823    2646
    5309  3  3     2716    2646    2824
    5310  3  3     2824    2646    2823
    5311  3  3     2625    2532    2825
    5312  3  3     2825    2532    2637
    5313  3  3     2662    2545    2826
    5314  3  3     2826    2545    2650
    5315  3  3     2649    2617    2827
    5316  3  3     2827    2617    2715
    5317  3  3     2655    2557    2828
    5318  3  3     2828    2557    2680
    5319  3  3     2570    2655    2829
    5320  3  3     2570    2829    2643
    5321  3  3     2653    2585    2830
    5322  3  3     2830    2585    2626
    5323  3  3     2654    2653    2831
    5324  3  3     2831    2653    2830
    5325  3  3     2659    2654    2832
    5326  3  3     2832    2654    2831
    5327  3  3     2615    2713    2833
    5328  3  3     2615    2833    2658
    5329  3  3     2628    2627    2834
    5330  3  3     2834    2627    2819
    5331  3  3     2575    2697    2835
    5332  3  3     2575    2835    2682
    5333  3  3     2647    2574    2836
    5334  3  3     2836    2574    2651
    5335  3  3     2651    2712    2837
    5336  3  3     2651    2837    2836
    5337  3  3     2587    2531    2838
    5338  3  3     2838    2531    2620
    5339  3  3     2623    2587    2839
    5340  3  3     2839    2587    2838
    5341  3  3     2559    2648    2840
    5342  3  3     2559    2840    2678
    5343  3  3     2648    2649    2841
    5344  3  3     2648    2841    2840
    5345  3  3     2663    2662    2842
    5346  3  3     2842    2662    2826
    5347  3  3     2711    2611    2843
    5348  3  3     2843    2611    2659
    5349  3  3     2580    2671    2844
    5350  3  3     2580    2844    2656
    5351  3  3     2714    2656    2845
    5352  3  3     2845    2656    2844
    5353  3  3     2566    2673    2846
    5354  3  3     2566    2846    2624
    5355  3  3     2553    2647    2847
    5356  3  3     2553    2847    2669
    5357  3  3     2687    2622    2848
    5358  3  3     2848    2622    2801
    5359  3  3     2709    2599    2849
    5360  3  3     2849    2599    2699
    5361  3  3     2688    2633    2850
    5362  3  3     2850    2633    2798
    5363  3  3     2620    2676    2851
    5364  3  3     2620    2851    2838
    5365  3  3     2676    2677    2852
    5366  3  3     2676    2852    2851
    5367  3  3     2677    2678    2853
    5368  3  3     2677    2853    2852
    5369  3  3     2630    2624    2854
    5370  3  3     2854    2624    2846
    5371  3  3     2641    2630    2855
    5372  3  3     2855    2630    2854
    5373  3  3     2534    2657    2856
    5374  3  3     2534    2856    2618
    5375  3  3     2686    2618    2857
    5376  3  3     2857    2618    2856
    5377  3  3     2657    2658    2858
    5378  3  3     2657    2858    2856
    5379  3  3     2704    2706    2859
    5380  3  3     2704    2859    2705
    5381  3  3     2706    2707    2860
    5382  3  3     2706    2860    2859
    5383  3  3     2707    2708    2861
    5384  3  3     2707    2861    2860
    5385  3  3     2664    2583    2862
    5386  3  3     2862    2583    2691
    5387  3  3     2684    2685    2863
    5388  3  3     2684    2863    2821
    5389  3  3     2637    2600    2864
    5390  3  3     2864    2600    2689
    5391  3  3     2621    2632    2865
    5392  3  3     2621    2865    2631
    5393  3  3     2632    2634    2866
    5394  3  3     2632    2866    2865
    5395  3  3     2694    2693    2867
    5396  3  3     2867    2693    2695
    5397  3  3     2696    2694    2868
    5398  3  3     2868    2694    2867
    5399  3  3     2697    2698    2869
    5400  3  3     2697    2869    2870
    5401  3  3     2697    2870    2835
    5402  3  3     2689    2690    2871
    5403  3  3     2689    2871    2872
    5404  3  3     2689    2872    2864
    5405  3  3     2699    2700    2873
    5406  3  3     2699    2873    2874
    5407  3  3     2699    2874    2849
    5408  3  3     2715    2716    2875
    5409  3  3     2715    2875    2876
    5410  3  3     2715    2876    2827
    5411  3  3     2713    2714    2877
    5412  3  3     2713    2877    2878
    5413  3  3     2713    2878    2833
    5414  3  3     2702    2701    2879
    5415  3  3     2879    2701    2880
    5416  3  3     2880    2701    2703
    5417  3  3     2703    2705    2881
    5418  3  3     2703    2881    2880
    5419  3  3     2710    2709    2882
    5420  3  3     2882    2709    2883
    5421  3  3     2883    2709    2849
    5422  3  3     2712    2711    2884
    5423  3  3     2884    2711    2885
    5424  3  3     2885    2711    2843
    5425  3  3     2681    2818    2806
    5426  3  3     2799    2631    2865
    5427  3  3     2623    2839    2794
    5428  3  3     2814    2635    2792
    5429  3  3     2807    2806    2818
    5430  3  3     2846    2673    2822
    5431  3  3     2790    2791    2817
    5432  3  3     2678    2840    2853
    5433  3  3     2861    2708    2886
    5434  3  3     2886    2708    2804
    5435  3  3     2881    2705    2887
    5436  3  3     2887    2705    2859
    5437  3  3     2650    2812    2888
    5438  3  3     2650    2888    2826
    5439  3  3     2640    2789    2889
    5440  3  3     2640    2889    2798
    5441  3  3     2808    2669    2890
    5442  3  3     2890    2669    2847
    5443  3  3     2842    2826    2891
    5444  3  3     2891    2826    2888
    5445  3  3     2691    2817    2892
    5446  3  3     2691    2892    2862
    5447  3  3     2643    2829    2893
    5448  3  3     2643    2893    2800
    5449  3  3     2645    2810    2894
    5450  3  3     2645    2894    2801
    5451  3  3     2641    2855    2895
    5452  3  3     2641    2895    2823
    5453  3  3     2824    2823    2895
    5454  3  3     2871    2690    2896
    5455  3  3     2896    2690    2807
    5456  3  3     2804    2805    2897
    5457  3  3     2804    2897    2886
    5458  3  3     2663    2842    2898
    5459  3  3     2663    2898    2793
    5460  3  3     2797    2675    2899
    5461  3  3     2899    2675    2813
    5462  3  3     2883    2849    2900
    5463  3  3     2900    2849    2874
    5464  3  3     2659    2832    2901
    5465  3  3     2659    2901    2843
    5466  3  3     2873    2700    2902
    5467  3  3     2902    2700    2800
    5468  3  3     2702    2879    2903
    5469  3  3     2702    2903    2792
    5470  3  3     2671    2811    2904
    5471  3  3     2671    2904    2844
    5472  3  3     2802    2799    2905
    5473  3  3     2905    2799    2865
    5474  3  3     2865    2866    2905
    5475  3  3     2828    2680    2906
    5476  3  3     2906    2680    2802
    5477  3  3     2803    2638    2907
    5478  3  3     2907    2638    2794
    5479  3  3     2649    2827    2908
    5480  3  3     2649    2908    2841
    5481  3  3     2827    2876    2909
    5482  3  3     2827    2909    2908
    5483  3  3     2661    2796    2910
    5484  3  3     2661    2910    2652
    5485  3  3     2789    2652    2910
    5486  3  3     2796    2797    2911
    5487  3  3     2796    2911    2910
    5488  3  3     2818    2710    2912
    5489  3  3     2912    2710    2882
    5490  3  3     2885    2843    2913
    5491  3  3     2913    2843    2901
    5492  3  3     2839    2838    2914
    5493  3  3     2914    2838    2851
    5494  3  3     2685    2795    2915
    5495  3  3     2685    2915    2863
    5496  3  3     2847    2647    2916
    5497  3  3     2916    2647    2836
    5498  3  3     2836    2837    2917
    5499  3  3     2836    2917    2916
    5500  3  3     2845    2844    2918
    5501  3  3     2918    2844    2904
    5502  3  3     2821    2863    2919
    5503  3  3     2821    2919    2822
    5504  3  3     2660    2682    2920
    5505  3  3     2660    2920    2819
    5506  3  3     2682    2835    2920
    5507  3  3     2835    2870    2921
    5508  3  3     2835    2921    2920
    5509  3  3     2834    2819    2922
    5510  3  3     2922    2819    2920
    5511  3  3     2825    2637    2923
    5512  3  3     2923    2637    2864
    5513  3  3     2712    2884    2924
    5514  3  3     2712    2924    2837
    5515  3  3     2840    2841    2925
    5516  3  3     2840    2925    2853
    5517  3  3     2655    2828    2926
    5518  3  3     2655    2926    2829
    5519  3  3     2877    2714    2927
    5520  3  3     2927    2714    2845
    5521  3  3     2830    2626    2928
    5522  3  3     2928    2626    2793
    5523  3  3     2831    2830    2929
    5524  3  3     2929    2830    2928
    5525  3  3     2795    2625    2930
    5526  3  3     2930    2625    2825
    5527  3  3     2832    2831    2931
    5528  3  3     2931    2831    2929
    5529  3  3     2666    2820    2932
    5530  3  3     2666    2932    2805
    5531  3  3     2850    2798    2933
    5532  3  3     2933    2798    2889
    5533  3  3     2716    2824    2934
    5534  3  3     2716    2934    2875
    5535  3  3     2698    2815    2935
    5536  3  3     2698    2935    2869
    5537  3  3     2809    2628    2936
    5538  3  3     2936    2628    2834
    5539  3  3     2810    2809    2937
    5540  3  3     2937    2809    2936
    5541  3  3     2812    2619    2938
    5542  3  3     2938    2619    2814
    5543  3  3     2815    2664    2939
    5544  3  3     2939    2664    2862
    5545  3  3     2848    2801    2940
    5546  3  3     2940    2801    2894
    5547  3  3     2791    2808    2941
    5548  3  3     2791    2941    2817
    5549  3  3     2859    2860    2942
    5550  3  3     2859    2942    2887
    5551  3  3     2860    2861    2943
    5552  3  3     2860    2943    2942
    5553  3  3     2864    2872    2944
    5554  3  3     2864    2944    2923
    5555  3  3     2858    2658    2945
    5556  3  3     2945    2658    2833
    5557  3  3     2833    2878    2946
    5558  3  3     2833    2946    2945
    5559  3  3     2634    2696    2947
    5560  3  3     2634    2947    2866
    5561  3  3     2696    2868    2947
    5562  3  3     2811    2803    2948
    5563  3  3     2948    2803    2907
    5564  3  3     2857    2856    2949
    5565  3  3     2949    2856    2858
    5566  3  3     2851    2852    2950
    5567  3  3     2851    2950    2914
    5568  3  3     2852    2853    2951
    5569  3  3     2852    2951    2950
    5570  3  3     2867    2695    2952
    5571  3  3     2952    2695    2816
    5572  3  3     2868    2867    2953
    5573  3  3     2953    2867    2952
    5574  3  3     2686    2857    2954
    5575  3  3     2686    2954    2813
    5576  3  3     2872    2871    2955
    5577  3  3     2955    2871    2956
    5578  3  3     2956    2871    2896
    5579  3  3     2816    2687    2957
    5580  3  3     2957    2687    2958
    5581  3  3     2958    2687    2848
    5582  3  3     2688    2850    2959
    5583  3  3     2688    2959    2960
    5584  3  3     2688    2960    2820
    5585  3  3     2854    2846    2961
    5586  3  3     2961    2846    2962
    5587  3  3     2962    2846    2822
    5588  3  3     2855    2854    2963
    5589  3  3     2963    2854    2961
    5590  3  3     2879    2880    2964
    5591  3  3     2879    2964    2965
    5592  3  3     2879    2965    2903
    5593  3  3     2880    2881    2966
    5594  3  3     2880    2966    2964
    5595  3  3     2874    2873    2967
    5596  3  3     2967    2873    2968
    5597  3  3     2968    2873    2902
    5598  3  3     2882    2883    2969
    5599  3  3     2882    2969    2970
    5600  3  3     2882    2970    2912
    5601  3  3     2884    2885    2971
    5602  3  3     2971    2885    2972
    5603  3  3     2972    2885    2913
    5604  3  3     2870    2869    2973
    5605  3  3     2973    2869    2974
    5606  3  3     2974    2869    2935
    5607  3  3     2878    2877    2975
    5608  3  3     2975    2877    2976
    5609  3  3     2976    2877    2927
    5610  3  3     2876    2875    2977
    5611  3  3     2977    2875    2978
    5612  3  3     2978    2875    2934
    5613  3  3     2484    2748    2979
    5614  3  3     2484    2979    2722
    5615  3  3     2467    2750    2980
    5616  3  3     2467    2980    2720
    5617  3  3     2745    2492    2981
    5618  3  3     2981    2492    2718
    5619  3  3     2718    2719    2982
    5620  3  3     2718    2982    2981
    5621  3  3     2451    2720    2983
    5622  3  3     2451    2983    2730
    5623  3  3     2462    2733    2984
    5624  3  3     2462    2984    2721
    5625  3  3     2496    2766    2985
    5626  3  3     2496    2985    2719
    5627  3  3     2498    2765    2986
    5628  3  3     2498    2986    2717
    5629  3  3     2463    2725    2987
    5630  3  3     2463    2987    2735
    5631  3  3     2736    2454    2988
    5632  3  3     2988    2454    2737
    5633  3  3     2728    2489    2989
    5634  3  3     2989    2489    2724
    5635  3  3     2767    2728    2990
    5636  3  3     2990    2728    2989
    5637  3  3     2726    2461    2991
    5638  3  3     2991    2461    2739
    5639  3  3     2508    2777    2992
    5640  3  3     2508    2992    2749
    5641  3  3     2750    2749    2993
    5642  3  3     2993    2749    2992
    5643  3  3     2727    2473    2994
    5644  3  3     2994    2473    2738
    5645  3  3     2456    2736    2995
    5646  3  3     2456    2995    2751
    5647  3  3     2723    2460    2996
    5648  3  3     2996    2460    2717
    5649  3  3     2724    2723    2997
    5650  3  3     2997    2723    2996
    5651  3  3     2519    2781    2998
    5652  3  3     2519    2998    2755
    5653  3  3     2725    2455    2999
    5654  3  3     2999    2455    2721
    5655  3  3     2479    2726    3000
    5656  3  3     2479    3000    2731
    5657  3  3     2786    2510    3001
    5658  3  3     3001    2510    2753
    5659  3  3     2520    2735    3002
    5660  3  3     2520    3002    2787
    5661  3  3     2757    2477    3003
    5662  3  3     3003    2477    2730
    5663  3  3     2458    2755    3004
    5664  3  3     2458    3004    2732
    5665  3  3     2738    2732    3005
    5666  3  3     3005    2732    3004
    5667  3  3     2734    2464    3006
    5668  3  3     3006    2464    2751
    5669  3  3     2754    2476    3007
    5670  3  3     3007    2476    2740
    5671  3  3     2740    2741    3008
    5672  3  3     2740    3008    3007
    5673  3  3     2756    2478    3009
    5674  3  3     3009    2478    2743
    5675  3  3     2743    2744    3010
    5676  3  3     2743    3010    3009
    5677  3  3     2744    2745    3011
    5678  3  3     2744    3011    3010
    5679  3  3     2741    2742    3012
    5680  3  3     2741    3012    3008
    5681  3  3     2485    2754    3013
    5682  3  3     2485    3013    2753
    5683  3  3     2509    2734    3014
    5684  3  3     2509    3014    2770
    5685  3  3     2733    2490    3015
    5686  3  3     3015    2490    2731
    5687  3  3     2487    2757    3016
    5688  3  3     2487    3016    2739
    5689  3  3     2765    2722    3017
    5690  3  3     3017    2722    2979
    5691  3  3     2729    2727    3018
    5692  3  3     3018    2727    2994
    5693  3  3     2746    2729    3019
    5694  3  3     3019    2729    3018
    5695  3  3     2747    2746    3020
    5696  3  3     3020    2746    3019
    5697  3  3     2748    2747    3021
    5698  3  3     3021    2747    3020
    5699  3  3     2486    2756    3022
    5700  3  3     2486    3022    2752
    5701  3  3     2493    2758    3023
    5702  3  3     2493    3023    2742
    5703  3  3     2494    2752    3024
    5704  3  3     2494    3024    2737
    5705  3  3     2758    2759    3025
    5706  3  3     2758    3025    3026
    5707  3  3     2758    3026    3023
    5708  3  3     2759    2760    3027
    5709  3  3     2759    3027    3025
    5710  3  3     2760    2761    3028
    5711  3  3     2760    3028    3027
    5712  3  3     2761    2762    3029
    5713  3  3     2761    3029    3028
    5714  3  3     2762    2763    3030
    5715  3  3     2762    3030    3029
    5716  3  3     2763    2764    3031
    5717  3  3     2763    3031    3030
    5718  3  3     2764    2788    3032
    5719  3  3     2764    3032    3031
    5720  3  3     2766    2767    3033
    5721  3  3     2766    3033    2985
    5722  3  3     2769    2770    3034
    5723  3  3     3034    2770    3035
    5724  3  3     3035    2770    3014
    5725  3  3     2768    2769    3036
    5726  3  3     3036    2769    3034
    5727  3  3     2771    2768    3037
    5728  3  3     3037    2768    3036
    5729  3  3     2772    2771    3038
    5730  3  3     3038    2771    3037
    5731  3  3     2773    2772    3039
    5732  3  3     3039    2772    3038
    5733  3  3     2774    2773    3040
    5734  3  3     3040    2773    3039
    5735  3  3     2775    2774    3041
    5736  3  3     3041    2774    3040
    5737  3  3     2776    2775    3042
    5738  3  3     3042    2775    3041
    5739  3  3     2777    2776    3043
    5740  3  3     3043    2776    3042
    5741  3  3     2781    2780    3044
    5742  3  3     2781    3044    3045
    5743  3  3     2781    3045    2998
    5744  3  3     2780    2779    3046
    5745  3  3     2780    3046    3044
    5746  3  3     2779    2778    3047
    5747  3  3     2779    3047    3046
    5748  3  3     2778    2782    3048
    5749  3  3     2778    3048    3047
    5750  3  3     2782    2783    3049
    5751  3  3     2782    3049    3048
    5752  3  3     2783    2784    3050
    5753  3  3     2783    3050    3049
    5754  3  3     2784    2785    3051
    5755  3  3     2784    3051    3050
    5756  3  3     2785    2786    3052
    5757  3  3     2785    3052    3051
    5758  3  3     2788    2787    3053
    5759  3  3     2788    3053    3054
    5760  3  3     2788    3054    3032
    5761  3  3     2822    2919    2962
    5762  3  3     2807    2818    2912
    5763  3  3     2892    2817    2941
    5764  3  3     2922    2920    2921
    5765  3  3     2896    2807    2912
    5766  3  3     2912    2970    2896
    5767  3  3     2956    2896    2970
    5768  3  3     2951    2853    3055
    5769  3  3     3055    2853    2925
    5770  3  3     2812    2938    2888
    5771  3  3     2894    2810    3056
    5772  3  3     3056    2810    2937
    5773  3  3     2911    2797    3057
    5774  3  3     3057    2797    2899
    5775  3  3     2842    2891    3058
    5776  3  3     2842    3058    2898
    5777  3  3     2820    2960    3059
    5778  3  3     2820    3059    2932
    5779  3  3     2857    2949    3060
    5780  3  3     2857    3060    2954
    5781  3  3     2899    2813    3061
    5782  3  3     3061    2813    2954
    5783  3  3     2829    2926    3062
    5784  3  3     2829    3062    2893
    5785  3  3     2861    2886    3063
    5786  3  3     2861    3063    2943
    5787  3  3     2886    2897    3063
    5788  3  3     2789    2910    3064
    5789  3  3     3064    2910    2911
    5790  3  3     2889    2789    3064
    5791  3  3     2828    2906    3065
    5792  3  3     2828    3065    2926
    5793  3  3     2904    2811    3066
    5794  3  3     3066    2811    2948
    5795  3  3     2918    2904    3067
    5796  3  3     3067    2904    3066
    5797  3  3     2805    2932    3068
    5798  3  3     2805    3068    2897
    5799  3  3     2793    2898    3069
    5800  3  3     2793    3069    2928
    5801  3  3     2870    2973    3070
    5802  3  3     2870    3070    2921
    5803  3  3     2858    2945    3071
    5804  3  3     2858    3071    2949
    5805  3  3     2917    2837    3072
    5806  3  3     3072    2837    2924
    5807  3  3     2901    2832    3073
    5808  3  3     3073    2832    2931
    5809  3  3     2935    2815    3074
    5810  3  3     3074    2815    2939
    5811  3  3     2974    2935    3075
    5812  3  3     3075    2935    3074
    5813  3  3     2966    2881    3076
    5814  3  3     3076    2881    2887
    5815  3  3     2891    2888    3077
    5816  3  3     3077    2888    2938
    5817  3  3     2800    2893    3078
    5818  3  3     2800    3078    2902
    5819  3  3     2968    2902    3078
    5820  3  3     2890    2847    3079
    5821  3  3     3079    2847    2916
    5822  3  3     2916    2917    3080
    5823  3  3     2916    3080    3079
    5824  3  3     2929    2928    3081
    5825  3  3     3081    2928    3069
    5826  3  3     2931    2929    3082
    5827  3  3     3082    2929    3081
    5828  3  3     2884    2971    3083
    5829  3  3     2884    3083    2924
    5830  3  3     2794    2839    3084
    5831  3  3     3084    2839    2914
    5832  3  3     2907    2794    3084
    5833  3  3     2914    2950    3085
    5834  3  3     2914    3085    3084
    5835  3  3     2876    2977    3086
    5836  3  3     2876    3086    2909
    5837  3  3     2825    2923    3087
    5838  3  3     2825    3087    2930
    5839  3  3     2923    2944    3088
    5840  3  3     2923    3088    3087
    5841  3  3     2952    2816    3089
    5842  3  3     3089    2816    2957
    5843  3  3     2848    2940    3090
    5844  3  3     2848    3090    2958
    5845  3  3     2940    2894    3091
    5846  3  3     3091    2894    3056
    5847  3  3     2834    2922    3092
    5848  3  3     2834    3092    2936
    5849  3  3     2937    2936    3093
    5850  3  3     3093    2936    3092
    5851  3  3     2906    2802    3094
    5852  3  3     3094    2802    2905
    5853  3  3     2905    2866    3095
    5854  3  3     2905    3095    3094
    5855  3  3     2866    2947    3096
    5856  3  3     2866    3096    3095
    5857  3  3     2887    2942    3097
    5858  3  3     2887    3097    3076
    5859  3  3     2895    2855    3098
    5860  3  3     3098    2855    2963
    5861  3  3     2970    2969    3099
    5862  3  3     2970    3099    2956
    5863  3  3     2900    2874    3100
    5864  3  3     3100    2874    2967
    5865  3  3     2948    2907    3101
    5866  3  3     3101    2907    3084
    5867  3  3     2933    2889    3102
    5868  3  3     3102    2889    3064
    5869  3  3     2941    2808    3103
    5870  3  3     3103    2808    2890
    5871  3  3     2944    2872    3104
    5872  3  3     3104    2872    2955
    5873  3  3     2850    2933    3105
    5874  3  3     2850    3105    2959
    5875  3  3     2795    2930    3106
    5876  3  3     2795    3106    2915
    5877  3  3     2939    2862    3107
    5878  3  3     3107    2862    2892
    5879  3  3     2814    2792    3108
    5880  3  3     3108    2792    2903
    5881  3  3     2938    2814    3108
    5882  3  3     2903    2965    3109
    5883  3  3     2903    3109    3108
    5884  3  3     2969    2883    3110
    5885  3  3     3110    2883    2900
    5886  3  3     2841    2908    3111
    5887  3  3     2841    3111    2925
    5888  3  3     2908    2909    3112
    5889  3  3     2908    3112    3111
    5890  3  3     2878    2975    3113
    5891  3  3     2878    3113    2946
    5892  3  3     2947    2868    3114
    5893  3  3     2947    3114    3096
    5894  3  3     2868    2953    3115
    5895  3  3     2868    3115    3114
    5896  3  3     2927    2845    3116
    5897  3  3     3116    2845    2918
    5898  3  3     2976    2927    3117
    5899  3  3     3117    2927    3116
    5900  3  3     2945    2946    3118
    5901  3  3     2945    3118    3071
    5902  3  3     2913    2901    3119
    5903  3  3     3119    2901    3073
    5904  3  3     2972    2913    3120
    5905  3  3     3120    2913    3119
    5906  3  3     2942    2943    3121
    5907  3  3     2942    3121    3097
    5908  3  3     2950    2951    3122
    5909  3  3     2950    3122    3085
    5910  3  3     2955    2956    3123
    5911  3  3     3123    2956    3099
    5912  3  3     2919    2863    3124
    5913  3  3     3124    2863    2915
    5914  3  3     2953    2952    3125
    5915  3  3     3125    2952    3126
    5916  3  3     3126    2952    3089
    5917  3  3     2934    2824    3127
    5918  3  3     3127    2824    3128
    5919  3  3     3128    2824    2895
    5920  3  3     2978    2934    3129
    5921  3  3     3129    2934    3127
    5922  3  3     2960    2959    3130
    5923  3  3     3130    2959    3131
    5924  3  3     3131    2959    3105
    5925  3  3     2963    2961    3132
    5926  3  3     3132    2961    3133
    5927  3  3     3133    2961    2962
    5928  3  3     2957    2958    3134
    5929  3  3     2957    3134    3135
    5930  3  3     2957    3135    3089
    5931  3  3     2964    2966    3136
    5932  3  3     2964    3136    3137
    5933  3  3     2964    3137    2965
    5934  3  3     2973    2974    3138
    5935  3  3     2973    3138    3139
    5936  3  3     2973    3139    3070
    5937  3  3     2977    2978    3140
    5938  3  3     2977    3140    3141
    5939  3  3     2977    3141    3086
    5940  3  3     2971    2972    3142
    5941  3  3     2971    3142    3143
    5942  3  3     2971    3143    3083
    5943  3  3     2967    2968    3144
    5944  3  3     2967    3144    3145
    5945  3  3     2967    3145    3100
    5946  3  3     2975    2976    3146
    5947  3  3     2975    3146    3147
    5948  3  3     2975    3147    3113
    5949  3  3     3089    3135    3126
    5950  3  3     3056    2937    3093
    5951  3  3     3101    3084    3148
    5952  3  3     3148    3084    3085
    5953  3  3     3085    3122    3149
    5954  3  3     3085    3149    3148
    5955  3  3     3128    2895    3150
    5956  3  3     3150    2895    3098
    5957  3  3     3116    2918    3151
    5958  3  3     3151    2918    3067
    5959  3  3     2925    3111    3152
    5960  3  3     2925    3152    3055
    5961  3  3     2926    3065    3153
    5962  3  3     2926    3153    3062
    5963  3  3     3068    2932    3154
    5964  3  3     3154    2932    3059
    5965  3  3     3104    2955    3155
    5966  3  3     3155    2955    3123
    5967  3  3     3133    2962    3156
    5968  3  3     3156    2962    2919
    5969  3  3     2919    3124    3156
    5970  3  3     2951    3055    3157
    5971  3  3     2951    3157    3122
    5972  3  3     3077    2938    3158
    5973  3  3     3158    2938    3108
    5974  3  3     3108    3109    3159
    5975  3  3     3108    3159    3158
    5976  3  3     3111    3112    3160
    5977  3  3     3111    3160    3152
    5978  3  3     2965    3137    3161
    5979  3  3     2965    3161    3109
    5980  3  3     2900    3100    3162
    5981  3  3     2900    3162    3110
    5982  3  3     3100    3145    3163
    5983  3  3     3100    3163    3162
    5984  3  3     3073    2931    3164
    5985  3  3     3164    2931    3082
    5986  3  3     3119    3073    3165
    5987  3  3     3165    3073    3164
    5988  3  3     3117    3116    3166
    5989  3  3     3166    3116    3151
    5990  3  3     2891    3077    3167
    5991  3  3     2891    3167    3058
    5992  3  3     3120    3119    3168
    5993  3  3     3168    3119    3165
    5994  3  3     2946    3113    3169
    5995  3  3     2946    3169    3118
    5996  3  3     3134    2958    3170
    5997  3  3     3170    2958    3090
    5998  3  3     3064    2911    3171
    5999  3  3     3171    2911    3057
    6000  3  3     3102    3064    3171
    6001  3  3     3092    2922    3172
    6002  3  3     3172    2922    2921
    6003  3  3     2921    3070    3172
    6004  3  3     3070    3139    3173
    6005  3  3     3070    3173    3172
    6006  3  3     3093    3092    3174
    6007  3  3     3174    3092    3172
    6008  3  3     2969    3110    3175
    6009  3  3     2969    3175    3099
    6010  3  3     3059    2960    3176
    6011  3  3     3176    2960    3130
    6012  3  3     2899    3061    3177
    6013  3  3     2899    3177    3057
    6014  3  3     3115    2953    3178
    6015  3  3     3178    2953    3125
    6016  3  3     3136    2966    3179
    6017  3  3     3179    2966    3076
    6018  3  3     3078    2893    3180
    6019  3  3     3180    2893    3062
    6020  3  3     3072    2924    3181
    6021  3  3     3181    2924    3083
    6022  3  3     3083    3143    3182
    6023  3  3     3083    3182    3181
    6024  3  3     3076    3097    3183
    6025  3  3     3076    3183    3179
    6026  3  3     3069    2898    3184
    6027  3  3     3184    2898    3058
    6028  3  3     3081    3069    3185
    6029  3  3     3185    3069    3184
    6030  3  3     3082    3081    3186
    6031  3  3     3186    3081    3185
    6032  3  3     2954    3060    3187
    6033  3  3     2954    3187    3061
    6034  3  3     2917    3072    3188
    6035  3  3     2917    3188    3080
    6036  3  3     2963    3132    3189
    6037  3  3     2963    3189    3098
    6038  3  3     3124    2915    3190
    6039  3  3     3190    2915    3106
    6040  3  3     2943    3063    3191
    6041  3  3     2943    3191    3121
    6042  3  3     3112    2909    3192
    6043  3  3     3192    2909    3086
    6044  3  3     3086    3141    3193
    6045  3  3     3086    3193    3192
    6046  3  3     3142    2972    3194
    6047  3  3     3194    2972    3120
    6048  3  3     3146    2976    3195
    6049  3  3     3195    2976    3117
    6050  3  3     3060    2949    3196
    6051  3  3     3196    2949    3071
    6052  3  3     3071    3118    3197
    6053  3  3     3071    3197    3196
    6054  3  3     2930    3087    3198
    6055  3  3     2930    3198    3106
    6056  3  3     3087    3088    3199
    6057  3  3     3087    3199    3198
    6058  3  3     3107    2892    3200
    6059  3  3     3200    2892    2941
    6060  3  3     2941    3103    3201
    6061  3  3     2941    3201    3200
    6062  3  3     2933    3102    3202
    6063  3  3     2933    3202    3105
    6064  3  3     3131    3105    3203
    6065  3  3     3203    3105    3202
    6066  3  3     3103    2890    3204
    6067  3  3     3204    2890    3079
    6068  3  3     3079    3080    3205
    6069  3  3     3079    3205    3204
    6070  3  3     3123    3099    3206
    6071  3  3     3206    3099    3175
    6072  3  3     3097    3121    3207
    6073  3  3     3097    3207    3183
    6074  3  3     2939    3107    3208
    6075  3  3     2939    3208    3074
    6076  3  3     3075    3074    3209
    6077  3  3     3209    3074    3208
    6078  3  3     2940    3091    3210
    6079  3  3     2940    3210    3090
    6080  3  3     2968    3078    3211
    6081  3  3     3211    3078    3180
    6082  3  3     3144    2968    3212
    6083  3  3     3212    2968    3211
    6084  3  3     2948    3101    3213
    6085  3  3     2948    3213    3066
    6086  3  3     3067    3066    3214
    6087  3  3     3214    3066    3213
    6088  3  3     3113    3147    3215
    6089  3  3     3113    3215    3169
    6090  3  3     2974    3075    3216
    6091  3  3     2974    3216    3138
    6092  3  3     2978    3129    3217
    6093  3  3     2978    3217    3140
    6094  3  3     2944    3104    3218
    6095  3  3     2944    3218    3088
    6096  3  3     3065    2906    3219
    6097  3  3     3219    2906    3094
    6098  3  3     3094    3095    3220
    6099  3  3     3094    3220    3219
    6100  3  3     3095    3096    3221
    6101  3  3     3095    3221    3220
    6102  3  3     3096    3114    3222
    6103  3  3     3096    3222    3221
    6104  3  3     3114    3115    3223
    6105  3  3     3114    3223    3222
    6106  3  3     3125    3126    3224
    6107  3  3     3125    3224    3178
    6108  3  3     3127    3128    3225
    6109  3  3     3225    3128    3150
    6110  3  3     3129    3127    3226
    6111  3  3     3226    3127    3225
    6112  3  3     3091    3056    3227
    6113  3  3     3227    3056    3228
    6114  3  3     3228    3056    3093
    6115  3  3     3063    2897    3229
    6116  3  3     3063    3229    3230
    6117  3  3     3063    3230    3191
    6118  3  3     2897    3068    3231
    6119  3  3     2897    3231    3229
    6120  3  3     3145    3144    3232
    6121  3  3     3232    3144    3233
    6122  3  3     3233    3144    3212
    6123  3  3     3130    3131    3234
    6124  3  3     3130    3234    3235
    6125  3  3     3130    3235    3176
    6126  3  3     3135    3134    3236
    6127  3  3     3236    3134    3237
    6128  3  3     3237    3134    3170
    6129  3  3     3132    3133    3238
    6130  3  3     3132    3238    3239
    6131  3  3     3132    3239    3189
    6132  3  3     3137    3136    3240
    6133  3  3     3240    3136    3241
    6134  3  3     3241    3136    3179
    6135  3  3     3143    3142    3242
    6136  3  3     3242    3142    3243
    6137  3  3     3243    3142    3194
    6138  3  3     3139    3138    3244
    6139  3  3     3244    3138    3245
    6140  3  3     3245    3138    3216
    6141  3  3     3141    3140    3246
    6142  3  3     3246    3140    3247
    6143  3  3     3247    3140    3217
    6144  3  3     3147    3146    3248
    6145  3  3     3147    3248    3249
    6146  3  3     3147    3249    3215
    6147  3  3     2996    2717    3250
    6148  3  3     3250    2717    2986
    6149  3  3     2983    2720    3251
    6150  3  3     3251    2720    2980
    6151  3  3     2980    2750    3252
    6152  3  3     3252    2750    2993
    6153  3  3     2984    2733    3253
    6154  3  3     3253    2733    3015
    6155  3  3     2735    2987    3254
    6156  3  3     2735    3254    3002
    6157  3  3     2982    2719    3255
    6158  3  3     3255    2719    2985
    6159  3  3     2767    2990    3256
    6160  3  3     2767    3256    3033
    6161  3  3     2989    2724    3257
    6162  3  3     3257    2724    2997
    6163  3  3     2745    2981    3258
    6164  3  3     2745    3258    3011
    6165  3  3     2981    2982    3259
    6166  3  3     2981    3259    3258
    6167  3  3     2736    2988    3260
    6168  3  3     2736    3260    2995
    6169  3  3     2990    2989    3261
    6170  3  3     3261    2989    3257
    6171  3  3     2748    3021    3262
    6172  3  3     2748    3262    2979
    6173  3  3     2777    3043    3263
    6174  3  3     2777    3263    2992
    6175  3  3     2993    2992    3264
    6176  3  3     3264    2992    3263
    6177  3  3     2737    3024    3265
    6178  3  3     2737    3265    2988
    6179  3  3     2997    2996    3266
    6180  3  3     3266    2996    3250
    6181  3  3     2999    2721    3267
    6182  3  3     3267    2721    2984
    6183  3  3     3015    2731    3268
    6184  3  3     3268    2731    3000
    6185  3  3     3017    2979    3269
    6186  3  3     3269    2979    3262
    6187  3  3     3052    2786    3270
    6188  3  3     3270    2786    3001
    6189  3  3     2734    3006    3271
    6190  3  3     2734    3271    3014
    6191  3  3     3035    3014    3272
    6192  3  3     3272    3014    3271
    6193  3  3     2738    3005    3273
    6194  3  3     2738    3273    2994
    6195  3  3     3018    2994    3274
    6196  3  3     3274    2994    3273
    6197  3  3     2787    3002    3275
    6198  3  3     2787    3275    3053
    6199  3  3     2987    2725    3276
    6200  3  3     3276    2725    2999
    6201  3  3     2742    3023    3277
    6202  3  3     2742    3277    3012
    6203  3  3     2739    3016    3278
    6204  3  3     2739    3278    2991
    6205  3  3     2755    2998    3279
    6206  3  3     2755    3279    3004
    6207  3  3     3005    3004    3280
    6208  3  3     3280    3004    3279
    6209  3  3     2998    3045    3281
    6210  3  3     2998    3281    3279
    6211  3  3     3023    3026    3282
    6212  3  3     3023    3282    3277
    6213  3  3     3003    2730    3283
    6214  3  3     3283    2730    2983
    6215  3  3     3006    2751    3284
    6216  3  3     3284    2751    2995
    6217  3  3     2754    3007    3285
    6218  3  3     2754    3285    3013
    6219  3  3     3007    3008    3286
    6220  3  3     3007    3286    3285
    6221  3  3     3008    3012    3287
    6222  3  3     3008    3287    3286
    6223  3  3     3001    2753    3288
    6224  3  3     3288    2753    3013
    6225  3  3     3000    2726    3289
    6226  3  3     3289    2726    2991
    6227  3  3     2985    3033    3290
    6228  3  3     2985    3290    3255
    6229  3  3     2752    3022    3291
    6230  3  3     2752    3291    3024
    6231  3  3     3019    3018    3292
    6232  3  3     3292    3018    3274
    6233  3  3     3020    3019    3293
    6234  3  3     3293    3019    3292
    6235  3  3     3021    3020    3294
    6236  3  3     3294    3020    3293
    6237  3  3     2765    3017    3295
    6238  3  3     2765    3295    2986
    6239  3  3     3016    2757    3296
    6240  3  3     3296    2757    3003
    6241  3  3     2756    3009    3297
    6242  3  3     2756    3297    3022
    6243  3  3     3009    3010    3298
    6244  3  3     3009    3298    3297
    6245  3  3     3010    3011    3299
    6246  3  3     3010    3299    3298
    6247  3  3     3026    3025    3300
    6248  3  3     3300    3025    3301
    6249  3  3     3301    3025    3027
    6250  3  3     3027    3028    3302
    6251  3  3     3027    3302    3301
    6252  3  3     3028    3029    3303
    6253  3  3     3028    3303    3302
    6254  3  3     3029    3030    3304
    6255  3  3     3029    3304    3303
    6256  3  3     3030    3031    3305
    6257  3  3     3030    3305    3304
    6258  3  3     3031    3032    3306
    6259  3  3     3031    3306    3305
    6260  3  3     3032    3054    3307
    6261  3  3     3032    3307    3306
    6262  3  3     3043    3042    3308
    6263  3  3     3043    3308    3309
    6264  3  3     3043    3309    3263
    6265  3  3     3042    3041    3310
    6266  3  3     3042    3310    3308
    6267  3  3     3041    3040    3311
    6268  3  3     3041    3311    3310
    6269  3  3     3040    3039    3312
    6270  3  3     3040    3312    3311
    6271  3  3     3039    3038    3313
    6272  3  3     3039    3313    3312
    6273  3  3     3038    3037    3314
    6274  3  3     3038    3314    3313
    6275  3  3     3037    3036    3315
    6276  3  3     3037    3315    3314
    6277  3  3     3036    3034    3316
    6278  3  3     3036    3316    3315
    6279  3  3     3034    3035    3317
    6280  3  3     3034    3317    3316
    6281  3  3     3045    3044    3318
    6282  3  3     3318    3044    3319
    6283  3  3     3319    3044    3046
    6284  3  3     3046    3047    3320
    6285  3  3     3046    3320    3319
    6286  3  3     3047    3048    3321
    6287  3  3     3047    3321    3320
    6288  3  3     3048    3049    3322
    6289  3  3     3048    3322    3321
    6290  3  3     3049    3050    3323
    6291  3  3     3049    3323    3322
    6292  3  3     3050    3051    3324
    6293  3  3     3050    3324    3323
    6294  3  3     3051    3052    3325
    6295  3  3     3051    3325    3324
    6296  3  3     3054    3053    3326
    6297  3  3     3054    3326    3327
    6298  3  3     3054    3327    3307
    6299  3  3     3174    3172    3173
    6300  3  3     3055    3152    3157
    6301  3  3     3115    3178    3223
    6302  3  3     3068    3154    3231
    6303  3  3     3217    3129    3226
    6304  3  3     3153    3065    3328
    6305  3  3     3328    3065    3219
    6306  3  3     3077    3158    3167
    6307  3  3     3158    3159    3329
    6308  3  3     3158    3329    3167
    6309  3  3     3109    3161    3330
    6310  3  3     3109    3330    3159
    6311  3  3     3075    3209    3331
    6312  3  3     3075    3331    3216
    6313  3  3     3241    3179    3332
    6314  3  3     3332    3179    3183
    6315  3  3     3151    3067    3333
    6316  3  3     3333    3067    3214
    6317  3  3     3166    3151    3334
    6318  3  3     3334    3151    3333
    6319  3  3     3228    3093    3335
    6320  3  3     3335    3093    3174
    6321  3  3     3183    3207    3336
    6322  3  3     3183    3336    3332
    6323  3  3     3059    3176    3337
    6324  3  3     3059    3337    3154
    6325  3  3     3176    3235    3338
    6326  3  3     3176    3338    3337
    6327  3  3     3082    3186    3339
    6328  3  3     3082    3339    3164
    6329  3  3     3150    3098    3340
    6330  3  3     3340    3098    3189
    6331  3  3     3189    3239    3340
    6332  3  3     3213    3101    3341
    6333  3  3     3341    3101    3148
    6334  3  3     3148    3149    3341
    6335  3  3     3149    3122    3342
    6336  3  3     3342    3122    3157
    6337  3  3     3165    3164    3343
    6338  3  3     3343    3164    3339
    6339  3  3     3168    3165    3344
    6340  3  3     3344    3165    3343
    6341  3  3     3170    3090    3345
    6342  3  3     3345    3090    3210
    6343  3  3     3188    3072    3346
    6344  3  3     3346    3072    3181
    6345  3  3     3181    3182    3346
    6346  3  3     3201    3103    3347
    6347  3  3     3347    3103    3204
    6348  3  3     3204    3205    3348
    6349  3  3     3204    3348    3347
    6350  3  3     3080    3188    3349
    6351  3  3     3080    3349    3205
    6352  3  3     3184    3058    3350
    6353  3  3     3350    3058    3167
    6354  3  3     3185    3184    3351
    6355  3  3     3351    3184    3350
    6356  3  3     3186    3185    3352
    6357  3  3     3352    3185    3351
    6358  3  3     3112    3192    3353
    6359  3  3     3112    3353    3160
    6360  3  3     3192    3193    3354
    6361  3  3     3192    3354    3353
    6362  3  3     3187    3060    3355
    6363  3  3     3355    3060    3196
    6364  3  3     3238    3133    3356
    6365  3  3     3356    3133    3156
    6366  3  3     3156    3124    3357
    6367  3  3     3156    3357    3356
    6368  3  3     3124    3190    3357
    6369  3  3     3104    3155    3358
    6370  3  3     3104    3358    3218
    6371  3  3     3237    3170    1859
    6372  3  3     1859    3170    3345
    6373  3  3     3245    3216    3359
    6374  3  3     3359    3216    3331
    6375  3  3     3248    3146    3361
    6376  3  3     3361    3146    3195
    6377  3  3     3145    3232    3362
    6378  3  3     3145    3362    3163
    6379  3  3     3062    3153    3363
    6380  3  3     3062    3363    3180
    6381  3  3     3211    3180    3364
    6382  3  3     3364    3180    3363
    6383  3  3     3212    3211    3365
    6384  3  3     3365    3211    3364
    6385  3  3     3233    3212    3366
    6386  3  3     3366    3212    3365
    6387  3  3     3120    3168    3367
    6388  3  3     3120    3367    3194
    6389  3  3     3243    3194    3368
    6390  3  3     3368    3194    3367
    6391  3  3     3175    3110    3369
    6392  3  3     3369    3110    3162
    6393  3  3     3206    3175    3370
    6394  3  3     3370    3175    3369
    6395  3  3     3162    3163    3371
    6396  3  3     3162    3371    3369
    6397  3  3     3193    3141    3372
    6398  3  3     3372    3141    3246
    6399  3  3     3117    3166    3373
    6400  3  3     3117    3373    3195
    6401  3  3     3171    3057    3374
    6402  3  3     3374    3057    3177
    6403  3  3     3102    3171    3375
    6404  3  3     3375    3171    3374
    6405  3  3     3202    3102    3375
    6406  3  3     3152    3160    3376
    6407  3  3     3152    3376    3157
    6408  3  3     3161    3137    3377
    6409  3  3     3377    3137    3240
    6410  3  3     3214    3213    3378
    6411  3  3     3378    3213    3341
    6412  3  3     3219    3220    3379
    6413  3  3     3219    3379    3328
    6414  3  3     3220    3221    3380
    6415  3  3     3220    3380    3379
    6416  3  3     3221    3222    3381
    6417  3  3     3221    3381    3380
    6418  3  3     3222    3223    3381
    6419  3  3     3088    3218    3382
    6420  3  3     3088    3382    3199
    6421  3  3     3196    3197    3383
    6422  3  3     3196    3383    3355
    6423  3  3     3143    3242    3384
    6424  3  3     3143    3384    3182
    6425  3  3     3173    3139    3385
    6426  3  3     3385    3139    3244
    6427  3  3     3225    3150    3386
    6428  3  3     3386    3150    3340
    6429  3  3     3061    3187    3387
    6430  3  3     3061    3387    3177
    6431  3  3     3131    3203    3388
    6432  3  3     3131    3388    3234
    6433  3  3     3091    3227    3389
    6434  3  3     3091    3389    3210
    6435  3  3     3203    3202    3390
    6436  3  3     3390    3202    3375
    6437  3  3     3155    3123    3391
    6438  3  3     3391    3123    3206
    6439  3  3     3208    3107    3392
    6440  3  3     3392    3107    3200
    6441  3  3     3200    3201    3393
    6442  3  3     3200    3393    3392
    6443  3  3     3209    3208    3394
    6444  3  3     3394    3208    3392
    6445  3  3     3224    3126    3395
    6446  3  3     3395    3126    3135
    6447  3  3     3135    3236    3396
    6448  3  3     3135    3396    3395
    6449  3  3     3226    3225    3397
    6450  3  3     3397    3225    3386
    6451  3  3     3106    3198    3398
    6452  3  3     3106    3398    3190
    6453  3  3     3198    3199    3399
    6454  3  3     3198    3399    3398
    6455  3  3     3197    3118    3400
    6456  3  3     3400    3118    3169
    6457  3  3     3169    3215    3401
    6458  3  3     3169    3401    3400
    6459  3  3     3215    3249    3402
    6460  3  3     3215    3402    3401
    6461  3  3     3207    3121    3403
    6462  3  3     3403    3121    3191
    6463  3  3     3191    3230    3404
    6464  3  3     3191    3404    3403
    6465  3  3     3229    3231    3405
    6466  3  3     3229    3405    3230
    6467  3  3     3236    3237    3261
    6468  3  3     3236    3261    3257
    6469  3  3     3236    3257    3396
    6470  3  3     3227    3228    3406
    6471  3  3     3406    3228    3335
    6472  3  3     3247    3217    3407
    6473  3  3     3407    3217    3408
    6474  3  3     3408    3217    3226
    6475  3  3     3178    3224    3409
    6476  3  3     3178    3409    3410
    6477  3  3     3178    3410    3223
    6478  3  3     3232    3233    3411
    6479  3  3     3232    3411    3412
    6480  3  3     3232    3412    3362
    6481  3  3     3235    3234    3413
    6482  3  3     3413    3234    3414
    6483  3  3     3414    3234    3388
    6484  3  3     3239    3238    3415
    6485  3  3     3415    3238    3416
    6486  3  3     3416    3238    3356
    6487  3  3     3244    3245    3417
    6488  3  3     3417    3245    3418
    6489  3  3     3418    3245    3359
    6490  3  3     3240    3241    3419
    6491  3  3     3240    3419    3420
    6492  3  3     3240    3420    3377
    6493  3  3     3242    3243    3421
    6494  3  3     3242    3421    3422
    6495  3  3     3242    3422    3384
    6496  3  3     3246    3247    3423
    6497  3  3     3423    3247    3424
    6498  3  3     3424    3247    3407
    6499  3  3     3249    3248    3425
    6500  3  3     3425    3248    3426
    6501  3  3     3426    3248    3361
    6502  3  3     3329    3159    3330
    6503  3  3     3157    3376    3342
    6504  3  3     3201    3347    3393
    6505  3  3     3174    3173    3335
    6506  3  3     3173    3385    3335
    6507  3  3     3416    3356    3357
    6508  3  3     3186    3352    3339
    6509  3  3     3408    3226    3397
    6510  3  3     3261    3237    2990
    6511  3  3     3237    1859    2990
    6512  3  3     3396    3257    2997
    6513  3  3     3167    3329    3427
    6514  3  3     3167    3427    3350
    6515  3  3     3188    3346    3428
    6516  3  3     3188    3428    3349
    6517  3  3     3223    3410    3429
    6518  3  3     3223    3429    3381
    6519  3  3     3227    3406    3430
    6520  3  3     3227    3430    3389
    6521  3  3     3351    3350    3431
    6522  3  3     3431    3350    3427
    6523  3  3     3352    3351    3431
    6524  3  3     3370    3369    3432
    6525  3  3     3432    3369    3371
    6526  3  3     3348    3205    3433
    6527  3  3     3433    3205    3349
    6528  3  3     3235    3413    3434
    6529  3  3     3235    3434    3338
    6530  3  3     3233    3366    3435
    6531  3  3     3233    3435    3411
    6532  3  3     3383    3197    3436
    6533  3  3     3436    3197    3400
    6534  3  3     3374    3177    3437
    6535  3  3     3437    3177    3387
    6536  3  3     3375    3374    3438
    6537  3  3     3438    3374    3437
    6538  3  3     3390    3375    3438
    6539  3  3     3230    3405    3439
    6540  3  3     3230    3439    3404
    6541  3  3     3206    3370    3440
    6542  3  3     3206    3440    3391
    6543  3  3     3406    3335    3441
    6544  3  3     3441    3335    3385
    6545  3  3     3388    3203    3442
    6546  3  3     3442    3203    3390
    6547  3  3     3414    3388    3443
    6548  3  3     3443    3388    3442
    6549  3  3     3392    3393    3444
    6550  3  3     3392    3444    3394
    6551  3  3     3336    3207    3445
    6552  3  3     3445    3207    3403
    6553  3  3     3187    3355    3446
    6554  3  3     3187    3446    3387
    6555  3  3     3355    3383    3447
    6556  3  3     3355    3447    3446
    6557  3  3     3363    3153    3448
    6558  3  3     3448    3153    3328
    6559  3  3     3193    3372    3449
    6560  3  3     3193    3449    3354
    6561  3  3     3166    3334    3450
    6562  3  3     3166    3450    3373
    6563  3  3     3328    3379    3451
    6564  3  3     3328    3451    3448
    6565  3  3     3379    3380    3452
    6566  3  3     3379    3452    3451
    6567  3  3     3380    3381    3453
    6568  3  3     3380    3453    3452
    6569  3  3     3330    3161    3454
    6570  3  3     3454    3161    3377
    6571  3  3     3377    3420    3455
    6572  3  3     3377    3455    3454
    6573  3  3     3246    3423    3456
    6574  3  3     3246    3456    3372
    6575  3  3     3168    3344    3457
    6576  3  3     3168    3457    3367
    6577  3  3     3368    3367    3458
    6578  3  3     3458    3367    3457
    6579  3  3     3244    3417    3459
    6580  3  3     3244    3459    3385
    6581  3  3     3364    3363    3460
    6582  3  3     3460    3363    3448
    6583  3  3     3365    3364    3461
    6584  3  3     3461    3364    3460
    6585  3  3     3366    3365    3462
    6586  3  3     3462    3365    3461
    6587  3  3     3361    3195    3463
    6588  3  3     3463    3195    3373
    6589  3  3     3426    3361    3464
    6590  3  3     3464    3361    3463
    6591  3  3     3378    3341    3465
    6592  3  3     3465    3341    3149
    6593  3  3     3149    3342    3465
    6594  3  3     3209    3394    3466
    6595  3  3     3209    3466    3331
    6596  3  3     3241    3332    3467
    6597  3  3     3241    3467    3419
    6598  3  3     3332    3336    3468
    6599  3  3     3332    3468    3467
    6600  3  3     3243    3368    3469
    6601  3  3     3243    3469    3421
    6602  3  3     3359    3331    3470
    6603  3  3     3470    3331    3466
    6604  3  3     3418    3359    3471
    6605  3  3     3471    3359    3470
    6606  3  3     3357    3190    3472
    6607  3  3     3472    3190    3398
    6608  3  3     3214    3378    3473
    6609  3  3     3214    3473    3333
    6610  3  3     3334    3333    3474
    6611  3  3     3474    3333    3473
    6612  3  3     3403    3404    3475
    6613  3  3     3403    3475    3445
    6614  3  3     3400    3401    3476
    6615  3  3     3400    3476    3436
    6616  3  3     3401    3402    3477
    6617  3  3     3401    3477    3476
    6618  3  3     3199    3382    3478
    6619  3  3     3199    3478    3399
    6620  3  3     3163    3362    3479
    6621  3  3     3163    3479    3371
    6622  3  3     3362    3412    3480
    6623  3  3     3362    3480    3479
    6624  3  3     3395    3396    3266
    6625  3  3     3266    3396    2997
    6626  3  3     3224    3395    3481
    6627  3  3     3481    3395    3266
    6628  3  3     3409    3224    3481
    6629  3  3     3155    3391    3482
    6630  3  3     3155    3482    3358
    6631  3  3     3345    3210    3483
    6632  3  3     3483    3210    3389
    6633  3  3     1859    3345    3256
    6634  3  3     3256    3345    3483
    6635  3  3     3154    3337    3484
    6636  3  3     3154    3484    3231
    6637  3  3     3405    3231    3485
    6638  3  3     3485    3231    3484
    6639  3  3     3337    3338    3486
    6640  3  3     3337    3486    3484
    6641  3  3     3347    3348    3487
    6642  3  3     3347    3487    3393
    6643  3  3     3249    3425    3488
    6644  3  3     3249    3488    3402
    6645  3  3     3218    3358    3489
    6646  3  3     3218    3489    3382
    6647  3  3     3376    3160    3490
    6648  3  3     3490    3160    3353
    6649  3  3     3353    3354    3491
    6650  3  3     3353    3491    3490
    6651  3  3     3398    3399    3492
    6652  3  3     3398    3492    3472
    6653  3  3     3346    3182    3493
    6654  3  3     3346    3493    3428
    6655  3  3     3182    3384    3494
    6656  3  3     3182    3494    3493
    6657  3  3     3384    3422    3495
    6658  3  3     3384    3495    3494
    6659  3  3     3410    3409    3496
    6660  3  3     3410    3496    3429
    6661  3  3     3343    3339    3497
    6662  3  3     3497    3339    3352
    6663  3  3     3344    3343    3498
    6664  3  3     3498    3343    3497
    6665  3  3     3407    3408    3499
    6666  3  3     3407    3499    3424
    6667  3  3     3340    3239    3500
    6668  3  3     3500    3239    3501
    6669  3  3     3501    3239    3415
    6670  3  3     3386    3340    3502
    6671  3  3     3502    3340    3500
    6672  3  3     3397    3386    3503
    6673  3  3     3503    3386    3502
    6674  3  3     3415    3416    3504
    6675  3  3     3415    3504    3501
    6676  3  3     3422    3421    3505
    6677  3  3     3422    3505    3506
    6678  3  3     3422    3506    3495
    6679  3  3     3413    3414    3507
    6680  3  3     3413    3507    3508
    6681  3  3     3413    3508    3434
    6682  3  3     3412    3411    3509
    6683  3  3     3509    3411    3510
    6684  3  3     3510    3411    3435
    6685  3  3     3425    3426    3511
    6686  3  3     3511    3426    3275
    6687  3  3     3275    3426    3464
    6688  3  3     3417    3418    3512
    6689  3  3     3417    3512    3513
    6690  3  3     3417    3513    3459
    6691  3  3     3420    3419    3514
    6692  3  3     3514    3419    3515
    6693  3  3     3515    3419    3467
    6694  3  3     3423    3424    3516
    6695  3  3     3423    3516    3517
    6696  3  3     3423    3517    3456
    6697  3  3     3256    2990    1859
    6698  3  3     3053    3275    3464
    6699  3  3     3326    3053    3464
    6700  3  3     3033    3256    3483
    6701  3  3     3290    3033    3518
    6702  3  3     3518    3033    3483
    6703  3  3     3266    3250    3519
    6704  3  3     3266    3519    3481
    6705  3  3     3275    3002    3511
    6706  3  3     3002    3254    3511
    6707  3  3     3250    2986    3519
    6708  3  3     2986    3295    3520
    6709  3  3     2986    3520    3519
    6710  3  3     2993    3264    3521
    6711  3  3     2993    3521    3252
    6712  3  3     2980    3252    3522
    6713  3  3     2980    3522    3251
    6714  3  3     3284    2995    3523
    6715  3  3     3523    2995    3260
    6716  3  3     3276    2999    3524
    6717  3  3     3524    2999    3267
    6718  3  3     2982    3255    3525
    6719  3  3     2982    3525    3259
    6720  3  3     3026    3300    3526
    6721  3  3     3026    3526    3282
    6722  3  3     3263    3309    3527
    6723  3  3     3263    3527    3264
    6724  3  3     3267    2984    3528
    6725  3  3     3528    2984    3253
    6726  3  3     3011    3258    3529
    6727  3  3     3011    3529    3299
    6728  3  3     3258    3259    3530
    6729  3  3     3258    3530    3529
    6730  3  3     3317    3035    3531
    6731  3  3     3531    3035    3272
    6732  3  3     3289    2991    3532
    6733  3  3     3532    2991    3278
    6734  3  3     3021    3294    3533
    6735  3  3     3021    3533    3262
    6736  3  3     3325    3052    3534
    6737  3  3     3534    3052    3270
    6738  3  3     3273    3005    3535
    6739  3  3     3535    3005    3280
    6740  3  3     3000    3289    3536
    6741  3  3     3000    3536    3268
    6742  3  3     3001    3288    3537
    6743  3  3     3001    3537    3270
    6744  3  3     3274    3273    3538
    6745  3  3     3538    3273    3535
    6746  3  3     3292    3274    3539
    6747  3  3     3539    3274    3538
    6748  3  3     2987    3276    3540
    6749  3  3     2987    3540    3254
    6750  3  3     2983    3251    3541
    6751  3  3     2983    3541    3283
    6752  3  3     3015    3268    3542
    6753  3  3     3015    3542    3253
    6754  3  3     3296    3003    3543
    6755  3  3     3543    3003    3283
    6756  3  3     3006    3284    3544
    6757  3  3     3006    3544    3271
    6758  3  3     3272    3271    3545
    6759  3  3     3545    3271    3544
    6760  3  3     3260    2988    3546
    6761  3  3     3546    2988    3265
    6762  3  3     3280    3279    3547
    6763  3  3     3547    3279    3281
    6764  3  3     3255    3290    3548
    6765  3  3     3255    3548    3525
    6766  3  3     3293    3292    3549
    6767  3  3     3549    3292    3539
    6768  3  3     3294    3293    3550
    6769  3  3     3550    3293    3549
    6770  3  3     3269    3262    3551
    6771  3  3     3551    3262    3533
    6772  3  3     3288    3013    3552
    6773  3  3     3552    3013    3285
    6774  3  3     3285    3286    3553
    6775  3  3     3285    3553    3552
    6776  3  3     3286    3287    3554
    6777  3  3     3286    3554    3553
    6778  3  3     3287    3012    3555
    6779  3  3     3555    3012    3277
    6780  3  3     3277    3282    3556
    6781  3  3     3277    3556    3555
    6782  3  3     3045    3318    3557
    6783  3  3     3045    3557    3281
    6784  3  3     3278    3016    3558
    6785  3  3     3558    3016    3296
    6786  3  3     3017    3269    3559
    6787  3  3     3017    3559    3295
    6788  3  3     3022    3297    3560
    6789  3  3     3022    3560    3291
    6790  3  3     3297    3298    3561
    6791  3  3     3297    3561    3560
    6792  3  3     3298    3299    3562
    6793  3  3     3298    3562    3561
    6794  3  3     3265    3024    3563
    6795  3  3     3563    3024    3291
    6796  3  3     3300    3301    3564
    6797  3  3     3300    3564    3565
    6798  3  3     3300    3565    3526
    6799  3  3     3301    3302    3566
    6800  3  3     3301    3566    3564
    6801  3  3     3302    3303    3567
    6802  3  3     3302    3567    3566
    6803  3  3     3303    3304    3568
    6804  3  3     3303    3568    3567
    6805  3  3     3304    3305    3569
    6806  3  3     3304    3569    3568
    6807  3  3     3305    3306    3570
    6808  3  3     3305    3570    3569
    6809  3  3     3306    3307    3571
    6810  3  3     3306    3571    3570
    6811  3  3     3307    3327    3572
    6812  3  3     3307    3572    3571
    6813  3  3     3316    3317    3573
    6814  3  3     3316    3573    3574
    6815  3  3     3316    3574    3315
    6816  3  3     3314    3315    3575
    6817  3  3     3575    3315    3574
    6818  3  3     3313    3314    3576
    6819  3  3     3576    3314    3575
    6820  3  3     3312    3313    3577
    6821  3  3     3577    3313    3576
    6822  3  3     3311    3312    3578
    6823  3  3     3578    3312    3577
    6824  3  3     3310    3311    3579
    6825  3  3     3579    3311    3578
    6826  3  3     3308    3310    3580
    6827  3  3     3580    3310    3579
    6828  3  3     3309    3308    3581
    6829  3  3     3581    3308    3580
    6830  3  3     3323    3324    3582
    6831  3  3     3582    3324    3583
    6832  3  3     3583    3324    3325
    6833  3  3     3322    3323    3584
    6834  3  3     3584    3323    3582
    6835  3  3     3321    3322    3585
    6836  3  3     3585    3322    3584
    6837  3  3     3320    3321    3586
    6838  3  3     3586    3321    3585
    6839  3  3     3319    3320    3587
    6840  3  3     3587    3320    3586
    6841  3  3     3318    3319    3588
    6842  3  3     3588    3319    3587
    6843  3  3     3327    3326      92
    6844  3  3     3327      92    3450
    6845  3  3     3327    3450    3572
    6846  3  3     3373    3450      92
    6847  3  3     3463    3373      92
    6848  3  3     3464    3463    3326
    6849  3  3     3453    3381    3429
    6850  3  3     3416    3357    3472
    6851  3  3     3441    3385    3459
    6852  3  3     3444    3393    3589
    6853  3  3     3589    3393    3487
    6854  3  3     3467    3468    3591
    6855  3  3     3467    3591    3515
    6856  3  3     3447    3383    3592
    6857  3  3     3592    3383    3436
    6858  3  3     3432    3371    3593
    6859  3  3     3593    3371    3479
    6860  3  3     3479    3480    3594
    6861  3  3     3479    3594    3593
    6862  3  3     3427    3329    3595
    6863  3  3     3595    3329    3330
    6864  3  3     3330    3454    3595
    6865  3  3     3431    3427    3595
    6866  3  3     3450    3334    3360
    6867  3  3     3450    3360    3572
    6868  3  3     3334    3474    3360
    6869  3  3     3454    3455    3596
    6870  3  3     3454    3596    3595
    6871  3  3     3483    3389    3598
    6872  3  3     3483    3598    3518
    6873  3  3     3389    3430    3598
    6874  3  3     3504    3416    3599
    6875  3  3     3599    3416    3472
    6876  3  3     3472    3492    3599
    6877  3  3     3433    3349    3600
    6878  3  3     3600    3349    3428
    6879  3  3     3366    3462    3601
    6880  3  3     3366    3601    3435
    6881  3  3     3510    3435    3602
    6882  3  3     3602    3435    3601
    6883  3  3     3459    3513    3603
    6884  3  3     3459    3603    3441
    6885  3  3     3406    3441    3604
    6886  3  3     3604    3441    3603
    6887  3  3     3430    3406    3604
    6888  3  3     3477    3402    3605
    6889  3  3     3605    3402    3488
    6890  3  3     3394    3444    3606
    6891  3  3     3394    3606    3466
    6892  3  3     3387    3446    3607
    6893  3  3     3387    3607    3437
    6894  3  3     3446    3447    3608
    6895  3  3     3446    3608    3607
    6896  3  3     3428    3493    3609
    6897  3  3     3428    3609    3600
    6898  3  3     3412    3509    3610
    6899  3  3     3412    3610    3480
    6900  3  3     3358    3482    3611
    6901  3  3     3358    3611    3489
    6902  3  3     3484    3486    3612
    6903  3  3     3484    3612    3485
    6904  3  3     3409    3481    3613
    6905  3  3     3613    3481    3519
    6906  3  3     3496    3409    3613
    6907  3  3     3507    3414    3614
    6908  3  3     3614    3414    3443
    6909  3  3     3487    3348    3615
    6910  3  3     3615    3348    3433
    6911  3  3     3449    3372    3616
    6912  3  3     3616    3372    3456
    6913  3  3     3456    3517    3617
    6914  3  3     3456    3617    3616
    6915  3  3     3421    3469    3618
    6916  3  3     3421    3618    3505
    6917  3  3     3378    3465    3619
    6918  3  3     3378    3619    3473
    6919  3  3     3474    3473    3620
    6920  3  3     3620    3473    3619
    6921  3  3     3460    3448    3621
    6922  3  3     3621    3448    3451
    6923  3  3     3451    3452    3622
    6924  3  3     3451    3622    3621
    6925  3  3     3452    3453    3623
    6926  3  3     3452    3623    3622
    6927  3  3     3370    3432    3624
    6928  3  3     3370    3624    3440
    6929  3  3     3461    3460    3625
    6930  3  3     3625    3460    3621
    6931  3  3     3462    3461    3626
    6932  3  3     3626    3461    3625
    6933  3  3     3465    3342    3627
    6934  3  3     3465    3627    3619
    6935  3  3     3342    3376    3597
    6936  3  3     3342    3597    3627
    6937  3  3     3376    3490    3597
    6938  3  3     3470    3466    3628
    6939  3  3     3628    3466    3606
    6940  3  3     3471    3470    3630
    6941  3  3     3630    3470    3628
    6942  3  3     3420    3514    3631
    6943  3  3     3420    3631    3455
    6944  3  3     3408    3397    3632
    6945  3  3     3408    3632    3499
    6946  3  3     3397    3503    3632
    6947  3  3     3425    3511    3633
    6948  3  3     3425    3633    3488
    6949  3  3     3436    3476    3634
    6950  3  3     3436    3634    3592
    6951  3  3     3476    3477    3635
    6952  3  3     3476    3635    3634
    6953  3  3     3354    3449    3636
    6954  3  3     3354    3636    3491
    6955  3  3     3478    3382    3637
    6956  3  3     3637    3382    3489
    6957  3  3     3418    3471    3638
    6958  3  3     3418    3638    3512
    6959  3  3     3404    3439    3639
    6960  3  3     3404    3639    3475
    6961  3  3     3468    3336    3640
    6962  3  3     3640    3336    3445
    6963  3  3     3445    3475    3641
    6964  3  3     3445    3641    3640
    6965  3  3     3368    3458    3642
    6966  3  3     3368    3642    3469
    6967  3  3     3493    3494    3643
    6968  3  3     3493    3643    3609
    6969  3  3     3494    3495    3644
    6970  3  3     3494    3644    3643
    6971  3  3     3495    3506    3645
    6972  3  3     3495    3645    3644
    6973  3  3     3338    3434    3646
    6974  3  3     3338    3646    3486
    6975  3  3     3434    3508    3647
    6976  3  3     3434    3647    3646
    6977  3  3     3405    3485    3648
    6978  3  3     3405    3648    3439
    6979  3  3     3352    3431    3649
    6980  3  3     3352    3649    3497
    6981  3  3     3482    3391    3650
    6982  3  3     3650    3391    3440
    6983  3  3     3492    3399    3651
    6984  3  3     3651    3399    3478
    6985  3  3     3390    3438    3652
    6986  3  3     3390    3652    3442
    6987  3  3     3443    3442    3653
    6988  3  3     3653    3442    3652
    6989  3  3     3438    3437    3654
    6990  3  3     3438    3654    3652
    6991  3  3     3344    3498    3655
    6992  3  3     3344    3655    3457
    6993  3  3     3458    3457    3656
    6994  3  3     3656    3457    3655
    6995  3  3     3429    3496    3657
    6996  3  3     3429    3657    3453
    6997  3  3     3502    3500    3658
    6998  3  3     3658    3500    3501
    6999  3  3     3503    3502    3659
    7000  3  3     3659    3502    3658
    7001  3  3     3501    3504    3660
    7002  3  3     3501    3660    3658
    7003  3  3     3490    3491    3661
    7004  3  3     3490    3661    3597
    7005  3  3     3498    3497    3662
    7006  3  3     3662    3497    3649
    7007  3  3     3424    3499    3663
    7008  3  3     3424    3663    3664
    7009  3  3     3424    3664    3516
    7010  3  3     3517    3516    3590
    7011  3  3     3590    3516    3665
    7012  3  3     3665    3516    3664
    7013  3  3     3508    3507    3667
    7014  3  3     3667    3507    3668
    7015  3  3     3668    3507    3614
    7016  3  3     3509    3510    3669
    7017  3  3     3509    3669    3670
    7018  3  3     3509    3670    3610
    7019  3  3     3506    3505    3671
    7020  3  3     3671    3505    3672
    7021  3  3     3672    3505    3618
    7022  3  3     3514    3515    3673
    7023  3  3     3514    3673    3674
    7024  3  3     3514    3674    3631
    7025  3  3     3513    3512    3675
    7026  3  3     3675    3512    3676
    7027  3  3     3676    3512    3638
    7028  3  3     3453    3657    3623
    7029  3  3     3613    3519    3520
    7030  3  3     3326    3463      92
    7031  3  3     3437    3607    3654
    7032  3  3     3595    3596    3431
    7033  3  3     3633    3511    3254
    7034  3  3     3627    3597    3661
    7035  3  3     3649    3431    3677
    7036  3  3     3677    3431    3596
    7037  3  3     3518    3598    3290
    7038  3  3     3606    3444    3589
    7039  3  3     3601    3462    3678
    7040  3  3     3678    3462    3626
    7041  3  3     3607    3608    3679
    7042  3  3     3607    3679    3654
    7043  3  3     3619    3627    3680
    7044  3  3     3619    3680    3620
    7045  3  3     3625    3621    3681
    7046  3  3     3681    3621    3622
    7047  3  3     3626    3625    3681
    7048  3  3     3447    3592    3682
    7049  3  3     3447    3682    3608
    7050  3  3     3602    3601    3683
    7051  3  3     3683    3601    3678
    7052  3  3     3440    3624    3684
    7053  3  3     3440    3684    3650
    7054  3  3     3510    3602    3685
    7055  3  3     3510    3685    3669
    7056  3  3     3635    3477    3686
    7057  3  3     3686    3477    3605
    7058  3  3     3652    3654    3687
    7059  3  3     3687    3654    3679
    7060  3  3     3653    3652    3687
    7061  3  3     3645    3506    3688
    7062  3  3     3688    3506    3671
    7063  3  3     3439    3648    3689
    7064  3  3     3439    3689    3639
    7065  3  3     3662    3649    3690
    7066  3  3     3690    3649    3677
    7067  3  3     3485    3612    3691
    7068  3  3     3485    3691    3648
    7069  3  3     3622    3623    3692
    7070  3  3     3622    3692    3681
    7071  3  3     3592    3634    3693
    7072  3  3     3592    3693    3682
    7073  3  3     3634    3635    3694
    7074  3  3     3634    3694    3693
    7075  3  3     3503    3659    3695
    7076  3  3     3503    3695    3632
    7077  3  3     3480    3610    3696
    7078  3  3     3480    3696    3594
    7079  3  3     3610    3670    3696
    7080  3  3     3589    3487    3697
    7081  3  3     3697    3487    3615
    7082  3  3     3636    3449    3698
    7083  3  3     3698    3449    3616
    7084  3  3     3616    3617    3699
    7085  3  3     3616    3699    3698
    7086  3  3     3624    3432    3700
    7087  3  3     3700    3432    3593
    7088  3  3     3593    3594    3701
    7089  3  3     3593    3701    3700
    7090  3  3     3360    3474    3702
    7091  3  3     3360    3702    3572
    7092  3  3     3474    3620    3703
    7093  3  3     3474    3703    3702
    7094  3  3     3486    3646    3704
    7095  3  3     3486    3704    3612
    7096  3  3     3642    3458    3705
    7097  3  3     3705    3458    3656
    7098  3  3     3475    3639    3706
    7099  3  3     3475    3706    3641
    7100  3  3     3469    3642    3707
    7101  3  3     3469    3707    3618
    7102  3  3     3672    3618    3708
    7103  3  3     3708    3618    3707
    7104  3  3     3455    3631    3709
    7105  3  3     3455    3709    3596
    7106  3  3     3631    3674    3710
    7107  3  3     3631    3710    3709
    7108  3  3     3468    3640    3711
    7109  3  3     3468    3711    3591
    7110  3  3     3640    3641    3712
    7111  3  3     3640    3712    3711
    7112  3  3     3515    3591    3713
    7113  3  3     3515    3713    3673
    7114  3  3     3638    3471    3714
    7115  3  3     3714    3471    3630
    7116  3  3     3676    3638    3715
    7117  3  3     3715    3638    3714
    7118  3  3     3605    3488    3716
    7119  3  3     3716    3488    3633
    7120  3  3     3615    3433    3717
    7121  3  3     3717    3433    3600
    7122  3  3     3603    3513    3718
    7123  3  3     3718    3513    3675
    7124  3  3     3604    3603    3666
    7125  3  3     3666    3603    3718
    7126  3  3     3430    3604    3548
    7127  3  3     3548    3604    3666
    7128  3  3     3598    3430    3548
    7129  3  3     3614    3443    3719
    7130  3  3     3719    3443    3653
    7131  3  3     3668    3614    3721
    7132  3  3     3721    3614    3719
    7133  3  3     3647    3508    3722
    7134  3  3     3722    3508    3667
    7135  3  3     3478    3637    3723
    7136  3  3     3478    3723    3651
    7137  3  3     3646    3647    3724
    7138  3  3     3646    3724    3704
    7139  3  3     3628    3606    3725
    7140  3  3     3725    3606    3589
    7141  3  3     3630    3628    3726
    7142  3  3     3726    3628    3725
    7143  3  3     3517    3590    3727
    7144  3  3     3517    3727    3617
    7145  3  3     3611    3482    3728
    7146  3  3     3728    3482    3650
    7147  3  3     3498    3662    3729
    7148  3  3     3498    3729    3655
    7149  3  3     3656    3655    3730
    7150  3  3     3730    3655    3729
    7151  3  3     3590    3665    3565
    7152  3  3     3590    3565    3727
    7153  3  3     3489    3611    3731
    7154  3  3     3489    3731    3637
    7155  3  3     3496    3613    3732
    7156  3  3     3732    3613    3520
    7157  3  3     3657    3496    3733
    7158  3  3     3733    3496    3732
    7159  3  3     3661    3491    3734
    7160  3  3     3734    3491    3636
    7161  3  3     3492    3651    3735
    7162  3  3     3492    3735    3599
    7163  3  3     3504    3599    3736
    7164  3  3     3736    3599    3735
    7165  3  3     3660    3504    3736
    7166  3  3     3499    3632    3737
    7167  3  3     3737    3632    3738
    7168  3  3     3738    3632    3695
    7169  3  3     3663    3499    3739
    7170  3  3     3739    3499    3737
    7171  3  3     3664    3663    3740
    7172  3  3     3740    3663    3739
    7173  3  3     3665    3664    3741
    7174  3  3     3741    3664    3740
    7175  3  3     3600    3609    3742
    7176  3  3     3600    3742    3717
    7177  3  3     3609    3643    3743
    7178  3  3     3609    3743    3742
    7179  3  3     3643    3644    3744
    7180  3  3     3643    3744    3743
    7181  3  3     3644    3645    3745
    7182  3  3     3644    3745    3744
    7183  3  3     3658    3660    3746
    7184  3  3     3658    3746    3747
    7185  3  3     3658    3747    3659
    7186  3  3     3670    3669    3748
    7187  3  3     3748    3669    3749
    7188  3  3     3749    3669    3685
    7189  3  3     3671    3672    3750
    7190  3  3     3671    3750    3751
    7191  3  3     3671    3751    3688
    7192  3  3     3674    3673    3752
    7193  3  3     3752    3673    3753
    7194  3  3     3753    3673    3713
    7195  3  3     3667    3668    3754
    7196  3  3     3667    3754    3755
    7197  3  3     3667    3755    3722
    7198  3  3     3675    3676    3756
    7199  3  3     3675    3756    3530
    7200  3  3     3675    3530    3718
    7201  3  3     3548    3290    3598
    7202  3  3     3254    3540    3633
    7203  3  3     3565    3564    3727
    7204  3  3     3526    3565    3665
    7205  3  3     3529    3530    3756
    7206  3  3     3571    3572    3702
    7207  3  3     3520    3295    3732
    7208  3  3     3295    3559    3732
    7209  3  3     3525    3548    3666
    7210  3  3     3564    3566    3727
    7211  3  3     3533    3294    3550
    7212  3  3     3318    3588    3757
    7213  3  3     3318    3757    3557
    7214  3  3     3252    3521    3758
    7215  3  3     3252    3758    3522
    7216  3  3     3527    3309    3759
    7217  3  3     3759    3309    3581
    7218  3  3     3287    3555    3760
    7219  3  3     3287    3760    3554
    7220  3  3     3530    3259    3761
    7221  3  3     3530    3761    3718
    7222  3  3     3259    3525    3761
    7223  3  3     3276    3524    3762
    7224  3  3     3276    3762    3540
    7225  3  3     3272    3545    3763
    7226  3  3     3272    3763    3531
    7227  3  3     3521    3264    3764
    7228  3  3     3764    3264    3527
    7229  3  3     3268    3536    3765
    7230  3  3     3268    3765    3542
    7231  3  3     3265    3563    3766
    7232  3  3     3265    3766    3546
    7233  3  3     3556    3282    3741
    7234  3  3     3741    3282    3526
    7235  3  3     3251    3522    3767
    7236  3  3     3251    3767    3541
    7237  3  3     3534    3270    3768
    7238  3  3     3768    3270    3537
    7239  3  3     3528    3253    3769
    7240  3  3     3769    3253    3542
    7241  3  3     3325    3534    3770
    7242  3  3     3325    3770    3583
    7243  3  3     3267    3528    3771
    7244  3  3     3267    3771    3524
    7245  3  3     3562    3299    3772
    7246  3  3     3772    3299    3529
    7247  3  3     3535    3280    3773
    7248  3  3     3773    3280    3547
    7249  3  3     3538    3535    3774
    7250  3  3     3774    3535    3773
    7251  3  3     3539    3538    3629
    7252  3  3     3629    3538    3774
    7253  3  3     3544    3284    3775
    7254  3  3     3775    3284    3523
    7255  3  3     3545    3544    3777
    7256  3  3     3777    3544    3775
    7257  3  3     3555    3556    3778
    7258  3  3     3555    3778    3760
    7259  3  3     3559    3269    3779
    7260  3  3     3779    3269    3551
    7261  3  3     3260    3546    3780
    7262  3  3     3260    3780    3523
    7263  3  3     3278    3558    3781
    7264  3  3     3278    3781    3532
    7265  3  3     3547    3281    3782
    7266  3  3     3782    3281    3557
    7267  3  3     3543    3283    3783
    7268  3  3     3783    3283    3541
    7269  3  3     3537    3288    3784
    7270  3  3     3784    3288    3552
    7271  3  3     3552    3553    3785
    7272  3  3     3552    3785    3784
    7273  3  3     3553    3554    3786
    7274  3  3     3553    3786    3785
    7275  3  3     3536    3289    3787
    7276  3  3     3787    3289    3532
    7277  3  3     3566    3567    3720
    7278  3  3     3566    3720    3727
    7279  3  3     3567    3568    3788
    7280  3  3     3567    3788    3720
    7281  3  3     3568    3569    3790
    7282  3  3     3568    3790    3788
    7283  3  3     3569    3570    3791
    7284  3  3     3569    3791    3790
    7285  3  3     3570    3571    3792
    7286  3  3     3570    3792    3791
    7287  3  3     3549    3539    3789
    7288  3  3     3789    3539    3629
    7289  3  3     3550    3549    3793
    7290  3  3     3793    3549    3789
    7291  3  3     3291    3560    3795
    7292  3  3     3291    3795    3563
    7293  3  3     3560    3561    3796
    7294  3  3     3560    3796    3795
    7295  3  3     3317    3531    3797
    7296  3  3     3317    3797    3573
    7297  3  3     3296    3543    3798
    7298  3  3     3296    3798    3558
    7299  3  3     3561    3562    3799
    7300  3  3     3561    3799    3800
    7301  3  3     3561    3800    3796
    7302  3  3     3551    3533    3801
    7303  3  3     3801    3533    3802
    7304  3  3     3802    3533    3550
    7305  3  3     3576    3575    3803
    7306  3  3     3803    3575    3804
    7307  3  3     3804    3575    3574
    7308  3  3     3574    3573    3805
    7309  3  3     3574    3805    3804
    7310  3  3     3577    3576    3806
    7311  3  3     3806    3576    3803
    7312  3  3     3578    3577    3807
    7313  3  3     3807    3577    3806
    7314  3  3     3579    3578    3808
    7315  3  3     3808    3578    3807
    7316  3  3     3580    3579    3809
    7317  3  3     3809    3579    3808
    7318  3  3     3581    3580    3810
    7319  3  3     3810    3580    3809
    7320  3  3     3588    3587    3811
    7321  3  3     3588    3811    3812
    7322  3  3     3588    3812    3757
    7323  3  3     3587    3586    3813
    7324  3  3     3587    3813    3811
    7325  3  3     3586    3585    3814
    7326  3  3     3586    3814    3813
    7327  3  3     3585    3584    3815
    7328  3  3     3585    3815    3814
    7329  3  3     3584    3582    3816
    7330  3  3     3584    3816    3815
    7331  3  3     3582    3583    3817
    7332  3  3     3582    3817    3816
    7333  3  3     3665    3741    3526
    7334  3  3     3627    3661    3680
    7335  3  3     3617    3727    3720
    7336  3  3     3699    3617    3720
    7337  3  3     3596    3709    3677
    7338  3  3     3716    3633    3540
    7339  3  3     3666    3718    3761
    7340  3  3     3733    3732    3559
    7341  3  3     3690    3677    3709
    7342  3  3     3709    3710    3690
    7343  3  3     3589    3697    3725
    7344  3  3     3695    3659    3818
    7345  3  3     3818    3659    3747
    7346  3  3     3738    3695    3819
    7347  3  3     3819    3695    3818
    7348  3  3     3691    3612    3820
    7349  3  3     3820    3612    3704
    7350  3  3     3704    3724    3821
    7351  3  3     3704    3821    3820
    7352  3  3     3608    3682    3822
    7353  3  3     3608    3822    3679
    7354  3  3     3687    3679    3823
    7355  3  3     3823    3679    3822
    7356  3  3     3653    3687    3823
    7357  3  3     3719    3653    3823
    7358  3  3     3721    3719    3824
    7359  3  3     3824    3719    3823
    7360  3  3     3620    3680    3825
    7361  3  3     3620    3825    3703
    7362  3  3     3684    3624    3826
    7363  3  3     3826    3624    3700
    7364  3  3     3700    3701    3826
    7365  3  3     3694    3635    3827
    7366  3  3     3827    3635    3686
    7367  3  3     3594    3696    3828
    7368  3  3     3594    3828    3701
    7369  3  3     3741    3740    3778
    7370  3  3     3741    3778    3556
    7371  3  3     3641    3706    3829
    7372  3  3     3641    3829    3712
    7373  3  3     3702    3703    3792
    7374  3  3     3702    3792    3571
    7375  3  3     3661    3734    3825
    7376  3  3     3661    3825    3680
    7377  3  3     3745    3645    3830
    7378  3  3     3830    3645    3688
    7379  3  3     3688    3751    3830
    7380  3  3     3682    3693    3831
    7381  3  3     3682    3831    3822
    7382  3  3     3602    3683    3793
    7383  3  3     3602    3793    3685
    7384  3  3     3749    3685    3789
    7385  3  3     3789    3685    3793
    7386  3  3     3668    3721    3832
    7387  3  3     3668    3832    3754
    7388  3  3     3611    3728    3833
    7389  3  3     3611    3833    3731
    7390  3  3     3672    3708    3763
    7391  3  3     3672    3763    3750
    7392  3  3     3615    3717    3834
    7393  3  3     3615    3834    3697
    7394  3  3     3728    3650    3835
    7395  3  3     3835    3650    3684
    7396  3  3     3648    3691    3836
    7397  3  3     3648    3836    3689
    7398  3  3     3693    3694    3837
    7399  3  3     3693    3837    3831
    7400  3  3     3740    3739    3838
    7401  3  3     3740    3838    3778
    7402  3  3     3605    3716    3794
    7403  3  3     3605    3794    3686
    7404  3  3     3674    3752    3839
    7405  3  3     3674    3839    3710
    7406  3  3     3639    3689    3841
    7407  3  3     3639    3841    3706
    7408  3  3     3726    3725    3842
    7409  3  3     3842    3725    3697
    7410  3  3     3723    3637    3843
    7411  3  3     3843    3637    3731
    7412  3  3     3707    3642    3844
    7413  3  3     3844    3642    3705
    7414  3  3     3708    3707    3845
    7415  3  3     3845    3707    3844
    7416  3  3     3676    3715    3840
    7417  3  3     3676    3840    3756
    7418  3  3     3739    3737    3846
    7419  3  3     3739    3846    3838
    7420  3  3     3737    3738    3846
    7421  3  3     3713    3591    3848
    7422  3  3     3848    3591    3711
    7423  3  3     3753    3713    3849
    7424  3  3     3849    3713    3848
    7425  3  3     3711    3712    3850
    7426  3  3     3711    3850    3848
    7427  3  3     3626    3681    3851
    7428  3  3     3626    3851    3678
    7429  3  3     3681    3692    3852
    7430  3  3     3681    3852    3851
    7431  3  3     3683    3678    3776
    7432  3  3     3776    3678    3851
    7433  3  3     3630    3726    3853
    7434  3  3     3630    3853    3714
    7435  3  3     3715    3714    3855
    7436  3  3     3855    3714    3853
    7437  3  3     3636    3698    3856
    7438  3  3     3636    3856    3734
    7439  3  3     3698    3699    3788
    7440  3  3     3698    3788    3856
    7441  3  3     3724    3647    3857
    7442  3  3     3857    3647    3722
    7443  3  3     3722    3755    3858
    7444  3  3     3722    3858    3857
    7445  3  3     3717    3742    3859
    7446  3  3     3717    3859    3834
    7447  3  3     3662    3690    3860
    7448  3  3     3860    3690    3710
    7449  3  3     3729    3662    3861
    7450  3  3     3861    3662    3860
    7451  3  3     3730    3729    3862
    7452  3  3     3862    3729    3861
    7453  3  3     3657    3733    3863
    7454  3  3     3657    3863    3623
    7455  3  3     3692    3623    3863
    7456  3  3     3651    3723    3864
    7457  3  3     3651    3864    3735
    7458  3  3     3705    3656    3865
    7459  3  3     3865    3656    3730
    7460  3  3     3736    3735    3866
    7461  3  3     3866    3735    3864
    7462  3  3     3660    3736    3867
    7463  3  3     3867    3736    3868
    7464  3  3     3868    3736    3866
    7465  3  3     3746    3660    3869
    7466  3  3     3869    3660    3867
    7467  3  3     3747    3746    3870
    7468  3  3     3870    3746    3869
    7469  3  3     3742    3743    3871
    7470  3  3     3742    3871    3859
    7471  3  3     3743    3744    3872
    7472  3  3     3743    3872    3871
    7473  3  3     3744    3745    3873
    7474  3  3     3744    3873    3872
    7475  3  3     3696    3670    3874
    7476  3  3     3696    3874    3875
    7477  3  3     3696    3875    3828
    7478  3  3     3670    3748    3876
    7479  3  3     3670    3876    3874
    7480  3  3     3748    3749    3629
    7481  3  3     3748    3629    3774
    7482  3  3     3748    3774    3876
    7483  3  3     3751    3750    3777
    7484  3  3     3777    3750    3545
    7485  3  3     3545    3750    3763
    7486  3  3     3755    3754    3877
    7487  3  3     3877    3754    3878
    7488  3  3     3878    3754    3832
    7489  3  3     3752    3753    3879
    7490  3  3     3752    3879    3880
    7491  3  3     3752    3880    3839
    7492  3  3     3716    3540    3762
    7493  3  3     3666    3761    3525
    7494  3  3     3856    3788    3790
    7495  3  3     3629    3749    3789
    7496  3  3     3699    3720    3788
    7497  3  3     3876    3774    3773
    7498  3  3     3778    3838    3760
    7499  3  3     3697    3834    3842
    7500  3  3     3738    3819    3846
    7501  3  3     3733    3559    3854
    7502  3  3     3854    3559    3779
    7503  3  3     3863    3733    3854
    7504  3  3     3710    3839    3881
    7505  3  3     3710    3881    3860
    7506  3  3     3839    3880    3881
    7507  3  3     3794    3716    3762
    7508  3  3     3852    3692    3863
    7509  3  3     3861    3860    3883
    7510  3  3     3883    3860    3881
    7511  3  3     3862    3861    3883
    7512  3  3     3763    3708    3882
    7513  3  3     3763    3882    3531
    7514  3  3     3708    3845    3882
    7515  3  3     3721    3824    3884
    7516  3  3     3721    3884    3832
    7517  3  3     3703    3825    3886
    7518  3  3     3703    3886    3792
    7519  3  3     3825    3734    3886
    7520  3  3     3734    3856    3885
    7521  3  3     3734    3885    3886
    7522  3  3     3793    3683    3802
    7523  3  3     3793    3802    3550
    7524  3  3     3683    3776    3802
    7525  3  3     3818    3747    3887
    7526  3  3     3887    3747    3870
    7527  3  3     3819    3818    3889
    7528  3  3     3889    3818    3887
    7529  3  3     3756    3840    3772
    7530  3  3     3756    3772    3529
    7531  3  3     3706    3841    3890
    7532  3  3     3706    3890    3829
    7533  3  3     3837    3694    3891
    7534  3  3     3891    3694    3827
    7535  3  3     3689    3836    3892
    7536  3  3     3689    3892    3841
    7537  3  3     3850    3712    3893
    7538  3  3     3893    3712    3829
    7539  3  3     3878    3832    3894
    7540  3  3     3894    3832    3884
    7541  3  3     3873    3745    3895
    7542  3  3     3895    3745    3830
    7543  3  3     3724    3857    3896
    7544  3  3     3724    3896    3821
    7545  3  3     3848    3850    3897
    7546  3  3     3848    3897    3849
    7547  3  3     3834    3859    3898
    7548  3  3     3834    3898    3842
    7549  3  3     3822    3831    3899
    7550  3  3     3822    3899    3823
    7551  3  3     3824    3823    3899
    7552  3  3     3831    3837    3900
    7553  3  3     3831    3900    3899
    7554  3  3     3684    3826    3901
    7555  3  3     3684    3901    3835
    7556  3  3     3776    3851    3801
    7557  3  3     3776    3801    3802
    7558  3  3     3851    3852    3801
    7559  3  3     3830    3751    3777
    7560  3  3     3691    3820    3902
    7561  3  3     3691    3902    3836
    7562  3  3     3820    3821    3903
    7563  3  3     3820    3903    3902
    7564  3  3     3857    3858    3904
    7565  3  3     3857    3904    3896
    7566  3  3     3705    3865    3905
    7567  3  3     3705    3905    3844
    7568  3  3     3845    3844    3847
    7569  3  3     3847    3844    3905
    7570  3  3     3865    3730    3906
    7571  3  3     3906    3730    3862
    7572  3  3     3753    3849    3908
    7573  3  3     3753    3908    3879
    7574  3  3     3874    3876    3909
    7575  3  3     3909    3876    3773
    7576  3  3     3875    3874    3909
    7577  3  3     3723    3843    3910
    7578  3  3     3723    3910    3864
    7579  3  3     3833    3728    3911
    7580  3  3     3911    3728    3835
    7581  3  3     3859    3871    3912
    7582  3  3     3859    3912    3898
    7583  3  3     3871    3872    3913
    7584  3  3     3871    3913    3912
    7585  3  3     3872    3873    3914
    7586  3  3     3872    3914    3913
    7587  3  3     3840    3715    3907
    7588  3  3     3907    3715    3855
    7589  3  3     3838    3846    3915
    7590  3  3     3838    3915    3760
    7591  3  3     3731    3833    3917
    7592  3  3     3731    3917    3843
    7593  3  3     3866    3864    3918
    7594  3  3     3918    3864    3910
    7595  3  3     3868    3866    3919
    7596  3  3     3919    3866    3918
    7597  3  3     3686    3794    3920
    7598  3  3     3686    3920    3827
    7599  3  3     3869    3867    3921
    7600  3  3     3921    3867    3868
    7601  3  3     3870    3869    3922
    7602  3  3     3922    3869    3921
    7603  3  3     3858    3755    3923
    7604  3  3     3923    3755    3877
    7605  3  3     3853    3726    3924
    7606  3  3     3924    3726    3842
    7607  3  3     3855    3853    3925
    7608  3  3     3925    3853    3924
    7609  3  3     3701    3828    3926
    7610  3  3     3701    3926    3826
    7611  3  3     3828    3875    3927
    7612  3  3     3828    3927    3926
    7613  3  3     3877    3878    3928
    7614  3  3     3877    3928    3916
    7615  3  3     3877    3916    3923
    7616  3  3     3880    3879    3929
    7617  3  3     3929    3879    3931
    7618  3  3     3931    3879    3908
    7619  3  3     3791    3792    3886
    7620  3  3     3797    3531    3882
    7621  3  3     3773    3547    3909
    7622  3  3     3547    3782    3909
    7623  3  3     3777    3775    3932
    7624  3  3     3777    3932    3830
    7625  3  3     3775    3523    3932
    7626  3  3     3554    3760    3915
    7627  3  3     3786    3554    3915
    7628  3  3     3523    3780    3932
    7629  3  3     3551    3801    3852
    7630  3  3     3779    3551    3852
    7631  3  3     3573    3797    3847
    7632  3  3     3573    3847    3805
    7633  3  3     3762    3524    3794
    7634  3  3     3524    3771    3794
    7635  3  3     3758    3521    3933
    7636  3  3     3933    3521    3764
    7637  3  3     3534    3768    3934
    7638  3  3     3534    3934    3770
    7639  3  3     3767    3522    3935
    7640  3  3     3935    3522    3758
    7641  3  3     3769    3542    3936
    7642  3  3     3936    3542    3765
    7643  3  3     3562    3772    3907
    7644  3  3     3907    3772    3840
    7645  3  3     3799    3562    3907
    7646  3  3     3768    3537    3937
    7647  3  3     3937    3537    3784
    7648  3  3     3536    3787    3938
    7649  3  3     3536    3938    3765
    7650  3  3     3790    3791    3885
    7651  3  3     3885    3791    3886
    7652  3  3     3783    3541    3939
    7653  3  3     3939    3541    3767
    7654  3  3     3764    3527    3940
    7655  3  3     3940    3527    3759
    7656  3  3     3787    3532    3928
    7657  3  3     3928    3532    3781
    7658  3  3     3782    3557    3927
    7659  3  3     3927    3557    3757
    7660  3  3     3757    3812    3930
    7661  3  3     3757    3930    3927
    7662  3  3     3784    3785    3941
    7663  3  3     3784    3941    3937
    7664  3  3     3546    3766    3942
    7665  3  3     3546    3942    3780
    7666  3  3     3798    3543    3943
    7667  3  3     3943    3543    3783
    7668  3  3     3759    3581    3945
    7669  3  3     3945    3581    3810
    7670  3  3     3785    3786    3946
    7671  3  3     3785    3946    3941
    7672  3  3     3583    3770    3947
    7673  3  3     3583    3947    3817
    7674  3  3     3771    3528    3920
    7675  3  3     3920    3528    3948
    7676  3  3     3948    3528    3769
    7677  3  3     3558    3798    3888
    7678  3  3     3558    3888    3950
    7679  3  3     3558    3950    3781
    7680  3  3     3563    3795    3949
    7681  3  3     3563    3949    3952
    7682  3  3     3563    3952    3766
    7683  3  3     3795    3796    3953
    7684  3  3     3795    3953    3949
    7685  3  3     3796    3800    3954
    7686  3  3     3796    3954    3953
    7687  3  3     3800    3799    3855
    7688  3  3     3855    3799    3907
    7689  3  3     3806    3803    3955
    7690  3  3     3955    3803    3956
    7691  3  3     3956    3803    3804
    7692  3  3     3804    3805    3951
    7693  3  3     3804    3951    3956
    7694  3  3     3807    3806    3957
    7695  3  3     3957    3806    3955
    7696  3  3     3808    3807    3958
    7697  3  3     3958    3807    3957
    7698  3  3     3809    3808    3944
    7699  3  3     3944    3808    3931
    7700  3  3     3931    3808    3958
    7701  3  3     3810    3809    3959
    7702  3  3     3959    3809    3944
    7703  3  3     3812    3811    3962
    7704  3  3     3962    3811    3963
    7705  3  3     3963    3811    3813
    7706  3  3     3813    3814    3964
    7707  3  3     3813    3964    3963
    7708  3  3     3814    3815    3965
    7709  3  3     3814    3965    3964
    7710  3  3     3815    3816    3966
    7711  3  3     3815    3966    3965
    7712  3  3     3816    3817    3967
    7713  3  3     3816    3967    3966
    7714  3  3     3916    3928    3781
    7715  3  3     3882    3845    3797
    7716  3  3     3926    3927    3930
    7717  3  3     3845    3847    3797
    7718  3  3     3920    3794    3771
    7719  3  3     3856    3790    3885
    7720  3  3     3852    3863    3779
    7721  3  3     3863    3854    3779
    7722  3  3     3855    3925    3800
    7723  3  3     3927    3875    3782
    7724  3  3     3875    3909    3782
    7725  3  3     3931    3908    3944
    7726  3  3     3827    3920    3948
    7727  3  3     3847    3905    3805
    7728  3  3     3891    3827    3948
    7729  3  3     3868    3919    3921
    7730  3  3     3924    3842    3968
    7731  3  3     3968    3842    3898
    7732  3  3     3883    3881    3880
    7733  3  3     3837    3891    3900
    7734  3  3     3898    3912    3968
    7735  3  3     3890    3841    3969
    7736  3  3     3969    3841    3892
    7737  3  3     3929    3931    3958
    7738  3  3     3915    3846    3970
    7739  3  3     3970    3846    3819
    7740  3  3     3819    3889    3970
    7741  3  3     3895    3830    3780
    7742  3  3     3780    3830    3932
    7743  3  3     3836    3902    3971
    7744  3  3     3836    3971    3892
    7745  3  3     3902    3903    3972
    7746  3  3     3902    3972    3971
    7747  3  3     3824    3899    3973
    7748  3  3     3973    3899    3900
    7749  3  3     3884    3824    3973
    7750  3  3     3894    3884    3974
    7751  3  3     3974    3884    3973
    7752  3  3     3850    3893    3975
    7753  3  3     3850    3975    3897
    7754  3  3     3826    3926    3976
    7755  3  3     3826    3976    3901
    7756  3  3     3893    3829    3977
    7757  3  3     3977    3829    3890
    7758  3  3     3928    3878    3978
    7759  3  3     3928    3978    3787
    7760  3  3     3878    3894    3978
    7761  3  3     3835    3901    3961
    7762  3  3     3835    3961    3911
    7763  3  3     3917    3833    3979
    7764  3  3     3979    3833    3911
    7765  3  3     3914    3873    3960
    7766  3  3     3960    3873    3895
    7767  3  3     3858    3923    3980
    7768  3  3     3858    3980    3904
    7769  3  3     3880    3929    3981
    7770  3  3     3880    3981    3883
    7771  3  3     3862    3883    3984
    7772  3  3     3984    3883    3981
    7773  3  3     3906    3862    3984
    7774  3  3     3925    3924    3985
    7775  3  3     3985    3924    3968
    7776  3  3     3843    3917    3986
    7777  3  3     3843    3986    3910
    7778  3  3     3918    3910    3987
    7779  3  3     3987    3910    3986
    7780  3  3     3919    3918    3988
    7781  3  3     3988    3918    3987
    7782  3  3     3887    3870    3989
    7783  3  3     3989    3870    3922
    7784  3  3     3889    3887    3983
    7785  3  3     3983    3887    3989
    7786  3  3     3908    3849    3959
    7787  3  3     3908    3959    3944
    7788  3  3     3849    3897    3959
    7789  3  3     3821    3896    3990
    7790  3  3     3821    3990    3903
    7791  3  3     3896    3904    3992
    7792  3  3     3896    3992    3990
    7793  3  3     3905    3865    3951
    7794  3  3     3951    3865    3956
    7795  3  3     3956    3865    3906
    7796  3  3     3923    3916    3950
    7797  3  3     3950    3916    3781
    7798  3  3     3912    3913    3993
    7799  3  3     3912    3993    3994
    7800  3  3     3912    3994    3968
    7801  3  3     3913    3914    3991
    7802  3  3     3913    3991    3993
    7803  3  3     3922    3921    3995
    7804  3  3     3995    3921    3997
    7805  3  3     3997    3921    3919
    7806  3  3     3968    3994    3985
    7807  3  3     3805    3905    3951
    7808  3  3     3929    3958    3957
    7809  3  3     3895    3780    3942
    7810  3  3     3960    3895    3942
    7811  3  3     3800    3925    3954
    7812  3  3     3925    3985    3954
    7813  3  3     3787    3978    3938
    7814  3  3     3915    3970    3786
    7815  3  3     3981    3929    3957
    7816  3  3     3919    3988    3997
    7817  3  3     3926    3930    3976
    7818  3  3     3973    3900    3974
    7819  3  3     3923    3950    3888
    7820  3  3     3980    3923    3888
    7821  3  3     3900    3891    3998
    7822  3  3     3900    3998    3974
    7823  3  3     3978    3894    3938
    7824  3  3     3894    3974    3938
    7825  3  3     3891    3948    3936
    7826  3  3     3891    3936    3998
    7827  3  3     3959    3897    3982
    7828  3  3     3959    3982    3810
    7829  3  3     3897    3975    3982
    7830  3  3     3890    3969    3999
    7831  3  3     3890    3999    3977
    7832  3  3     3906    3984    3996
    7833  3  3     3906    3996    3956
    7834  3  3     3984    3981    3996
    7835  3  3     3892    3971    4001
    7836  3  3     3892    4001    3969
    7837  3  3     3971    3972    4001
    7838  3  3     3972    3903    4003
    7839  3  3     4003    3903    3990
    7840  3  3     3990    3992    4000
    7841  3  3     3990    4000    4003
    7842  3  3     3961    3901    3962
    7843  3  3     3962    3901    3976
    7844  3  3     3893    3977    4004
    7845  3  3     3893    4004    3975
    7846  3  3     3989    3922    4006
    7847  3  3     4006    3922    3995
    7848  3  3     3904    3980    3798
    7849  3  3     3904    3798    3943
    7850  3  3     3904    3943    3992
    7851  3  3     3970    3889    3946
    7852  3  3     3970    3946    3786
    7853  3  3     3889    3983    3946
    7854  3  3     3911    3961    4002
    7855  3  3     3911    4002    3979
    7856  3  3     3986    3917    4007
    7857  3  3     4007    3917    3979
    7858  3  3     3987    3986    4005
    7859  3  3     4005    3986    4007
    7860  3  3     3983    3989    4010
    7861  3  3     4010    3989    4006
    7862  3  3     3914    3960    3952
    7863  3  3     3952    3960    3942
    7864  3  3     3991    3914    3952
    7865  3  3     3988    3987    3967
    7866  3  3     3967    3987    4005
    7867  3  3     3995    3997    4008
    7868  3  3     3995    4008    4006
    7869  3  3     3993    3991    3953
    7870  3  3     3953    3991    3949
    7871  3  3     3949    3991    3952
    7872  3  3     3994    3993    3953
    7873  3  3     3955    3956    3996
    7874  3  3     3766    3952    3942
    7875  3  3     3930    3812    3976
    7876  3  3     3812    3962    3976
    7877  3  3     3769    3936    3948
    7878  3  3     3888    3798    3980
    7879  3  3     3962    3963    3961
    7880  3  3     3953    3954    3994
    7881  3  3     3945    3810    3982
    7882  3  3     3941    3946    3983
    7883  3  3     3966    3967    4005
    7884  3  3     3967    3817    3988
    7885  3  3     3817    3947    3988
    7886  3  3     3957    3955    3981
    7887  3  3     3758    3933    4009
    7888  3  3     3758    4009    3935
    7889  3  3     3943    3783    3992
    7890  3  3     3764    3940    3999
    7891  3  3     3764    3999    3933
    7892  3  3     3936    3765    4011
    7893  3  3     3936    4011    3998
    7894  3  3     3765    3938    4011
    7895  3  3     3783    3939    4000
    7896  3  3     3783    4000    3992
    7897  3  3     3940    3759    4004
    7898  3  3     4004    3759    3945
    7899  3  3     3768    3937    4012
    7900  3  3     3768    4012    3934
    7901  3  3     3963    3964    4002
    7902  3  3     3963    4002    3961
    7903  3  3     3939    3767    3935
    7904  3  3     3770    3934    4008
    7905  3  3     3770    4008    3947
    7906  3  3     3937    3941    4010
    7907  3  3     4010    3941    3983
    7908  3  3     3964    3965    3979
    7909  3  3     3964    3979    4002
    7910  3  3     3965    3966    4007
    7911  3  3     3965    4007    3979
    7912  3  3     4003    4000    3939
    7913  3  3     3996    3981    3955
    7914  3  3     3954    3985    3994
    7915  3  3     3975    4004    3945
    7916  3  3     4005    4007    3966
    7917  3  3     3982    3975    3945
    7918  3  3     3977    3999    3940
    7919  3  3     4004    3977    3940
    7920  3  3     4006    4008    3934
    7921  3  3     3997    3988    3947
    7922  3  3     4008    3997    3947
    7923  3  3     3938    3974    4011
    7924  3  3     3974    3998    4011
    7925  3  3     4010    4006    4012
    7926  3  3     4010    4012    3937
    7927  3  3     3999    3969    4009
    7928  3  3     4009    3969    4001
    7929  3  3     3972    4003    3939
    7930  3  3     4001    3972    4009
    7931  3  3     3934    4012    4006
    7932  3  3     3933    3999    4009
    7933  3  3     3935    4009    3972
    7934  3  3     3939    3935    3972