1   0.0000000000e+000   0.0000000000e+000
         2   1.0000000000e+000   0.0000000000e+000
         3   1.0000000000e+001   0.0000000000e+000
         4   9.9211818859e+000   1.2530562582e+000
         5   9.6856431451e+000   2.4876327837e+000
         6   9.2980364062e+000   3.6805596026e+000
         7   8.7626361102e+000   4.8183200808e+000
         8   8.0907020032e+000   5.8771201362e+000
         9   7.2892704960e+000   6.8459137911e+000
        10   6.3746899637e+000   7.7047600785e+000
        11   5.3581886208e+000   8.4433295982e+000
        12   4.2574906524e+000   9.0484127528e+000
        13   3.0905996322e+000   9.5104255380e+000
        14   1.8729661136e+000   9.8230340495e+000
        15   6.2873920602e-001   9.9802147778e+000
        16  -6.2873920602e-001   9.9802147778e+000
        17  -1.8729661136e+000   9.8230340495e+000
        18  -3.0905996322e+000   9.5104255380e+000
        19  -4.2574906524e+000   9.0484127528e+000
        20  -5.3581886208e+000   8.4433295982e+000
        21  -6.3746899637e+000   7.7047600785e+000
        22  -7.2892704960e+000   6.8459137911e+000
        23  -8.0907020032e+000   5.8771201362e+000
        24  -8.7626361102e+000   4.8183200808e+000
        25  -9.2980364062e+000   3.6805596026e+000
        26  -9.6856431451e+000   2.4876327837e+000
        27  -9.9211818859e+000   1.2530562582e+000
        28  -1.0000000000e+001  -1.2098069942e-014
        29  -9.9211818859e+000  -1.2530562582e+000
        30  -9.6856431451e+000  -2.4876327837e+000
        31  -9.2980364062e+000  -3.6805596026e+000
        32  -8.7626361102e+000  -4.8183200808e+000
        33  -8.0907020032e+000  -5.8771201362e+000
        34  -7.2892704960e+000  -6.8459137911e+000
        35  -6.3746899637e+000  -7.7047600785e+000
        36  -5.3581886208e+000  -8.4433295982e+000
        37  -4.2574906524e+000  -9.0484127528e+000
        38  -3.0905996322e+000  -9.5104255380e+000
        39  -1.8729661136e+000  -9.8230340495e+000
        40  -6.2873920602e-001  -9.9802147778e+000
        41   6.2873920602e-001  -9.9802147778e+000
        42   1.8729661136e+000  -9.8230340495e+000
        43   3.0905996322e+000  -9.5104255380e+000
        44   4.2574906524e+000  -9.0484127528e+000
        45   5.3581886208e+000  -8.4433295982e+000
        46   6.3746899637e+000  -7.7047600785e+000
        47   7.2892704960e+000  -6.8459137911e+000
        48   8.0907020032e+000  -5.8771201362e+000
        49   8.7626361102e+000  -4.8183200808e+000
        50   9.2980364062e+000  -3.6805596026e+000
        51   9.6856431451e+000  -2.4876327837e+000
        52   9.9211818859e+000  -1.2530562582e+000
        53   3.8111929440e-002   3.0336303759e-002
        54   8.7305903158e-002   4.3280340580e-002
        55   1.3764555008e-001   5.0848105416e-002
        56   1.8835392855e-001   5.5389386449e-002
        57   2.3920792346e-001   5.7850182791e-002
        58   2.9011456717e-001   5.8735759222e-002
        59   3.4102809688e-001   5.8390668005e-002
        60   3.9192566671e-001   5.7059504679e-002
        61   4.4279551669e-001   5.4913531715e-002
        62   4.9363168789e-001   5.2077588767e-002
        63   5.4443251741e-001   4.8666075443e-002
        64   5.9519832164e-001   4.4767631074e-002
        65   6.4592885935e-001   4.0434090962e-002
        66   6.9662389001e-001   3.5703045297e-002
        67   7.4728572221e-001   3.0628703721e-002
        68   7.9791156484e-001   2.5207038300e-002
        69   8.4849934952e-001   1.9441231887e-002
        70   8.9904694908e-001   1.3333350689e-002
        71   9.4955012697e-001   6.8683188348e-003
        72   9.4955012697e-001  -6.8683188348e-003
        73   8.9904694908e-001  -1.3333350689e-002
        74   8.4849934952e-001  -1.9441231887e-002
        75   7.9791156484e-001  -2.5207038300e-002
        76   7.4728572221e-001  -3.0628703721e-002
        77   6.9662389001e-001  -3.5703045297e-002
        78   6.4592885935e-001  -4.0434090962e-002
        79   5.9519832164e-001  -4.4767631074e-002
        80   5.4443251741e-001  -4.8666075443e-002
        81   4.9363168789e-001  -5.2077588767e-002
        82   4.4279551669e-001  -5.4913531715e-002
        83   3.9192566671e-001  -5.7059504679e-002
        84   3.4102809688e-001  -5.8390668005e-002
        85   2.9011456717e-001  -5.8735759222e-002
        86   2.3920792346e-001  -5.7850182791e-002
        87   1.8835392855e-001  -5.5389386449e-002
        88   1.3764555008e-001  -5.0848105416e-002
        89   8.7305903158e-002  -4.3280340580e-002
        90   3.8111929440e-002  -3.0336303759e-002
        91   8.3331411459e-001   7.5063209743e-002
        92  -1.0355576053e+000  -2.6239987162e-001
        93  -4.6582411067e-002  -2.7307100805e+000
        94   8.8727942582e-001   6.8670461236e-002
        95   9.4210229930e-001   6.1023154061e-002
        96   9.9806261919e-001   5.0386605836e-002
        97   7.7992468116e-001   8.0760581250e-002
        98   7.2700024842e-001   8.5957662065e-002
        99   6.7433423554e-001   9.0737882407e-002
       100   6.2172405627e-001   9.5116002738e-002
       101   5.6914595996e-001   9.9051154872e-002
       102   5.1659513804e-001   1.0246840029e-001
       103   4.6402366016e-001   1.0529878582e-001
       104   4.1141626431e-001   1.0741823198e-001
       105   3.5868970896e-001   1.0871832082e-001
       106   3.0582797012e-001   1.0901494803e-001
       107   2.5278007275e-001   1.0808415766e-001
       108   1.9961074658e-001   1.0550246865e-001
       109   1.4648413646e-001   1.0064417081e-001
       110   9.3536600578e-002   9.2536901024e-002
       111   4.1133433918e-002   7.9466074262e-002
       112  -9.7128385162e-003   5.8158684702e-002
       113   8.8492880369e-001  -6.7582769472e-002
       114   8.3149895742e-001  -7.4325200270e-002
       115   7.7849747474e-001  -8.0298723750e-002
       116   7.2578373404e-001  -8.5719999881e-002
       117   6.7322615440e-001  -9.0678800371e-002
       118   6.2062780922e-001  -9.5210818412e-002
       119   5.6799097042e-001  -9.9285900069e-002
       120   5.1535839215e-001  -1.0282067144e-001
       121   4.6269979366e-001  -1.0576308344e-001
       122   4.1001586872e-001  -1.0795509237e-001
       123   3.5726454172e-001  -1.0924203834e-001
       124   3.0443186021e-001  -1.0940197408e-001
       125   2.5146197980e-001  -1.0819755560e-001
       126   1.9838144376e-001  -1.0520853116e-001
       127   1.4528235795e-001  -9.9839183803e-002
       128   9.2336194467e-002  -9.1140721328e-002
       129   9.3919587516e-001  -5.9579483833e-002
       130   9.9477086829e-001  -4.8944425371e-002
       131   3.9899163168e-002  -7.7380689768e-002
       132  -1.0929799411e-002  -5.5021032235e-002
       133   8.9761968523e+000  -6.4450775798e-001
       134   8.9872614600e+000   4.7767982392e-001
       135   8.8282135713e+000  -1.7559637491e+000
       136   8.5407312025e+000  -2.8405974655e+000
       137   8.1191429238e+000  -3.8836421303e+000
       138   8.8583519928e+000   1.5892053129e+000
       139   8.5783827668e+000   2.6709067555e+000
       140   8.1320228711e+000   3.7077551087e+000
       141   7.5721887737e+000  -4.8670578054e+000
       142   6.9075305771e+000  -5.7765516138e+000
       143   6.1345213471e+000  -6.5968148092e+000
       144   5.2636096457e+000  -7.3135302611e+000
       145   4.3081873884e+000  -7.9131101526e+000
       146   3.2836690118e+000  -8.3857784407e+000
       147   2.2077002960e+000  -8.7252697145e+000
       148   1.0978678089e+000  -8.9261469942e+000
       149  -3.0515253325e-002  -8.9892928835e+000
       150  -1.1582410581e+000  -8.9168231116e+000
       151  -2.2668551620e+000  -8.7064032943e+000
       152  -3.3408047756e+000  -8.3569975074e+000
       153  -4.3624196496e+000  -7.8750313755e+000
       154  -5.3151694094e+000  -7.2674995118e+000
       155  -6.1838907632e+000  -6.5439778834e+000
       156  -6.9545523167e+000  -5.7167178017e+000
       157  -7.6149530090e+000  -4.7987473724e+000
       158  -8.1543636910e+000  -3.8055056098e+000
       159  -8.5651931879e+000  -2.7518892312e+000
       160  -8.8398471017e+000  -1.6560745759e+000
       161  -8.9734069507e+000  -5.3312934953e-001
       162  -8.9694387911e+000   5.9914259553e-001
       163  -8.8278246838e+000   1.7208591456e+000
       164  -8.5447794392e+000   2.8145003655e+000
       165  -8.1251679743e+000   3.8647671127e+000
       166  -7.5771318521e+000   4.8533245607e+000
       167  -6.9089833715e+000   5.7655498289e+000
       168  -6.1316605163e+000   6.5866227449e+000
       169  -5.2575633754e+000   7.3037682883e+000
       170  -4.3007685493e+000   7.9051247281e+000
       171  -3.2763290553e+000   8.3813096289e+000
       172  -2.2011330593e+000   8.7251404014e+000
       173  -1.0928191469e+000   8.9304715623e+000
       174   3.2920112806e-002   8.9984089047e+000
       175   1.1568403447e+000   8.9323493795e+000
       176   2.2606044802e+000   8.7314213995e+000
       177   3.3298700038e+000   8.3946405437e+000
       178   4.3462576121e+000   7.9265447359e+000
       179   5.2912003933e+000   7.3301113514e+000
       180   6.1450138205e+000   6.6086967725e+000
       181   6.8832421011e+000   5.7531858697e+000
       182   7.4526774520e+000   4.6888836904e+000
       183   8.0856120754e+000   8.3546696800e-001
       184   8.1258337224e+000  -1.5948711453e-001
       185   8.0409131846e+000  -1.1571400070e+000
       186   7.9109597717e+000   1.8102049947e+000
       187   7.8323971224e+000  -2.1406765003e+000
       188   7.5033789266e+000  -3.0936320330e+000
       189   7.0600482952e+000  -4.0019015020e+000
       190   7.5987375659e+000   2.7362811223e+000
       191   6.5100435214e+000  -4.8512845208e+000
       192   5.8610189764e+000  -5.6280789753e+000
       193   5.1194143725e+000  -6.3183156845e+000
       194   4.2938137834e+000  -6.9063514599e+000
       195   3.3985457518e+000  -7.3814675336e+000
       196   2.4490727802e+000  -7.7387090556e+000
       197   1.4616952276e+000  -7.9743602457e+000
       198   4.5155667706e-001  -8.0874391062e+000
       199  -5.6591418511e-001  -8.0779136849e+000
       200  -1.5747081092e+000  -7.9455082201e+000
       201  -2.5591401258e+000  -7.6898084127e+000
       202  -3.5036358822e+000  -7.3122875897e+000
       203  -4.3928205910e+000  -6.8184540747e+000
       204  -5.2125278134e+000  -6.2155421756e+000
       205  -5.9491773298e+000  -5.5128769725e+000
       206  -6.5908855918e+000  -4.7221482761e+000
       207  -7.1276212074e+000  -3.8565268353e+000
       208  -7.5513716192e+000  -2.9303407578e+000
       209  -7.8558860700e+000  -1.9583772363e+000
       210  -8.0369558687e+000  -9.5553430760e-001
       211  -8.0926686021e+000   6.2515696820e-002
       212  -8.0225695717e+000   1.0796331556e+000
       213  -7.8263846224e+000   2.0795930096e+000
       214  -7.5053843327e+000   3.0464203108e+000
       215  -7.0645630222e+000   3.9647735558e+000
       216  -6.5119420852e+000   4.8201450499e+000
       217  -5.8563414761e+000   5.5994618954e+000
       218  -5.1079231363e+000   6.2903442802e+000
       219  -4.2788046302e+000   6.8814329275e+000
       220  -3.3830227308e+000   7.3640303729e+000
       221  -2.4346881078e+000   7.7312484060e+000
       222  -1.4494910750e+000   7.9769146459e+000
       223  -4.4300083358e-001   8.0992255591e+000
       224   5.6838351751e-001   8.1000900464e+000
       225   1.5685731569e+000   7.9827740438e+000
       226   2.5431422946e+000   7.7494096430e+000
       227   3.4775046280e+000   7.4000977771e+000
       228   4.3536247167e+000   6.9358240835e+000
       229   5.1502700681e+000   6.3585513416e+000
       230   5.8403901387e+000   5.6742912493e+000
       231   6.3783775957e+000   4.9006116692e+000
       232  -6.2196792645e-002  -2.6101185077e-002
       233  -6.1372252478e-002   3.1986628405e-002
       234   8.6790601640e-001  -1.2290794722e-001
       235   9.2462652487e-001  -1.1464294949e-001
       236   9.8286316380e-001  -1.0400637425e-001
       237   8.1230634919e-001  -1.2976854607e-001
       238   7.5730011212e-001  -1.3572568034e-001
       239   7.0275299637e-001  -1.4100889854e-001
       240   6.4835831187e-001  -1.4580026964e-001
       241   5.9393572822e-001  -1.5008292713e-001
       242   5.3950740954e-001  -1.5384076525e-001
       243   4.8506501419e-001  -1.5698294531e-001
       244   4.3058624899e-001  -1.5936010631e-001
       245   3.7601652236e-001  -1.6080110119e-001
       246   3.2127792963e-001  -1.6108070060e-001
       247   2.6628634886e-001  -1.5992100638e-001
       248   2.1101708019e-001  -1.5692379959e-001
       249   1.5552581656e-001  -1.5152516832e-001
       250   9.9993977084e-002  -1.4288182751e-001
       251   4.4691368715e-002  -1.2975860987e-001
       252  -1.0034857422e-002  -1.1060630784e-001
       253   8.1491151057e-001   1.3097030151e-001
       254   8.7128536322e-001   1.2478504745e-001
       255   9.2895055567e-001   1.1728100745e-001
       256   9.8860370377e-001   1.0728254673e-001
       257   7.5944243967e-001   1.3642119387e-001
       258   7.0464378969e-001   1.4131959378e-001
       259   6.5014640711e-001   1.4577228526e-001
       260   5.9578361578e-001   1.4978511122e-001
       261   5.4150483380e-001   1.5327757626e-001
       262   4.8725438484e-001   1.5616821997e-001
       263   4.3295879285e-001   1.5835548716e-001
       264   3.7852291781e-001   1.5972798701e-001
       265   3.2383151566e-001   1.6015205257e-001
       266   2.6882647978e-001   1.5940385075e-001
       267   2.1348118724e-001   1.5713124817e-001
       268   1.5792923697e-001   1.5271998999e-001
       269   1.0237066663e-001   1.4520431108e-001
       270   4.7114230939e-002   1.3322061868e-001
       271  -7.5812275989e-003   1.1537023194e-001
       272   1.0544545334e+000   2.9649236989e-002
       273   1.0507551823e+000   9.1957958748e-002
       274   1.0523032261e+000  -3.0036037404e-002
       275   7.1382734679e+000   3.5668841215e+000
       276   6.6296706148e+000   4.1453644499e+000
       277   5.5057237743e+000   4.8986061678e+000
       278   5.8982372055e+000   4.1942237032e+000
       279   4.9638268956e+000   5.5336111054e+000
       280   4.3055907638e+000   6.0822594742e+000
       281   3.5583640442e+000   6.5334839519e+000
       282   2.7452828885e+000   6.8830141537e+000
       283   1.8867558314e+000   7.1327739575e+000
       284   9.9751216569e-001   7.2853683015e+000
       285   8.9957480808e-002   7.3379530181e+000
       286  -8.2202056748e-001   7.2846887158e+000
       287  -1.7237814889e+000   7.1201502721e+000
       288  -2.5996749267e+000   6.8437278116e+000
       289  -3.4352637443e+000   6.4613438683e+000
       290  -4.2182170215e+000   5.9790164109e+000
       291  -4.9347601649e+000   5.4017510629e+000
       292  -5.5719296877e+000   4.7387500661e+000
       293  -6.1210332423e+000   4.0017573284e+000
       294  -6.5744706509e+000   3.2016683904e+000
       295  -6.9232235741e+000   2.3499315214e+000
       296  -7.1602682825e+000   1.4603368896e+000
       297  -7.2833862335e+000   5.4747283704e-001
       298  -7.2925417496e+000  -3.7384121510e-001
       299  -7.1885918759e+000  -1.2891459843e+000
       300  -6.9730113512e+000  -2.1842197229e+000
       301  -6.6484928829e+000  -3.0450486512e+000
       302  -6.2195088522e+000  -3.8585372103e+000
       303  -5.6918160197e+000  -4.6113133268e+000
       304  -5.0727213454e+000  -5.2900962246e+000
       305  -4.3718085632e+000  -5.8833772122e+000
       306  -3.6007889759e+000  -6.3818585464e+000
       307  -2.7724351194e+000  -6.7782208379e+000
       308  -1.8998047807e+000  -7.0674951545e+000
       309  -9.9726032862e-001  -7.2466447588e+000
       310  -7.9753471009e-002  -7.3153416222e+000
       311   8.3867548938e-001  -7.2754667168e+000
       312   1.7445777789e+000  -7.1264836615e+000
       313   2.6229510562e+000  -6.8681076807e+000
       314   3.4597586015e+000  -6.5035440666e+000
       315   4.2412006700e+000  -6.0333222843e+000
       316   4.9504779055e+000  -5.4579771204e+000
       317   5.5782118906e+000  -4.7951562242e+000
       318   6.1240671404e+000  -4.0621467565e+000
       319   6.5803479725e+000  -3.2692057268e+000
       320   6.9389311296e+000  -2.4314646578e+000
       321   7.1947359354e+000  -1.5603910892e+000
       322   7.3376562356e+000  -6.7004569183e-001
       323   7.3714176302e+000   2.2138389365e-001
       324   7.2930212125e+000   1.1008318191e+000
       325   7.0811816451e+000   1.9458761557e+000
       326   6.7602142097e+000   2.7271149976e+000
       327   6.2331328808e+000   3.4081997022e+000
       328   5.1783633934e+000   4.2578041164e+000
       329   4.7542379413e+000   4.8380861375e+000
       330   4.2197085341e+000   5.3515373102e+000
       331   3.5919441291e+000   5.7838748336e+000
       332   2.8890099454e+000   6.1251722391e+000
       333   2.1324306671e+000   6.3765567029e+000
       334   1.3414939074e+000   6.5493949521e+000
       335   5.2587464333e-001   6.6426811574e+000
       336  -3.0083746486e-001   6.6459995998e+000
       337  -1.1252696286e+000   6.5520736250e+000
       338  -1.9343379152e+000   6.3517637991e+000
       339  -2.7107307174e+000   6.0505469943e+000
       340  -3.4476659103e+000   5.6617264785e+000
       341  -4.1323541473e+000   5.1844232892e+000
       342  -4.7468567069e+000   4.6221891565e+000
       343  -5.2853126492e+000   3.9885008626e+000
       344  -5.7433461562e+000   3.2943652640e+000
       345  -6.1118668630e+000   2.5474015066e+000
       346  -6.3804596753e+000   1.7576126983e+000
       347  -6.5445384959e+000   9.3922388969e-001
       348  -6.6055460632e+000   1.0636612071e-001
       349  -6.5652678254e+000  -7.2800969188e-001
       350  -6.4238126177e+000  -1.5507362073e+000
       351  -6.1831620102e+000  -2.3488912831e+000
       352  -5.8472263814e+000  -3.1107288455e+000
       353  -5.4201840255e+000  -3.8244215132e+000
       354  -4.9063171908e+000  -4.4775495555e+000
       355  -4.3119672401e+000  -5.0575718464e+000
       356  -3.6467815300e+000  -5.5548176136e+000
       357  -2.9224606039e+000  -5.9626536467e+000
       358  -2.1510260267e+000  -6.2765302467e+000
       359  -1.3451107514e+000  -6.4924200555e+000
       360  -5.1658911291e-001  -6.6074433226e+000
       361   3.1957159201e-001  -6.6261451048e+000
       362   1.1511059122e+000  -6.5513257662e+000
       363   1.9650121336e+000  -6.3757945642e+000
       364   2.7445813675e+000  -6.1042303001e+000
       365   3.4818811023e+000  -5.7444327569e+000
       366   4.1618898925e+000  -5.2836366795e+000
       367   4.7603712732e+000  -4.7139707627e+000
       368   5.2935778148e+000  -4.0817506730e+000
       369   5.7642389358e+000  -3.3895317723e+000
       370   6.1355599785e+000  -2.6455438364e+000
       371   6.4339096159e+000  -1.8738343152e+000
       372   6.6268612086e+000  -1.0758080093e+000
       373   6.7063369364e+000  -2.7150630239e-001
       374   6.7130836644e+000   5.2383728270e-001
       375   6.6111592870e+000   1.2952456768e+000
       376   1.0433154354e+000  -8.9039004481e-002
       377  -6.2051492022e-002   9.2190738050e-002
       378  -6.4328539501e-002  -8.5356654488e-002
       379  -1.1874558188e-001   4.9399728245e-003
       380  -1.1962002293e-001  -5.6080865452e-002
       381   7.3448653868e-001  -1.9144108776e-001
       382   7.9119883227e-001  -1.8570080080e-001
       383   8.4856324968e-001  -1.7904986188e-001
       384   9.0689928410e-001  -1.7109076610e-001
       385   9.6667702815e-001  -1.6125831511e-001
       386   6.7835712825e-001  -1.9653771496e-001
       387   6.2222937312e-001  -2.0109021134e-001
       388   5.6608960142e-001  -2.0509780097e-001
       389   5.0995682461e-001  -2.0851402307e-001
       390   4.5375712276e-001  -2.1118722400e-001
       391   3.9742458183e-001  -2.1292803259e-001
       392   3.4086853896e-001  -2.1351242719e-001
       393   2.8395313041e-001  -2.1266688756e-001
       394   2.2659777599e-001  -2.1003360089e-001
       395   1.6880741660e-001  -2.0512332926e-001
       396   1.1071647464e-001  -1.9722558275e-001
       397   5.2652066344e-002  -1.8533106782e-001
       398  -4.9797886082e-003  -1.6829979766e-001
       399   6.8031800549e-001   1.9678079055e-001
       400   7.3672912130e-001   1.9224668857e-001
       401   7.9374122542e-001   1.8718609872e-001
       402   8.5171002296e-001   1.8144643675e-001
       403   9.1096190337e-001   1.7462685773e-001
       404   9.7213372803e-001   1.6599520070e-001
       405   1.0367215371e+000   1.5445822519e-001
       406   6.2423268211e-001   2.0090467477e-001
       407   5.6829093737e-001   2.0450035071e-001
       408   5.1242499590e-001   2.0750412679e-001
       409   4.5653649383e-001   2.0982358728e-001
       410   4.0050291194e-001   2.1135212484e-001
       411   3.4417505857e-001   2.1199197519e-001
       412   2.8743261964e-001   2.1157587920e-001
       413   2.3017556481e-001   2.0983701423e-001
       414   1.7239013214e-001   2.0630217404e-001
       415   1.1424359374e-001   2.0011599289e-001
       416   5.6197136118e-002   1.8988054601e-001
       417  -1.3093273913e-003   1.7423086272e-001
       418   1.1107360913e+000   6.4897500858e-002
       419   1.1102452611e+000  -2.4582669740e-003
       420   6.3385351540e+000   2.0195736949e+000
       421   6.1462332656e+000   2.6867841216e+000
       422   5.4875937596e+000   3.6225151074e+000
       423   4.5364276187e+000   4.2566661884e+000
       424   4.8614105645e+000   3.7459044568e+000
       425   4.1087927749e+000   4.7276605712e+000
       426   3.5918820195e+000   5.1365300976e+000
       427   2.9958037578e+000   5.4676439156e+000
       428   2.3309557401e+000   5.7099400208e+000
       429   1.6209292918e+000   5.8813396931e+000
       430   8.8512531509e-001   6.0091915795e+000
       431   1.2926602286e-001   6.0567391455e+000
       432  -6.2298223593e-001   6.0215142954e+000
       433  -1.3714172630e+000   5.8999092661e+000
       434  -2.0905476711e+000   5.6557262676e+000
       435  -2.7792932106e+000   5.3397351535e+000
       436  -3.4385634360e+000   4.9565944059e+000
       437  -4.0282335794e+000   4.4822433381e+000
       438  -4.5474679899e+000   3.9354665910e+000
       439  -5.0017396732e+000   3.3340539294e+000
       440  -5.3846169932e+000   2.6829024537e+000
       441  -5.6790362188e+000   1.9862944149e+000
       442  -5.8745002890e+000   1.2535319703e+000
       443  -5.9737530570e+000   5.0093033616e-001
       444  -5.9848571263e+000  -2.5917462475e-001
       445  -5.9054847837e+000  -1.0156352941e+000
       446  -5.7344008810e+000  -1.7539661407e+000
       447  -5.4774645134e+000  -2.4651300427e+000
       448  -5.1382351492e+000  -3.1391615771e+000
       449  -4.7191626255e+000  -3.7645203012e+000
       450  -4.2227724430e+000  -4.3292093250e+000
       451  -3.6531777320e+000  -4.8205513473e+000
       452  -3.0226178490e+000  -5.2324967174e+000
       453  -2.3431461559e+000  -5.5635112456e+000
       454  -1.6252290892e+000  -5.8084995928e+000
       455  -8.8010469917e-001  -5.9637202320e+000
       456  -1.1390086215e-001  -6.0228148479e+000
       457   6.5146121959e-001  -6.0081660835e+000
       458   1.4098522071e+000  -5.9139245990e+000
       459   2.1361896888e+000  -5.7072370686e+000
       460   2.8271217181e+000  -5.4370824221e+000
       461   3.4815096698e+000  -5.1020808453e+000
       462   4.0547557017e+000  -4.6525462803e+000
       463   4.5277677674e+000  -4.0565680096e+000
       464   5.0581975945e+000  -3.4788492531e+000
       465   5.4135606997e+000  -2.8141575308e+000
       466   5.7335346895e+000  -2.0979196701e+000
       467   6.0115516518e+000  -1.4003257911e+000
       468   6.0964281032e+000  -6.7684156519e-001
       469   6.1391922568e+000   7.5214157764e-002
       470   6.1711772080e+000   7.8049316191e-001
       471   5.6039593745e+000   2.9391929844e+000
       472   5.0678810031e+000   3.2283608178e+000
       473   6.0436999273e+000   1.3906523427e+000
       474   5.7735505940e+000   2.3135222551e+000
       475   5.8132719392e+000   1.8276188438e+000
       476   4.3153731041e+000   3.7684909644e+000
       477   3.9797416022e+000   4.1951027630e+000
       478   3.5624320255e+000   4.5765321900e+000
       479   3.0725197889e+000   4.8955042173e+000
       480   2.5148684142e+000   5.1367325238e+000
       481   1.8758737641e+000   5.2760440610e+000
       482   1.1765450798e+000   5.4106484903e+000
       483   4.9127292660e-001   5.5421896859e+000
       484  -2.0607377460e-001   5.5002785578e+000
       485  -9.0678501408e-001   5.4873505455e+000
       486  -1.5573886086e+000   5.3188415077e+000
       487  -2.1872590682e+000   4.9978953803e+000
       488  -2.8492503874e+000   4.7198171582e+000
       489  -3.4116631236e+000   4.3343084368e+000
       490  -3.9000009774e+000   3.8560078831e+000
       491  -4.3376245379e+000   3.3279279409e+000
       492  -4.7326263912e+000   2.7624153161e+000
       493  -5.0497683394e+000   2.1553795163e+000
       494  -5.2755894022e+000   1.5075491433e+000
       495  -5.3965437642e+000   8.2540695704e-001
       496  -5.4434878768e+000   1.3229976352e-001
       497  -5.4208719622e+000  -5.6586331945e-001
       498  -5.3051754018e+000  -1.2481757796e+000
       499  -5.1129682384e+000  -1.9093553028e+000
       500  -4.8487820549e+000  -2.5444029126e+000
       501  -4.5127527564e+000  -3.1404841278e+000
       502  -4.1080413377e+000  -3.6870554541e+000
       503  -3.6320477119e+000  -4.1716023260e+000
       504  -3.0831087214e+000  -4.5781547178e+000
       505  -2.4885838508e+000  -4.9184847845e+000
       506  -1.8497990925e+000  -5.1883333562e+000
       507  -1.1831388712e+000  -5.3720551892e+000
       508  -4.9523615476e-001  -5.4863226532e+000
       509   2.3074360607e-001  -5.4724310109e+000
       510   9.5195322618e-001  -5.4845648436e+000
       511   1.6172936023e+000  -5.3517921382e+000
       512   2.2614243751e+000  -5.0844601989e+000
       513   2.9145696332e+000  -4.8771439765e+000
       514   3.4547354996e+000  -4.5820488837e+000
       515   3.8698323639e+000  -4.1878479957e+000
       516   4.5033446249e+000  -3.4714644459e+000
       517   4.0652811653e+000  -3.7548596451e+000
       518   4.8104822428e+000  -3.0165201367e+000
       519   5.2678136769e+000  -2.3566003643e+000
       520   4.9722168178e+000  -2.6264070255e+000
       521   5.4986866371e+000  -1.5758345797e+000
       522   5.2224652966e+000  -1.9673847178e+000
       523   5.6247118768e+000  -1.0714042623e+000
       524   5.7746133589e+000  -3.1232710018e-001
       525   5.6187338487e+000  -6.5643214908e-001
       526   5.7562159256e+000   4.8015707968e-001
       527   5.6109010038e+000   3.4099263173e-002
       528  -5.8457953313e-002   1.5321171350e-001
       529  -6.2151691557e-002  -1.4568039128e-001
       530   1.0284410669e+000  -1.4867491131e-001
       531  -1.1790400863e-001   6.6154046028e-002
       532  -1.1928410347e-001  -1.1835187981e-001
       533   1.1061659326e+000  -6.8600114478e-002
       534   1.1092589247e+000   1.3911534984e-001
       535  -1.7670592277e-001  -2.4316237805e-002
       536  -1.7585156739e-001   3.8639687387e-002
       537   7.9033042062e-003   2.3553732225e-001
       538  -5.1913562310e-002   2.1597637253e-001
       539   6.8554060394e-002   2.4859660060e-001
       540   1.2968583329e-001   2.5622887396e-001
       541   1.9012983569e-001   2.6078280835e-001
       542   2.4970929043e-001   2.6332870917e-001
       543   3.0852580198e-001   2.6445474978e-001
       544   3.6674082894e-001   2.6447148439e-001
       545   4.2451303126e-001   2.6355736310e-001
       546   4.8200318882e-001   2.6181041350e-001
       547   5.3937439389e-001   2.5931228226e-001
       548   5.9676982968e-001   2.5616087140e-001
       549   6.5428944117e-001   2.5245772415e-001
       550   7.1200878047e-001   2.4827045861e-001
       551   7.7025303941e-001   2.4365902370e-001
       552   8.2937442589e-001   2.3849704051e-001
       553   8.8955309639e-001   2.3249912758e-001
       554   9.5103830253e-001   2.2527743672e-001
       555   1.0141053144e+000   2.1650388931e-001
       556   5.9493637301e-001  -2.5657730481e-001
       557   5.3729636326e-001  -2.6031032001e-001
       558   6.5278546820e-001  -2.5231467308e-001
       559   4.7949073111e-001  -2.6333035346e-001
       560   4.2150684141e-001  -2.6547417285e-001
       561   3.6324712646e-001  -2.6649888386e-001
       562   3.0457426080e-001  -2.6614444042e-001
       563   2.4533740320e-001  -2.6411088613e-001
       564   1.8544933213e-001  -2.5998832327e-001
       565   1.2492520257e-001  -2.5324016848e-001
       566   6.3976926405e-002  -2.4307945273e-001
       567   3.2537902440e-003  -2.2827867137e-001
       568   7.1051199932e-001  -2.4747976167e-001
       569   7.6851811134e-001  -2.4202863207e-001
       570   8.2723782967e-001  -2.3575781245e-001
       571   8.8685944404e-001  -2.2836535146e-001
       572   9.4770604806e-001  -2.1951750217e-001
       573   1.1690470503e+000   2.8795794029e-002
       574   1.1675834448e+000  -4.0005272073e-002
       575   5.6996403931e+000   9.8421918708e-001
       576   5.5427126111e+000   1.4576055559e+000
       577   4.5589244955e+000   3.3254433170e+000
       578   5.3292532356e+000  -3.6507801413e-001
       579   4.8727770057e+000  -2.2677612976e+000
       580   5.0794894716e+000   2.7397656488e+000
       581   5.3652990387e+000   2.4441143976e+000
       582   5.3480695687e+000   1.9484004060e+000
       583   5.0921729411e+000  -1.6200701806e+000
       584   5.1843849919e+000  -1.2551405550e+000
       585   5.2590048688e+000  -8.2663825942e-001
       586   4.1157997130e+000  -3.3795907090e+000
       587   4.3357074543e+000  -3.0512395324e+000
       588   4.5285613511e+000  -2.6129757953e+000
       589   3.5818968419e+000  -3.8543581951e+000
       590   3.7464471547e+000  -3.4833715608e+000
       591   3.3983548318e+000  -4.1918278556e+000
       592   2.9997246583e+000  -4.3943991001e+000
       593   2.5277166327e+000  -4.5868768435e+000
       594   1.7099950629e+000  -4.8675810050e+000
       595   2.0944003823e+000  -4.6531689448e+000
       596   1.1939920340e+000  -5.0275885884e+000
       597   6.5562424776e-001  -5.0857261472e+000
       598  -2.2827840307e-001  -5.0825513040e+000
       599   2.1026649148e-001  -5.0129049327e+000
       600  -8.0767257937e-001  -4.9801517935e+000
       601  -1.4336272073e+000  -4.8166568440e+000
       602  -2.0362044134e+000  -4.6440050161e+000
       603  -2.5861024277e+000  -4.3150747863e+000
       604  -3.1317731856e+000  -4.0031397996e+000
       605  -3.5832368041e+000  -3.6004768397e+000
       606  -3.9624150776e+000  -3.1218053454e+000
       607  -4.2889705139e+000  -2.5988931032e+000
       608  -4.5572640531e+000  -2.0300380842e+000
       609  -4.7542163842e+000  -1.4313543047e+000
       610  -4.9037944383e+000  -8.2046285648e-001
       611  -4.9762122118e+000  -1.9502341827e-001
       612  -4.9223342015e+000   4.6251516306e-001
       613  -4.8958751501e+000   1.1112256488e+000
       614  -4.7417667680e+000   1.7061199439e+000
       615  -4.4821095216e+000   2.2625678852e+000
       616  -4.1514885931e+000   2.7861857764e+000
       617  -3.7272601472e+000   3.2842421809e+000
       618  -3.3443478314e+000   3.7924708817e+000
       619  -2.8983293044e+000   4.1759169684e+000
       620  -2.4130408328e+000   4.4522034350e+000
       621  -1.6110684400e+000   4.8212127861e+000
       622  -1.9695161624e+000   4.5671434164e+000
       623  -1.1205892903e+000   5.0217247721e+000
       624  -6.0362896655e-001   5.1022006742e+000
       625   2.2816131140e-001   5.1213596080e+000
       626  -1.7985711103e-001   5.0391562131e+000
       627   7.2433426185e-001   5.1007751158e+000
       628   1.4884990816e+000   5.0227793771e+000
       629   1.1328541359e+000   4.9059491833e+000
       630   2.1906423045e+000   4.7906500069e+000
       631   1.7956750549e+000   4.8289483398e+000
       632   2.6629519582e+000   4.6335916497e+000
       633   3.1087291320e+000   4.3948849876e+000
       634   3.5042775984e+000   4.0925014889e+000
       635   3.8382038233e+000   3.7389688091e+000
       636   5.4125458767e+000   3.3076501229e-001
       637   5.3755679233e+000   6.8985677523e-001
       638   5.2685323184e+000   1.0965414358e+000
       639   4.8127756285e+000  -1.8712734046e+000
       640   5.2074314264e+000   4.4416010732e-002
       641   4.1037317104e+000   3.3425000980e+000
       642   4.7288324387e+000   2.9541824919e+000
       643   4.9888462023e+000   2.2826097965e+000
       644   3.9105759993e+000  -3.1212664984e+000
       645   4.0825883460e+000  -2.7628124416e+000
       646   1.4769887940e+000   4.6082399193e+000
       647   4.7594129705e+000  -1.4403913108e+000
       648   4.8842360320e+000  -1.0111508667e+000
       649   5.0999450190e+000   4.1583162454e-001
       650   3.3395989830e+000  -3.5592957741e+000
       651   3.0959872990e+000  -3.9383836332e+000
       652   2.6559511291e+000  -4.1571859383e+000
       653   2.2217436021e+000  -4.2900651178e+000
       654   8.2177411880e-001   4.7378175200e+000
       655   4.7392598950e-001   4.7649495386e+000
       656   5.0745024882e-002   4.7007686468e+000
       657  -3.8851668605e-001   4.7363882029e+000
       658  -8.0501780316e-001   4.7324224330e+000
       659  -1.2165176906e+000   4.6063419747e+000
       660  -1.5925873927e+000   4.3434466697e+000
       661  -2.0488756439e+000   4.1875050345e+000
       662  -2.4719495949e+000   3.9982761556e+000
       663  -2.8656003502e+000   3.7251606275e+000
       664  -3.1985435072e+000   3.3835599737e+000
       665  -3.6791694880e+000   2.7499888406e+000
       666  -3.3839663102e+000   3.0333361676e+000
       667  -3.9619969745e+000   2.2905175553e+000
       668  -4.2678688675e+000   1.8300189095e+000
       669  -4.4532417635e+000   1.3432724552e+000
       670  -4.5384477181e+000   8.5287585300e-001
       671  -4.5801225636e+000   5.0562139516e-002
       672  -4.5027366773e+000   4.5292444067e-001
       673  -4.5487143683e+000  -4.6389610402e-001
       674  -4.4119525863e+000  -1.0086730933e+000
       675  -4.2479320564e+000  -1.5880048468e+000
       676  -4.0786940657e+000  -2.1409793995e+000
       677  -3.7704303155e+000  -2.6230064379e+000
       678  -3.4889406770e+000  -3.1109937948e+000
       679  -3.1451670463e+000  -3.5003664794e+000
       680  -2.7635058826e+000  -3.8012544934e+000
       681  -2.1212709593e+000  -4.1932710141e+000
       682  -2.4177014437e+000  -3.9507917281e+000
       683  -1.7143998330e+000  -4.3743126351e+000
       684  -1.0642414402e+000  -4.6302324140e+000
       685  -1.3336243222e+000  -4.3905975035e+000
       686  -4.3339997349e-001  -4.7588122427e+000
       687  -7.2572404291e-001  -4.5603717965e+000
       688  -2.6304064631e-002  -4.6718229191e+000
       689   4.3785471732e-001  -4.7166519692e+000
       690   8.8435966901e-001  -4.7121489770e+000
       691   1.3330568891e+000  -4.6138942998e+000
       692   1.7646944279e+000  -4.4061532621e+000
       693   2.3417174723e+000   4.3642344418e+000
       694   1.9120524102e+000   4.4526602065e+000
       695   2.7376942358e+000   4.1932033884e+000
       696   3.1015451319e+000   3.9602260113e+000
       697   3.4213079471e+000   3.6778749487e+000
       698   1.0100461693e+000  -2.0881049667e-001
       699  -1.1588066474e-001   1.2854363063e-001
       700  -1.7418192082e-001   1.0201168723e-001
       701  -5.6874235787e-002  -2.0787597578e-001
       702  -1.1655853760e-001  -1.8216559420e-001
       703   1.0786893597e+000   2.0695834142e-001
       704   1.1710313945e+000   9.5993086189e-002
       705   1.0933052608e+000  -1.3274860264e-001
       706  -1.7699486575e-001  -8.7770128653e-002
       707  -1.1148389783e-001   1.9189484747e-001
       708   1.1658348462e+000  -1.1449998811e-001
       709   7.4486755285e-001   3.0035782416e-001
       710   6.8559157316e-001   3.0459210402e-001
       711   8.0492982952e-001   2.9579106355e-001
       712   8.6588888208e-001   2.9059453385e-001
       713   9.2782760438e-001   2.8455358258e-001
       714   9.9071505180e-001   2.7750934051e-001
       715   6.2663656019e-001   3.0837241350e-001
       716   5.6785322468e-001   3.1165717882e-001
       717   5.0916706185e-001   3.1433414338e-001
       718   4.5039881869e-001   3.1630195066e-001
       719   3.9137052322e-001   3.1752141350e-001
       720   3.3192171072e-001   3.1793514197e-001
       721   2.7188843497e-001   3.1744874466e-001
       722   2.1105491256e-001   3.1585600213e-001
       723   1.4912579403e-001   3.1281969474e-001
       724   8.5654983690e-002   3.0779084024e-001
       725   2.0351284857e-002   2.9958279075e-001
       726  -4.3147309093e-002   2.8207770083e-001
       727   7.4445112767e-001  -2.9872967759e-001
       728   8.0435966882e-001  -2.9292275668e-001
       729   6.8528115870e-001  -3.0388056060e-001
       730   6.2613652100e-001  -3.0841800839e-001
       731   5.6693426100e-001  -3.1241758319e-001
       732   5.0763743487e-001  -3.1578207653e-001
       733   4.4813549231e-001  -3.1834895990e-001
       734   3.8832192227e-001  -3.1990162395e-001
       735   3.2808678848e-001  -3.2014848066e-001
       736   2.6724329628e-001  -3.1884192629e-001
       737   2.0560757268e-001  -3.1564463096e-001
       738   1.4301965438e-001  -3.1020190088e-001
       739   7.9401511766e-002  -3.0201964920e-001
       740   8.6505415104e-001  -2.8617664572e-001
       741   9.2682050536e-001  -2.7827758732e-001
       742   1.5061237005e-002  -2.9016154249e-001
       743  -2.3480522377e-001   9.7601176551e-003
       744  -2.3558263625e-001  -5.4823267987e-002
       745   1.2280233910e+000  -5.5025813087e-003
       746   1.2290912591e+000  -7.3203469709e-002
       747   4.6631725889e+000   2.5777144957e+000
       748   1.0790456950e+000   4.5117748459e+000
       749   5.0055793980e+000   7.8255803960e-001
       750   4.3124509834e+000   2.8958264284e+000
       751   5.1085769378e+000   1.5044418192e+000
       752   4.8829267664e+000   1.8640174677e+000
       753   3.6866086263e+000   3.3551329828e+000
       754   4.5049696468e+000  -2.1629512652e+000
       755   4.1735249609e+000  -2.3907405157e+000
       756   4.9516341120e+000  -6.0444901484e-001
       757   4.9406034849e+000  -2.1967841066e-001
       758   4.8648603508e+000   1.4680509389e-001
       759   6.9577821529e-001   4.4126541502e+000
       760   3.4941368600e-001   4.4826230789e+000
       761  -9.9300902682e-001  -4.3054293810e+000
       762   4.4669978081e+000  -1.7710257163e+000
       763   3.5125796634e+000  -3.2055856183e+000
       764   3.6901350746e+000  -2.8684569360e+000
       765  -3.7813802216e-001  -4.4380683401e+000
       766   4.5347833626e+000  -1.1249592890e+000
       767   4.3698481814e+000  -1.4392205093e+000
       768   2.6735269670e-001  -4.3959503617e+000
       769  -7.4591417462e-002  -4.2886065118e+000
       770   6.4874102308e-001  -4.4152648300e+000
       771   1.0267841849e+000  -4.3717741607e+000
       772   1.3802266255e+000  -4.2638561046e+000
       773  -2.2808102996e-001   4.4118301792e+000
       774   1.0141738628e-001   4.3206123128e+000
       775  -5.9209336949e-001   4.4302094623e+000
       776  -9.1641979703e-001   4.4286745399e+000
       777  -1.1721304551e+000   4.2513571007e+000
       778  -1.7462226891e+000   3.9496673750e+000
       779  -1.3864614225e+000   3.9991488983e+000
       780  -2.1189225586e+000   3.8058043004e+000
       781  -2.4711985714e+000   3.6067126756e+000
       782  -2.7837607505e+000   3.3517073510e+000
       783  -3.0291201457e+000   3.0472163562e+000
       784   3.0059918306e+000  -3.5970373453e+000
       785   2.7183152872e+000  -3.7860046164e+000
       786   2.3551171581e+000  -3.9310143155e+000
       787  -1.8112369494e+000  -3.9785975078e+000
       788  -2.1334714507e+000  -3.8008546838e+000
       789  -1.5218734717e+000  -4.1084688805e+000
       790  -2.4551909786e+000  -3.6030232180e+000
       791  -2.7766688557e+000  -3.3802239478e+000
       792  -3.0776959317e+000  -3.0879388233e+000
       793  -3.3274201058e+000  -2.7467428079e+000
       794  -3.6859547467e+000  -2.1740247668e+000
       795  -3.4559607709e+000  -2.4181887968e+000
       796  -3.8623815470e+000  -1.8136798222e+000
       797  -4.0842654222e+000  -1.2191726550e+000
       798  -3.8552693988e+000  -1.4468277042e+000
       799  -4.1576754866e+000  -5.9259804023e-001
       800  -4.0454908048e+000  -9.1491688342e-001
       801  -4.2213193200e+000  -1.6813375256e-001
       802  -4.2195719050e+000   2.4812161665e-001
       803  -4.2038099889e+000   6.5278242959e-001
       804  -4.1690910422e+000   1.0583967801e+000
       805  -4.0599889183e+000   1.4671663216e+000
       806  -3.8798422069e+000   1.8410306472e+000
       807  -3.5220762281e+000   2.3914621146e+000
       808  -3.6514772024e+000   2.0893648517e+000
       809  -3.2417618478e+000   2.6960540377e+000
       810   3.0619166037e+000   3.5843026908e+000
       811   3.3193316210e+000   3.3261513593e+000
       812   2.7630649063e+000   3.8061737349e+000
       813   2.4371067701e+000   3.9822579087e+000
       814   2.1025315995e+000   4.1012411289e+000
       815  -1.2379407309e+000  -4.0487977090e+000
       816  -6.6899559860e-001  -4.2231065015e+000
       817   3.1042063521e+000  -3.2559283729e+000
       818   4.8794153969e+000   1.1462905283e+000
       819   3.8217849541e+000  -2.5388412130e+000
       820   4.6224787274e+000  -7.7343713601e-001
       821  -3.6938996175e-001  -4.1131723982e+000
       822   4.6012945779e+000   2.1698407299e+000
       823   4.6499318623e+000  -4.2489218153e-001
       824   4.6223012700e+000  -8.6166434325e-002
       825   4.1831169037e+000  -2.0264766578e+000
       826   1.6148336339e+000   4.2907758218e+000
       827   1.8163585380e+000   4.1367484591e+000
       828   1.3234393743e+000   4.2493722736e+000
       829   9.9171586505e-001   4.1739137637e+000
       830   4.7148456759e+000   1.4904509427e+000
       831   4.1435247521e+000  -1.7001924311e+000
       832   4.7700233758e+000   4.9822965059e-001
       833   3.8877960964e+000   2.9998681912e+000
       834   3.5261750803e+000   3.0397167818e+000
       835   3.3273734896e+000  -2.9356432698e+000
       836   1.9614165219e+000  -4.0153579442e+000
       837   1.6424171902e+000  -4.1053252005e+000
       838  -1.5008797456e+000  -3.7725486404e+000
       839  -1.8486467485e+000  -3.6264479352e+000
       840  -2.1604198808e+000  -3.4552859833e+000
       841   4.1435388124e-001   4.1961753116e+000
       842  -3.7802787033e+000  -1.0944078535e+000
       843  -2.4545955740e+000  -3.2564367128e+000
       844  -2.7279513271e+000  -3.0225037082e+000
       845  -2.9665768313e+000  -2.7484606929e+000
       846  -3.1534644232e+000  -2.4438964601e+000
       847   2.7588738008e+000  -3.4432636332e+000
       848   2.4487445586e+000  -3.5994259855e+000
       849  -3.2159726522e+000   2.3701399038e+000
       850  -3.3254336358e+000   2.0776137431e+000
       851  -3.5467275236e+000   1.8127390753e+000
       852  -3.7149453858e+000   1.5238665525e+000
       853  -3.8324850877e+000   1.1873252976e+000
       854  -3.8941536680e+000   8.2693931435e-001
       855  -3.9097751150e+000   4.5178472142e-001
       856  -3.9100898786e+000   7.2037715223e-002
       857  -3.8848540545e+000  -3.1598028208e-001
       858  -3.7777140084e+000  -7.0585527712e-001
       859   2.1839735839e+000   3.7757791649e+000
       860   1.8827898992e+000   3.8696721670e+000
       861   2.4761227505e+000   3.6408296766e+000
       862   2.7514861788e+000   3.4663995541e+000
       863   2.9982301581e+000   3.2592450387e+000
       864  -1.0702411717e+000   3.9793996087e+000
       865  -8.0221208052e-001   4.1290447459e+000
       866  -4.4448083960e-001   4.1461027309e+000
       867  -1.2806529472e-001   4.0997909250e+000
       868  -3.6196634946e+000  -1.6303758546e+000
       869  -3.5091101160e+000  -1.3445456378e+000
       870  -3.5578569143e+000  -1.8912402212e+000
       871  -3.3198210982e+000  -2.1016742016e+000
       872   4.2161482309e+000  -1.1681395223e+000
       873   4.3226481476e+000  -8.8218662006e-001
       874  -1.5040394596e+000   3.6999639999e+000
       875  -1.8282759964e+000   3.6076261209e+000
       876  -2.1441447237e+000   3.4589198892e+000
       877  -2.4350608545e+000   3.2658202861e+000
       878  -2.6857326728e+000   3.0401673758e+000
       879   1.6879403608e-001  -4.0906921570e+000
       880   4.7848093752e-001  -4.1392061060e+000
       881   8.0046660204e-001  -4.1254952666e+000
       882   1.1145674836e+000  -4.0629979389e+000
       883  -1.7117579929e-001   1.6608886554e-001
       884   9.8989009108e-001  -2.6899873239e-001
       885   1.0542069792e+000   2.6991035108e-001
       886  -1.0532735026e-001   2.5649110005e-001
       887   1.2301611857e+000   6.0588258552e-002
       888  -2.3353552902e-001   7.4356242295e-002
       889  -4.8796099355e-002  -2.7258988521e-001
       890  -1.1165124893e-001  -2.4821616382e-001
       891   1.0739516723e+000  -1.9610029219e-001
       892  -1.7606122540e-001  -1.5257240622e-001
       893  -2.3574027683e-001  -1.2038726923e-001
       894   1.1383871972e+000  -1.8235680819e-001
       895   1.1409079459e+000   2.0502807220e-001
       896   1.1801437145e+000   1.5823751273e-001
       897   1.2388222177e+000  -1.3934411758e-001
       898   1.1952770239e+000  -1.7476830859e-001
       899   3.5419174499e-001  -3.7456617769e-001
       900   2.9208832868e-001  -3.7404790533e-001
       901   4.1588673487e-001  -3.7363475421e-001
       902   2.2910121816e-001  -3.7183020277e-001
       903   1.6504014319e-001  -3.6769655912e-001
       904   9.9586530679e-002  -3.6135748270e-001
       905   3.2341248329e-002  -3.5244182621e-001
       906   4.7705834999e-001  -3.7155855615e-001
       907   5.3791161646e-001  -3.6859662840e-001
       908   5.9854810024e-001  -3.6494474267e-001
       909   6.5903675701e-001  -3.6071143032e-001
       910   7.1946094886e-001  -3.5593616497e-001
       911   7.8024834609e-001  -3.5054583735e-001
       912   8.4182095013e-001  -3.4441461058e-001
       913   9.0434198918e-001  -3.3734533495e-001
       914   5.9766102811e-001   3.6455288410e-001
       915   5.3777551136e-001   3.6743332131e-001
       916   4.7782445425e-001   3.6964941913e-001
       917   4.1766483589e-001   3.7119863873e-001
       918   3.5716633325e-001   3.7205057444e-001
       919   2.9618863630e-001   3.7216132023e-001
       920   2.3456423768e-001   3.7142402931e-001
       921   1.7200546912e-001   3.6965922048e-001
       922   1.0801581824e-001   3.6657154363e-001
       923   4.1253566642e-002   3.6192140185e-001
       924   6.5777064047e-001   3.6122749554e-001
       925   7.1803674776e-001   3.5743315668e-001
       926   7.7883143467e-001   3.5329806752e-001
       927   8.4048571313e-001   3.4878704710e-001
       928   9.0302033222e-001   3.4366620371e-001
       929   9.6639591860e-001   3.3781653306e-001
       930  -3.2885208773e-002   3.5602482000e-001
       931  -2.9482730749e-001  -1.9961467265e-002
       932  -2.9572282520e-001  -8.6204094711e-002
       933   1.2888060055e+000  -3.6429118995e-002
       934   1.2949059267e+000  -1.0176483358e-001
       935   6.9681125182e-001   4.0529514357e+000
       936   1.4000536360e+000  -3.9592348926e+000
       937   4.3732493736e+000  -5.7933923557e-001
       938   4.3762882516e+000  -2.7525562022e-001
       939   4.5052138307e+000   1.7985421545e+000
       940  -9.2081246729e-001  -3.9926474722e+000
       941  -1.0926505222e-001  -3.9759262592e+000
       942   4.0562802668e+000  -1.4186052556e+000
       943   3.8899674136e+000  -2.2150360050e+000
       944   1.6835308456e-001   4.0155488982e+000
       945  -1.1822697529e+000   3.7383693338e+000
       946   3.9002438674e+000  -1.9083389149e+000
       947   4.5540900490e+000   2.4188882489e-001
       948   3.2075087202e+000   3.0283623148e+000
       949  -2.8727085026e+000   2.7710264987e+000
       950  -2.9569929256e+000   2.4817497365e+000
       951  -6.2379525611e-001  -3.9182221805e+000
       952   2.1396989513e+000  -3.7036474616e+000
       953   1.6694396542e+000  -3.8488079405e+000
       954   1.8837351502e+000  -3.7325207876e+000
       955   1.5596934552e+000   3.9746613367e+000
       956   1.2288219622e+000   3.9402481007e+000
       957   3.4879493362e+000  -2.6351235094e+000
       958  -3.0134205870e+000   2.1821512981e+000
       959  -1.1468241270e+000  -3.7515309420e+000
       960  -3.4803190203e+000  -9.6071344652e-001
       961   4.3049563564e+000   2.4408068114e+000
       962   3.9879157929e+000   2.6312747517e+000
       963   3.6619814081e+000   2.7327494260e+000
       964   4.6527923910e+000   8.3786310679e-001
       965   4.5260429679e+000   1.1647285386e+000
       966  -1.6107329032e+000  -3.4341431629e+000
       967  -1.3146898565e+000  -3.4937680217e+000
       968  -1.8988685119e+000  -3.3032038331e+000
       969  -2.1706152176e+000  -3.1363401677e+000
       970  -2.4230245913e+000  -2.9393740297e+000
       971  -2.6500440704e+000  -2.7131490448e+000
       972  -2.8431777932e+000  -2.4622617509e+000
       973  -3.3273400000e+000  -1.7035124448e+000
       974   3.0015782976e+000  -2.9317367497e+000
       975   2.7679144559e+000  -3.1410213317e+000
       976   2.4933268898e+000  -3.2998262077e+000
       977  -3.2820753085e+000   1.7815024786e+000
       978  -3.0554370879e+000   1.8892479959e+000
       979  -3.4067632583e+000   1.5503810131e+000
       980  -3.5287784314e+000   1.2751883171e+000
       981  -3.5979547965e+000   9.6833195206e-001
       982  -3.6357251547e+000   6.4157065378e-001
       983  -3.6013751340e+000   2.8686682255e-001
       984  -3.6276399048e+000  -7.8817935958e-002
       985  -3.5896004700e+000  -4.0748487979e-001
       986   2.4839316263e+000   3.3347713808e+000
       987   2.7182480685e+000   3.1656631879e+000
       988   2.2283463242e+000   3.4750785926e+000
       989   1.9596177394e+000   3.5842502078e+000
       990  -5.9137446255e-001   3.9094665886e+000
       991  -3.2447819930e-001   3.8712304675e+000
       992  -8.4526814693e-001   3.7734843821e+000
       993   6.2825986057e-001  -3.8882153419e+000
       994   9.0791745292e-001  -3.8522249367e+000
       995   3.5908140154e-001  -3.8859661029e+000
       996  -1.8700407828e+000   3.2982692618e+000
       997  -2.1414296179e+000   3.1447364919e+000
       998  -2.3869306995e+000   2.9618097207e+000
       999  -1.5852418140e+000   3.4083023444e+000
      1000   4.0509170682e+000  -9.4671147233e-001
      1001   3.9368371449e+000  -1.1797654799e+000
      1002   9.3938946501e-001   3.8609853261e+000
      1003  -2.5933040478e+000   2.7967172110e+000
      1004  -2.6639705268e+000   2.5578598020e+000
      1005  -2.7378303368e+000   2.2843977178e+000
      1006  -2.7931623188e+000   2.0071010491e+000
      1007  -1.2958906162e+000   3.4765875581e+000
      1008   1.0754362665e-001  -3.8209116363e+000
      1009   4.1158728698e+000  -6.9009490112e-001
      1010   4.1375277490e+000  -4.2360045360e-001
      1011  -3.4937337843e+000  -6.6558713180e-001
      1012   1.1810189534e+000  -3.7825126675e+000
      1013   4.3398944004e+000   2.2445522604e-002
      1014   3.5945696294e+000  -2.3444952130e+000
      1015   3.3678500798e+000   2.7822894251e+000
      1016  -8.4422391374e-001  -3.7090642721e+000
      1017  -3.5574780729e-001  -3.8195798912e+000
      1018   3.6492630249e+000  -2.0651676253e+000
      1019   2.2163053967e+000  -3.4185003795e+000
      1020   1.9437066887e+000  -3.4940572536e+000
      1021  -1.0256353110e+000  -3.4885477727e+000
      1022   2.9258112261e+000   2.9744968771e+000
      1023  -4.3626894976e-002   3.8251003436e+000
      1024   4.4113177985e-001   3.8989609511e+000
      1025   4.3752668727e+000   1.4726785587e+000
      1026  -3.0010316785e+000  -2.1963567161e+000
      1027  -3.0741850898e+000  -1.9116052631e+000
      1028   4.2607764729e+000   2.0626204340e+000
      1029   3.9976019363e+000   2.2736451500e+000
      1030   3.7230024651e+000   2.4231107772e+000
      1031   3.8630092399e+000  -1.6300618605e+000
      1032   3.7875737470e+000  -1.3842851969e+000
      1033   3.1791828104e+000  -2.6786242839e+000
      1034   1.6812904164e+000   3.6695533108e+000
      1035   1.4068179139e+000   3.7067329355e+000
      1036   4.4537407673e+000   5.5980122302e-001
      1037  -5.2418628106e-001   3.6382849960e+000
      1038   1.6887681468e+000  -3.5795460558e+000
      1039   4.3053215939e+000   8.7355498763e-001
      1040  -3.3746970625e+000  -2.1436279782e-001
      1041  -3.3251688645e+000  -4.8303675189e-001
      1042  -3.3734441939e+000   7.0846685670e-002
      1043   3.8074065792e+000  -9.8004474554e-001
      1044   3.8824210603e+000  -7.6804648547e-001
      1045  -3.2910073334e+000  -1.1791941019e+000
      1046  -3.1961551530e+000  -1.4198956545e+000
      1047  -3.4102018794e+000   5.3504150881e-001
      1048  -3.2896485087e+000   3.4081816929e-001
      1049  -3.3675253240e+000   7.9676261482e-001
      1050  -3.3159429129e+000   1.0863911285e+000
      1051  -3.2701731752e+000   1.3423688448e+000
      1052  -3.0957366590e+000   1.5643393606e+000
      1053  -1.4206303159e+000  -3.2269278841e+000
      1054  -1.6762855647e+000  -3.1415946548e+000
      1055  -1.9234401830e+000  -3.0100124310e+000
      1056  -2.1559585467e+000  -2.8458065535e+000
      1057  -2.3696678776e+000  -2.6548781500e+000
      1058  -2.5592093853e+000  -2.4416625613e+000
      1059   2.7170015786e+000  -2.8681375303e+000
      1060   2.8995436854e+000  -2.6708440480e+000
      1061   2.4993002518e+000  -3.0307634631e+000
      1062   2.0120244281e+000   3.3138771956e+000
      1063   2.2489797510e+000   3.1985812971e+000
      1064   2.4716605140e+000   3.0582914132e+000
      1065   4.8659968424e-001  -3.6644434681e+000
      1066   7.3661196610e-001  -3.6450886445e+000
      1067  -1.6359658262e+000   3.1343803182e+000
      1068  -1.8885546866e+000   3.0122620382e+000
      1069  -2.1298188130e+000   2.8547616113e+000
      1070   1.0544742517e+000  -2.5827642329e-001
      1071   1.2346970210e+000   1.2454358987e-001
      1072  -1.7366344460e-001  -2.1892698726e-001
      1073   1.1205791022e+000  -2.4648820148e-001
      1074   1.1873987692e+000  -2.3416495502e-001
      1075  -2.9377476973e-001   4.5892490674e-002
      1076   1.1170434178e+000   2.6388692983e-001
      1077  -2.3511679525e-001  -1.8714946933e-001
      1078  -2.9630562442e-001  -1.5345207406e-001
      1079   1.2893514121e+000   2.8506884285e-002
      1080   9.6802105344e-001  -3.2918470188e-001
      1081  -2.3132754420e-001   1.3936908405e-001
      1082  -9.9076158619e-002   3.2218437434e-001
      1083  -1.6673192097e-001   2.3070127723e-001
      1084  -3.7081698255e-002  -3.3999725442e-001
      1085  -1.0464411297e-001  -3.1789019307e-001
      1086   1.0304574016e+000   3.3134743378e-001
      1087   1.3047010514e+000  -1.6914339401e-001
      1088   1.2491555319e+000  -2.0847103593e-001
      1089   1.1951512037e+000   2.1079392822e-001
      1090   1.1781656656e+000   2.5953224497e-001
      1091   5.0784763458e-001  -4.2524664791e-001
      1092   5.6991894610e-001  -4.2196357248e-001
      1093   6.3170314115e-001  -4.1806775810e-001
      1094   6.9334152931e-001  -4.1364202907e-001
      1095   7.5506081341e-001  -4.0867300510e-001
      1096   8.1737347289e-001  -4.0306337536e-001
      1097   8.8053014728e-001  -3.9671294380e-001
      1098   4.4559349485e-001  -4.2784004180e-001
      1099   3.8284046479e-001  -4.2938309914e-001
      1100   3.1951570152e-001  -4.2966186545e-001
      1101   2.5547468031e-001  -4.2842924511e-001
      1102   1.9045970828e-001  -4.2551652645e-001
      1103   1.2417704959e-001  -4.2078042169e-001
      1104   5.6050130897e-002  -4.1415594549e-001
      1105  -3.5607539939e-001  -5.0272162045e-002
      1106  -3.5493895499e-001   1.6869732964e-002
      1107   7.5136268221e-001   4.1103698739e-001
      1108   6.8989264062e-001   4.1484455174e-001
      1109   8.1363764424e-001   4.0705905023e-001
      1110   6.2870811144e-001   4.1824815410e-001
      1111   5.6764426605e-001   4.2121320365e-001
      1112   5.0657805851e-001   4.2365640233e-001
      1113   8.7675384594e-001   4.0264112168e-001
      1114   9.4074866230e-001   3.9768106476e-001
      1115   4.4537067406e-001   4.2551520005e-001
      1116   3.8390257515e-001   4.2679000906e-001
      1117   3.2209084580e-001   4.2747279476e-001
      1118   2.5983688413e-001   4.2751227789e-001
      1119   1.9702933289e-001   4.2678014818e-001
      1120   1.3352134065e-001   4.2508795434e-001
      1121   6.9072901031e-002   4.2251835398e-001
      1122   3.8464778071e-003   4.2025534977e-001
      1123   1.3510075893e+000  -6.4027655359e-002
      1124   1.3620500792e+000  -1.2770895622e-001
      1125   6.8251761430e-001   3.7521189233e+000
      1126   1.4425890416e+000  -3.6877838692e+000
      1127   9.9018319508e-001  -3.5995457068e+000
      1128  -1.1817585914e-001  -3.7007356811e+000
      1129   3.9103179585e+000  -5.3933379058e-001
      1130  -3.0312980070e+000  -1.6429334331e+000
      1131   2.6755423909e+000   2.8962962608e+000
      1132  -1.3779659574e+000   3.2193966090e+000
      1133  -2.7199396019e+000  -2.2175545489e+000
      1134   4.1809662836e+000   1.7340371068e+000
      1135  -2.8349880419e+000   1.7267469375e+000
      1136   2.7587043001e-001  -3.6765892618e+000
      1137   3.4509131580e+000   2.5143895571e+000
      1138  -2.3683035077e+000   2.6555416553e+000
      1139  -2.8484432282e+000  -2.0230928096e+000
      1140  -1.0067649239e+000   3.5097371378e+000
      1141  -7.5979963699e-001   3.5140882511e+000
      1142   1.1392410926e+000   3.6614740757e+000
      1143   4.2275854257e+000   1.1981174230e+000
      1144  -1.1626060951e+000  -3.2595286477e+000
      1145   2.1800990175e-001   3.7435701656e+000
      1146   4.1250002502e+000  -1.5580500207e-001
      1147   3.6884406198e+000  -1.1680197978e+000
      1148   3.6557721021e+000  -1.8019274170e+000
      1149   3.6195103009e+000  -1.5605513579e+000
      1150   4.2709691966e+000   3.0865339962e-001
      1151   3.1000739974e+000   2.7717466430e+000
      1152   3.9618946290e+000   1.9514866644e+000
      1153   3.7296101150e+000   2.1264364149e+000
      1154  -5.7363282205e-001  -3.6433493932e+000
      1155  -7.6041500630e-001  -3.4532230242e+000
      1156  -3.2641763740e+000  -7.4304713414e-001
      1157  -3.1736701657e+000  -9.7722426629e-001
      1158   2.2584718432e+000  -3.1574738480e+000
      1159   2.0059181898e+000  -3.2490368901e+000
      1160   3.3102817872e+000  -2.4227340574e+000
      1161   3.0437397728e+000  -2.4537872831e+000
      1162   3.3975816250e+000  -2.1728592550e+000
      1163  -2.4701967356e+000   2.3715046450e+000
      1164  -2.5322776754e+000   2.1092806165e+000
      1165  -3.0509516969e+000  -1.2015113734e+000
      1166   1.7307900643e+000  -3.3122339115e+000
      1167   4.1707438114e+000   5.7397204404e-001
      1168  -2.2493385320e-001   3.6249465637e+000
      1169  -3.1464518039e+000   6.1361714006e-001
      1170   1.7642936439e+000   3.4030768988e+000
      1171   1.5163967895e+000   3.4610111929e+000
      1172  -3.1118141448e+000   9.1834361016e-001
      1173  -3.0398415862e+000   1.2293968744e+000
      1174  -1.6645310238e+000   2.8784844862e+000
      1175  -1.4329577595e+000   2.9739151749e+000
      1176  -1.8880096338e+000   2.7518677954e+000
      1177   3.6876222487e+000  -8.2194782811e-001
      1178   3.5814243796e+000  -9.7083679310e-001
      1179  -3.1606306780e+000  -8.1174216457e-002
      1180  -3.1379848620e+000  -3.2369554250e-001
      1181  -3.1370853889e+000   1.5310376407e-001
      1182   5.8261350775e-001  -3.4463163743e+000
      1183   3.2592096743e-001  -3.4559522575e+000
      1184   2.6495690693e+000  -2.6282830122e+000
      1185   2.4727017759e+000  -2.7872551167e+000
      1186  -1.4886997785e+000  -2.9779533755e+000
      1187  -1.2605861372e+000  -3.0317994530e+000
      1188  -1.7096710773e+000  -2.8786279861e+000
      1189  -1.9209794294e+000  -2.7438479380e+000
      1190  -2.1206522302e+000  -2.5829988402e+000
      1191  -2.3037172143e+000  -2.3994232376e+000
      1192   2.2527071389e+000   2.9454163036e+000
      1193   2.0421573895e+000   3.0628879906e+000
      1194  -2.8376419180e+000  -1.8162308017e+000
      1195   1.8207529977e+000   3.1579513178e+000
      1196  -3.2906679727e-001  -3.5569392435e+000
      1197  -2.9278863493e+000  -1.4121729334e+000
      1198   1.2966720978e+000   3.4943857878e+000
      1199   4.5190240924e-001   3.6286678075e+000
      1200   3.6960011807e+000  -6.3738592657e-001
      1201   2.2737131404e+000  -2.9186507649e+000
      1202   4.0822889036e+000   1.0464918916e-001
      1203   3.4876789792e+000   2.2557073474e+000
      1204   4.0127715760e+000   3.4906631204e-001
      1205  -2.0955163616e+000   2.6001044378e+000
      1206  -2.2535313195e+000   2.4349631150e+000
      1207   2.8580851097e+000   2.7174070180e+000
      1208   3.9141229581e+000  -3.0000896514e-001
      1209  -5.1772524609e-001  -3.3959974253e+000
      1210   3.2320161715e+000   2.5811264250e+000
      1211   2.4489877830e+000   2.8075197563e+000
      1212  -3.0877551784e+000  -5.6303427576e-001
      1213  -3.0153174674e+000  -7.9103928667e-001
      1214  -2.9200780849e+000  -1.0069814952e+000
      1215   2.0583880082e+000  -3.0166593902e+000
      1216   8.9390323733e-001   3.5780167129e+000
      1217   3.4427642717e+000  -1.9333201893e+000
      1218   3.4437926218e+000  -1.7064475038e+000
      1219   8.2350961201e-001  -3.4178481916e+000
      1220   9.6917926604e-002  -3.5716436394e+000
      1221  -9.1317786024e-001  -3.2531081660e+000
      1222  -1.0332021243e+000  -3.0482788653e+000
      1223   1.2389472360e+000  -3.5284252419e+000
      1224   1.4818565204e+000  -3.4341429029e+000
      1225  -3.0449123152e+000   3.7004853412e-001
      1226  -2.4669372175e+000  -2.1958662616e+000
      1227  -1.1186179386e+000   3.2739983998e+000
      1228  -8.4306757217e-001   3.2745715336e+000
      1229  -1.1994439568e+000   3.0414341841e+000
      1230  -2.8362180407e+000   1.4534972520e+000
      1231   4.0774879620e+000   1.4530785361e+000
      1232   3.8927349260e+000   1.6615224725e+000
      1233   3.6978541335e+000   1.8508023967e+000
      1234   2.8819927065e-002   3.5865963412e+000
      1235   2.7989624293e+000  -2.4467514324e+000
      1236   3.5513125206e+000  -1.3428856035e+000
      1237   3.4655706376e+000  -1.1436398778e+000
      1238   1.8400733420e+000  -3.0823076121e+000
      1239   1.5903607292e+000   3.2282622091e+000
      1240  -2.2631282783e+000   2.1916549888e+000
      1241   3.1520106626e+000  -2.2338916980e+000
      1242  -2.6171308145e+000  -1.9709322084e+000
      1243  -5.8601777472e-001   3.3622744698e+000
      1244  -3.4632117857e-001   3.4118444211e+000
      1245  -2.5911719250e+000   1.8511447527e+000
      1246   3.4887463235e+000  -7.5761627063e-001
      1247  -1.5264471766e+000  -2.7495045379e+000
      1248  -1.3301313379e+000  -2.8185069684e+000
      1249  -1.7118826533e+000  -2.6370951067e+000
      1250  -1.8967127757e+000  -2.5020745597e+000
      1251  -2.0715453641e+000  -2.3467068619e+000
      1252   4.0388200677e+000   1.0156411312e+000
      1253   4.0256476402e+000   7.7655972978e-001
      1254  -2.9150554559e+000   7.6674541141e-001
      1255  -2.8920726558e+000   5.3571925210e-001
      1256  -2.8815134823e+000   1.0089494330e+000
      1257  -2.9610391108e+000   1.8403946785e-002
      1258  -2.9519838010e+000  -1.9269957585e-001
      1259  -1.6762775551e+000   2.6404475566e+000
      1260  -1.4687985923e+000   2.7433024630e+000
      1261   4.6052202681e-001  -3.2515381351e+000
      1262   6.8137104668e-001  -3.2399086470e+000
      1263   2.0567609270e+000   2.8312129321e+000
      1264   2.2440614881e+000   2.7132314160e+000
      1265   2.4270015062e+000  -2.5679889781e+000
      1266   2.5755634923e+000  -2.4146677755e+000
      1267   1.2405175561e+000   1.8601026003e-001
      1268   1.2926620049e+000   9.3168543447e-002
      1269  -2.2801911314e-001   2.0474156487e-001
      1270  -1.7007444483e-001  -2.8706428377e-001
      1271   1.0947711512e+000   3.2474675369e-001
      1272   1.1590728081e+000   3.1779525129e-001
      1273   1.0056206046e+000   3.9215754062e-001
      1274  -1.6176093125e-001   2.9537300514e-001
      1275   1.3481845823e+000  -1.5985221415e-003
      1276  -2.9215407981e-001   1.1197408901e-001
      1277  -3.5364783639e-001   8.3986604404e-002
      1278   1.0331617496e+000  -3.1988088807e-001
      1279   9.4469602479e-001  -3.8948703769e-001
      1280   1.1002536512e+000  -3.0957434988e-001
      1281   1.1705317650e+000  -2.9830130546e-001
      1282  -1.5425990347e-002  -4.0568047962e-001
      1283  -3.5746558060e-001  -1.1797146596e-001
      1284  -2.3383079645e-001  -2.5512275280e-001
      1285  -2.9662179119e-001  -2.2179409380e-001
      1286  -9.5661171010e-002  -3.9574088276e-001
      1287  -5.7801383474e-002   4.2600595714e-001
      1288  -1.0107703907e-001   3.8481179254e-001
      1289   1.2376040610e+000   2.4696187663e-001
      1290   1.3139366379e+000  -2.4043557955e-001
      1291   1.3733247850e+000  -1.9613606706e-001
      1292   1.4186746796e+000  -8.2873855193e-002
      1293   1.4315655818e+000  -1.5054715077e-001
      1294   7.8558198956e-001   4.6546785306e-001
      1295   7.2289488657e-001   4.6922562747e-001
      1296   8.4919645706e-001   4.6158049135e-001
      1297   6.6068152881e-001   4.7267476633e-001
      1298   5.9858476363e-001   4.7573704732e-001
      1299   5.3647602427e-001   4.7836095792e-001
      1300   4.7425465647e-001   4.8051558828e-001
      1301   9.1371504551e-001   4.5728786182e-001
      1302   4.1184447277e-001   4.8219376488e-001
      1303   3.4921107026e-001   4.8338615360e-001
      1304   2.8632520649e-001   4.8406447855e-001
      1305   2.2319770934e-001   4.8409567421e-001
      1306   1.5980852757e-001   4.8337101259e-001
      1307   9.6135470936e-002   4.8202660966e-001
      1308   3.2541131433e-002   4.8078055838e-001
      1309  -4.1698385155e-001  -1.2648860405e-002
      1310  -4.1878481082e-001  -8.0857569027e-002
      1311   2.8410999433e-001  -4.8531955290e-001
      1312   3.4903189860e-001  -4.8562640318e-001
      1313   4.1328967815e-001  -4.8463702795e-001
      1314   4.7700966240e-001  -4.8253832149e-001
      1315   5.4033877415e-001  -4.7958464039e-001
      1316   6.0338425384e-001  -4.7602139675e-001
      1317   6.6619198910e-001  -4.7194986018e-001
      1318   7.2888345612e-001  -4.6735296618e-001
      1319   7.9189109366e-001  -4.6220400940e-001
      1320   8.5563145654e-001  -4.5646499501e-001
      1321   2.1845264946e-001  -4.8351023338e-001
      1322   1.5181456142e-001  -4.8015211413e-001
      1323   8.4028949476e-002  -4.7534418881e-001
      1324   3.8918931750e+000  -6.0998426032e-002
      1325   3.2161899218e+000   2.3337680150e+000
      1326  -2.7861739093e+000  -1.5977833689e+000
      1327  -1.1270677515e+000  -2.8452973367e+000
      1328   2.5108859688e-001   3.4971334799e+000
      1329  -2.7762611017e+000   1.2189762443e+000
      1330  -1.2514163132e+000   2.8217304012e+000
      1331   1.0901868225e+000   3.3839297998e+000
      1332   3.4949508496e+000   2.0019542332e+000
      1333   3.9889238815e+000   1.2399125516e+000
      1334   3.7959099668e+000   1.3898340116e+000
      1335  -2.2297177011e+000  -2.1723265239e+000
      1336  -2.8074120244e+000  -1.2123408795e+000
      1337   3.4036135710e+000  -1.4968689824e+000
      1338  -2.9501669962e+000   1.9957957454e-001
      1339  -2.8228521323e+000   3.2610797411e-001
      1340  -2.6197547299e+000   1.6036923785e+000
      1341   2.9194261771e+000  -2.2550090897e+000
      1342  -9.9700532218e-001   3.0968888564e+000
      1343   6.5847136715e-001   3.4883253671e+000
      1344  -2.3660913645e+000  -1.9808601572e+000
      1345   2.7025717358e+000  -2.2478153818e+000
      1346   3.2263051682e+000  -2.0203392033e+000
      1347   3.8445615736e+000   1.6952019281e-001
      1348  -1.0592766732e-001  -3.4548812085e+000
      1349   3.3381822396e+000  -1.3041416509e+000
      1350  -6.7917224371e-001  -3.2219410064e+000
      1351  -8.1237885371e-001  -3.0395965966e+000
      1352   3.7106123461e+000  -4.2048078536e-001
      1353   3.0240050399e+000   2.5263438326e+000
      1354   3.2668625949e+000  -1.8185691248e+000
      1355   1.8586434888e+000   2.9296254804e+000
      1356  -2.9178375991e+000  -4.1100388440e-001
      1357  -2.8609418318e+000  -6.2591345445e-001
      1358  -2.7836202911e+000  -8.3284197154e-001
      1359   1.6542022737e+000   3.0071563681e+000
      1360   3.9200953984e+000   5.6077995953e-001
      1361   3.3741383904e+000  -9.5438207787e-001
      1362   3.6388058873e+000   1.6024940393e+000
      1363  -2.3555306281e+000   1.9417810791e+000
      1364  -1.0988281836e-001   3.4101365676e+000
      1365   2.2607705025e+000  -2.7004365016e+000
      1366   2.0825569365e+000  -2.8082589341e+000
      1367   1.8854529852e+000  -2.8730506013e+000
      1368  -2.9421599887e-001  -3.3214573537e+000
      1369   1.0569080812e+000  -3.3671588622e+000
      1370   8.9915925650e-001  -3.2051372617e+000
      1371   1.2822375441e+000  -3.2960579858e+000
      1372   1.4935035188e+000  -3.2081451433e+000
      1373   1.6529366227e+000  -3.1059714060e+000
      1374   1.3421846615e+000   3.2727151708e+000
      1375   1.0192164668e-001  -3.3453946093e+000
      1376   2.6957302007e-001  -3.2423540861e+000
      1377  -1.8741049570e+000   2.5122678831e+000
      1378  -2.0596802594e+000   2.3619276858e+000
      1379   2.6302213006e+000   2.6524475227e+000
      1380   2.4194616899e+000   2.5785238394e+000
      1381   3.5152515553e+000  -5.2877269593e-001
      1382  -6.2956485920e-001   3.1342289071e+000
      1383  -8.1930319370e-001   3.0211513624e+000
      1384  -4.1555495789e-001   3.1946512486e+000
      1385   3.8301836252e+000   9.0766545144e-001
      1386   3.8104517147e+000   1.1301687347e+000
      1387  -2.7086243106e+000   8.6591254878e-001
      1388  -2.7132530340e+000   6.6065919766e-001
      1389  -1.3776292422e+000  -2.6357490220e+000
      1390  -1.5192684463e+000  -2.5321400021e+000
      1391  -1.6917717849e+000  -2.4155592574e+000
      1392  -1.8599332650e+000  -2.2832095305e+000
      1393  -2.7752309620e+000  -7.5330542723e-002
      1394  -2.7818352463e+000   1.2593629212e-001
      1395   5.6120215281e-001  -3.0682587911e+000
      1396   3.4454669048e-001  -3.0515304904e+000
      1397   2.0586081829e+000   2.6168550666e+000
      1398   1.8799967696e+000   2.7176170583e+000
      1399  -1.4898747700e+000   2.5255329104e+000
      1400  -1.6744699429e+000   2.4180943310e+000
      1401   2.3715053131e+000  -2.3690857241e+000
      1402   2.2269813426e+000  -2.5008392112e+000
      1403   1.6918087341e+000  -2.9186913678e+000
      1404  -2.6832707057e+000   4.5889478027e-001
      1405  -2.6848046399e+000  -1.4037106810e+000
      1406   3.4584786662e+000   1.7637215066e+000
      1407   8.3967088638e-001   3.3305134772e+000
      1408  -9.2144042047e-001  -2.8541844761e+000
      1409  -1.9932117096e-001   3.2192415024e+000
      1410  -1.8507606787e+000   2.2929681205e+000
      1411   1.6941655857e+000   2.8000932499e+000
      1412  -1.2073794921e+000  -2.6471226154e+000
      1413  -2.6876902349e+000  -1.0314830285e+000
      1414  -1.0129478292e+000   2.8760009056e+000
      1415   3.7752412704e+000   3.8544027813e-001
      1416  -2.6097969658e+000   1.3761850892e+000
      1417   8.9646605063e-002   3.3913816414e+000
      1418  -2.6867978865e+000   1.0445374733e+000
      1419  -4.6161117880e-001  -3.1729535364e+000
      1420  -6.0272946437e-001  -3.0122922697e+000
      1421  -2.0150250722e+000  -2.1359475913e+000
      1422   3.8241581074e+000   7.2252331243e-001
      1423   2.7971114686e+000   2.4831461837e+000
      1424  -2.6523597170e+000  -1.7529586318e+000
      1425  -2.4640034195e+000  -1.7801588469e+000
      1426   3.2556901356e+000  -1.6262976360e+000
      1427   3.2039379736e+000  -1.4477553640e+000
      1428   2.0725500808e+000  -2.6155251629e+000
      1429   1.1115093874e+000  -3.1514035877e+000
      1430   1.3146084887e+000  -3.0805507261e+000
      1431   1.5027604838e+000  -2.9952472454e+000
      1432  -8.5839988864e-002  -3.2315614049e+000
      1433   7.6306813192e-001  -3.0454755672e+000
      1434   1.9275466883e+000  -2.7087675408e+000
      1435   3.3055060984e+000   2.1178163782e+000
      1436   2.2271738447e+000   2.4991740495e+000
      1437   4.4608842592e-001   3.3854762688e+000
      1438   3.7050668765e+000  -1.9930534970e-001
      1439   3.5238146067e+000  -3.1744638569e-001
      1440   3.6764704845e+000   1.7782141668e-002
      1441  -1.2995737287e+000   2.6106037570e+000
      1442  -2.0183626394e+000   2.1556584956e+000
      1443  -2.1377018808e+000   1.9834249949e+000
      1444   3.0123826667e+000  -2.0629828999e+000
      1445   2.8076960700e+000  -2.0741957380e+000
      1446   3.0805586461e+000  -1.8802152513e+000
      1447   2.5821599241e+000   2.4313155252e+000
      1448  -2.7529487549e+000  -2.7885250839e-001
      1449  -2.7103770612e+000  -4.8054937573e-001
      1450  -2.6482346155e+000  -6.7677446002e-001
      1451   1.1469280398e-001  -3.1149725556e+000
      1452   1.4504707634e+000   3.0620291955e+000
      1453  -2.1498777737e+000  -1.9710083048e+000
      1454   2.5006337181e+000  -2.2228897326e+000
      1455   3.2612790233e+000  -1.1232114843e+000
      1456  -2.4054569530e+000   1.7109640333e+000
      1457  -6.3736895882e-001   2.9274477611e+000
      1458  -4.6237733372e-001   2.9998465108e+000
      1459  -1.3107331987e+000  -2.4478410689e+000
      1460  -1.4986695764e+000  -2.3294142448e+000
      1461  -1.6663677896e+000  -2.2110845048e+000
      1462   3.3265083307e+000  -6.0802098770e-001
      1463   3.2673220494e+000  -7.9074234189e-001
      1464   3.5614069768e+000   1.4065840107e+000
      1465   3.5981384173e+000   1.2166325377e+000
      1466   3.6305082798e+000   9.9782913973e-001
      1467  -2.5381186050e+000   7.6132777993e-001
      1468  -2.5085857303e+000   9.6355331034e-001
      1469   2.1842887146e+000  -2.3170497241e+000
      1470   2.0418473486e+000  -2.4362306537e+000
      1471   4.8235439245e-001  -2.9153212702e+000
      1472   6.4558930218e-001  -2.8891941037e+000
      1473   1.8891864512e+000   2.5202785294e+000
      1474   2.0508387736e+000   2.4183170017e+000
      1475  -1.4953996606e+000   2.3202784922e+000
      1476  -1.3242131561e+000   2.4112888760e+000
      1477  -2.6077365192e+000   3.6177735947e-002
      1478  -2.5947096202e+000  -1.6109782677e-001
      1479   1.2957233768e+000   1.5807113357e-001
      1480   1.3522474911e+000   6.1602461120e-002
      1481   1.2233487587e+000   3.0725768101e-001
      1482   9.2022400794e-001  -4.5002451127e-001
      1483  -3.5892872910e-001  -1.8673012695e-001
      1484   1.4017648962e+000  -2.8956432427e-002
      1485  -1.5871498122e-001   3.5885782633e-001
      1486  -2.9641603668e-002   4.8169566964e-001
      1487   9.7924318423e-001   4.5257136383e-001
      1488  -4.1579129174e-001   5.5476735337e-002
      1489   1.2949718133e+000   2.2366933032e-001
      1490   1.0101103539e+000  -3.8135580966e-001
      1491   1.4870306890e-002  -4.6950699864e-001
      1492  -1.6655050645e-001  -3.5674867465e-001
      1493  -2.3264752592e-001  -3.2394933808e-001
      1494   1.0770988977e+000  -3.7244725305e-001
      1495   1.1458743342e+000  -3.6300080262e-001
      1496  -5.5789066710e-002  -4.6415425990e-001
      1497  -2.8967713340e-001   1.7834756867e-001
      1498  -3.5186105165e-001   1.5139240544e-001
      1499  -4.2104523924e-001  -1.4995988809e-001
      1500  -2.2383521054e-001   2.7016776707e-001
      1501   1.2490934056e+000  -2.8473502775e-001
      1502  -2.9699226173e-001  -2.9118230095e-001
      1503   1.0712551012e+000   3.8609216974e-001
      1504   1.1376502500e+000   3.7917278072e-001
      1505  -1.1060457609e-001   4.3871687614e-001
      1506  -8.9731886632e-002   4.8462701476e-001
      1507   1.4889706162e+000  -1.0110838797e-001
      1508   1.4718838754e+000  -2.3108782805e-002
      1509   8.2062092686e-001   5.2061784706e-001
      1510   7.5674074428e-001   5.2432283573e-001
      1511   8.8550845908e-001   5.1678759082e-001
      1512   6.9350671467e-001   5.2777654920e-001
      1513   6.3045879217e-001   5.3092671469e-001
      1514   5.6736754451e-001   5.3374852110e-001
      1515   5.0417984522e-001   5.3617635107e-001
      1516   4.4084930988e-001   5.3819788252e-001
      1517   3.7737671009e-001   5.3980992334e-001
      1518   3.1378302363e-001   5.4098595984e-001
      1519   2.5014937710e-001   5.4160171902e-001
      1520   1.8644341779e-001   5.4160361648e-001
      1521   1.2262346558e-001   5.4108580562e-001
      1522   5.8892769297e-002   5.4033963456e-001
      1523   8.2977748387e-001  -5.1666896453e-001
      1524   8.9480372899e-001  -5.1092203791e-001
      1525   7.6554953081e-001  -5.2196239494e-001
      1526   7.0177327902e-001  -5.2669666812e-001
      1527   6.3804992164e-001  -5.3095228351e-001
      1528   5.7408862738e-001  -5.3471476034e-001
      1529   5.0982734335e-001  -5.3797058754e-001
      1530   4.4521052572e-001  -5.4053458016e-001
      1531   3.8013915569e-001  -5.4213196163e-001
      1532   3.1451009233e-001  -5.4255966712e-001
      1533   2.4822466100e-001  -5.4167297166e-001
      1534   1.8123983796e-001  -5.3944659937e-001
      1535   1.1352059341e-001  -5.3602614548e-001
      1536  -4.8019791361e-001  -4.2416958208e-002
      1537  -4.8298183786e-001  -1.1172537547e-001
      1538   1.3858824811e+000  -2.6720807186e-001
      1539   1.3282977939e+000  -3.1319386431e-001
      1540   1.4446320004e+000  -2.2109835730e-001
      1541   6.2418219659e-001   3.2523893061e+000
      1542   3.2711176106e+000   1.9103406117e+000
      1543  -2.4254509264e+000   1.4961919571e+000
      1544  -2.2572150476e+000  -1.7880321672e+000
      1545   1.8851801178e+000  -2.5493092494e+000
      1546   3.6487312190e+000   7.8590355867e-001
      1547   2.6126799497e+000  -2.0673529887e+000
      1548   3.1416002107e+000  -1.2743107827e+000
      1549   3.6261306553e+000   2.2768807319e-001
      1550  -2.7090594893e-001   3.0298921128e+000
      1551   3.6942338773e+000   5.8534151960e-001
      1552  -7.2078141017e-001  -2.8455086968e+000
      1553  -2.5639758509e+000  -3.5198535251e-001
      1554  -1.0135286298e+000  -2.6686747739e+000
      1555  -2.5683008704e+000  -8.6626973726e-001
      1556  -2.5149338321e+000  -5.3746088690e-001
      1557   3.4085531636e+000   1.5368709348e+000
      1558  -2.5761625362e+000  -1.2216786030e+000
      1559   1.7332267131e+000  -2.6994265287e+000
      1560   1.7444210990e-002   3.2241623833e+000
      1561  -2.1987348921e+000   1.7817019596e+000
      1562  -2.5628270171e+000   1.1702988712e+000
      1563   1.5048050303e+000   2.8639451219e+000
      1564   3.1748150188e+000  -9.5799794463e-001
      1565  -2.5617773016e+000  -1.5848081052e+000
      1566  -2.5279039190e+000   5.7547373024e-001
      1567  -1.6616288928e+000   2.2117211465e+000
      1568   2.8934590481e+000  -1.8993238942e+000
      1569   3.1277388940e+000  -1.7263215388e+000
      1570   3.0705971432e+000  -1.5796555981e+000
      1571   1.7196698444e+000   2.6059250273e+000
      1572  -1.8195925313e+000  -2.0837897340e+000
      1573  -1.9567288321e+000  -1.9496158851e+000
      1574   2.3131948591e+000  -2.1871825614e+000
      1575  -2.6092473662e+000   2.5099946143e-001
      1576  -1.1079013645e+000   2.6725869909e+000
      1577  -1.1509711546e+000   2.4812930050e+000
      1578   3.5111154629e+000  -1.1283571309e-001
      1579   2.3854362981e+000   2.3676458629e+000
      1580   2.2039993916e+000   2.3014267787e+000
      1581   2.9542184955e+000   2.2972120142e+000
      1582   3.0814008013e+000   2.0772769909e+000
      1583   2.7309377029e+000   2.2772361751e+000
      1584   2.4723324117e-001   3.2503244266e+000
      1585  -7.9322086713e-001   2.8129647243e+000
      1586  -2.6107658911e-001  -3.1108376747e+000
      1587  -4.0659950009e-001  -2.9710530138e+000
      1588  -8.2263911906e-002  -3.0385037549e+000
      1589   9.6250263890e-001  -3.0063456326e+000
      1590   8.3125652959e-001  -2.8631448695e+000
      1591   1.1573658004e+000  -2.9507662583e+000
      1592   1.3458497900e+000  -2.8796464251e+000
      1593  -1.0975432506e+000  -2.4840953000e+000
      1594  -1.8190464212e+000   2.0920120671e+000
      1595  -1.9540579019e+000   1.9876789062e+000
      1596   3.3486268734e+000  -4.1414929236e-001
      1597   1.1582039583e+000   3.1772491363e+000
      1598   9.7940358015e-001   3.1577239504e+000
      1599   1.2764655069e+000   3.0785436551e+000
      1600   3.3668976096e+000   1.2992752586e+000
      1601   3.4319106426e+000   1.0752664602e+000
      1602   1.9275781538e-001  -2.9238418589e+000
      1603   3.4927808628e-001  -2.8379963703e+000
      1604   5.1882557810e-001  -2.7342128953e+000
      1605  -1.3293988356e+000  -2.2327160073e+000
      1606  -1.1554977502e+000  -2.3017202469e+000
      1607  -1.4923445348e+000  -2.1316503635e+000
      1608  -4.9189956536e-001   2.8385203557e+000
      1609  -3.3510719436e-001   2.8514277281e+000
      1610  -2.3844418270e+000   8.2757027583e-001
      1611  -2.3692538222e+000   6.6968294704e-001
      1612   3.1426873058e+000  -6.5543388623e-001
      1613   3.1794242626e+000  -4.8715059986e-001
      1614  -1.3321179885e+000   2.2231980929e+000
      1615  -1.1719805442e+000   2.3045355642e+000
      1616   1.8883174439e+000   2.3369980626e+000
      1617   1.7340553249e+000   2.4241045529e+000
      1618   2.0120108181e+000  -2.2623624063e+000
      1619   2.1397395530e+000  -2.1448361390e+000
      1620  -2.4423527817e+000  -6.0467541372e-002
      1621  -2.4416012071e+000   1.2174634611e-001
      1622  -5.2887070526e-001  -2.8217169353e+000
      1623   7.7277651593e-001   3.1123148039e+000
      1624  -2.0012399876e+000   1.8271162418e+000
      1625  -9.1890751593e-001   2.6748428005e+000
      1626   4.5756468794e-002  -2.9552899131e+000
      1627   3.2404384699e+000   1.6864164533e+000
      1628  -7.0829216379e-002   3.0442935131e+000
      1629  -6.1047020952e-001   2.7418424209e+000
      1630  -2.4494681522e+000  -7.1674470959e-001
      1631  -8.2096743582e-001  -2.6763664959e+000
      1632  -2.4546499511e+000  -1.4054744896e+000
      1633   3.0155051743e+000  -1.4148155713e+000
      1634  -1.5257003073e-001   2.8687768872e+000
      1635  -2.4718035744e+000  -1.0495416384e+000
      1636   3.4779555615e+000   8.5616736051e-002
      1637   3.5574835230e+000   4.3215837156e-001
      1638   2.9682711056e+000  -1.7283091992e+000
      1639   4.4457041258e-001   3.1869436455e+000
      1640  -1.0050455808e+000   2.5351165442e+000
      1641  -9.9085353332e-001   2.3628692236e+000
      1642   3.4720154913e+000   8.6725454275e-001
      1643  -2.2363633248e+000   1.5812133110e+000
      1644  -2.4205263281e+000   1.3002076780e+000
      1645  -2.3484496493e+000  -1.5935162785e+000
      1646  -1.4897609546e+000   2.1274758404e+000
      1647   1.3148196414e+000   2.9110044097e+000
      1648   1.8723042187e+000  -2.3731413432e+000
      1649   2.8462137714e+000   2.1027968652e+000
      1650  -1.6445726101e+000   2.0170510153e+000
      1651  -2.2806262999e-001  -2.9210279892e+000
      1652   2.7087126471e+000  -1.9056596596e+000
      1653  -2.4228733317e+000  -2.3953236867e-001
      1654  -2.3847723996e+000  -4.1399046521e-001
      1655   1.5337591347e+000  -2.7957459471e+000
      1656   1.5448771636e+000   2.6753043970e+000
      1657   1.5737407411e+000   2.4965592843e+000
      1658   3.3492915721e+000  -2.2350904916e-001
      1659  -2.0653853607e+000  -1.7934801044e+000
      1660  -2.3803761778e+000   1.1169826022e+000
      1661  -2.3008363291e+000   9.5638114523e-001
      1662   3.0712662086e+000  -1.1095525628e+000
      1663  -1.6435200321e+000  -2.0179307199e+000
      1664  -1.7822851140e+000  -1.8968978566e+000
      1665   2.4282335124e+000  -2.0479660949e+000
      1666   2.2555833662e+000  -2.0193224969e+000
      1667   3.0778930950e+000  -8.1322709027e-001
      1668   1.0158250872e+000  -2.8214187453e+000
      1669   1.1957852367e+000  -2.7647842253e+000
      1670  -2.5159380349e+000   4.1083029868e-001
      1671  -2.3536654079e+000   4.8078584929e-001
      1672  -2.4067204244e+000   2.9606832274e-001
      1673   3.2044155268e+000   1.4720958069e+000
      1674  -9.0709150722e-001  -2.5068707613e+000
      1675  -9.7600698936e-001  -2.3390971262e+000
      1676   3.1917754080e+000  -3.1410391504e-001
      1677   7.1316823510e-001  -2.7226833690e+000
      1678   2.5323736499e+000   2.2281556236e+000
      1679   2.3503442905e+000   2.1701799976e+000
      1680   2.0346322849e+000   2.2354714296e+000
      1681  -1.8019529840e+000   1.8851163091e+000
      1682   1.1136274254e+000   2.9753007484e+000
      1683  -2.2115193207e+000   7.8519887823e-001
      1684  -4.2270673238e-001   2.6816823278e+000
      1685   3.2347454371e+000   1.1153506761e+000
      1686   3.1460437913e+000   1.2831691021e+000
      1687   2.0472561422e-001  -2.7463804563e+000
      1688   6.7929380056e-002  -2.8124305183e+000
      1689   3.4658343530e-001  -2.6593221933e+000
      1690  -2.2919332240e+000   1.9440240430e-002
      1691  -2.2751518479e+000   1.8083018303e-001
      1692  -1.1833562938e+000  -2.1216310642e+000
      1693  -1.3373232373e+000  -2.0448926954e+000
      1694   1.9786927429e+000  -2.0977402764e+000
      1695   1.8544675931e+000  -2.2033978639e+000
      1696   3.0188785622e+000  -5.4078645694e-001
      1697   2.9752281083e+000  -6.8807632266e-001
      1698  -1.1800011039e+000   2.1300888325e+000
      1699  -1.3288982837e+000   2.0444361828e+000
      1700   1.7389626765e+000   2.2546406617e+000
      1701   1.8785897528e+000   2.1672061305e+000
      1702   1.4126954679e+000   2.6949469356e-002
      1703  -1.5766501921e-001   4.2011170620e-001
      1704   1.2048012474e+000   3.6989835472e-001
      1705   1.3548393171e+000   1.2795313533e-001
      1706  -2.8626310745e-001   2.4490226988e-001
      1707  -3.4928071547e-001   2.1909298673e-001
      1708   9.8585928043e-001  -4.4283900194e-001
      1709  -4.1458070323e-001   1.2384176137e-001
      1710  -2.1948053453e-001   3.3524473898e-001
      1711  -4.7851915719e-001   2.6520008297e-002
      1712  -4.3105139698e-003   5.3998864142e-001
      1713  -6.7128292079e-002   5.3992859281e-001
      1714   1.0458001365e+000   4.4738787621e-001
      1715  -3.6052367033e-001  -2.5661584303e-001
      1716  -4.2361726183e-001  -2.2012211665e-001
      1717   1.5032411741e+000  -1.7448163854e-001
      1718   1.3547749678e+000   1.9621109371e-001
      1719   4.5182763623e-002  -5.3185842093e-001
      1720   9.6066964992e-001  -5.0450302837e-001
      1721   1.0527949244e+000  -4.3507500839e-001
      1722   9.5139456257e-001   5.1266564899e-001
      1723   1.1211945744e+000  -4.2698222796e-001
      1724   1.2159814118e+000  -3.5363430803e-001
      1725   1.2801835439e+000  -3.5123519294e-001
      1726  -2.3433784394e-002  -5.2790651785e-001
      1727   1.1135452368e+000   4.4143791359e-001
      1728   1.2870170139e+000   2.8972755295e-001
      1729  -4.8636102485e-001  -1.8198373678e-001
      1730  -1.2378068859e-001  -4.6777018953e-001
      1731  -1.7140692109e-001  -4.2295300774e-001
      1732  -2.3369457146e-001  -3.9220520375e-001
      1733  -2.9795857593e-001  -3.6144923315e-001
      1734  -1.4898216815e-001   4.7967300747e-001
      1735   5.4372775112e-001  -5.9407011185e-001
      1736   4.7825304479e-001  -5.9705752434e-001
      1737   4.1240356504e-001  -5.9913683729e-001
      1738   3.4608437636e-001  -6.0014643339e-001
      1739   6.0881216171e-001  -5.9067689653e-001
      1740   6.7363533435e-001  -5.8679077435e-001
      1741   7.3828391706e-001  -5.8247033945e-001
      1742   8.0317874951e-001  -5.7768278183e-001
      1743   8.6859072099e-001  -5.7238775679e-001
      1744   2.7923161090e-001  -5.9997781393e-001
      1745   2.1180568428e-001  -5.9862792242e-001
      1746   1.4384587302e-001  -5.9626884067e-001
      1747   1.4007897432e+000  -3.4089252673e-001
      1748   1.3415756329e+000  -3.9625142267e-001
      1749   1.4590917269e+000  -2.9264135443e-001
      1750   1.5493027539e+000  -5.3787375235e-002
      1751   1.5624315003e+000  -1.2813270986e-001
      1752   8.5643723445e-001   5.7639678630e-001
      1753   7.9143380729e-001   5.8010460557e-001
      1754   7.2714057773e-001   5.8360201652e-001
      1755   6.6319529321e-001   5.8684512962e-001
      1756   5.9919092709e-001   5.8981953877e-001
      1757   5.3508359364e-001   5.9248792186e-001
      1758   4.7084656089e-001   5.9482176900e-001
      1759   4.0649885600e-001   5.9679841824e-001
      1760   3.4211718219e-001   5.9837548410e-001
      1761   2.7777748836e-001   5.9946965673e-001
      1762   2.1343333671e-001   6.0004829655e-001
      1763   1.4907523599e-001   6.0010685306e-001
      1764   8.4819532880e-002   5.9971753920e-001
      1765  -5.4464058940e-001  -7.2298373904e-002
      1766  -5.4873308670e-001  -1.4246776813e-001
      1767   2.7935993545e+000  -1.7389369298e+000
      1768   5.6446007379e-001   3.0217219873e+000
      1769  -7.4105396939e-001   2.6258750358e+000
      1770  -8.5717788288e-001   2.4943891259e+000
      1771  -1.4755423777e+000   1.9480061019e+000
      1772  -6.3457733937e-001  -2.6686467073e+000
      1773  -3.4787837325e-001  -2.7866358252e+000
      1774  -1.6140095185e+000   1.8416076036e+000
      1775   3.4261087072e+000   2.7852114217e-001
      1776  -2.3691233713e+000  -8.8988502200e-001
      1777   2.9922753497e+000  -9.5965815258e-001
      1778   2.9078112077e+000  -8.2578193516e-001
      1779   9.0644729645e-001   2.9631119041e+000
      1780  -1.9035228711e+000  -1.7962803826e+000
      1781  -2.3585691430e+000  -1.2280084569e+000
      1782  -1.4838970576e+000  -1.9472092647e+000
      1783  -1.6240629316e+000  -1.8330212111e+000
      1784   2.6630693039e+000   2.1067788733e+000
      1785   2.1724412631e+000   2.1210208834e+000
      1786   2.9611528325e+000  -1.2482520831e+000
      1787   3.3307456711e+000  -3.7679890697e-002
      1788  -2.2549953490e+000   1.3919795665e+000
      1789  -2.2706130964e+000   1.2353929999e+000
      1790  -2.2011002478e+000   1.1015958677e+000
      1791  -2.1240608708e+000   9.4981399120e-001
      1792   1.3715600836e+000  -2.6945336299e+000
      1793  -7.3894778751e-002  -2.8684052056e+000
      1794  -2.1472459001e+000  -1.6148753272e+000
      1795   3.1855594416e+000  -1.4207433295e-001
      1796  -2.2412203489e+000   3.3727467939e-001
      1797  -2.0501547016e+000   1.6429346386e+000
      1798  -1.0237622082e+000  -2.1740869279e+000
      1799   3.0665221647e+000   1.8266334992e+000
      1800   2.9123141813e+000   1.9329221963e+000
      1801  -5.7316552280e-001   2.5751336582e+000
      1802  -7.2649844759e-001  -2.5140822836e+000
      1803  -2.2868746272e+000  -1.4399404183e-001
      1804  -2.2598252568e+000  -3.0613840741e-001
      1805  -2.3229726735e-001   2.7007594975e+000
      1806   1.5925472761e+000   2.3285432966e+000
      1807  -2.3310420568e+000  -5.8286966669e-001
      1808  -1.0519443701e+000   2.2079686487e+000
      1809   2.0946629713e+000  -1.9839346010e+000
      1810   2.8778142610e+000  -1.5587748410e+000
      1811   3.4767574245e+000   6.4455282362e-001
      1812  -2.2128425171e+000   6.0309571086e-001
      1813  -8.0334629596e-001  -2.3597204309e+000
      1814   3.2942400571e+000   9.3391196823e-001
      1815   2.5293422259e+000  -1.9014951800e+000
      1816   2.3592864198e+000  -1.8863791996e+000
      1817   3.0397267713e+000  -3.8636624462e-001
      1818   1.3551673913e-001   3.0517131165e+000
      1819   3.4070923409e-001   3.0377949544e+000
      1820   3.6459725504e-002   2.8777147358e+000
      1821   2.5004526164e+000   2.0203490001e+000
      1822   1.5435047955e+000  -2.6037788267e+000
      1823   1.6992272759e+000  -2.4711929937e+000
      1824   1.7436122656e+000  -2.3011663467e+000
      1825   1.3664150311e+000   2.7297564972e+000
      1826   1.4091385686e+000   2.5548529701e+000
      1827   1.1835130304e+000   2.7755402465e+000
      1828   2.0100274959e+000   2.0673660361e+000
      1829   8.9030985557e-001  -2.6935548867e+000
      1830   1.0600312437e+000  -2.6483321077e+000
      1831   3.0396774352e+000   1.6142387273e+000
      1832   3.0144880486e+000   1.4208632658e+000
      1833   4.6945391577e-001  -2.5499553944e+000
      1834   6.2443712431e-001  -2.5812068873e+000
      1835   3.0436964087e+000   1.1248959951e+000
      1836   3.1165404780e+000   9.6321608116e-001
      1837  -2.1443279426e+000   8.2404077255e-002
      1838  -2.1525148402e+000  -6.6499649637e-002
      1839   1.9807035564e-001  -2.5875699852e+000
      1840   6.4652448351e-002  -2.6574062374e+000
      1841  -1.1978707966e+000  -1.9531979323e+000
      1842  -1.0536070190e+000  -2.0137267254e+000
      1843   1.8263620348e+000  -2.0473524151e+000
      1844   1.9440230752e+000  -1.9431387344e+000
      1845  -1.1754362445e+000   1.9636906747e+000
      1846  -1.0168419570e+000   2.0506949082e+000
      1847   2.8723597802e+000  -5.8116972695e-001
      1848   2.8949396249e+000  -4.4482317241e-001
      1849   1.7354791588e+000   2.0965625377e+000
      1850   1.8613333957e+000   2.0095332375e+000
      1851   2.7136489063e+000   1.9260094188e+000
      1852  -1.8157650870e-001  -2.7477386752e+000
      1853  -4.5449233719e-001  -2.6474696810e+000
      1854  -2.1437128782e+000  -2.1350825849e-001
      1855   2.6179771493e+000  -1.7506771200e+000
      1856   2.4512080943e+000  -1.7479424458e+000
      1857  -2.1937418592e+000   4.6482244611e-001
      1858   2.8570304634e+000   1.7401413052e+000
      1859   1.9371648403e+000  -1.6118996800e-001
      1860   2.8958740147e+000  -1.0954064337e+000
      1861   2.8246135785e+000  -9.5493063936e-001
      1862  -1.7684859880e+000  -1.7017092172e+000
      1863  -2.0839005464e+000   1.4574554095e+000
      1864  -2.1070272091e+000   1.2645886419e+000
      1865  -6.9049318374e-001   2.4547273040e+000
      1866   7.8442519028e-001  -2.5698138157e+000
      1867   1.2243653942e+000  -2.5923703343e+000
      1868   1.3798610044e+000  -2.5268221142e+000
      1869   3.3386321779e+000   7.7138521701e-001
      1870   3.1785206732e+000   7.9341866895e-001
      1871   7.3135814670e-001   2.9375115786e+000
      1872   2.8235458707e+000  -7.0808241827e-001
      1873  -2.2139814451e+000  -4.6359552050e-001
      1874  -2.2648276416e+000  -7.4622130878e-001
      1875   9.9983869938e-001   2.7983777066e+000
      1876  -1.3370109376e+000  -1.8739028011e+000
      1877   2.9789467961e+000   1.2637043449e+000
      1878  -1.4695841463e+000  -1.7774649778e+000
      1879   1.6024686254e+000   2.1712093560e+000
      1880   2.1996026755e+000  -1.8630049999e+000
      1881   2.0500379674e+000  -1.8330997320e+000
      1882  -1.3207106147e+000   1.8754820611e+000
      1883  -2.2740968910e+000  -1.0562373072e+000
      1884  -5.5244940469e-001  -2.5070844141e+000
      1885  -6.3721545254e-001  -2.3659532217e+000
      1886  -1.9567142727e+000  -1.6481779101e+000
      1887   3.2945103751e+000   1.4280949276e-001
      1888   3.1628480999e+000   2.6122334169e-002
      1889   9.4002113523e-001  -2.5318029018e+000
      1890   2.2794411829e-001   2.8740610217e+000
      1891  -8.6319765939e-001  -2.2068733803e+000
      1892  -9.0649677933e-001  -2.0567523640e+000
      1893   1.4414555699e+000   2.3894169817e+000
      1894   1.2409496458e+000   2.6003565832e+000
      1895   2.8656776708e+000   1.5284039332e+000
      1896   1.5143193742e+000  -2.4315758077e+000
      1897   1.6062991035e+000  -2.3020378809e+000
      1898  -1.4573463405e+000   1.7791780744e+000
      1899   3.0435358932e+000  -2.2902250012e-001
      1900  -2.1203722802e+000   2.3137031794e-001
      1901   3.1975133372e-001  -2.4954078704e+000
      1902   3.3572192281e+000   4.6574068890e-001
      1903   2.9059426337e+000  -3.0152268121e-001
      1904   2.3004829522e+000   1.9943849987e+000
      1905   2.1311363336e+000   1.9562732449e+000
      1906   1.9783567226e+000   1.9117302832e+000
      1907  -2.2238005697e+000  -1.4093484259e+000
      1908   1.6929832714e+000  -2.1507543084e+000
      1909  -8.0479872730e-001   2.3288283628e+000
      1910  -9.0708379219e-001   2.1955624326e+000
      1911  -1.8693844274e+000   1.6945638815e+000
      1912  -1.7211752202e+000   1.7314661050e+000
      1913   2.8488058343e+000  -1.3752026447e+000
      1914  -5.3214913822e-002   2.7128239872e+000
      1915  -2.0379087600e+000   1.0945695776e+000
      1916  -2.0320114245e+000   8.1996535244e-001
      1917  -2.0697071686e+000   6.7385005352e-001
      1918  -4.3772452574e-001   2.5229525214e+000
      1919  -2.9755996398e-001   2.5419427919e+000
      1920   5.7716996794e-001  -2.4279869777e+000
      1921   4.2894243717e-001  -2.3915649333e+000
      1922   2.9415859012e+000   9.8672726312e-001
      1923   2.8525728354e+000   1.1529189701e+000
      1924  -1.0718282249e+000  -1.8609449834e+000
      1925  -1.2034057229e+000  -1.7962973664e+000
      1926  -1.0378530776e+000   1.8765152228e+000
      1927  -1.1776979647e+000   1.8007542424e+000
      1928  -2.0190050245e+000  -5.9002517741e-003
      1929  -2.0025851984e+000   1.3481129660e-001
      1930   6.0742464971e-002  -2.5064168363e+000
      1931   1.8908578117e-001  -2.4523562828e+000
      1932   2.7575933143e+000  -4.9740576669e-001
      1933   2.7732120847e+000  -3.6431819081e-001
      1934   1.7251052428e+000   1.9484097004e+000
      1935   1.6046444024e+000   2.0235353426e+000
      1936   1.8043455885e+000  -1.8960063487e+000
      1937   1.6898480370e+000  -1.9854442109e+000
      1938   1.4160237472e+000   9.4891745082e-002
      1939  -2.1491368372e-001   3.9978130191e-001
      1940  -1.3025274648e-001   5.3698999637e-001
      1941   1.1826459025e+000   4.3390125193e-001
      1942   1.0275943674e+000  -4.9761344756e-001
      1943   2.0726008344e-002   5.9910012275e-001
      1944  -4.3510924168e-002   5.9828370287e-001
      1945   1.4166518063e+000   1.6546440736e-001
      1946  -5.4182286058e-001  -2.7864634299e-003
      1947   1.1912298769e+000  -4.1905734281e-001
      1948   9.2244025276e-001   5.7259507049e-001
      1949  -4.7766829161e-001   9.5688727394e-002
      1950   9.3471995182e-001  -5.6653609677e-001
      1951   1.0184281825e+000   5.0834157182e-001
      1952   1.0868168772e+000   5.0362631074e-001
      1953   1.3501661347e+000   2.6586754644e-001
      1954   1.0956819616e+000  -4.9051085299e-001
      1955  -3.6228559302e-001  -3.2781798897e-001
      1956  -4.2636755206e-001  -2.9156103968e-001
      1957  -4.9011727277e-001  -2.5346204917e-001
      1958   1.2632864002e+000  -4.1191013104e-001
      1959  -9.1521777326e-002  -5.2667923709e-001
      1960   1.2724336818e+000   3.5607218406e-001
      1961  -2.8190440379e-001   3.1149388871e-001
      1962  -3.4557800956e-001   2.8702994107e-001
      1963   1.4784835358e+000   5.6837577066e-002
      1964   1.5441763842e+000   2.0731226943e-002
      1965  -2.0730003206e-001   4.6405969956e-001
      1966  -4.1287382079e-001   1.9254506088e-001
      1967   7.5491738867e-002  -5.9323285807e-001
      1968   7.0456126611e-003  -5.9008384998e-001
      1969  -5.5345160269e-001  -2.1382630844e-001
      1970   1.5180247240e+000  -2.4691272749e-001
      1971   1.5773914798e+000  -2.0172131491e-001
      1972   1.6234201929e+000  -8.3640759578e-002
      1973   1.6151537171e+000  -1.0780539221e-002
      1974  -1.8303913690e-001  -4.7965808606e-001
      1975  -2.3607157351e-001  -4.5866393376e-001
      1976  -2.9895480257e-001  -4.3288834192e-001
      1977   7.7573821749e-001  -6.3928585581e-001
      1978   8.4168754272e-001  -6.3455265060e-001
      1979   7.1012099915e-001  -6.4368630738e-001
      1980   6.4443497697e-001  -6.4760617949e-001
      1981   5.7844637765e-001  -6.5113170341e-001
      1982   5.1214739886e-001  -6.5422424494e-001
      1983   4.4549014605e-001  -6.5665495580e-001
      1984   3.7846279455e-001  -6.5813757585e-001
      1985   3.1102647879e-001  -6.5852836511e-001
      1986   2.4316515279e-001  -6.5782548863e-001
      1987   1.7483231194e-001  -6.5620396151e-001
      1988   1.4229506296e+000  -4.1287986815e-001
      1989   1.4762838218e+000  -3.6338698930e-001
      1990   8.2697019393e-001   6.3649265497e-001
      1991   8.9300122917e-001   6.3274175056e-001
      1992   7.6167096015e-001   6.4005024169e-001
      1993   6.9678685283e-001   6.4338350535e-001
      1994   6.3194469283e-001   6.4650951051e-001
      1995   5.6696045921e-001   6.4941191420e-001
      1996   5.0183412642e-001   6.5205479241e-001
      1997   4.3660170767e-001   6.5436234447e-001
      1998   3.7133938729e-001   6.5629828554e-001
      1999   3.0611596449e-001   6.5780378422e-001
      2000   2.4092441094e-001   6.5883261365e-001
      2001   1.7581556533e-001   6.5933989205e-001
      2002   1.1084806866e-001   6.5929770364e-001
      2003  -6.1062717700e-001  -1.0179284485e-001
      2004  -6.1628184427e-001  -1.7275082727e-001
      2005  -2.1024405866e+000  -3.5791850066e-001
      2006   3.2638202776e+000   6.3132998863e-001
      2007   2.7934896780e+000  -1.2218842884e+000
      2008  -1.5856671554e+000   1.6738688194e+000
      2009  -1.3296880818e+000  -1.7176720198e+000
      2010  -2.0670858382e+000   5.2355665260e-001
      2011   2.7505413075e+000  -8.2569683280e-001
      2012   3.0321695956e+000  -7.2679227368e-002
      2013  -2.7857766211e-001  -2.6162682591e+000
      2014   2.7331645009e+000  -1.0784047790e+000
      2015   2.8490142798e+000   1.3452724973e+000
      2016  -1.3120581045e+000   1.7150956972e+000
      2017   8.1471708044e-001   2.7959118138e+000
      2018  -1.3299144990e-001   2.5528863506e+000
      2019  -1.9101213605e+000   1.5190244897e+000
      2020   2.7182186111e-001  -2.3396937485e+000
      2021   2.9039927213e+000  -1.5638130450e-001
      2022  -1.9547832124e+000   9.5745600934e-001
      2023  -1.9461891130e+000   1.3499731638e+000
      2024  -1.9581485682e+000   1.2085037158e+000
      2025  -2.0840035208e+000   3.7678278886e-001
      2026  -1.9737378313e+000   2.7800279213e-001
      2027  -5.3009561777e-001   2.4146655628e+000
      2028  -6.3477387194e-001   2.2957552005e+000
      2029  -7.4110365845e-001   2.1747767873e+000
      2030  -2.0237193136e+000  -1.4316998505e-001
      2031  -2.1629682259e+000  -1.2107837432e+000
      2032  -9.5816486760e-002  -2.5851135270e+000
      2033   2.7789936244e+000  -2.2822046787e-001
      2034   1.0709362287e+000   2.6306521547e+000
      2035  -3.8299270974e-001  -2.4876457065e+000
      2036   2.7486965247e+000  -6.1073209126e-001
      2037   3.0118673814e+000   8.2512719775e-001
      2038   7.0324224574e-001  -2.4595345564e+000
      2039   8.2979428928e-001  -2.4183780238e+000
      2040  -2.0218730526e+000  -1.4807688416e+000
      2041   2.2934811468e+000  -1.7362494630e+000
      2042   2.1450934517e+000  -1.7173183024e+000
      2043   2.6953382223e+000  -1.6002478106e+000
      2044   2.7438643537e+000  -1.4686186439e+000
      2045   2.5320271681e+000  -1.6064764472e+000
      2046  -4.7645780989e-001  -2.3589881700e+000
      2047  -9.3659100009e-001  -1.9107205663e+000
      2048  -2.1583480348e+000  -6.1724944961e-001
      2049   1.9100385023e+000  -1.7972168830e+000
      2050   1.4642383983e+000   2.2338287586e+000
      2051   1.4785144312e+000   2.0874820009e+000
      2052   1.2444052666e-001   2.7166526768e+000
      2053  -1.5927764109e+000  -1.6639650572e+000
      2054  -7.0647794335e-001  -2.2250118235e+000
      2055  -7.5999755482e-001  -2.0850609959e+000
      2056  -1.7288332136e+000   1.5651518530e+000
      2057   1.8382315852e+000   1.8623420030e+000
      2058  -8.4264484596e-001   2.0518395831e+000
      2059  -9.1635578172e-001   1.9348877738e+000
      2060   1.2865453111e+000   2.4374214465e+000
      2061   4.2317523551e-001   2.8546681097e+000
      2062   6.1682843190e-001   2.7981918140e+000
      2063   1.0958867344e+000  -2.4848117908e+000
      2064   1.2456501461e+000  -2.4313490946e+000
      2065   1.3741080076e+000  -2.3880298242e+000
      2066   1.4499494618e+000  -2.2849769453e+000
      2067  -2.1860913433e+000  -9.0348135674e-001
      2068   3.2414197418e+000   3.1752832933e-001
      2069   3.1248851473e+000   1.8906671374e-001
      2070   9.6376221673e-002  -2.3491261375e+000
      2071  -3.7047013760e-001   2.3946091550e+000
      2072   2.7343690268e+000   1.6057828445e+000
      2073   2.6590953857e+000   1.7393496192e+000
      2074   2.5535988200e+000   1.8548009136e+000
      2075   2.4001636209e+000   1.8559131859e+000
      2076   2.2373988622e+000   1.8347213140e+000
      2077   2.0843450322e+000   1.8044842102e+000
      2078   1.5874160626e+000  -2.0530861489e+000
      2079   1.5331801075e+000  -2.1668430261e+000
      2080  -1.9388641798e+000   7.1813883684e-001
      2081  -1.8713624319e+000   8.2793941048e-001
      2082   5.4193291029e-001  -2.2870482279e+000
      2083   7.0312564089e-001  -2.3134371162e+000
      2084  -1.0443823976e+000   1.7229857699e+000
      2085  -8.9340922099e-001   1.7884049094e+000
      2086   2.7792546423e+000   9.9161392754e-001
      2087   2.8523947963e+000   8.5374565635e-001
      2088  -1.8885372723e+000   4.3978551034e-002
      2089  -1.9000308713e+000  -9.0651563940e-002
      2090   1.6738681666e+000  -1.8431295376e+000
      2091   1.5491929940e+000  -1.9218763089e+000
      2092  -1.0822900266e+000  -1.7161533214e+000
      2093  -9.5757035349e-001  -1.7703480296e+000
      2094   2.6447997791e+000  -4.2342884169e-001
      2095   2.6227440665e+000  -5.6721693976e-001
      2096   1.6003414303e+000   1.8844584922e+000
      2097   1.4853855403e+000   1.9492224943e+000
      2098   9.0104478781e-001   2.6437510218e+000
      2099  -2.0486488182e+000  -4.9916139627e-001
      2100   2.6799371781e+000  -7.0331064763e-001
      2101  -1.4385246094e+000   1.6200281413e+000
      2102  -1.9331086553e+000   5.9068184313e-001
      2103  -1.4486339602e+000  -1.6234392281e+000
      2104  -2.0811807997e-001   2.3956264379e+000
      2105   2.6958891797e+000   1.4420805223e+000
      2106   2.6690204329e+000  -9.4281224827e-001
      2107   9.7912465002e-001  -2.3779546811e+000
      2108  -2.0553401003e+000  -1.3285558152e+000
      2109   2.6020462182e+000  -1.4654701329e+000
      2110   3.1689147482e+000   4.8360814099e-001
      2111  -7.9983256177e-001  -1.9470556131e+000
      2112  -8.2983482138e-001  -1.8127705048e+000
      2113   1.9425740555e+000   1.7672328348e+000
      2114  -1.9300100753e+000   4.3172861217e-001
      2115   4.0097708670e-001  -2.2531312543e+000
      2116   3.0067509175e+000   7.9908910404e-002
      2117  -2.0205224881e+000  -2.6718742468e-001
      2118  -1.9073412537e+000  -2.2848990430e-001
      2119  -2.0946033271e+000  -7.6741982657e-001
      2120  -1.2028204205e+000  -1.6506480260e+000
      2121   3.0704865332e+000   6.4754596472e-001
      2122   2.9081136298e+000   7.1398885819e-001
      2123   1.7795113900e+000  -1.7556834555e+000
      2124  -5.5438995512e-001  -2.2302674761e+000
      2125  -6.1675502812e-001  -2.1015159854e+000
      2126   2.0057639774e+000  -1.6919596937e+000
      2127  -1.1775644320e+000   1.6488741300e+000
      2128   3.0052876965e-001   2.7073407138e+000
      2129   4.6708470954e-001   2.6786403347e+000
      2130   1.7094023817e+000   1.8091774971e+000
      2131  -2.0942519890e+000  -1.0519684415e+000
      2132   1.1295833948e+000  -2.3291620110e+000
      2133   1.2849378791e+000  -2.2724002441e+000
      2134   2.6881761701e+000  -1.3385921238e+000
      2135   2.6349028008e+000  -1.1976198285e+000
      2136   1.3218281155e+000   2.2843663538e+000
      2137   1.3479221965e+000   2.1402381840e+000
      2138   1.3658031949e+000   2.0037851496e+000
      2139   1.1287528482e+000   2.4720401227e+000
      2140   2.3771864127e+000  -1.6049433546e+000
      2141   2.2299005636e+000  -1.5969509530e+000
      2142  -1.7911642542e+000   1.3979795263e+000
      2143  -1.8203634034e+000   1.2388839212e+000
      2144   2.8890448118e+000  -1.3104154680e-002
      2145   2.7729352465e+000  -9.3079760390e-002
      2146  -1.8733350426e+000   1.0929531838e+000
      2147  -1.7935222734e+000   9.6243860621e-001
      2148   3.3721443730e-002   2.5634438123e+000
      2149   2.6575344308e+000  -2.9092507398e-001
      2150  -1.8677745996e+000   1.7752014380e-001
      2151  -4.6709719230e-001   2.2652255601e+000
      2152  -5.7583570439e-001   2.1460877329e+000
      2153  -6.8697239244e-001   2.0312378792e+000
      2154  -7.8568044067e-001   1.9123862792e+000
      2155   2.7087588009e+000   1.2628335152e+000
      2156   2.6802372613e+000   1.1086069635e+000
      2157  -6.0208700218e-002  -2.4148914957e+000
      2158   3.0724050271e+000   3.4430014905e-001
      2159  -1.8412539643e+000  -1.5221448504e+000
      2160  -1.6932260427e+000  -1.5536719041e+000
      2161  -1.7987199751e+000   6.8271595178e-001
      2162   2.5852745336e+000   1.5829671320e+000
      2163   2.4894958914e+000   1.7140436479e+000
      2164   2.3307945042e+000   1.7044663551e+000
      2165   2.1784116592e+000   1.6896693046e+000
      2166   1.4650333188e+000  -2.0425876653e+000
      2167  -2.1612790261e-001  -2.4555673571e+000
      2168  -3.2157206707e-001  -2.3403868760e+000
      2169   2.7070927114e+000   8.6155971315e-001
      2170   2.6307488217e+000   9.7156790651e-001
      2171   1.7923425116e-001  -2.2252089139e+000
      2172   2.9098175868e-001  -2.2071033628e+000
      2173  -9.3172799591e-001   1.6359356268e+000
      2174  -1.0571897632e+000   1.5783937234e+000
      2175   6.3239091755e-001  -2.1772184144e+000
      2176   4.9641690676e-001  -2.1574785690e+000
      2177  -9.7206240153e-001  -1.6360445318e+000
      2178  -1.0882034734e+000  -1.5788164323e+000
      2179   1.5619435455e+000  -1.7814178470e+000
      2180   1.6595477593e+000  -1.7081733260e+000
      2181  -1.7778964751e+000  -3.9835967143e-002
      2182  -1.7623840866e+000   8.8559023156e-002
      2183   2.5202340458e+000  -4.6680719982e-001
      2184   2.5405284105e+000  -3.4319188560e-001
      2185   1.4860553130e+000   1.8186098767e+000
      2186   1.5908767035e+000   1.7531145681e+000
      2187   1.5340696316e+000  -3.1883941820e-001
      2188  -1.5856141250e-001  -5.2836027480e-001
      2189  -2.7637253715e-001   3.7806931549e-001
      2190  -1.0851313242e-001   5.9614423506e-001
      2191  -3.6393401513e-001  -4.0102742934e-001
      2192  -4.2915813260e-001  -3.6466770310e-001
      2193  -4.9411441356e-001  -3.2636212176e-001
      2194  -5.5856364524e-001  -2.8655691256e-001
      2195  -3.4031354812e-001   3.5515321926e-001
      2196  -5.4065073229e-001   6.6825291270e-002
      2197   1.5937153617e+000  -2.7523830934e-001
      2198  -4.1019166891e-001   2.6168725551e-001
      2199  -4.7692448207e-001   1.6521385828e-001
      2200   9.0814925979e-001  -6.2913155637e-001
      2201   4.5981359095e-002   6.5875000145e-001
      2202  -1.8961713051e-002   6.5773390243e-001
      2203  -2.6859760782e-001   4.4490502429e-001
      2204  -6.0602909379e-001  -3.2015158267e-002
      2205   1.1568724914e+000   4.9796967436e-001
      2206   1.6372463571e+000  -1.5685370078e-001
      2207  -6.2243204112e-001  -2.4521347558e-001
      2208   1.0016855616e+000  -5.6025608538e-001
      2209   1.0695728103e+000  -5.5387342634e-001
      2210   1.2530497983e+000   4.2323376375e-001
      2211   1.4140253924e+000   2.3760819158e-001
      2212   1.1651541827e+000  -4.8364867440e-001
      2213   1.2363080989e+000  -4.7747051448e-001
      2214   9.8953660596e-001   5.6876623832e-001
      2215   9.5978991970e-001   6.2884183827e-001
      2216   1.0580174613e+000   5.6524287162e-001
      2217  -6.1405025076e-002  -5.8771309096e-001
      2218   1.4801909762e+000   1.3157232268e-001
      2219   1.5454667475e+000   9.6561102349e-002
      2220   1.6130818584e+000   6.2773472820e-002
      2221  -1.9352936881e-001   5.2758786098e-001
      2222   1.3400194123e+000   3.3648618254e-001
      2223   1.0613339370e-001  -6.5396087039e-001
      2224   3.7332144445e-002  -6.5153833616e-001
      2225   1.3096192468e+000  -4.7131752609e-001
      2226   1.3825726226e+000  -4.7231858949e-001
      2227  -2.2639801616e-001  -5.2278323551e-001
      2228  -2.9534079249e-001  -5.0615165518e-001
      2229   1.4964445194e+000  -4.3092333485e-001
      2230   1.4537451042e+000  -4.8146345530e-001
      2231   1.6859730815e+000  -4.1239077133e-002
      2232   1.6978514469e+000  -1.1275797622e-001
      2233   2.0637146955e-001  -7.1600465212e-001
      2234   1.3719512364e-001  -7.1423041483e-001
      2235   2.7497965188e-001  -7.1717541395e-001
      2236   3.4332157960e-001  -7.1745371729e-001
      2237   4.1139082896e-001  -7.1662455557e-001
      2238   4.7919198960e-001  -7.1475973416e-001
      2239   5.4669406163e-001  -7.1210585232e-001
      2240   6.1389829033e-001  -7.0897111002e-001
      2241   6.8078196256e-001  -7.0551386648e-001
      2242   7.4740326019e-001  -7.0173603681e-001
      2243   8.1408985099e-001  -6.9746750622e-001
      2244   5.9983868815e-001   7.0691608051e-001
      2245   6.6564553929e-001   7.0381249401e-001
      2246   7.3133379716e-001   7.0052577003e-001
      2247   5.3388400836e-001   7.0995974410e-001
      2248   4.6776622409e-001   7.1260960766e-001
      2249   4.0155495906e-001   7.1486862676e-001
      2250   3.3533694665e-001   7.1667629039e-001
      2251   2.6913102379e-001   7.1805752471e-001
      2252   2.0304009006e-001   7.1896012032e-001
      2253   1.3713322545e-001   7.1927055423e-001
      2254   7.9726984311e-001   6.9713118787e-001
      2255   8.6362490165e-001   6.9345318931e-001
      2256  -6.7852259707e-001  -1.3028176719e-001
      2257  -6.8568642522e-001  -2.0226712021e-001
      2258   9.6985556269e-001   2.4926253619e+000
      2259   3.6947748945e-001  -2.1235907113e+000
      2260   2.6588474223e+000  -1.6229275760e-001
      2261  -1.9984071226e+000  -6.4564373222e-001
      2262   1.3888333743e+000  -2.1570813110e+000
      2263  -1.8377749298e+000   3.0749224812e-001
      2264   2.6026069766e+000  -8.1494302505e-001
      2265  -1.9673574618e+000  -1.1870877447e+000
      2266  -1.5534703024e+000  -1.4928757169e+000
      2267   2.9682922076e+000   2.2698584486e-001
      2268   2.8618522645e+000   1.2640868246e-001
      2269   2.7552955814e+000   3.9198064932e-002
      2270  -1.3165028896e+000  -1.5773249998e+000
      2271  -1.2012585623e+000  -1.5135212484e+000
      2272  -1.9337358074e+000  -3.8032717629e-001
      2273   3.0070991872e+000   4.8683593380e-001
      2274   2.9330613130e+000   5.9194253326e-001
      2275   2.0915807480e+000  -1.5815227158e+000
      2276  -1.8952476739e+000  -1.3580753174e+000
      2277   2.0371716925e+000   1.6644705766e+000
      2278  -1.3009683007e+000   1.5647461495e+000
      2279  -1.1742335932e+000   1.5070175376e+000
      2280  -1.7253203834e+000   8.2510770658e-001
      2281   2.5478304817e+000  -2.2143466536e-001
      2282  -1.7867704641e+000  -1.7149380619e-001
      2283  -6.6429547093e-001  -1.9718866475e+000
      2284  -7.0057761200e-001  -1.8440105436e+000
      2285  -1.7388196352e+000   2.1403999796e-001
      2286   2.4522438145e+000  -1.4689929909e+000
      2287   2.3052920824e+000  -1.4738768673e+000
      2288   1.8749157210e+000  -1.6610336549e+000
      2289   1.7525727417e+000  -1.6249760364e+000
      2290   1.3764613905e+000   1.8742182525e+000
      2291   2.5829668377e+000  -1.0569032720e+000
      2292  -1.5592422995e+000   1.5182162325e+000
      2293  -1.6567706119e+000   1.4244134935e+000
      2294  -1.6770680261e+000   1.2833164791e+000
      2295  -4.0800642774e-001  -2.2216529907e+000
      2296  -4.7665170949e-001  -2.1066458579e+000
      2297   1.9932812593e-001   2.5650271396e+000
      2298   3.5919537644e-001   2.5498226490e+000
      2299  -8.5318878700e-001  -1.6830928767e+000
      2300  -4.6451856594e-002   2.4101177963e+000
      2301   2.5473088028e+000  -6.9119282349e-001
      2302   2.4790245517e+000  -5.8257778817e-001
      2303   1.8112660556e+000   1.7248675340e+000
      2304   1.6898227404e+000   1.6786326080e+000
      2305   7.3453557123e-001   2.6458033638e+000
      2306   5.9773581750e-001   2.6295922309e+000
      2307   2.4182099535e+000   1.5639058626e+000
      2308   2.2602015421e+000   1.5716841266e+000
      2309   2.5258629527e+000   1.4434779224e+000
      2310   2.5886917726e+000   1.3314907091e+000
      2311   2.5632350446e+000   1.2025140937e+000
      2312   2.5328998852e+000   1.0640754365e+000
      2313   2.7613977594e+000   7.3895481500e-001
      2314  -2.9774825277e-001   2.2520678318e+000
      2315  -1.7140032089e+000  -1.3951913997e+000
      2316  -1.7032298038e+000   1.1106691524e+000
      2317   1.1759114050e+000   2.3227018691e+000
      2318   1.2135352517e+000   2.1817705492e+000
      2319   1.2422912361e+000   2.0481579277e+000
      2320  -4.0313685169e-001   2.1098015454e+000
      2321  -5.3613683928e-001   2.0031695437e+000
      2322  -6.4306436421e-001   1.8954915517e+000
      2323   8.6573240198e-001  -2.2752732256e+000
      2324   7.7128029474e-001  -2.1697506779e+000
      2325   1.0137123685e+000  -2.2332170799e+000
      2326   1.1533276254e+000  -2.1820416196e+000
      2327  -2.0180650052e+000  -9.0883928518e-001
      2328  -1.8048620865e+000   5.2928458046e-001
      2329   2.3615262941e-001  -2.0935639932e+000
      2330  -7.3536027136e-001   1.7832764842e+000
      2331  -8.0110851810e-001   1.6643202985e+000
      2332   2.5236710335e+000  -1.3195749386e+000
      2333  -1.6881821991e-001  -2.2919064306e+000
      2334  -3.0674065833e-002  -2.2914940284e+000
      2335   5.3513984796e-002  -2.2130908361e+000
      2336   1.4541038716e+000  -1.8225544012e+000
      2337   1.4058474687e+000  -1.9300047264e+000
      2338   5.7550694168e-001  -2.0621243137e+000
      2339   6.9851313392e-001  -2.0598552825e+000
      2340  -9.5329083860e-001   1.5030425696e+000
      2341  -8.3939803803e-001   1.5405239741e+000
      2342   2.5839760992e+000   8.5879737061e-001
      2343   2.4971493199e+000   9.2956713713e-001
      2344   2.4283201885e+000  -3.8305197093e-001
      2345   2.3972893643e+000  -4.9315295532e-001
      2346  -1.6595302193e+000   7.8301484863e-003
      2347  -1.6412003898e+000   1.2961552501e-001
      2348  -9.8177220115e-001  -1.5073842805e+000
      2349  -8.7064533062e-001  -1.5580095362e+000
      2350   1.5473882447e+000  -1.6570641183e+000
      2351   1.4713490180e+000  -1.7193999299e+000
      2352   1.4817264490e+000   1.6949865249e+000
      2353   1.5774897499e+000   1.6296059517e+000
      2354  -1.7947492862e+000   4.1291052517e-001
      2355   1.2663171234e+000  -2.1347197295e+000
      2356   5.0971318238e-001   2.5161630511e+000
      2357   2.8076063357e+000   6.1461655597e-001
      2358  -1.9388477981e+000  -7.8594440796e-001
      2359   2.6210066275e+000   7.5389395542e-001
      2360  -1.8954498248e+000  -5.3555675493e-001
      2361   2.6493731602e+000  -3.6742610184e-002
      2362   2.4412918813e+000  -2.7067832579e-001
      2363   1.0277212387e+000   2.3484939986e+000
      2364   8.1164635763e-001   2.5003371454e+000
      2365   6.5793595483e-001   2.4979847729e+000
      2366   2.4947901839e+000  -1.1640754759e+000
      2367  -1.7076695604e+000   3.3427129532e-001
      2368  -1.6156324649e+000   2.4975874369e-001
      2369   1.9049322408e+000   1.6330507872e+000
      2370   2.5446937508e+000  -1.0241016693e-001
      2371  -1.9494357983e+000  -1.0315686346e+000
      2372   1.2447106177e-001  -2.1293083593e+000
      2373  -1.4152941594e+000  -1.5049145192e+000
      2374  -1.3121716514e+000  -1.4446364399e+000
      2375   2.3709852976e+000  -1.3510262956e+000
      2376   1.2628694341e+000   1.9207360359e+000
      2377  -1.6702263094e+000  -1.1622414373e-001
      2378  -2.8328396339e-001  -2.2145339385e+000
      2379  -3.2954820594e-001  -2.0866581298e+000
      2380   4.5603840606e-001  -2.0368705631e+000
      2381   1.6376973775e+000  -1.5848208442e+000
      2382   1.3810746709e+000   1.7512504054e+000
      2383   1.9612561661e+000  -1.5603858300e+000
      2384   1.8384311133e+000  -1.5344299997e+000
      2385  -7.3160698617e-001  -1.7196405724e+000
      2386  -1.0611786703e+000   1.4452467426e+000
      2387  -1.0918198217e+000  -1.4482711584e+000
      2388   1.3293308311e+000  -2.0329389237e+000
      2389  -7.5793136905e-001  -1.5996030770e+000
      2390  -5.3363866040e-001  -1.9883132291e+000
      2391  -5.7086548294e-001  -1.8665401795e+000
      2392   2.5234170960e+000  -9.2623203735e-001
      2393   2.1220812211e+000   1.5551818540e+000
      2394  -1.7952601191e+000  -1.2377679496e+000
      2395  -1.4176481502e+000   1.4699918890e+000
      2396  -1.2835272054e+000   1.4260917608e+000
      2397  -1.5309376338e+000   1.3554876745e+000
      2398   2.9183672672e+000   3.6555834058e-001
      2399   2.8599782465e+000   4.9147409780e-001
      2400   2.8234921593e+000   2.6089026942e-001
      2401   2.7267356087e+000   1.6805450030e-001
      2402   9.1019218438e-001  -2.1395936520e+000
      2403   8.2062878323e-001  -2.0405966524e+000
      2404  -1.6456397942e+000   9.5205025620e-001
      2405   1.7819796517e+000   1.5964086748e+000
      2406   1.6675429317e+000   1.5563384628e+000
      2407   1.1293226743e-001   2.4271362154e+000
      2408   2.6615047750e-001   2.4242575461e+000
      2409  -1.5649730930e+000   1.1975644792e+000
      2410   2.1679968110e+000  -1.4674371104e+000
      2411   1.0763479211e+000   2.2118735789e+000
      2412   1.1157983150e+000   2.0821725067e+000
      2413   3.3604467210e-001  -2.0035965028e+000
      2414   2.3177470205e+000   1.4731126149e+000
      2415   2.4079232194e+000   1.4274436957e+000
      2416   2.4485175560e+000   1.3032377690e+000
      2417   2.4273116593e+000   1.1535487310e+000
      2418   2.4015076055e+000   1.0173722406e+000
      2419   1.0465700992e+000  -2.0951648688e+000
      2420  -1.7936608162e+000  -3.0839745509e-001
      2421  -7.0993268806e-002  -2.1790329803e+000
      2422  -1.1669375809e-001   2.2442902291e+000
      2423  -2.3087449446e-001   2.1187307025e+000
      2424  -4.0412246243e-001   1.9532053209e+000
      2425  -3.0013863377e-001   2.0122160798e+000
      2426  -5.1063150978e-001   1.8672636567e+000
      2427  -6.0058424519e-001   1.7697793646e+000
      2428  -6.7217875560e-001   1.6658424453e+000
      2429  -7.2403372672e-001   1.5572905320e+000
      2430   2.4564885582e+000  -7.9852909680e-001
      2431   2.4338549039e+000  -6.8082429381e-001
      2432   2.3461597561e+000  -6.0462929918e-001
      2433   2.4763921304e+000   7.8507740822e-001
      2434   2.3220925585e+000  -4.0974220091e-001
      2435   2.3415829344e+000  -3.1090093178e-001
      2436  -1.6516954115e+000   7.0847358523e-001
      2437  -1.6796416769e+000   5.8252984023e-001
      2438   1.3488260067e+000  -1.8339201576e+000
      2439   1.3716327977e+000  -1.7317149548e+000
      2440   1.4247347928e+000  -1.6148178239e+000
      2441  -8.6375595954e-001   1.4253667501e+000
      2442  -9.6155308069e-001   1.3825759531e+000
      2443   6.3689926486e-001  -1.9755855159e+000
      2444   5.3659065944e-001  -1.9523734678e+000
      2445  -8.8210827305e-001  -1.4378813584e+000
      2446  -7.7682645832e-001  -1.4833173725e+000
      2447  -1.5460078258e+000   5.1531893508e-002
      2448  -1.5589710780e+000  -6.5461046107e-002
      2449   1.4735880896e+000   1.5784553393e+000
      2450   1.3809119807e+000   1.6347539434e+000
      2451  -8.4841486733e-002   6.5624750876e-001
      2452   1.6820674515e+000   3.0299898907e-002
      2453  -1.3035327936e-001  -5.8622747793e-001
      2454   1.1280042870e+000   5.6149257822e-001
      2455  -6.0340247955e-001   3.7412528140e-002
      2456   1.0277813405e+000   6.2568429737e-001
      2457  -3.6403493383e-001  -4.7816497895e-001
      2458   8.8104905263e-001  -6.9250475287e-001
      2459   1.5508366824e+000  -3.8994903450e-001
      2460   1.6102535108e+000  -3.4882887785e-001
      2461  -3.3272937180e-001   4.2357266489e-001
      2462  -5.4116869887e-001   1.3717666320e-001
      2463  -6.7195195432e-001  -6.0165291503e-002
      2464   9.3022524869e-001   6.8934833918e-001
      2465  -4.3159879470e-001  -4.3996474026e-001
      2466   7.1441428225e-002   7.1894059702e-001
      2467   6.0023608346e-003   7.1791825140e-001
      2468   9.7524727707e-001  -6.2324747988e-001
      2469  -4.9820158144e-001  -4.0075257656e-001
      2470  -5.6398944803e-001  -3.6070902005e-001
      2471  -6.2902179230e-001  -3.1926103919e-001
      2472  -6.9330212644e-001  -2.7607556552e-001
      2473   1.0430869325e+000  -6.1727063898e-001
      2474   1.4791312110e+000   2.0593622325e-001
      2475   1.1384902299e+000  -5.4777319888e-001
      2476  -3.1452012884e-002  -6.4927093712e-001
      2477  -1.7437737755e-001   5.9034309160e-001
      2478   1.4073262634e+000   3.1133847660e-001
      2479  -4.0599909831e-001   3.3123165996e-001
      2480   1.2085750695e+000  -5.4247028734e-001
      2481   1.2800338715e+000  -5.3886609361e-001
      2482  -2.0110585141e-001  -5.8296025918e-001
      2483   1.3520436229e+000  -5.3890166412e-001
      2484   1.4237708572e+000  -5.4250025275e-001
      2485   6.7898771765e-002  -7.1239457073e-001
      2486   1.3243869197e+000   4.0775928206e-001
      2487  -2.5713248099e-001   5.1219430959e-001
      2488   1.6536189374e+000  -2.3098428244e-001
      2489   1.7135325095e+000  -1.8540471078e-001
      2490  -4.7542068636e-001   2.3526372928e-001
      2491   1.5458083549e+000   1.7220540800e-001
      2492   1.6139050275e+000   1.3778134142e-001
      2493  -2.7570512217e-001  -5.7540020626e-001
      2494   1.2291282255e+000   4.9063138123e-001
      2495   1.7568045702e+000  -6.9798062966e-002
      2496   1.7489142517e+000  -1.5996372238e-003
      2497   1.5152322666e+000  -4.8970603460e-001
      2498   1.5668499436e+000  -4.6100047467e-001
      2499   7.0044128912e-001   7.6179426018e-001
      2500   6.3388772311e-001   7.6537577536e-001
      2501   5.6712296412e-001   7.6877045946e-001
      2502   5.0011204019e-001   7.7183143072e-001
      2503   4.3290552575e-001   7.7444288171e-001
      2504   7.6715367828e-001   7.5835702959e-001
      2505   3.6562343848e-001   7.7652606941e-001
      2506   2.9827463670e-001   7.7815305690e-001
      2507   2.3097010733e-001   7.7934875964e-001
      2508   1.6384123900e-001   7.8003869895e-001
      2509   8.3431660074e-001   7.5488202005e-001
      2510   1.6857640922e-001  -7.7454668374e-001
      2511   2.3782522341e-001  -7.7626125065e-001
      2512   3.0689142202e-001  -7.7734759222e-001
      2513   3.7588208569e-001  -7.7731477667e-001
      2514   4.4477079300e-001  -7.7607117490e-001
      2515   5.1349779546e-001  -7.7384902909e-001
      2516   5.8197131755e-001  -7.7103026142e-001
      2517   6.5015282536e-001  -7.6797523856e-001
      2518   7.1802572824e-001  -7.6480088551e-001
      2519   7.8572688523e-001  -7.6128766932e-001
      2520  -7.4848282120e-001  -1.5757514108e-001
      2521  -7.5701077750e-001  -2.3105397099e-001
      2522  -1.7843510432e+000  -4.4588028603e-001
      2523   2.4422171569e+000  -1.5867232937e-001
      2524   4.1292994421e-001   2.4048434525e+000
      2525  -1.9276088292e-001  -2.1364531188e+000
      2526   2.3435941198e+000  -2.0816970213e-001
      2527  -1.3834905684e+000   1.3380981580e+000
      2528  -1.4567469213e+000   1.2496236352e+000
      2529   2.2098157560e-002  -2.0941688852e+000
      2530   1.2753690559e+000  -1.9144082757e+000
      2531  -1.8247498742e+000  -1.0844798827e+000
      2532   4.2578247896e-001  -1.9217381497e+000
      2533  -1.6838702641e+000   4.5711722713e-001
      2534  -1.5858658484e+000   3.7165545718e-001
      2535   7.4002533115e-001  -1.9293274459e+000
      2536   1.1830647976e+000  -2.0285086870e+000
      2537   2.6727131023e+000   6.3499335755e-001
      2538   8.7817841096e-001   2.3618843587e+000
      2539   9.3742290166e-001   2.2303587873e+000
      2540  -7.6046307749e-001   1.4475528869e+000
      2541   2.4105930704e+000  -1.2419964053e+000
      2542  -6.0717321397e-001  -1.7463573072e+000
      2543  -6.4214530411e-001  -1.6301275098e+000
      2544  -6.7232314874e-001  -1.5207545270e+000
      2545   7.2680072103e-001   2.3640186480e+000
      2546  -1.5506195904e+000   1.0558803716e+000
      2547   2.2354938527e+000  -1.3515237648e+000
      2548  -1.8529171274e+000  -6.7362803600e-001
      2549   2.6295432392e+000   8.5743075784e-002
      2550   9.4534525798e-001  -2.0177988479e+000
      2551   1.9897987581e+000   1.5357259805e+000
      2552   1.8668219570e+000   1.5079114136e+000
      2553   1.7513606069e+000   1.4763206122e+000
      2554   2.7759801499e+000   3.8903993932e-001
      2555   2.6885178449e+000   2.9304602281e-001
      2556   2.0388342583e+000  -1.4548926758e+000
      2557   1.9163831445e+000  -1.4380857723e+000
      2558   9.8730814518e-001   2.1054193160e+000
      2559  -1.2019970434e+000  -1.3823755215e+000
      2560  -1.5858039731e+000   8.2239343672e-001
      2561  -9.8737637412e-001  -1.3845170353e+000
      2562   2.1996498952e+000   1.4352470358e+000
      2563   1.2762314618e+000   1.7991649493e+000
      2564   1.2837544762e+000   1.6833728303e+000
      2565  -4.1949120355e-001  -2.0012030639e+000
      2566  -4.4207396642e-001  -1.8869505603e+000
      2567  -1.1632102667e+000   1.3750273655e+000
      2568  -1.0531816634e+000   1.3208876370e+000
      2569  -1.5253622380e+000   1.6714336256e-001
      2570   1.7228475533e+000  -1.5042487880e+000
      2571   2.4427464366e+000  -1.0347348301e+000
      2572   2.2846276424e+000  -5.0229744415e-001
      2573   1.5275844989e+000  -1.5434408972e+000
      2574   1.5611727212e+000   1.5137890221e+000
      2575   2.5373188058e+000   6.5480794061e-001
      2576   2.3740204493e+000   8.8537959323e-001
      2577   2.5329581521e+000   1.3493670645e-002
      2578   4.3000851875e-002   2.2926761041e+000
      2579  -1.6744966959e+000  -2.4331113109e-001
      2580  -1.5644150803e+000  -1.8461141866e-001
      2581   2.3152692606e+000   1.3575975081e+000
      2582   2.3180734458e+000   1.2298173854e+000
      2583   2.3016292748e+000   1.0994327080e+000
      2584   2.3893463627e+000  -9.1703275666e-001
      2585   1.1463192017e+000   1.9581173261e+000
      2586   1.8788924778e-001   2.3050529302e+000
      2587  -1.8487902990e+000  -9.2203334274e-001
      2588   2.3423209942e+000  -7.2567610485e-001
      2589   2.3390066406e+000  -8.2422760477e-001
      2590   1.2186242088e-001  -2.0247939887e+000
      2591   2.2129249817e-001  -1.9598455482e+000
      2592  -1.5589153463e+000  -1.3332387180e+000
      2593  -1.4335100448e+000  -1.3879973279e+000
      2594  -1.6632769916e+000  -1.2602159437e+000
      2595  -8.7632293273e-002   2.0830414764e+000
      2596   2.2067421145e-002   2.1578853065e+000
      2597  -1.8085319910e-001   1.9854291236e+000
      2598   1.2480584390e+000  -1.7738784419e+000
      2599   1.2979963819e+000  -1.6439799208e+000
      2600   6.2286784564e-001  -1.8778405850e+000
      2601  -2.7546083059e-001   1.8866467762e+000
      2602  -3.9252588010e-001   1.8271317373e+000
      2603  -4.8009190786e-001   1.7453369916e+000
      2604  -5.5296418748e-001   1.6553659013e+000
      2605  -6.1100554671e-001   1.5594134608e+000
      2606  -8.7856648847e-001   1.3264643577e+000
      2607  -7.9012434415e-001   1.3390925566e+000
      2608  -1.5755818548e+000   6.1916695393e-001
      2609  -1.5235035577e+000   7.1127458055e-001
      2610   1.3773034825e+000   1.5250528186e+000
      2611   1.2870985551e+000   1.5734630251e+000
      2612   2.2557583255e+000  -3.4283239521e-001
      2613   2.2175222659e+000  -4.1826373259e-001
      2614  -1.4529881136e+000  -1.9679724568e-002
      2615  -1.4372919095e+000   9.0542624724e-002
      2616  -7.8827051175e-001  -1.3711114258e+000
      2617  -8.8865633295e-001  -1.3223302617e+000
      2618  -1.5527084076e+000   5.0204508399e-001
      2619   3.2399775227e-001   2.2911333202e+000
      2620  -1.6865664708e+000  -1.1342568227e+000
      2621   2.3617921086e+000  -1.1324753225e+000
      2622   2.2494336049e+000  -2.5672133820e-001
      2623  -1.8123924095e+000  -7.9176553737e-001
      2624  -4.7805960467e-001  -1.7671000360e+000
      2625   3.1465943161e-001  -1.8845140965e+000
      2626   1.0278022193e+000   1.9859802180e+000
      2627   2.5998918254e+000   2.0528978094e-001
      2628   2.5111344742e+000   1.2675015686e-001
      2629   2.7242808858e+000   5.1305822332e-001
      2630  -5.2333182962e-001  -1.6505361184e+000
      2631   2.2941298409e+000  -1.2372576684e+000
      2632   2.3061054736e+000  -1.0145050851e+000
      2633  -9.4833336379e-001   1.2678859259e+000
      2634   2.2621579055e+000  -8.9886507627e-001
      2635   1.2982004390e-001   2.2057202530e+000
      2636  -9.2205202841e-002  -2.0508614723e+000
      2637   5.1213264000e-001  -1.8446807016e+000
      2638  -1.7535537913e+000  -5.8303707204e-001
      2639  -1.2600941441e+000   1.2973398837e+000
      2640  -1.1456979250e+000   1.2513039275e+000
      2641  -5.6262247974e-001  -1.5407010778e+000
      2642   8.6624866415e-001  -1.9277919406e+000
      2643   1.6144299781e+000  -1.4707848520e+000
      2644   2.4359116408e+000  -4.8404427503e-002
      2645   2.3400706443e+000  -1.0214672300e-001
      2646  -6.8819744971e-001  -1.4128808064e+000
      2647   1.6431337805e+000   1.4420690160e+000
      2648  -1.0929201808e+000  -1.3238225544e+000
      2649  -9.8852582202e-001  -1.2670222073e+000
      2650   5.6513458586e-001   2.3585576257e+000
      2651   1.4626908711e+000   1.4692044241e+000
      2652  -1.3498420052e+000   1.2149315270e+000
      2653   1.1683928982e+000   1.8390182823e+000
      2654   1.1832749314e+000   1.7248561153e+000
      2655   1.8005440729e+000  -1.4171945254e+000
      2656  -1.4607223646e+000  -1.3169878421e-001
      2657  -1.4982326103e+000   2.8202055118e-001
      2658  -1.4143252524e+000   1.9920488772e-001
      2659   1.1929874658e+000   1.6157510211e+000
      2660   2.6429623723e+000   4.1468900843e-001
      2661  -1.4453799332e+000   1.1357825532e+000
      2662   7.9772200825e-001   2.2373208431e+000
      2663   8.5794079748e-001   2.1172701385e+000
      2664   2.2797548853e+000   9.7328138747e-001
      2665  -6.5508143132e-001   1.4603369405e+000
      2666  -6.9050733929e-001   1.3595934146e+000
      2667   2.0646089706e+000   1.4363995274e+000
      2668   1.9442986209e+000   1.4148731875e+000
      2669   1.8292960301e+000   1.3904995617e+000
      2670  -1.6695280021e+000  -3.7174954092e-001
      2671  -1.5617618024e+000  -3.0520035039e-001
      2672  -2.1106141735e-001  -2.0000963586e+000
      2673  -3.2364067990e-001  -1.9356389097e+000
      2674  -1.5072956870e+000   9.2529750079e-001
      2675  -1.4568057258e+000   8.0773730126e-001
      2676  -1.5579797815e+000  -1.1904046534e+000
      2677  -1.4359275793e+000  -1.2507561585e+000
      2678  -1.3163109016e+000  -1.3129714116e+000
      2679   2.1081965664e+000  -1.3453329616e+000
      2680   1.9866656914e+000  -1.3365731172e+000
      2681   1.0614718645e+000  -1.9674006340e+000
      2682   2.5924219414e+000   5.3456119356e-001
      2683   1.1570601146e+000  -1.8823790499e+000
      2684   9.5202164420e-003  -1.9760645691e+000
      2685   1.1005279634e-001  -1.9083667602e+000
      2686  -1.4696979483e+000   6.0273227449e-001
      2687   2.1586290361e+000  -3.2203337426e-001
      2688  -8.3298383671e-001   1.2275287466e+000
      2689   7.0559697905e-001  -1.8042924669e+000
      2690   8.1656583151e-001  -1.8251707491e+000
      2691   2.1995435030e+000   1.1727648423e+000
      2692   2.2091981185e+000   1.2966498549e+000
      2693   2.2405525493e+000  -5.7946414416e-001
      2694   2.2408881640e+000  -6.7158000666e-001
      2695   2.1776744715e+000  -5.0836762488e-001
      2696   2.2408636268e+000  -7.8123217737e-001
      2697   2.4071328167e+000   6.6163526178e-001
      2698   2.3355133790e+000   7.6356626700e-001
      2699   1.3335443330e+000  -1.5290569003e+000
      2700   1.4316132492e+000  -1.4923318505e+000
      2701  -5.4982564292e-002   1.9489086296e+000
      2702   4.2188721858e-002   2.0269266932e+000
      2703  -1.4210428854e-001   1.8626786828e+000
      2704  -3.0421584028e-001   1.7792817268e+000
      2705  -2.0948139348e-001   1.7731093676e+000
      2706  -3.7326716566e-001   1.7125524733e+000
      2707  -4.4252081666e-001   1.6340651537e+000
      2708  -5.0455365369e-001   1.5523965289e+000
      2709   1.1808701981e+000  -1.6590479668e+000
      2710   1.1181062641e+000  -1.7609299084e+000
      2711   1.2878742721e+000   1.4694336883e+000
      2712   1.3716336279e+000   1.4221067057e+000
      2713  -1.3513349741e+000   2.0859691347e-002
      2714  -1.3620982538e+000  -8.4198576856e-002
      2715  -7.9591722581e-001  -1.2621072966e+000
      2716  -6.9833905930e-001  -1.3082100935e+000
      2717   1.6238129248e+000  -4.2264658528e-001
      2718   1.6831708455e+000   1.0317352946e-001
      2719   1.7525645432e+000   6.7964304982e-002
      2720  -5.9729929423e-002   7.1628017525e-001
      2721  -6.0380190919e-001   1.0766122631e-001
      2722   1.4949883551e+000  -5.4477543803e-001
      2723   1.6717107848e+000  -3.0674460032e-001
      2724   1.7315207615e+000  -2.6138993238e-001
      2725  -6.6655814918e-001   8.4635174960e-003
      2726  -3.9934197057e-001   4.0094688118e-001
      2727   1.1117103574e+000  -6.1165398990e-001
      2728   1.7753972782e+000  -1.3924205722e-001
      2729   1.1810262938e+000  -6.0679465581e-001
      2730  -1.5210511707e-001   6.5328945492e-001
      2731  -4.7264420883e-001   3.0605400500e-001
      2732   9.4839553254e-001  -6.8685266295e-001
      2733  -5.4111749539e-001   2.0767940489e-001
      2734   9.0164148790e-001   7.5099731681e-001
      2735  -7.4028919851e-001  -8.6324940065e-002
      2736   1.0973624633e+000   6.2414402097e-001
      2737   1.2002563338e+000   5.5662279633e-001
      2738   1.0162924039e+000  -6.8092018595e-001
      2739  -3.2207235784e-001   4.9263451324e-001
      2740  -1.0067399511e-001  -6.4708312674e-001
      2741  -1.7086247855e-001  -6.4411070891e-001
      2742  -2.4276572825e-001  -6.3979586244e-001
      2743   1.4748249207e+000   2.8148275107e-001
      2744   1.5435895456e+000   2.4848320588e-001
      2745   1.6141166779e+000   2.1422444210e-001
      2746   1.2510873793e+000  -6.0335774434e-001
      2747   1.3225588660e+000  -6.0395188061e-001
      2748   1.3951289205e+000  -6.0824501523e-001
      2749   9.7069907082e-002   7.7999389178e-001
      2750   3.0696256148e-002   7.7918797941e-001
      2751   9.9709689983e-001   6.8512857912e-001
      2752   1.3032656028e+000   4.7956143847e-001
      2753   9.8879024844e-002  -7.7288232090e-001
      2754  -1.3544324140e-003  -7.1072212363e-001
      2755   8.5345543834e-001  -7.5698144358e-001
      2756   1.3961688782e+000   3.8665590140e-001
      2757  -2.4114273635e-001   5.7949792488e-001
      2758  -3.6030129206e-001  -5.6455309281e-001
      2759  -4.3383564651e-001  -5.1764916576e-001
      2760  -5.0258096657e-001  -4.7628982460e-001
      2761  -5.6980716074e-001  -4.3615258406e-001
      2762  -6.3606575941e-001  -3.9485725359e-001
      2763  -7.0149455942e-001  -3.5162494795e-001
      2764  -7.6626484227e-001  -3.0640729176e-001
      2765   1.5658530622e+000  -5.3246831965e-001
      2766   1.8082840764e+000  -3.0636022678e-002
      2767   1.8332940774e+000  -8.8686062364e-002
      2768   6.6912380014e-001   8.2472216934e-001
      2769   7.3652404832e-001   8.2075563853e-001
      2770   8.0443788405e-001   8.1699847466e-001
      2771   6.0165093976e-001   8.2875360089e-001
      2772   5.3378948970e-001   8.3234839049e-001
      2773   4.6558184007e-001   8.3542148239e-001
      2774   3.9718336406e-001   8.3781795524e-001
      2775   3.2862820182e-001   8.3956935597e-001
      2776   2.5996224316e-001   8.4086449200e-001
      2777   1.9131025691e-001   8.4188359173e-001
      2778   5.4850924071e-001  -8.3407017371e-001
      2779   6.1791372110e-001  -8.3128171108e-001
      2780   6.8719212700e-001  -8.2851793335e-001
      2781   7.5628214271e-001  -8.2594126989e-001
      2782   4.7860164673e-001  -8.3669448916e-001
      2783   4.0863378130e-001  -8.3844250641e-001
      2784   3.3872318614e-001  -8.3890341490e-001
      2785   2.6903467104e-001  -8.3787444806e-001
      2786   1.9955793373e-001  -8.3566467404e-001
      2787  -8.2055083963e-001  -1.8413118095e-001
      2788  -8.3047760304e-001  -2.5934291735e-001
      2789  -1.2363073448e+000   1.1757753421e+000
      2790   2.1181244443e+000   1.3463733622e+000
      2791   2.0153000135e+000   1.3199236802e+000
      2792   1.4963529684e-001   2.0954421510e+000
      2793   9.0810613895e-001   2.0031353196e+000
      2794  -1.7175497633e+000  -7.1646290693e-001
      2795   2.0597687144e-001  -1.8410021673e+000
      2796  -1.4191101748e+000   1.0150172269e+000
      2797  -1.3810515817e+000   8.9855969902e-001
      2798  -1.0364936419e+000   1.2041316083e+000
      2799   2.1707340207e+000  -1.2322805984e+000
      2800   1.5163109184e+000  -1.4336787429e+000
      2801   2.2480993247e+000  -1.5449408486e-001
      2802   2.0501575430e+000  -1.2298148913e+000
      2803  -1.6516588753e+000  -5.0062311591e-001
      2804  -5.5098233416e-001   1.4623268693e+000
      2805  -5.8955918320e-001   1.3730950978e+000
      2806   9.6905956449e-001  -1.9191603208e+000
      2807   9.2933741199e-001  -1.8317303133e+000
      2808   1.9031099395e+000   1.2986545955e+000
      2809   2.4245360948e+000   5.7784188556e-002
      2810   2.3321707672e+000   2.8583416884e-003
      2811  -1.5500004402e+000  -4.2600503225e-001
      2812   4.4470054402e-001   2.2832291813e+000
      2813  -1.4050427453e+000   6.9874343645e-001
      2814   2.4797106530e-001   2.1806959538e+000
      2815   2.2513425379e+000   8.5368743549e-001
      2816   2.1185858383e+000  -4.2490105968e-001
      2817   2.0992199645e+000   1.2395101734e+000
      2818   1.0416630701e+000  -1.8495492120e+000
      2819   2.5618961285e+000   3.2198018724e-001
      2820  -7.2168834665e-001   1.2565099366e+000
      2821  -1.0304536177e-001  -1.9257692326e+000
      2822  -2.1580968566e-001  -1.8653938836e+000
      2823  -6.0027263057e-001  -1.4511205026e+000
      2824  -5.9059936139e-001  -1.3511099051e+000
      2825   4.0344912717e-001  -1.8104832522e+000
      2826   6.5835964142e-001   2.2330828331e+000
      2827  -8.9119928653e-001  -1.2107171592e+000
      2828   1.8708850436e+000  -1.3245420663e+000
      2829   1.6914035159e+000  -1.3922897806e+000
      2830   1.0588628547e+000   1.8708540852e+000
      2831   1.0809486868e+000   1.7595849473e+000
      2832   1.0961952651e+000   1.6523324271e+000
      2833  -1.3327169685e+000   1.2394293525e-001
      2834   2.4803303484e+000   2.3686184126e-001
      2835   2.4653641704e+000   5.4968020903e-001
      2836   1.5425237879e+000   1.4056435313e+000
      2837   1.4497164956e+000   1.3674439761e+000
      2838  -1.7043392384e+000  -9.9295660876e-001
      2839  -1.7053917545e+000  -8.5299153724e-001
      2840  -1.2005889037e+000  -1.2553429561e+000
      2841  -1.0875706547e+000  -1.2058940362e+000
      2842   7.2942203310e-001   2.1171948341e+000
      2843   1.1996178212e+000   1.5116058296e+000
      2844  -1.4603979653e+000  -2.4535287041e-001
      2845  -1.3645531819e+000  -1.9123854475e-001
      2846  -3.3591362483e-001  -1.7886291241e+000
      2847   1.7195112085e+000   1.3642519588e+000
      2848   2.1602109802e+000  -2.1018773722e-001
      2849   1.2260920446e+000  -1.5509330808e+000
      2850  -9.2940144559e-001   1.1587308861e+000
      2851  -1.5730054090e+000  -1.0545478472e+000
      2852  -1.4471476792e+000  -1.1152164916e+000
      2853  -1.3139096984e+000  -1.1709884161e+000
      2854  -4.0227330162e-001  -1.6653433248e+000
      2855  -4.5188303955e-001  -1.5518095335e+000
      2856  -1.4645054401e+000   3.9607843277e-001
      2857  -1.4151369085e+000   5.0039777770e-001
      2858  -1.3842339482e+000   3.0559899073e-001
      2859  -2.7147580545e-001   1.6856829631e+000
      2860  -3.3845847792e-001   1.6079530189e+000
      2861  -4.0247538075e-001   1.5298999004e+000
      2862   2.1846855239e+000   1.0518410330e+000
      2863   1.5623097529e-003  -1.8590759444e+000
      2864   5.9561096006e-001  -1.7712527936e+000
      2865   2.2324111188e+000  -1.1176546470e+000
      2866   2.1660580553e+000  -9.8957527343e-001
      2867   2.1497802706e+000  -6.0697269059e-001
      2868   2.1318878577e+000  -7.2219568187e-001
      2869   2.2828701640e+000   6.5239017506e-001
      2870   2.3438323860e+000   5.5431020302e-001
      2871   7.7930893547e-001  -1.7193294884e+000
      2872   6.7318046728e-001  -1.6966739750e+000
      2873   1.3551911695e+000  -1.4178299241e+000
      2874   1.2599907169e+000  -1.4455486909e+000
      2875  -7.1042117967e-001  -1.2034020385e+000
      2876  -8.0044604574e-001  -1.1557403238e+000
      2877  -1.2673339853e+000  -4.2130599849e-002
      2878  -1.2530242098e+000   5.5747398086e-002
      2879   6.3771777164e-002   1.9025954924e+000
      2880  -2.4736137356e-002   1.8273071858e+000
      2881  -1.0176322910e-001   1.7474967162e+000
      2882   1.0653132547e+000  -1.6559879698e+000
      2883   1.1189090723e+000  -1.5610117199e+000
      2884   1.2877032570e+000   1.3702082257e+000
      2885   1.2049106409e+000   1.4118588311e+000
      2886  -4.6115660885e-001   1.4646587348e+000
      2887  -1.7067674674e-001   1.6656216452e+000
      2888   5.2741232027e-001   2.2075849815e+000
      2889  -1.1253638380e+000   1.1349860212e+000
      2890   1.7909045235e+000   1.2814988401e+000
      2891   6.0555204404e-001   2.1053634837e+000
      2892   2.0859786014e+000   1.1234605627e+000
      2893   1.5891114423e+000  -1.3633236631e+000
      2894   2.2417870627e+000  -4.8148255209e-002
      2895  -4.9686346428e-001  -1.4371603768e+000
      2896   8.8762457799e-001  -1.7339802017e+000
      2897  -4.7988567648e-001   1.3701112448e+000
      2898   7.8840825632e-001   2.0084040750e+000
      2899  -1.3375757981e+000   7.8904221005e-001
      2900   1.1609377689e+000  -1.4639061130e+000
      2901   1.1077376678e+000   1.5491975555e+000
      2902   1.4354522797e+000  -1.3952422434e+000
      2903   1.6395133006e-001   1.9733253091e+000
      2904  -1.4518750627e+000  -3.5957184445e-001
      2905   2.1090506861e+000  -1.1165499435e+000
      2906   1.9340725736e+000  -1.2267427744e+000
      2907  -1.6222144485e+000  -6.3129268177e-001
      2908  -9.8517824403e-001  -1.1540981829e+000
      2909  -8.9032157429e-001  -1.1026380773e+000
      2910  -1.3268700282e+000   1.0967870079e+000
      2911  -1.2986975322e+000   9.8241407876e-001
      2912   9.9996318819e-001  -1.7458466354e+000
      2913   1.1178066165e+000   1.4500357639e+000
      2914  -1.5830467535e+000  -9.1729528828e-001
      2915   1.0016805250e-001  -1.7940738559e+000
      2916   1.6167050458e+000   1.3350575144e+000
      2917   1.5211179072e+000   1.3040082716e+000
      2918  -1.3585963669e+000  -2.9947727958e-001
      2919  -1.0399491788e-001  -1.8064457395e+000
      2920   2.5168654764e+000   4.3663758065e-001
      2921   2.3971227898e+000   4.5121896368e-001
      2922   2.4426870883e+000   3.4498049822e-001
      2923   4.8842970593e-001  -1.7388167341e+000
      2924   1.3649738236e+000   1.3267152704e+000
      2925  -1.1829935337e+000  -1.1395825892e+000
      2926   1.7614698057e+000  -1.3083390602e+000
      2927  -1.2734314842e+000  -1.4226221319e-001
      2928   9.4870246628e-001   1.8939407680e+000
      2929   9.7854381174e-001   1.7877609885e+000
      2930   2.9688600541e-001  -1.7718858658e+000
      2931   9.9833198407e-001   1.6838262049e+000
      2932  -6.2401883729e-001   1.2803954186e+000
      2933  -1.0186785575e+000   1.0935093843e+000
      2934  -6.2150696522e-001  -1.2451227956e+000
      2935   2.2134935795e+000   7.4261709854e-001
      2936   2.3978082357e+000   1.6122995132e-001
      2937   2.3301371445e+000   9.5192431013e-002
      2938   3.8840997128e-001   2.1594352067e+000
      2939   2.1654839494e+000   9.3498896303e-001
      2940   2.1568578695e+000  -1.0658171792e-001
      2941   1.9791847491e+000   1.1955148031e+000
      2942  -2.3727904901e-001   1.5849094373e+000
      2943  -3.0342864266e-001   1.5049071526e+000
      2944   5.6875256872e-001  -1.6682816304e+000
      2945  -1.3068757066e+000   2.2476404962e-001
      2946  -1.2313458213e+000   1.5157155120e-001
      2947   2.1525829748e+000  -8.5075658578e-001
      2948  -1.5294362752e+000  -5.4616022994e-001
      2949  -1.3450293734e+000   4.0689284482e-001
      2950  -1.4636311786e+000  -9.8300919194e-001
      2951  -1.3504494104e+000  -1.0377803880e+000
      2952   2.0711213665e+000  -5.2241965630e-001
      2953   2.0538261613e+000  -6.3003624674e-001
      2954  -1.3529253118e+000   5.9642118919e-001
      2955   7.4438119051e-001  -1.6193924493e+000
      2956   8.4744548366e-001  -1.6360691498e+000
      2957   2.0519827728e+000  -3.5021238839e-001
      2958   2.0731127042e+000  -2.5660777594e-001
      2959  -8.3130784654e-001   1.1080423613e+000
      2960  -7.3939003234e-001   1.1531169376e+000
      2961  -2.8480629314e-001  -1.6597925490e+000
      2962  -2.0480283040e-001  -1.7431497439e+000
      2963  -3.4250183163e-001  -1.5626437843e+000
      2964   8.4179271208e-002   1.7848646006e+000
      2965   1.7278634641e-001   1.8516469488e+000
      2966   3.5754865217e-003   1.7137751241e+000
      2967   1.2876304256e+000  -1.3418109508e+000
      2968   1.3877549381e+000  -1.3069973896e+000
      2969   1.0129232211e+000  -1.5608874109e+000
      2970   9.5388961733e-001  -1.6477190680e+000
      2971   1.2105284113e+000   1.3150648474e+000
      2972   1.1274327786e+000   1.3542503911e+000
      2973   2.2284232726e+000   5.5016659475e-001
      2974   2.1682465400e+000   6.3953707478e-001
      2975  -1.1755337574e+000  -5.9416718011e-003
      2976  -1.1859005655e+000  -9.8732782192e-002
      2977  -7.1476850688e-001  -1.1025566902e+000
      2978  -6.2981855003e-001  -1.1462804918e+000
      2979   1.4694246217e+000  -6.1041728902e-001
      2980  -3.5079525089e-002   7.7751443002e-001
      2981   1.6848319735e+000   1.7849809894e-001
      2982   1.7564753949e+000   1.4099547220e-001
      2983  -1.2724469065e-001   7.1535717146e-001
      2984  -6.0796013795e-001   1.7976256676e-001
      2985   1.8183189580e+000   2.9177153886e-002
      2986   1.6398233031e+000  -5.0392404656e-001
      2987  -7.3205601794e-001  -1.7689759766e-002
      2988   1.1680487959e+000   6.2189624753e-001
      2989   1.7899056594e+000  -2.1231845038e-001
      2990   1.8596084994e+000  -1.6504019814e-001
      2991  -3.8943476669e-001   4.7084256431e-001
      2992   1.2298469329e-001   8.4233595734e-001
      2993   5.5356467174e-002   8.4158300366e-001
      2994   1.0848751918e+000  -6.7542066830e-001
      2995   1.0653289612e+000   6.8359811571e-001
      2996   1.6884896476e+000  -3.8331723721e-001
      2997   1.7533819430e+000  -3.4210245940e-001
      2998   8.2524650803e-001  -8.2288403037e-001
      2999  -6.6497734214e-001   7.7173080761e-002
      3000  -4.6802094857e-001   3.7753148041e-001
      3001   1.3002337457e-001  -8.3343239812e-001
      3002  -8.1133284269e-001  -1.1088035295e-001
      3003  -2.2047304736e-001   6.4628510229e-001
      3004   9.2126913446e-001  -7.5156339109e-001
      3005   9.8931931759e-001  -7.4539987953e-001
      3006   9.6838116328e-001   7.4599625025e-001
      3007  -7.0800755039e-002  -7.0900904832e-001
      3008  -1.4061413073e-001  -7.0655146726e-001
      3009   1.4672051838e+000   3.5927191634e-001
      3010   1.5380528139e+000   3.2635255889e-001
      3011   1.6109531024e+000   2.9142503127e-001
      3012  -2.1045513485e-001  -7.0279710448e-001
      3013   2.9134739622e-002  -7.7185680048e-001
      3014   8.7327561198e-001   8.1375938528e-001
      3015  -5.3971789681e-001   2.7922752404e-001
      3016  -3.0869537470e-001   5.6336681905e-001
      3017   1.5465975885e+000  -6.0465049341e-001
      3018   1.1540743544e+000  -6.7092516863e-001
      3019   1.2232836517e+000  -6.6731993573e-001
      3020   1.2921478793e+000  -6.6510302146e-001
      3021   1.3638526220e+000  -6.7282665625e-001
      3022   1.3791557903e+000   4.6278017107e-001
      3023  -3.1744992585e-001  -6.3747148092e-001
      3024   1.2765163289e+000   5.5142451282e-001
      3025  -4.4390278020e-001  -5.9366033014e-001
      3026  -3.9118971175e-001  -6.4724126736e-001
      3027  -5.0903602822e-001  -5.5125751632e-001
      3028  -5.7636646223e-001  -5.1230054545e-001
      3029  -6.4358926238e-001  -4.7199012927e-001
      3030  -7.1019607231e-001  -4.2898240513e-001
      3031  -7.7635220725e-001  -3.8352832417e-001
      3032  -8.4192354483e-001  -3.3613652290e-001
      3033   1.8810601189e+000  -2.3034636917e-002
      3034   7.7373030989e-001   8.8019991444e-001
      3035   8.4302911273e-001   8.7636891876e-001
      3036   7.0566218062e-001   8.8501633709e-001
      3037   6.3760405184e-001   8.8983709484e-001
      3038   5.6904595775e-001   8.9416689485e-001
      3039   4.9985104386e-001   8.9783591840e-001
      3040   4.3023854658e-001   9.0074693851e-001
      3041   3.6043554471e-001   9.0264723472e-001
      3042   2.9041089766e-001   9.0369235029e-001
      3043   2.2015161937e-001   9.0461467468e-001
      3044   7.2508839194e-001  -8.9073120295e-001
      3045   7.9580238258e-001  -8.8963181507e-001
      3046   6.5445929516e-001  -8.9283609109e-001
      3047   5.8381590715e-001  -8.9546793027e-001
      3048   5.1292190113e-001  -8.9820649073e-001
      3049   4.4174152287e-001  -9.0055878147e-001
      3050   3.7056358398e-001  -9.0181182967e-001
      3051   2.9979599386e-001  -9.0125549669e-001
      3052   2.2976932889e-001  -8.9864297290e-001
      3053  -8.9424661168e-001  -2.1066219620e-001
      3054  -9.0627766872e-001  -2.8714503468e-001
      3055  -1.2544611474e+000  -1.0702692953e+000
      3056   2.2318607828e+000   6.7174743223e-002
      3057  -1.2645609916e+000   8.7340247174e-001
      3058   6.6873966954e-001   2.0003811504e+000
      3059  -6.4391466223e-001   1.1849174125e+000
      3060  -1.2959519712e+000   5.0178364296e-001
      3061  -1.2909025334e+000   6.8650068451e-001
      3062   1.6584035419e+000  -1.2879082557e+000
      3063  -3.7309745584e-001   1.4190724486e+000
      3064  -1.2127733491e+000   1.0610288610e+000
      3065   1.8243699957e+000  -1.2192232987e+000
      3066  -1.4360397440e+000  -4.7317690317e-001
      3067  -1.3448496380e+000  -4.0806409310e-001
      3068  -5.3787539321e-001   1.2980703484e+000
      3069   8.3812085337e-001   1.9051019495e+000
      3070   2.2827136390e+000   4.5612921299e-001
      3071  -1.2736786507e+000   3.2203442027e-001
      3072   1.4336529816e+000   1.2726605151e+000
      3073   1.0131938499e+000   1.5826507481e+000
      3074   2.1382029736e+000   8.2487671423e-001
      3075   2.1025608767e+000   7.2230209573e-001
      3076  -6.9586810119e-002   1.6392821262e+000
      3077   4.9605252916e-001   2.0961079395e+000
      3078   1.4920166599e+000  -1.3314168305e+000
      3079   1.6860618464e+000   1.2591087278e+000
      3080   1.5875932978e+000   1.2341494389e+000
      3081   8.7774255946e-001   1.8081582234e+000
      3082   9.0221196261e-001   1.7111170499e+000
      3083   1.2897288961e+000   1.2736411201e+000
      3084  -1.5823574790e+000  -7.7141768946e-001
      3085  -1.4705511484e+000  -8.5862324416e-001
      3086  -8.0104619417e-001  -1.0531644963e+000
      3087   3.8376978857e-001  -1.7037593934e+000
      3088   4.6650869293e-001  -1.6368644833e+000
      3089   2.0309469622e+000  -4.3302020306e-001
      3090   2.0767064783e+000  -1.5960554244e-001
      3091   2.1460982276e+000  -5.1816615757e-003
      3092   2.3673208893e+000   2.6056947036e-001
      3093   2.2776630694e+000   1.8312870663e-001
      3094   1.9904195377e+000  -1.1243951171e+000
      3095   2.0386017194e+000  -1.0178539985e+000
      3096   2.0627327004e+000  -9.0952467986e-001
      3097  -1.3769412880e-001   1.5632039438e+000
      3098  -3.8160579491e-001  -1.4599994411e+000
      3099   9.0941272298e-001  -1.5542437444e+000
      3100   1.1935866827e+000  -1.3673942225e+000
      3101  -1.5015479395e+000  -6.6321523149e-001
      3102  -1.1041473554e+000   1.0251468689e+000
      3103   1.8569967466e+000   1.1958326224e+000
      3104   6.4335304528e-001  -1.5970829634e+000
      3105  -9.1848557009e-001   1.0498157372e+000
      3106   1.9292098625e-001  -1.7289790324e+000
      3107   2.0770015656e+000   1.0079292027e+000
      3108   2.8354899424e-001   2.0455278089e+000
      3109   2.6691631764e-001   1.9129506531e+000
      3110   1.0617780284e+000  -1.4726387986e+000
      3111  -1.0768069022e+000  -1.0930886135e+000
      3112  -9.7903897664e-001  -1.0446996593e+000
      3113  -1.1577444538e+000   8.4951699976e-002
      3114   2.0517816257e+000  -7.9984896364e-001
      3115   2.0252948440e+000  -7.1158599701e-001
      3116  -1.2702854580e+000  -2.4436048115e-001
      3117  -1.1875005030e+000  -1.9356681979e-001
      3118  -1.2028603046e+000   2.4475003937e-001
      3119   1.0272691628e+000   1.4843739128e+000
      3120   1.0410358704e+000   1.3893538770e+000
      3121  -2.0244790677e-001   1.4867471485e+000
      3122  -1.3580879828e+000  -9.1493595333e-001
      3123   8.0920376978e-001  -1.5421990381e+000
      3124  -1.3117456574e-003  -1.7462815304e+000
      3125   1.9893381393e+000  -5.6691623434e-001
      3126   1.9688317233e+000  -4.8365384894e-001
      3127  -5.3112629844e-001  -1.2625788974e+000
      3128  -4.9315713337e-001  -1.3381658033e+000
      3129  -5.5997124156e-001  -1.1852461674e+000
      3130  -7.4295643714e-001   1.0494269638e+000
      3131  -8.2638683261e-001   1.0016893920e+000
      3132  -2.3664365920e-001  -1.5523558648e+000
      3133  -1.7610231078e-001  -1.6329307030e+000
      3134   1.9819849286e+000  -2.8904274290e-001
      3135   1.9480929577e+000  -3.8335926503e-001
      3136   1.0458638840e-001   1.6746807234e+000
      3137   1.8684191233e-001   1.7383513915e+000
      3138   2.1200287920e+000   5.4291566542e-001
      3139   2.1740611762e+000   4.5401957141e-001
      3140  -6.3052015130e-001  -1.0521084281e+000
      3141  -7.1606275257e-001  -1.0061420680e+000
      3142   1.1370214788e+000   1.2612092618e+000
      3143   1.2189628120e+000   1.2194176268e+000
      3144   1.3030466308e+000  -1.2416120385e+000
      3145   1.2167037878e+000  -1.2728676393e+000
      3146  -1.1005862716e+000  -6.1812843671e-002
      3147  -1.0863722105e+000   2.4065523149e-002
      3148  -1.4629167150e+000  -7.5780080257e-001
      3149  -1.3649733022e+000  -8.0160236428e-001
      3150  -4.0523582059e-001  -1.3613072040e+000
      3151  -1.2587063225e+000  -3.4754444563e-001
      3152  -1.1636154222e+000  -1.0287726049e+000
      3153   1.7214543848e+000  -1.2071914220e+000
      3154  -5.5058809067e-001   1.2130753494e+000
      3155   7.1175677537e-001  -1.5250685574e+000
      3156  -9.6046961560e-002  -1.6971332799e+000
      3157  -1.2557658835e+000  -9.6680199363e-001
      3158   4.1822277114e-001   2.0269077249e+000
      3159   3.5479677698e-001   1.9517447780e+000
      3160  -1.0665090747e+000  -9.8384735840e-001
      3161   2.7438798495e-001   1.7978934038e+000
      3162   1.1009104892e+000  -1.3835281215e+000
      3163   1.1301861395e+000  -1.2945154461e+000
      3164   9.1679371791e-001   1.6135521019e+000
      3165   9.3379211225e-001   1.5159727495e+000
      3166  -1.1771992402e+000  -2.9068942397e-001
      3167   5.4352859158e-001   1.9844233048e+000
      3168   9.5166745803e-001   1.4208245092e+000
      3169  -1.1332245902e+000   1.7402211867e-001
      3170   1.9999914332e+000  -2.0304341477e-001
      3171  -1.1863688282e+000   9.5207614878e-001
      3172   2.3316356634e+000   3.6118753798e-001
      3173   2.2240874186e+000   3.6250034338e-001
      3174   2.2731176927e+000   2.8343361806e-001
      3175   9.6366279646e-001  -1.4727467115e+000
      3176  -6.5650123745e-001   1.0882333010e+000
      3177  -1.2258887423e+000   7.7064811819e-001
      3178   1.9464820040e+000  -6.4758504185e-001
      3179   2.8868095953e-002   1.6075115883e+000
      3180   1.5607798868e+000  -1.2632364592e+000
      3181   1.3588451222e+000   1.2443223623e+000
      3182   1.3068726040e+000   1.1723397371e+000
      3183  -4.0926051466e-002   1.5375860985e+000
      3184   7.2973074491e-001   1.9038720037e+000
      3185   7.7606007775e-001   1.8099040495e+000
      3186   8.1605018582e-001   1.7346870834e+000
      3187  -1.2405216350e+000   5.9099102865e-001
      3188   1.4946931735e+000   1.2081210128e+000
      3189  -2.8897873543e-001  -1.4777148264e+000
      3190   9.2289598788e-002  -1.6833160532e+000
      3191  -2.6360723162e-001   1.4092872175e+000
      3192  -8.8671360907e-001  -9.9787078400e-001
      3193  -7.9889383561e-001  -9.5453500557e-001
      3194   1.0543570540e+000   1.2975085878e+000
      3195  -1.1078372453e+000  -1.4870302771e-001
      3196  -1.2329737470e+000   4.1468838811e-001
      3197  -1.1680146562e+000   3.3450774454e-001
      3198   2.8145843873e-001  -1.6646709015e+000
      3199   3.6648915222e-001  -1.6018130143e+000
      3200   1.9843588494e+000   1.0707480639e+000
      3201   1.9032622785e+000   1.1145884656e+000
      3202  -1.0018428777e+000   9.8782850856e-001
      3203  -9.0675160156e-001   9.4706440386e-001
      3204   1.7511150288e+000   1.1793878120e+000
      3205   1.6512300122e+000   1.1600562483e+000
      3206   8.6760093467e-001  -1.4655676934e+000
      3207  -1.0575070840e-001   1.4660596993e+000
      3208   2.0603012823e+000   8.9960614203e-001
      3209   2.0335413167e+000   7.9821114370e-001
      3210   2.0672411427e+000  -6.4816478685e-002
      3211   1.4665281889e+000  -1.2350632920e+000
      3212   1.3814600337e+000  -1.1957492129e+000
      3213  -1.4143710875e+000  -5.8488428529e-001
      3214  -1.3264285984e+000  -5.1574684639e-001
      3215  -1.0654637953e+000   1.0888833144e-001
      3216   2.0612980053e+000   6.2640830182e-001
      3217  -5.3835574960e-001  -1.0982169248e+000
      3218   5.4424877609e-001  -1.5702577324e+000
      3219   1.8797264922e+000  -1.1259729346e+000
      3220   1.9268223862e+000  -1.0302603899e+000
      3221   1.9621084185e+000  -9.3538577477e-001
      3222   1.9835271112e+000  -8.5010823757e-001
      3223   1.9439253015e+000  -7.6023345493e-001
      3224   1.9049634503e+000  -5.4959582843e-001
      3225  -4.3769111810e-001  -1.2669194274e+000
      3226  -4.7988506427e-001  -1.1816868275e+000
      3227   2.1213034729e+000   9.0346574727e-002
      3228   2.1810405954e+000   1.5749357000e-001
      3229  -3.9659647619e-001   1.3246189143e+000
      3230  -3.1145021819e-001   1.3289896220e+000
      3231  -4.5544906278e-001   1.2521439439e+000
      3232   1.2302987717e+000  -1.1814520696e+000
      3233   1.3052192388e+000  -1.1442767896e+000
      3234  -7.4180558087e-001   9.5063060541e-001
      3235  -6.6211761496e-001   9.9261475471e-001
      3236   1.8946608185e+000  -3.0280566692e-001
      3237   1.9220523233e+000  -2.2753735062e-001
      3238  -1.3513751719e-001  -1.5355135863e+000
      3239  -1.9393627490e-001  -1.4462117083e+000
      3240   2.0160764313e-001   1.6322132858e+000
      3241   1.2394067976e-001   1.5715591164e+000
      3242   1.1443731653e+000   1.1715677685e+000
      3243   1.0662793036e+000   1.2091218620e+000
      3244   2.0705010874e+000   4.5166223075e-001
      3245   2.0172780592e+000   5.3592808548e-001
      3246  -6.3613739001e-001  -9.5947288817e-001
      3247  -5.5328782668e-001  -9.9907395561e-001
      3248  -1.0172532074e+000  -3.2070090563e-002
      3249  -1.0001505058e+000   4.8380876830e-002
      3250   1.6916168255e+000  -4.5087647215e-001
      3251  -1.0022121312e-001   7.7482012940e-001
      3252  -1.1998113896e-002   8.4040210330e-001
      3253  -6.0686408844e-001   2.5045313605e-001
      3254  -8.0130044832e-001  -4.0044490580e-002
      3255   1.8292573406e+000   1.0186125815e-001
      3256   1.9135174295e+000  -9.6320351142e-002
      3257   1.8104462817e+000  -2.8964535934e-001
      3258   1.6867448837e+000   2.5708016029e-001
      3259   1.7579085649e+000   2.1737591299e-001
      3260   1.1357353051e+000   6.8751654118e-001
      3261   1.8553541083e+000  -2.3916669375e-001
      3262   1.4387868973e+000  -6.8107011280e-001
      3263   1.4982273985e-001   9.0570173966e-001
      3264   7.9978974146e-002   9.0591780949e-001
      3265   1.2414405281e+000   6.1747126102e-001
      3266   1.7726714966e+000  -4.3349135026e-001
      3267  -6.6834607326e-001   1.4711984797e-001
      3268  -5.3709701038e-001   3.5198604429e-001
      3269   1.5198296317e+000  -6.7773416503e-001
      3270   1.6064360418e-001  -8.9477357267e-001
      3271   9.4217375974e-001   8.0936833581e-001
      3272   9.1486737393e-001   8.7484528076e-001
      3273   1.0578211985e+000  -7.3933318729e-001
      3274   1.1271697794e+000  -7.3461017498e-001
      3275  -8.8478258480e-001  -1.3543071795e-001
      3276  -7.2507218349e-001   4.8213097304e-002
      3277  -2.7979426910e-001  -6.9954981467e-001
      3278  -3.7606036515e-001   5.4113734005e-001
      3279   8.9390490220e-001  -8.1812255010e-001
      3280   9.6242880058e-001  -8.1161752943e-001
      3281   8.6623161617e-001  -8.8704657951e-001
      3282  -3.4948882800e-001  -7.0876927163e-001
      3283  -1.9687282886e-001   7.1379504367e-001
      3284   1.0333617027e+000   7.4014142320e-001
      3285  -4.0766696556e-002  -7.7120496516e-001
      3286  -1.1110975075e-001  -7.7003663867e-001
      3287  -1.8130513433e-001  -7.6717579761e-001
      3288   6.0223597606e-002  -8.3255650992e-001
      3289  -4.5943748230e-001   4.4862199409e-001
      3290   1.8894145662e+000   5.4591268043e-002
      3291   1.3550198334e+000   5.3987754390e-001
      3292   1.1972893895e+000  -7.3188214956e-001
      3293   1.2661266649e+000  -7.2858869423e-001
      3294   1.3287260657e+000  -7.2261468510e-001
      3295   1.6217872767e+000  -5.8643445381e-001
      3296  -2.9123250721e-001   6.3502292098e-001
      3297   1.4566414632e+000   4.4019854634e-001
      3298   1.5306739090e+000   4.0794288502e-001
      3299   1.6036409074e+000   3.6923399536e-001
      3300  -4.6280070200e-001  -6.6696065497e-001
      3301  -5.1794191550e-001  -6.2326197574e-001
      3302  -5.8320636759e-001  -5.8840402002e-001
      3303  -6.5130550707e-001  -5.5089041835e-001
      3304  -7.1909148628e-001  -5.0859666754e-001
      3305  -7.8677065748e-001  -4.6257435296e-001
      3306  -8.5446422214e-001  -4.1467540908e-001
      3307  -9.2110004491e-001  -3.6461327355e-001
      3308   2.5079896940e-001   9.6827399259e-001
      3309   1.7880271700e-001   9.6935653660e-001
      3310   3.2246311129e-001   9.6845706078e-001
      3311   3.9382953157e-001   9.6781807769e-001
      3312   4.6513178676e-001   9.6521131771e-001
      3313   5.3612944522e-001   9.6156827755e-001
      3314   6.0608167303e-001   9.5729121515e-001
      3315   6.7502626889e-001   9.5180705021e-001
      3316   7.4330567923e-001   9.4568726153e-001
      3317   8.1152326471e-001   9.3987755878e-001
      3318   7.6333102424e-001  -9.5496692522e-001
      3319   6.9128463873e-001  -9.5559122931e-001
      3320   6.1968500864e-001  -9.5773145389e-001
      3321   5.4788602872e-001  -9.6051309816e-001
      3322   4.7560595098e-001  -9.6333211721e-001
      3323   4.0286770629e-001  -9.6566108953e-001
      3324   3.3029430215e-001  -9.6641025421e-001
      3325   2.5870020855e-001  -9.6417457018e-001
      3326  -9.6793552092e-001  -2.3735567596e-001
      3327  -9.8602425060e-001  -3.1305187327e-001
      3328   1.7765847535e+000  -1.1217403484e+000
      3329   4.4858246382e-001   1.9137347883e+000
      3330   3.6409862439e-001   1.8516691178e+000
      3331   1.9985605383e+000   7.0385923767e-001
      3332   5.2336741873e-002   1.5079209608e+000
      3333  -1.2388306104e+000  -4.5219664739e-001
      3334  -1.1615134540e+000  -3.8861284952e-001
      3335   2.1745350790e+000   2.5892441406e-001
      3336  -1.3523587693e-002   1.4417918390e+000
      3337  -5.6799051008e-001   1.1201974788e+000
      3338  -5.8016483042e-001   1.0280013277e+000
      3339   8.1861311600e-001   1.6470477067e+000
      3340  -2.9315806696e-001  -1.3781554495e+000
      3341  -1.3870890395e+000  -6.9228533702e-001
      3342  -1.2488657565e+000  -8.4643906303e-001
      3343   8.3710399030e-001   1.5475286424e+000
      3344   8.5959641036e-001   1.4504070271e+000
      3345   1.9964933509e+000  -1.1770455346e-001
      3346   1.4049515836e+000   1.1837047390e+000
      3347   1.8111857367e+000   1.0971095900e+000
      3348   1.7117981924e+000   1.0826316783e+000
      3349   1.5560926677e+000   1.1391017542e+000
      3350   6.2313450058e-001   1.8841244983e+000
      3351   6.8378857266e-001   1.8070451253e+000
      3352   7.1732055720e-001   1.7050450571e+000
      3353  -9.7166164241e-001  -9.3788572412e-001
      3354  -8.8046681189e-001  -8.9591758768e-001
      3355  -1.1857149769e+000   5.0249555912e-001
      3356  -8.5100301282e-002  -1.6045812461e+000
      3357  -2.9614445480e-003  -1.6378068215e+000
      3358   6.1626683244e-001  -1.5031878214e+000
      3359   1.9598475434e+000   6.1449445763e-001
      3360  -1.0805834901e+000  -4.1532849717e-001
      3361  -1.0285113205e+000  -1.1279869826e-001
      3362   1.1505974723e+000  -1.2076569169e+000
      3363   1.6251324647e+000  -1.1911718682e+000
      3364   1.5345893604e+000  -1.1692542994e+000
      3365   1.4512192962e+000  -1.1381563209e+000
      3366   1.3748912030e+000  -1.0979295867e+000
      3367   9.6921845219e-001   1.3290779448e+000
      3368   9.8591829921e-001   1.2411900797e+000
      3369   1.0093679873e+000  -1.3912962736e+000
      3370   9.1873069208e-001  -1.3897746123e+000
      3371   1.0450957451e+000  -1.3086648510e+000
      3372  -7.1601241498e-001  -9.1406234253e-001
      3373  -1.1057514054e+000  -2.3652535295e-001
      3374  -1.1562904841e+000   8.4905378892e-001
      3375  -1.0814213238e+000   9.2142610401e-001
      3376  -1.1561296177e+000  -9.2273345086e-001
      3377   2.8513140618e-001   1.6901409044e+000
      3378  -1.3057445838e+000  -6.2241676821e-001
      3379   1.8237287299e+000  -1.0331123279e+000
      3380   1.8632536100e+000  -9.4289211973e-001
      3381   1.8977078795e+000  -8.5233302132e-001
      3382   4.4721135291e-001  -1.5396632093e+000
      3383  -1.1274920334e+000   4.2043450330e-001
      3384   1.2209887556e+000   1.1272945654e+000
      3385   2.1208001143e+000   3.6072028138e-001
      3386  -3.4147852995e-001  -1.2779821882e+000
      3387  -1.1824750321e+000   6.7463360031e-001
      3388  -8.1913828099e-001   9.0249898060e-001
      3389   2.0507105576e+000   2.6349539924e-002
      3390  -9.8380216352e-001   8.8852358978e-001
      3391   7.7401220497e-001  -1.4528755074e+000
      3392   1.9787453050e+000   9.6551539144e-001
      3393   1.8803972966e+000   1.0142028570e+000
      3394   1.9645397284e+000   8.6677157257e-001
      3395   1.8747534704e+000  -4.5633216572e-001
      3396   1.8430823391e+000  -3.7010793922e-001
      3397  -3.8572323869e-001  -1.1852565424e+000
      3398   1.8137888291e-001  -1.6214593529e+000
      3399   2.6866288588e-001  -1.5623996859e+000
      3400  -1.1027354479e+000   2.6058277713e-001
      3401  -1.0383688897e+000   1.9213248081e-001
      3402  -9.7618520903e-001   1.2817433224e-001
      3403  -1.6567319521e-001   1.3934878738e+000
      3404  -2.1846680397e-001   1.3197815385e+000
      3405  -3.5467984400e-001   1.2471993950e+000
      3406   2.0922305082e+000   1.8559486761e-001
      3407  -4.7885763394e-001  -1.0300370397e+000
      3408  -4.3466501063e-001  -1.1007361964e+000
      3409   1.8446724314e+000  -6.1629216192e-001
      3410   1.8696723062e+000  -6.9692389633e-001
      3411   1.2354149368e+000  -1.0931237587e+000
      3412   1.1649174850e+000  -1.1255045379e+000
      3413  -6.6346145641e-001   9.0019877190e-001
      3414  -7.3810029051e-001   8.5645749923e-001
      3415  -9.3802478554e-002  -1.4599225632e+000
      3416  -2.1205279547e-002  -1.5269444410e+000
      3417   1.9710139783e+000   4.5114501478e-001
      3418   1.9195030730e+000   5.2975552708e-001
      3419   2.1528726123e-001   1.5324655869e+000
      3420   2.9493611641e-001   1.5877356236e+000
      3421   1.0749954852e+000   1.1244588407e+000
      3422   1.1465132313e+000   1.0860864085e+000
      3423  -5.6152431790e-001  -9.1104062434e-001
      3424  -4.7317103050e-001  -9.4333543915e-001
      3425  -9.3682201196e-001  -8.2603349873e-003
      3426  -9.5023085337e-001  -8.4919460208e-002
      3427   5.3543993633e-001   1.8643347940e+000
      3428   1.4645801125e+000   1.1177275049e+000
      3429   1.8379501205e+000  -7.7267931437e-001
      3430   2.0237890601e+000   1.1698020612e-001
      3431   5.8618596924e-001   1.7508160919e+000
      3432   9.6223269038e-001  -1.3163554503e+000
      3433   1.6159158804e+000   1.0667225444e+000
      3434  -5.8696871101e-001   9.3811228277e-001
      3435   1.3033928827e+000  -1.0525107270e+000
      3436  -1.0673360804e+000   3.4417289199e-001
      3437  -1.1218274706e+000   7.5264578152e-001
      3438  -1.0561414795e+000   8.2435901354e-001
      3439  -2.6456014031e-001   1.2451229818e+000
      3440   8.2999990233e-001  -1.3804191392e+000
      3441   2.0615266908e+000   2.7796347721e-001
      3442  -8.9369766921e-001   8.5030456899e-001
      3443  -8.1084518457e-001   8.0795009614e-001
      3444   1.9022330051e+000   9.2395552576e-001
      3445  -7.3845799198e-002   1.3736445103e+000
      3446  -1.1340297487e+000   5.8542026769e-001
      3447  -1.0819625060e+000   5.0243284888e-001
      3448   1.6807439376e+000  -1.1133308717e+000
      3449  -7.9255712106e-001  -8.6034055512e-001
      3450  -1.0803705692e+000  -3.2851945037e-001
      3451   1.7271483805e+000  -1.0313880758e+000
      3452   1.7672311221e+000  -9.4686669212e-001
      3453   1.8030697344e+000  -8.6021296969e-001
      3454   3.7348945485e-001   1.7456689519e+000
      3455   3.7989618001e-001   1.6416646676e+000
      3456  -6.3957561298e-001  -8.7249032662e-001
      3457   8.8168816543e-001   1.3568270493e+000
      3458   9.0260151983e-001   1.2681400924e+000
      3459   2.0182767752e+000   3.6748035710e-001
      3460   1.5934953312e+000  -1.1024769110e+000
      3461   1.5135250809e+000  -1.0800897577e+000
      3462   1.4401231055e+000  -1.0464563704e+000
      3463  -1.0345452933e+000  -1.9179506391e-001
      3464  -9.5979935826e-001  -1.6169321350e-001
      3465  -1.2811230256e+000  -7.3072284470e-001
      3466   1.9340326302e+000   7.7599246076e-001
      3467   1.4213911746e-001   1.4747784928e+000
      3468   7.4809204414e-002   1.4142815145e+000
      3469   1.0008358633e+000   1.1570646451e+000
      3470   1.8992401850e+000   6.8819668188e-001
      3471   1.8628895759e+000   6.0350841560e-001
      3472   8.2645504162e-002  -1.5747566724e+000
      3473  -1.2207708837e+000  -5.5586961596e-001
      3474  -1.1281384573e+000  -4.9402645653e-001
      3475  -1.2833789710e-001   1.3040571016e+000
      3476  -1.0063959180e+000   2.7327644682e-001
      3477  -9.4643945002e-001   2.0667297068e-001
      3478   3.5243422612e-001  -1.5048887443e+000
      3479   1.0701872408e+000  -1.2250547117e+000
      3480   1.0888295646e+000  -1.1437631099e+000
      3481   1.8142877019e+000  -5.2517723254e-001
      3482   6.8237031692e-001  -1.4357945001e+000
      3483   1.9745423353e+000  -3.1585091241e-002
      3484  -4.7914378185e-001   1.1494636995e+000
      3485  -3.9138202695e-001   1.1663788080e+000
      3486  -4.9714128889e-001   1.0577470111e+000
      3487   1.7704460465e+000   1.0028719936e+000
      3488  -9.1764454471e-001   6.7718189053e-002
      3489   5.2264276572e-001  -1.4771946311e+000
      3490  -1.0571826484e+000  -8.7831266657e-001
      3491  -9.6370703595e-001  -8.3091854917e-001
      3492   1.7266198851e-001  -1.5182309671e+000
      3493   1.3743702072e+000   1.0981021016e+000
      3494   1.2898531431e+000   1.0723904750e+000
      3495   1.2124224949e+000   1.0381350161e+000
      3496   1.7747884031e+000  -6.8814786704e-001
      3497   7.3628395541e-001   1.5837628340e+000
      3498   7.6369928264e-001   1.4795417736e+000
      3499  -3.9584167918e-001  -1.0107694309e+000
      3500  -1.9460818091e-001  -1.3509689696e+000
      3501  -1.0731482039e-001  -1.3752279681e+000
      3502  -2.4176583954e-001  -1.2781910763e+000
      3503  -2.9132052219e-001  -1.1914041968e+000
      3504  -1.2227466309e-002  -1.4165736742e+000
      3505   1.0798217497e+000   1.0440329597e+000
      3506   1.1438346632e+000   1.0063689476e+000
      3507  -6.6195391596e-001   8.1146822629e-001
      3508  -5.9001072535e-001   8.5150354667e-001
      3509   1.1687854532e+000  -1.0451760694e+000
      3510   1.2355790936e+000  -1.0091598180e+000
      3511  -8.7424825628e-001  -6.1384372900e-002
      3512   1.8771216907e+000   4.5015199857e-001
      3513   1.9210899535e+000   3.7322915859e-001
      3514   3.0235715615e-001   1.4911499583e+000
      3515   2.2815858659e-001   1.4386417512e+000
      3516  -4.9935715917e-001  -8.5785829108e-001
      3517  -5.7242115145e-001  -8.2800786151e-001
      3518   1.9285119383e+000   1.2243688894e-002
      3519   1.7289441178e+000  -5.1121546717e-001
      3520   1.6872980292e+000  -5.6590668614e-001
      3521   1.1988128261e-002   9.0321113973e-001
      3522  -7.7981126264e-002   8.3784925140e-001
      3523   1.0999731240e+000   7.4298687092e-001
      3524  -7.2770858568e-001   1.1424582306e-001
      3525   1.8332524334e+000   1.7606489011e-001
      3526  -4.1843066083e-001  -7.2389073350e-001
      3527   1.0600817310e-001   9.7118461462e-001
      3528  -6.8361044378e-001   2.2491652387e-001
      3529   1.6809189474e+000   3.3475760909e-001
      3530   1.7690714535e+000   3.0321918758e-001
      3531   8.8103920803e-001   9.3593490475e-001
      3532  -4.4701045926e-001   5.1930568272e-001
      3533   1.3968862009e+000  -7.5561015018e-001
      3534   1.8874001652e-001  -9.5897682307e-001
      3535   1.0308990174e+000  -8.0456561338e-001
      3536  -5.3285907306e-001   4.2660067015e-001
      3537   9.1638430988e-002  -8.9252042743e-001
      3538   1.0995355647e+000  -7.9818217398e-001
      3539   1.1699971282e+000  -7.9505679408e-001
      3540  -7.8979337788e-001   2.7009616774e-002
      3541  -1.6875368755e-001   7.7866041407e-001
      3542  -6.0614660916e-001   3.2410485570e-001
      3543  -2.6685921252e-001   7.0453364749e-001
      3544   1.0096815270e+000   8.0184257408e-001
      3545   9.8778404609e-001   8.6792388561e-001
      3546   1.2051733648e+000   6.8503966850e-001
      3547   9.3573870098e-001  -8.8041846957e-001
      3548   1.9206368107e+000   1.3454825443e-001
      3549   1.2433413678e+000  -7.9601918923e-001
      3550   1.3174178011e+000  -7.8752324336e-001
      3551   1.4880368658e+000  -7.5472161539e-001
      3552  -9.9311288569e-003  -8.3311905668e-001
      3553  -8.0975220689e-002  -8.3388009892e-001
      3554  -1.5311216812e-001  -8.3323286545e-001
      3555  -2.4965543850e-001  -7.6208530610e-001
      3556  -3.1080295652e-001  -7.5626079036e-001
      3557   8.3702645223e-001  -9.5753290202e-001
      3558  -3.6372466819e-001   6.1705577526e-001
      3559   1.6070498029e+000  -6.6923902989e-001
      3560   1.4371441002e+000   5.2058766420e-001
      3561   1.5260779583e+000   4.9900155435e-001
      3562   1.5981906350e+000   4.4780019290e-001
      3563   1.3242454583e+000   6.2173318885e-001
      3564  -5.2621133189e-001  -6.8659589295e-001
      3565  -4.9061368707e-001  -7.3412315233e-001
      3566  -5.8541478734e-001  -6.6379689378e-001
      3567  -6.5717534630e-001  -6.3183530053e-001
      3568  -7.2796943587e-001  -5.9206109407e-001
      3569  -7.9684103517e-001  -5.4380823020e-001
      3570  -8.6670463239e-001  -4.9527078089e-001
      3571  -9.3668260923e-001  -4.4492266896e-001
      3572  -1.0046007264e+000  -3.8964510934e-001
      3573   7.8209565317e-001   1.0062395018e+000
      3574   7.1407627165e-001   1.0138733920e+000
      3575   6.4508337358e-001   1.0215937492e+000
      3576   5.7468654131e-001   1.0270618630e+000
      3577   5.0269482386e-001   1.0303584578e+000
      3578   4.2921489491e-001   1.0350513389e+000
      3579   3.5594245671e-001   1.0365904078e+000
      3580   2.8287496160e-001   1.0339426014e+000
      3581   2.1050206495e-001   1.0330720182e+000
      3582   3.6166233826e-001  -1.0325724885e+000
      3583   2.8706868913e-001  -1.0326167572e+000
      3584   4.3665903704e-001  -1.0295902226e+000
      3585   5.1063325823e-001  -1.0266108500e+000
      3586   5.8345023797e-001  -1.0235088819e+000
      3587   6.5573145462e-001  -1.0207856228e+000
      3588   7.2760355861e-001  -1.0195172982e+000
      3589   1.8192401653e+000   9.2244259459e-001
      3590  -5.1753629721e-001  -7.9131673192e-001
      3591   1.5976041073e-001   1.3836578948e+000
      3592  -1.0280024400e+000   4.2463548425e-001
      3593   9.9242388260e-001  -1.2392066368e+000
      3594   1.0114324625e+000  -1.1573811214e+000
      3595   4.6535945281e-001   1.8013368884e+000
      3596   4.7130891130e-001   1.6971077943e+000
      3597  -1.1393873828e+000  -8.3304464886e-001
      3598   1.9670636085e+000   5.4873583656e-002
      3599   7.7765666520e-002  -1.4691376719e+000
      3600   1.5239724291e+000   1.0493666900e+000
      3601   1.3683205072e+000  -1.0073484462e+000
      3602   1.2992636698e+000  -9.6379071240e-001
      3603   1.9615431305e+000   2.9181844604e-001
      3604   1.9936187052e+000   2.0460938936e-001
      3605  -8.8927659419e-001   1.4303477057e-001
      3606   1.8712700722e+000   8.4512705213e-001
      3607  -1.0802568266e+000   6.6313528656e-001
      3608  -1.0326813706e+000   5.8034385337e-001
      3609   1.4356477929e+000   1.0307622704e+000
      3610   1.1089414435e+000  -1.0760724807e+000
      3611   5.9214201117e-001  -1.4139446939e+000
      3612  -4.1443237646e-001   1.0800303889e+000
      3613   1.7587143191e+000  -5.9282411581e-001
      3614  -7.3261054286e-001   7.6612037723e-001
      3615   1.6730033997e+000   9.9123137239e-001
      3616  -7.1174988940e-001  -8.2859766329e-001
      3617  -6.3983125531e-001  -7.8968596212e-001
      3618   1.0123212974e+000   1.0759339023e+000
      3619  -1.2061174820e+000  -6.5829495400e-001
      3620  -1.1248895645e+000  -6.0104312811e-001
      3621   1.6373669740e+000  -1.0258005591e+000
      3622   1.6748501210e+000  -9.4859335541e-001
      3623   1.7110281911e+000  -8.6722652463e-001
      3624   8.7945289091e-001  -1.3089863524e+000
      3625   1.5656501357e+000  -1.0266479185e+000
      3626   1.5036014207e+000  -9.9227008071e-001
      3627  -1.1761718083e+000  -7.5545262101e-001
      3628   1.8375968606e+000   7.5951489579e-001
      3629   1.1399532704e+000  -8.5617156389e-001
      3630   1.8038522446e+000   6.7388811284e-001
      3631   3.8451572462e-001   1.5405845810e+000
      3632  -3.3606532883e-001  -1.0975674965e+000
      3633  -8.6056173807e-001   1.1068234428e-002
      3634  -9.7129941503e-001   3.5196908338e-001
      3635  -9.1325936605e-001   2.8414515825e-001
      3636  -8.6748168264e-001  -7.9769066408e-001
      3637   4.3122964431e-001  -1.4475215119e+000
      3638   1.8273625701e+000   5.2343465805e-001
      3639  -1.7714081227e-001   1.2345071989e+000
      3640   1.3285228039e-002   1.3508689135e+000
      3641  -4.2414103584e-002   1.2846558396e+000
      3642   9.2348113683e-001   1.1845115300e+000
      3643   1.3513957233e+000   1.0093298320e+000
      3644   1.2715954347e+000   9.8243475468e-001
      3645   1.1972840992e+000   9.5247498904e-001
      3646  -5.0914555802e-001   9.7012012717e-001
      3647  -5.1624477288e-001   8.8543041243e-001
      3648  -3.0406449792e-001   1.1699702711e+000
      3649   6.3545877619e-001   1.6232036117e+000
      3650   7.4276980871e-001  -1.3675655487e+000
      3651   2.5998432675e-001  -1.4651022653e+000
      3652  -9.6448105021e-001   7.9713883775e-001
      3653  -8.8150486373e-001   7.5739347197e-001
      3654  -1.0267095080e+000   7.3501374277e-001
      3655   7.9355177597e-001   1.3829534097e+000
      3656   8.1650357800e-001   1.2902379481e+000
      3657   1.7426852547e+000  -7.8264759413e-001
      3658  -1.3270721710e-001  -1.2759313331e+000
      3659  -1.9605402933e-001  -1.1943461138e+000
      3660  -2.3025280143e-002  -1.3129477505e+000
      3661  -1.0587431586e+000  -7.6721942600e-001
      3662   6.5760917000e-001   1.5027945032e+000
      3663  -3.9546313932e-001  -9.2897716508e-001
      3664  -4.2361015503e-001  -8.6395516064e-001
      3665  -4.5128553857e-001  -7.9402162813e-001
      3666   1.9024934271e+000   2.2476303256e-001
      3667  -5.8998683888e-001   7.6840387703e-001
      3668  -6.5749017581e-001   7.2643404742e-001
      3669   1.1698649234e+000  -9.7071121797e-001
      3670   1.0957699093e+000  -1.0014697637e+000
      3671   1.0840714029e+000   9.7034220609e-001
      3672   1.0195533007e+000   9.9665483196e-001
      3673   3.0964697012e-001   1.3999215744e+000
      3674   3.8321599183e-001   1.4480807007e+000
      3675   1.8283976123e+000   3.7597972765e-001
      3676   1.7919607716e+000   4.4934258375e-001
      3677   5.4583428250e-001   1.6440418298e+000
      3678   1.4319191906e+000  -9.6168748477e-001
      3679  -9.8269639124e-001   6.5394660587e-001
      3680  -1.1196198317e+000  -6.8980986794e-001
      3681   1.5787113151e+000  -9.4181222937e-001
      3682  -9.8359607735e-001   5.0192194782e-001
      3683   1.3624798200e+000  -9.2181185037e-001
      3684   7.9814101085e-001  -1.2965286697e+000
      3685   1.2327359037e+000  -9.2950796730e-001
      3686  -8.5690490614e-001   2.1806615663e-001
      3687  -9.4601476688e-001   7.1915225972e-001
      3688   1.1388108789e+000   9.3810769922e-001
      3689  -2.2073442513e-001   1.1664868037e+000
      3690   5.5915695783e-001   1.5479464101e+000
      3691  -3.3296004672e-001   1.0925811842e+000
      3692   1.6299099675e+000  -8.7682864314e-001
      3693  -9.3521518241e-001   4.2742455710e-001
      3694  -8.7879001582e-001   3.6016821411e-001
      3695  -2.4249684879e-001  -1.1162913862e+000
      3696   1.0334633025e+000  -1.0698451686e+000
      3697   1.7245377733e+000   9.1108527178e-001
      3698  -7.7639611310e-001  -7.7181922976e-001
      3699  -7.0366690857e-001  -7.5560221284e-001
      3700   9.2299280311e-001  -1.2520257418e+000
      3701   9.3358825455e-001  -1.1802544388e+000
      3702  -1.0238102243e+000  -4.7431141678e-001
      3703  -1.0384377899e+000  -5.6271009630e-001
      3704  -4.3110464276e-001   9.9623873926e-001
      3705   8.4187350816e-001   1.2056393870e+000
      3706  -9.2759577752e-002   1.2170794423e+000
      3707   9.4236140939e-001   1.1047909842e+000
      3708   9.5632104031e-001   1.0272175968e+000
      3709   4.6846649418e-001   1.5913779603e+000
      3710   4.7341069433e-001   1.4865199355e+000
      3711   9.6806815075e-002   1.3257728933e+000
      3712   3.9650541037e-002   1.2640174218e+000
      3713   2.4102483240e-001   1.3496368801e+000
      3714   1.7689901934e+000   5.9081040117e-001
      3715   1.7416593538e+000   5.1419201565e-001
      3716  -8.4060917463e-001   8.1854167301e-002
      3717   1.5808308539e+000   9.7896850971e-001
      3718   1.8677974339e+000   3.0350014894e-001
      3719  -8.0361311871e-001   7.1588925428e-001
      3720  -6.4907717467e-001  -7.1026875792e-001
      3721  -7.2369219437e-001   6.7979814265e-001
      3722  -5.2074643003e-001   8.0464768409e-001
      3723   3.4248507570e-001  -1.4131367681e+000
      3724  -4.4235132820e-001   9.1414374442e-001
      3725   1.7772996919e+000   8.3301536890e-001
      3726   1.7442730367e+000   7.4485192058e-001
      3727  -5.7075784348e-001  -7.4352924272e-001
      3728   6.5605905245e-001  -1.3512454505e+000
      3729   7.0652050806e-001   1.4062904589e+000
      3730   7.3384505364e-001   1.3144225769e+000
      3731   5.0412734053e-001  -1.3885438116e+000
      3732   1.6896890869e+000  -6.3879068580e-001
      3733   1.6840697808e+000  -7.1732449764e-001
      3734  -9.4569536454e-001  -7.2220378285e-001
      3735   1.6980714861e-001  -1.4193583194e+000
      3736   8.0351836768e-002  -1.3621391691e+000
      3737  -3.1724383295e-001  -1.0154896650e+000
      3738  -2.6876262510e-001  -1.0488658695e+000
      3739  -3.2912782178e-001  -9.4808604417e-001
      3740  -3.4836374270e-001  -8.7175865009e-001
      3741  -3.7231220499e-001  -7.9141689661e-001
      3742   1.4929858265e+000   9.6381198823e-001
      3743   1.4094547155e+000   9.4600087602e-001
      3744   1.3287885074e+000   9.2489915481e-001
      3745   1.2491273816e+000   8.9714659436e-001
      3746  -5.6500794009e-002  -1.2340345958e+000
      3747  -1.1003583267e-001  -1.1808225468e+000
      3748   1.1155631851e+000  -9.2320370939e-001
      3749   1.1740338160e+000  -9.0751583871e-001
      3750   1.0336641699e+000   9.2229769529e-001
      3751   1.0977796827e+000   9.0657857637e-001
      3752   3.8687533946e-001   1.3591319273e+000
      3753   3.1843994679e-001   1.3137121202e+000
      3754  -5.8660596873e-001   6.8869757734e-001
      3755  -5.2247669621e-001   7.2716087387e-001
      3756   1.7442576671e+000   3.8441530404e-001
      3757   8.0034222905e-001  -1.0209750066e+000
      3758  -5.8197498614e-002   9.0345210338e-001
      3759   1.3661060928e-001   1.0354373851e+000
      3760  -2.2527433563e-001  -8.2877326824e-001
      3761   1.8255075231e+000   2.4596287997e-001
      3762  -7.7743705271e-001   8.5511401071e-002
      3763   9.5826483061e-001   9.4384797900e-001
      3764   3.3229048240e-002   9.7115624155e-001
      3765  -6.0430955943e-001   3.9797752353e-001
      3766   1.2713359586e+000   6.7465193343e-001
      3767  -1.3605579163e-001   8.2993561761e-001
      3768   1.2184070373e-001  -9.5217012460e-001
      3769  -6.6434776409e-001   2.9305281895e-001
      3770   2.1421134837e-001  -1.0267624028e+000
      3771  -7.3096414881e-001   1.7412457631e-001
      3772   1.6680132952e+000   4.1066803579e-001
      3773   1.0049080984e+000  -8.7194576096e-001
      3774   1.0729490768e+000  -8.6410143104e-001
      3775   1.0649077936e+000   7.8872074980e-001
      3776   1.4235300320e+000  -8.9090163023e-001
      3777   1.0679219675e+000   8.5192188426e-001
      3778  -2.9712950264e-001  -8.1789040887e-001
      3779   1.5700355659e+000  -7.4587021252e-001
      3780   1.1733656803e+000   7.6375957518e-001
      3781  -4.2971944481e-001   5.8349639163e-001
      3782   9.0965194339e-001  -9.5393643621e-001
      3783  -2.4364261785e-001   7.8141971076e-001
      3784   2.2148433275e-002  -8.9393533274e-001
      3785  -4.8646369191e-002  -8.9714530484e-001
      3786  -1.2199523110e-001  -8.9947596552e-001
      3787  -5.1946378142e-001   4.9865929851e-001
      3788  -7.3762598619e-001  -6.8431441035e-001
      3789   1.2109124409e+000  -8.5810464191e-001
      3790  -8.0788429005e-001  -6.2725513290e-001
      3791  -8.7718102853e-001  -5.7686557876e-001
      3792  -9.5046468935e-001  -5.2911585947e-001
      3793   1.2919441070e+000  -8.7078999544e-001
      3794  -8.0118747901e-001   1.5098502066e-001
      3795   1.4094897610e+000   5.9941218647e-001
      3796   1.4922009612e+000   5.8459948800e-001
      3797   8.4829244780e-001   9.9890765545e-001
      3798  -3.4300164459e-001   6.9693366506e-001
      3799   1.6070731401e+000   5.1691449360e-001
      3800   1.5774400071e+000   5.7679115777e-001
      3801   1.4555917443e+000  -8.2804312417e-001
      3802   1.3734978109e+000  -8.4063697250e-001
      3803   6.1623029319e-001   1.0954177320e+000
      3804   6.8652985805e-001   1.0858431042e+000
      3805   7.5538954790e-001   1.0747533126e+000
      3806   5.4221928774e-001   1.0976850212e+000
      3807   4.6948544746e-001   1.0992996068e+000
      3808   3.9165344090e-001   1.1111019106e+000
      3809   3.1323010147e-001   1.1026449334e+000
      3810   2.4282920503e-001   1.0985741848e+000
      3811   6.9176083798e-001  -1.0845493161e+000
      3812   7.6187428982e-001  -1.0845001102e+000
      3813   6.1938318736e-001  -1.0868097562e+000
      3814   5.4656101408e-001  -1.0909226810e+000
      3815   4.7266412662e-001  -1.0936785088e+000
      3816   3.9603888066e-001  -1.0969345638e+000
      3817   3.1702439191e-001  -1.1033020051e+000
      3818  -1.5830217195e-001  -1.1122767853e+000
      3819  -1.9982164411e-001  -1.0415488932e+000
      3820  -3.5275733590e-001   1.0149305603e+000
      3821  -3.6901940972e-001   9.3868267388e-001
      3822  -9.3475887535e-001   5.7726023485e-001
      3823  -8.8163204512e-001   6.5868293077e-001
      3824  -7.8942392086e-001   6.2997876186e-001
      3825  -1.0384676399e+000  -6.6188070038e-001
      3826   8.5280640327e-001  -1.2188270069e+000
      3827  -8.2277135208e-001   2.9570481393e-001
      3828   9.4960935237e-001  -1.0965260905e+000
      3829  -1.1755464987e-002   1.1982424853e+000
      3830   1.1619506349e+000   8.6395875875e-001
      3831  -8.9005321450e-001   4.9812074356e-001
      3832  -6.4884482377e-001   6.4419918055e-001
      3833   5.7073173801e-001  -1.3273584788e+000
      3834   1.6340241743e+000   9.0609508166e-001
      3835   7.1444137640e-001  -1.2876525307e+000
      3836  -2.5642553516e-001   1.0984642670e+000
      3837  -8.5419969414e-001   4.2890578363e-001
      3838  -2.7381866472e-001  -8.9046343459e-001
      3839   4.4436410373e-001   1.4035723765e+000
      3840   1.7228814246e+000   4.4894422447e-001
      3841  -1.3942824478e-001   1.1518674980e+000
      3842   1.6776031138e+000   8.1842927312e-001
      3843   4.1856935269e-001  -1.3605454940e+000
      3844   8.6941816499e-001   1.1269877447e+000
      3845   8.9109051463e-001   1.0541406259e+000
      3846  -2.4850193530e-001  -9.7137935100e-001
      3847   8.2341923368e-001   1.0674541759e+000
      3848   1.7721759798e-001   1.2976145483e+000
      3849   2.5417025767e-001   1.2640876057e+000
      3850   1.1854439271e-001   1.2425841151e+000
      3851   1.4937575936e+000  -9.0707077059e-001
      3852   1.5508679812e+000  -8.3562187288e-001
      3853   1.7128333416e+000   6.5722951315e-001
      3854   1.6265432739e+000  -7.3203829510e-001
      3855   1.6725499438e+000   5.7100914316e-001
      3856  -8.3666384822e-001  -7.1044464994e-001
      3857  -4.4842288036e-001   8.3361462421e-001
      3858  -4.5649746733e-001   7.5982342904e-001
      3859   1.5462977335e+000   8.9672728932e-001
      3860   5.6595501828e-001   1.4519543716e+000
      3861   6.2981682500e-001   1.4112477807e+000
      3862   6.5423870071e-001   1.3377901801e+000
      3863   1.6451164011e+000  -7.9638425746e-001
      3864   2.5778474114e-001  -1.3727316979e+000
      3865   7.5125176080e-001   1.2178957000e+000
      3866   1.7992499134e-001  -1.3287705209e+000
      3867   5.8843943106e-002  -1.2807545947e+000
      3868   1.2331266763e-001  -1.2854199142e+000
      3869   1.8080500457e-002  -1.2254454453e+000
      3870  -2.9155121287e-002  -1.1624353423e+000
      3871   1.4645576608e+000   8.8089998636e-001
      3872   1.3844718615e+000   8.6592755898e-001
      3873   1.3091388571e+000   8.4698877514e-001
      3874   1.0247747650e+000  -9.9352964189e-001
      3875   9.6173351535e-001  -1.0164304371e+000
      3876   1.0494105717e+000  -9.3251522686e-001
      3877  -5.2106015329e-001   6.5280682078e-001
      3878  -5.7765355161e-001   6.1192720716e-001
      3879   3.9377587489e-001   1.2765442128e+000
      3880   4.7281345862e-001   1.3223156203e+000
      3881   5.0589935532e-001   1.4027547319e+000
      3882   9.0805346868e-001   9.9115730271e-001
      3883   5.6656051522e-001   1.3508630174e+000
      3884  -7.0996169986e-001   5.9612021977e-001
      3885  -8.8596269037e-001  -6.5283853800e-001
      3886  -9.5771829214e-001  -6.1870475690e-001
      3887  -7.7453589906e-002  -1.1015429546e+000
      3888  -3.9714369697e-001   6.7126710563e-001
      3889  -1.2190369201e-001  -1.0361546741e+000
      3890  -5.9432785025e-002   1.1300767729e+000
      3891  -7.8414073660e-001   3.7950111472e-001
      3892  -1.8289902843e-001   1.0929229701e+000
      3893   6.6447208597e-002   1.1816209010e+000
      3894  -6.3624917655e-001   5.6293355170e-001
      3895   1.2368186104e+000   8.1632824968e-001
      3896  -3.7897822491e-001   8.6079574232e-001
      3897   1.9426423598e-001   1.2176548897e+000
      3898   1.5947538925e+000   8.4005274607e-001
      3899  -8.4372350780e-001   5.6670283869e-001
      3900  -7.9447916729e-001   4.8089060752e-001
      3901   7.6532663683e-001  -1.2202269272e+000
      3902  -2.7480871769e-001   1.0242190370e+000
      3903  -2.9250924426e-001   9.5581630375e-001
      3904  -3.7998500809e-001   7.7850035769e-001
      3905   7.9562420735e-001   1.1405554364e+000
      3906   6.7476340761e-001   1.2568108769e+000
      3907   1.6678139913e+000   4.8657062115e-001
      3908   3.2657364062e-001   1.2326713661e+000
      3909   9.7975571834e-001  -9.4106881374e-001
      3910   3.3651310385e-001  -1.3258926455e+000
      3911   6.3309096434e-001  -1.2722351891e+000
      3912   1.5186322875e+000   8.1021042306e-001
      3913   1.4343641504e+000   8.0531001373e-001
      3914   1.3605532426e+000   7.8978251181e-001
      3915  -1.9799776841e-001  -8.9942384203e-001
      3916  -4.6919887004e-001   6.2649975926e-001
      3917   4.8815847570e-001  -1.3035702873e+000
      3918   2.6068171668e-001  -1.2817701676e+000
      3919   1.8866036369e-001  -1.2406396170e+000
      3920  -7.7217167344e-001   2.2820165153e-001
      3921   1.0583368942e-001  -1.2105854150e+000
      3922   4.9073575523e-002  -1.1492711592e+000
      3923  -4.5896624441e-001   6.8708128747e-001
      3924   1.6603339683e+000   7.2429304283e-001
      3925   1.6276749823e+000   6.4465395869e-001
      3926   8.7530183005e-001  -1.1275952123e+000
      3927   8.8105850492e-001  -1.0358431315e+000
      3928  -5.0497627371e-001   5.7564467053e-001
      3929   4.6030871968e-001   1.2321474989e+000
      3930   8.2527937531e-001  -1.0830738124e+000
      3931   3.9255752724e-001   1.1964875093e+000
      3932   1.1169818268e+000   8.0427976360e-001
      3933  -2.9939370143e-002   9.6080824239e-001
      3934   1.4368466206e-001  -1.0174297335e+000
      3935  -1.3091496515e-001   8.9753857278e-001
      3936  -6.8491366298e-001   3.6589488789e-001
      3937   5.5068894666e-002  -9.5220691147e-001
      3938  -6.0390015779e-001   4.8216849000e-001
      3939  -1.9842981214e-001   8.5737437956e-001
      3940   5.9365770289e-002   1.0394410584e+000
      3941  -1.3271320103e-002  -9.5899208061e-001
      3942   1.2505877989e+000   7.3929017018e-001
      3943  -3.1004083147e-001   7.5539664001e-001
      3944   3.3820327088e-001   1.1632390414e+000
      3945   1.7124554100e-001   1.0970763059e+000
      3946  -8.6172667690e-002  -9.6470301165e-001
      3947   2.3943677051e-001  -1.1003349551e+000
      3948  -7.3649792349e-001   2.9896447410e-001
      3949   1.3854916909e+000   6.6613871816e-001
      3950  -4.2283658876e-001   6.3679785339e-001
      3951   7.3045949212e-001   1.1398839339e+000
      3952   1.3283254197e+000   7.1339179527e-001
      3953   1.4627942842e+000   6.6954368573e-001
      3954   1.5446683902e+000   6.4879719375e-001
      3955   5.8126071367e-001   1.1676063336e+000
      3956   6.6593908279e-001   1.1697264745e+000
      3957   5.0820582295e-001   1.1694146883e+000
      3958   4.4419901623e-001   1.1614093987e+000
      3959   2.6786932011e-001   1.1765900249e+000
      3960   1.2972753027e+000   7.8037685277e-001
      3961   6.8786988058e-001  -1.2148465792e+000
      3962   7.2793446083e-001  -1.1506198120e+000
      3963   6.5579774856e-001  -1.1486567541e+000
      3964   5.8304191714e-001  -1.1552847365e+000
      3965   5.1023070577e-001  -1.1611908771e+000
      3966   4.3443449275e-001  -1.1587053203e+000
      3967   3.5594436788e-001  -1.1660440431e+000
      3968   1.5958717622e+000   7.7124449064e-001
      3969  -1.0934208500e-001   1.0683791343e+000
      3970  -1.6341211520e-001  -9.6859980755e-001
      3971  -2.1589412182e-001   1.0369673191e+000
      3972  -2.0150182760e-001   9.5740981073e-001
      3973  -7.6700066670e-001   5.5460574728e-001
      3974  -6.9945648283e-001   5.0747423532e-001
      3975   1.4051327455e-001   1.1663614641e+000
      3976   8.0181172024e-001  -1.1497086227e+000
      3977   1.9717189343e-002   1.1143686950e+000
      3978  -5.6865304130e-001   5.4553903314e-001
      3979   5.5230233687e-001  -1.2372724270e+000
      3980  -4.0636560295e-001   7.2049434401e-001
      3981   5.4209770850e-001   1.2521264305e+000
      3982   2.0424280647e-001   1.1517362206e+000
      3983  -4.5356525899e-002  -1.0282539677e+000
      3984   6.0883337948e-001   1.2861311701e+000
      3985   1.5917526225e+000   7.0244474667e-001
      3986   4.0791997910e-001  -1.2807876784e+000
      3987   3.3539247294e-001  -1.2425491036e+000
      3988   2.6803242835e-001  -1.1851237675e+000
      3989   1.8356130448e-003  -1.0887086758e+000
      3990  -3.1363626513e-001   8.8777922263e-001
      3991   1.4063053352e+000   7.3139773994e-001
      3992  -3.1578099056e-001   8.1770572216e-001
      3993   1.4705957575e+000   7.4777876600e-001
      3994   1.5295172368e+000   7.2512649466e-001
      3995   1.1673738566e-001  -1.1359202131e+000
      3996   6.1434206842e-001   1.2250347508e+000
      3997   1.8222910241e-001  -1.1609543329e+000
      3998  -7.2734873486e-001   4.3411871840e-001
      3999  -2.7694446117e-002   1.0383304269e+000
      4000  -2.6338684256e-001   8.4732682123e-001
      4001  -1.6092230111e-001   1.0239364714e+000
      4002   6.2100399367e-001  -1.2064939122e+000
      4003  -2.5131781560e-001   9.0311398910e-001
      4004   9.8009470420e-002   1.1054451250e+000
      4005   4.0012445652e-001  -1.2150671101e+000
      4006   8.3446465557e-002  -1.0719394990e+000
      4007   4.6787699513e-001  -1.2267990526e+000
      4008   1.6372038790e-001  -1.0850869393e+000
      4009  -1.0323925692e-001   9.7826291469e-001
      4010   2.7043322552e-002  -1.0183110092e+000
      4011  -6.6312479339e-001   4.3829118990e-001
      4012   8.6146769894e-002  -1.0034286203e+000