run,case,flux,reconstruction,degree,cells,actual_time,completed,integrity_passed,rho_L1,u_L1,p_L1,budget_defect,seconds
double-rarefaction-ausm-cweno3-n80,double-rarefaction,ausm,cweno3,-1,80,0.1,True,True,0.025824225451603698,0.08046612706396285,0.007553983843698253,2.220446049250313e-16,0.2247232999652624
double-rarefaction-ausm-plus-cweno3-n80,double-rarefaction,ausm-plus,cweno3,-1,80,0.1,True,True,0.025696885894098,0.07981671804406618,0.007581020141155798,2.220446049250313e-16,0.2003962000599131
double-rarefaction-ausm-up-cweno3-n80,double-rarefaction,ausm-up,cweno3,-1,80,0.1,True,True,0.025841528894231226,0.08285907623817121,0.007537005381428109,8.881784197001252e-16,0.21878440002910793
double-rarefaction-ausm-up2-cweno3-n80,double-rarefaction,ausm-up2,cweno3,-1,80,0.1,True,True,0.023669615105405866,0.07797676539181404,0.008035189808124468,6.661338147750939e-16,0.20536720007658005
double-rarefaction-ec-lf-cweno3-n80,double-rarefaction,ec-lf,cweno3,-1,80,0.1,True,True,0.019582634835389343,0.0882772273556065,0.009202581440513025,4.440892098500626e-16,0.1607092999620363
double-rarefaction-global-lf-cweno3-n80,double-rarefaction,global-lf,cweno3,-1,80,0.1,True,True,0.02352629346649827,0.1092980127034866,0.008145052779295267,4.440892098500626e-16,0.22475389996543527
double-rarefaction-godunov-cweno3-n80,double-rarefaction,godunov,cweno3,-1,80,0.1,True,True,0.02628347362951609,0.08268223036004418,0.0074924666097146864,6.661338147750939e-16,0.8129459999036044
double-rarefaction-hllc-cweno3-char-n80,double-rarefaction,hllc,cweno3-char,-1,80,0.1,True,True,0.014279335526967868,0.04392968354738379,0.009844006937427676,4.440892098500626e-16,0.3436052000615746
double-rarefaction-hllc-cweno3-n80,double-rarefaction,hllc,cweno3,-1,80,0.1,True,True,0.02370902553101269,0.07692927999766236,0.008026575887167323,8.881784197001252e-16,0.19088480004575104
double-rarefaction-hllc-cweno5-char-n80,double-rarefaction,hllc,cweno5-char,-1,80,0.1,True,True,0.010487528069228891,0.026741923564775106,0.00600156040405415,4.440892098500626e-16,1.0147213001037017
double-rarefaction-hllc-cweno5-n80,double-rarefaction,hllc,cweno5,-1,80,0.1,True,True,0.012477977517124024,0.01969566011692644,0.005522911736076509,8.881784197001252e-16,0.24068450008053333
double-rarefaction-hllc-eno2-n80,double-rarefaction,hllc,eno2,-1,80,0.1,True,True,0.02507734516613147,0.08194854351808098,0.009864161166607436,1.1102230246251565e-15,0.14933470007963479
double-rarefaction-hllc-first-n80,double-rarefaction,hllc,first,-1,80,0.1,True,True,0.042960987325419274,0.15577888078116595,0.028698470651124942,8.881784197001252e-16,0.13457679993007332
double-rarefaction-hllc-muscl-minmod-n80,double-rarefaction,hllc,muscl-minmod,-1,80,0.1,True,True,0.02507734516613136,0.0819485435180809,0.009864161166607372,1.3322676295501878e-15,0.14560639997944236
double-rarefaction-hllc-muscl-n80,double-rarefaction,hllc,muscl,-1,80,0.1,True,True,0.033427346685383316,0.09508648000869498,0.0074943698615486855,2.220446049250313e-16,0.2700990999583155
double-rarefaction-hllc-muscl-superbee-n80,double-rarefaction,hllc,muscl-superbee,-1,80,0.1,True,True,0.03391636811371952,0.09942101024681776,0.008621276219775624,6.661338147750939e-16,0.2837102999910712
double-rarefaction-hllc-muscl-thinc-bvd-n80,double-rarefaction,hllc,muscl-thinc-bvd,-1,80,0.1,True,True,0.03580903787329883,0.08789470120447454,0.00670007592257704,8.881784197001252e-16,0.3918576999567449
double-rarefaction-hllc-muscl-vanalbada-n80,double-rarefaction,hllc,muscl-vanalbada,-1,80,0.1,True,True,0.02512516906331256,0.0774871834746591,0.007410980853219787,1.3322676295501878e-15,0.16011259995866567
double-rarefaction-hllc-muscl-vanleer-n80,double-rarefaction,hllc,muscl-vanleer,-1,80,0.1,True,True,0.028318532173134736,0.08158368328110152,0.006855873617240232,6.661338147750939e-16,0.13917390001006424
double-rarefaction-hllc-teno3-n80,double-rarefaction,hllc,teno3,-1,80,0.1,True,True,0.011653202020544193,0.023997355415175108,0.0071924699798102424,2.7755575615628914e-16,0.5152182000456378
double-rarefaction-hllc-teno5-n80,double-rarefaction,hllc,teno5,-1,80,0.1,True,True,0.008513002953758732,0.028498474819138763,0.004410343926586803,6.661338147750939e-16,0.9522512999828905
double-rarefaction-hllc-teno7-n80,double-rarefaction,hllc,teno7,-1,80,0.1,True,True,0.008136240452803473,0.030514046433824993,0.0041059890317698446,6.661338147750939e-16,1.1134190999437124
double-rarefaction-hllc-weno3-js-n80,double-rarefaction,hllc,weno3-js,-1,80,0.1,True,True,0.014540651170802934,0.04445736083780166,0.009996645835067182,8.881784197001252e-16,0.428428600076586
double-rarefaction-hllc-weno3-z-n80,double-rarefaction,hllc,weno3-z,-1,80,0.1,True,True,0.013224391594508656,0.0385956675981434,0.008932898515947692,3.2389367211317244e-16,0.5861713999183849
double-rarefaction-hllc-weno5-js-n80,double-rarefaction,hllc,weno5-js,-1,80,0.1,True,True,0.010347617048630266,0.028163750864228308,0.0058899629930125996,6.661338147750939e-16,1.8486269999993965
double-rarefaction-hllc-weno5-z-n80,double-rarefaction,hllc,weno5-z,-1,80,0.1,True,True,0.00870860783622315,0.026088541414852756,0.004995334812345056,4.578099786693079e-16,1.4002392999827862
double-rarefaction-hllc-weno7-js-n80,double-rarefaction,hllc,weno7-js,-1,80,0.03129020842827853,False,False,,,,8.326672684688674e-16,0.8705054000020027
double-rarefaction-hlle-cweno3-n80,double-rarefaction,hlle,cweno3,-1,80,0.1,True,True,0.02370845415625371,0.07690992613176481,0.008026649980036004,4.440892098500626e-16,0.25885109999217093
double-rarefaction-jst-first-n80,double-rarefaction,jst,first,-1,80,0.1,True,True,0.016237746857129372,0.028555179908541208,0.007930234801290974,6.661338147750939e-16,0.08648389996960759
double-rarefaction-roe-cweno3-n80,double-rarefaction,roe,cweno3,-1,80,0.00274245273751106,False,False,,,,8.187894806610529e-16,0.2376235999399796
double-rarefaction-roe-nc-cweno3-n80,double-rarefaction,roe-nc,cweno3,-1,80,0.00274245273751106,False,False,,,,8.187894806610529e-16,0.3161846000002697
double-rarefaction-rusanov-cweno3-n80,double-rarefaction,rusanov,cweno3,-1,80,0.1,True,True,0.024153652061780755,0.09693001611123298,0.00778047634572554,1.1102230246251565e-15,0.18077939993236214
double-rarefaction-slau2-cweno3-n80,double-rarefaction,slau2,cweno3,-1,80,0.1,True,True,0.024228150432209182,0.07592907488307928,0.007907502235882696,6.661338147750939e-16,0.2394544999115169
double-rarefaction-steger-warming-cweno3-n80,double-rarefaction,steger-warming,cweno3,-1,80,0.1,True,True,0.025748519091643562,0.07882748162603243,0.007547183508152542,1.1102230246251565e-15,0.21621280000545084
double-rarefaction-vanleer-cweno3-n80,double-rarefaction,vanleer,cweno3,-1,80,0.1,True,True,0.0257438577337612,0.07995401204561291,0.0075653320549930155,1.1102230246251565e-16,0.25623699999414384
lax-ausm-cweno3-n80,lax,ausm,cweno3,-1,80,0.14,True,True,0.02419922159245539,0.022693736092638188,0.02412375805310081,6.661338147750939e-15,0.44541469996329397
lax-ausm-plus-cweno3-n80,lax,ausm-plus,cweno3,-1,80,0.14,True,True,0.022948022772604548,0.023008062187344618,0.02401452065611275,7.993605777301127e-15,0.542177899973467
lax-ausm-up-cweno3-n80,lax,ausm-up,cweno3,-1,80,0.14,True,True,0.02511793568860567,0.02722469132543668,0.029319625191459454,1.0658141036401503e-14,0.4047488000942394
lax-ausm-up2-cweno3-n80,lax,ausm-up2,cweno3,-1,80,0.14,True,True,0.02481651149575265,0.025112369646277378,0.0276746619404326,5.773159728050814e-15,0.38515330001246184
lax-ec-lf-cweno3-n80,lax,ec-lf,cweno3,-1,80,0.14,True,True,0.03093995018347634,0.028581782389227005,0.03153565534528928,7.549516567451064e-15,0.35849799995776266
lax-global-lf-cweno3-n80,lax,global-lf,cweno3,-1,80,0.14,True,True,0.03683183166989026,0.038080365302948796,0.04201661154481783,8.881784197001252e-15,0.4101074000354856
lax-godunov-cweno3-n80,lax,godunov,cweno3,-1,80,0.14,True,True,0.02464018401044426,0.02397312202906087,0.025859632455263588,9.103828801926284e-15,1.7889023999450728
lax-hllc-cweno3-char-n80,lax,hllc,cweno3-char,-1,80,0.14,True,True,0.024447482649223057,0.02394729864227767,0.025624897590659456,9.325873406851315e-15,0.7511397000635043
lax-hllc-cweno3-n80,lax,hllc,cweno3,-1,80,0.14,True,True,0.024630063941259488,0.024533357157670972,0.026323772008774386,7.105427357601002e-15,0.5589238000102341
lax-hllc-cweno5-char-n80,lax,hllc,cweno5-char,-1,80,0.14,True,True,0.01625570813999686,0.01627967977260425,0.01666111076274405,1.0436096431476471e-14,1.5665222000097856
lax-hllc-cweno5-n80,lax,hllc,cweno5,-1,80,0.14,True,True,0.017692826304705516,0.01934004073601885,0.020368243460240756,5.995204332975845e-15,0.7511893000919372
lax-hllc-eno2-n80,lax,hllc,eno2,-1,80,0.14,True,True,0.02667432827425207,0.026127553484251963,0.028423408401311256,7.327471962526033e-15,0.45147770002949983
lax-hllc-first-n80,lax,hllc,first,-1,80,0.14,True,True,0.0590453629843611,0.07275212831310233,0.08409061673826057,8.881784197001252e-15,0.3980120000196621
lax-hllc-muscl-minmod-n80,lax,hllc,muscl-minmod,-1,80,0.14,True,True,0.026664935422253826,0.02574129669352383,0.027978060884716792,9.769962616701378e-15,0.2906793999718502
lax-hllc-muscl-n80,lax,hllc,muscl,-1,80,0.14,True,True,0.017884425963580298,0.015938459403627682,0.016809733226004955,6.661338147750939e-15,0.4475373000605032
lax-hllc-muscl-superbee-n80,lax,hllc,muscl-superbee,-1,80,0.14,True,True,0.013416760169045841,0.013293382498757434,0.013883310328179365,4.6629367034256575e-15,0.33475570008158684
lax-hllc-muscl-thinc-bvd-n80,lax,hllc,muscl-thinc-bvd,-1,80,0.14,True,True,0.010101954026558682,0.014607155326211502,0.015973581342793426,7.105427357601002e-15,0.45792319998145103
lax-hllc-muscl-vanalbada-n80,lax,hllc,muscl-vanalbada,-1,80,0.14,True,True,0.022488890238612762,0.02124230252440549,0.02266540674677387,5.10702591327572e-15,0.43369580002035946
lax-hllc-muscl-vanleer-n80,lax,hllc,muscl-vanleer,-1,80,0.14,True,True,0.01994023422457506,0.01780480008335626,0.01877907467452606,8.881784197001252e-15,0.3437265999382362
lax-hllc-teno3-n80,lax,hllc,teno3,-1,80,0.14,True,True,0.020582397354029273,0.021113185670625916,0.022221375690631772,6.661338147750939e-15,0.994961200049147
lax-hllc-teno5-n80,lax,hllc,teno5,-1,80,0.14,True,True,0.012544968220013794,0.013189931867693974,0.013156041187812145,7.993605777301127e-15,1.5569557000417262
lax-hllc-teno7-n80,lax,hllc,teno7,-1,80,0.14,True,True,0.011100173972516563,0.011998345124742862,0.011895481006541735,4.884981308350689e-15,1.526816500001587
lax-hllc-weno3-js-n80,lax,hllc,weno3-js,-1,80,0.14,True,True,0.024580217646275642,0.02387583344593524,0.025533460832971543,9.325873406851315e-15,1.0353917999891564
lax-hllc-weno3-z-n80,lax,hllc,weno3-z,-1,80,0.14,True,True,0.022944880086123172,0.022456994835555084,0.023794497142132626,6.439293542825908e-15,1.2598699999507517
lax-hllc-weno5-js-n80,lax,hllc,weno5-js,-1,80,0.14,True,True,0.016128227179280107,0.016343844450714122,0.016769607529595127,9.325873406851315e-15,2.7234917000168934
lax-hllc-weno5-z-n80,lax,hllc,weno5-z,-1,80,0.14,True,True,0.01444458134105717,0.015094890584157838,0.015261148896573165,9.103828801926284e-15,1.9126850999891758
lax-hllc-weno7-js-n80,lax,hllc,weno7-js,-1,80,0.14,True,True,0.012999329038997495,0.01384521089373263,0.01395965303803946,7.327471962526033e-15,1.7762169999768957
lax-hlle-cweno3-n80,lax,hlle,cweno3,-1,80,0.14,True,True,0.026977360636626046,0.02580713169122162,0.027899159019468565,8.43769498715119e-15,0.7969682000111789
lax-jst-first-n80,lax,jst,first,-1,80,0.14,True,True,0.03835537884416594,0.060649875889278816,0.08739199254476279,1.0436096431476471e-14,0.1707159000216052
lax-roe-cweno3-n80,lax,roe,cweno3,-1,80,0.14,True,True,0.02466237766051024,0.02433558774276187,0.026387956657590694,1.0658141036401503e-14,0.6966763000236824
lax-roe-nc-cweno3-n80,lax,roe-nc,cweno3,-1,80,0.14,True,True,0.02466249180077105,0.02433570828521425,0.026388138042998166,9.547918011776346e-15,0.8380706999450922
lax-rusanov-cweno3-n80,lax,rusanov,cweno3,-1,80,0.14,True,True,0.03100630933716656,0.02905191595499972,0.03198151855427887,8.881784197001252e-15,0.45738589996472
lax-slau2-cweno3-n80,lax,slau2,cweno3,-1,80,0.14,True,True,0.023477300408462333,0.02168131794380349,0.02394280549322061,9.769962616701378e-15,0.5737195999827236
lax-steger-warming-cweno3-n80,lax,steger-warming,cweno3,-1,80,0.14,True,True,0.026956071498711875,0.02795343742351859,0.030238730991646,9.325873406851315e-15,0.4223937001079321
lax-vanleer-cweno3-n80,lax,vanleer,cweno3,-1,80,0.14,True,True,0.025076210478298815,0.025273951940471294,0.027173477702512105,9.769962616701378e-15,0.5037447999930009
sod-ausm-cweno3-char-n80,sod,ausm,cweno3-char,-1,80,0.2,True,True,0.007161660659467825,0.014450578038784764,0.005559013329760144,5.672127243039505e-16,0.36420800001360476
sod-ausm-cweno3-n160,sod,ausm,cweno3,-1,160,0.2,True,True,0.004505825672548263,0.008365660979455614,0.0036730270009791193,6.6652294145685875e-16,0.8594819999998435
sod-ausm-cweno3-n40,sod,ausm,cweno3,-1,40,0.2,True,True,0.01625960011838255,0.03336631906780216,0.014987874522023154,4.1767925195026557e-16,0.1295860999962315
sod-ausm-cweno3-n80,sod,ausm,cweno3,-1,80,0.2,True,True,0.008912290076237568,0.017465780479111685,0.007456225356631638,2.1333901624141365e-16,0.32044799998402596
sod-ausm-cweno5-char-n80,sod,ausm,cweno5-char,-1,80,0.2,True,True,0.0048074828277019505,0.01007273665876029,0.0037577136938225135,2.2092109843855973e-16,0.4896717000519857
sod-ausm-cweno5-n80,sod,ausm,cweno5,-1,80,0.2,True,True,0.005919395443937299,0.01280238256916862,0.0050375185913801804,2.9881524618715723e-16,0.3842618999769911
sod-ausm-dg0-n160,sod,ausm,modal-dg,0,160,0.2,True,True,0.013521256513603802,0.02404533670637042,0.011191552511534487,1.1088735818141296e-15,1.133301299996674
sod-ausm-dg0-n40,sod,ausm,modal-dg,0,40,0.2,True,True,0.03057021186361139,0.07093141151441941,0.02998966042569453,2.0022842433554955e-16,0.19447260000742972
sod-ausm-dg0-n80,sod,ausm,modal-dg,0,80,0.2,True,True,0.021207542803046632,0.04258781579683726,0.01875142352547874,4.632406727639579e-16,0.12151580001227558
sod-ausm-dg1-n160,sod,ausm,modal-dg,1,160,0.2,True,True,0.0018265196471401175,0.0037819174267470944,0.0014845449429002388,1.0594766929547554e-14,4.110180399962701
sod-ausm-dg1-n40,sod,ausm,modal-dg,1,40,0.2,True,True,0.006279431893533036,0.016895178639655933,0.006056609075264829,8.731049162251332e-16,0.8450332999927923
sod-ausm-dg1-n80,sod,ausm,modal-dg,1,80,0.2,True,True,0.003750693281243181,0.008272036505108687,0.003067770998895525,3.970395250068004e-15,0.9080402000108734
sod-ausm-dg2-n160,sod,ausm,modal-dg,2,160,0.2,True,True,0.0018097079377223328,0.0037823207462303484,0.0014849390392207122,4.522997780286857e-15,6.809240599977784
sod-ausm-dg2-n40,sod,ausm,modal-dg,2,40,0.2,True,True,0.0062805394022676635,0.016896750350600884,0.0060570154439809785,6.270157154526465e-17,1.4277877999702469
sod-ausm-dg2-n80,sod,ausm,modal-dg,2,80,0.2,True,True,0.0037397673961977115,0.008273299905781448,0.0030685614662115377,4.3516201901989967e-16,1.5762990999501199
sod-ausm-eno2-n80,sod,ausm,eno2,-1,80,0.2,True,True,0.009511069123086477,0.01846313916295235,0.007994033371383514,7.434605992364903e-16,0.1216366000007838
sod-ausm-first-n80,sod,ausm,first,-1,80,0.2,True,True,0.021207542803046632,0.04258781579683726,0.01875142352547874,4.632406727639579e-16,0.10026780003681779
sod-ausm-muscl-minmod-n80,sod,ausm,muscl-minmod,-1,80,0.2,True,True,0.00940390163852389,0.01805268975889964,0.007842825983294275,1.8255985111932773e-16,0.3150570000289008
sod-ausm-muscl-n80,sod,ausm,muscl,-1,80,0.2,True,True,0.007739128577863604,0.013104358421639003,0.006136314203366781,4.440892098500626e-16,0.21342629997525364
sod-ausm-muscl-superbee-n80,sod,ausm,muscl-superbee,-1,80,0.2,True,True,0.007260281079062944,0.012228979026745619,0.005550275035540745,2.220446049250313e-16,0.222044299938716
sod-ausm-muscl-thinc-bvd-n80,sod,ausm,muscl-thinc-bvd,-1,80,0.2,True,True,0.007908120532694879,0.012249292407526353,0.0060827514500715815,2.220446049250313e-16,0.2531343000009656
sod-ausm-muscl-vanalbada-n80,sod,ausm,muscl-vanalbada,-1,80,0.2,True,True,0.00833331383994029,0.016001231811794733,0.006915475660207097,4.660691314911801e-16,0.15608720004092902
sod-ausm-muscl-vanleer-n80,sod,ausm,muscl-vanleer,-1,80,0.2,True,True,0.007883849170570187,0.014268191733105885,0.0064179553897596026,2.220446049250313e-16,0.13310760003514588
sod-ausm-plus-cweno3-char-n80,sod,ausm-plus,cweno3-char,-1,80,0.2,True,True,0.007516714197005026,0.015030420969437797,0.0059340198703450656,5.77520209147373e-16,0.39805119996890426
sod-ausm-plus-cweno3-n160,sod,ausm-plus,cweno3,-1,160,0.2,True,True,0.004363644291154671,0.008213567223818368,0.0035249942202343746,6.679630611556616e-16,0.912879699957557
sod-ausm-plus-cweno3-n40,sod,ausm-plus,cweno3,-1,40,0.2,True,True,0.015742614231964734,0.035989293993848655,0.01504270110583512,8.807976657653269e-17,0.1513229999691248
sod-ausm-plus-cweno3-n80,sod,ausm-plus,cweno3,-1,80,0.2,True,True,0.008626437671562128,0.017988934176533123,0.007344709832985746,2.583033102706563e-16,0.26147869997657835
sod-ausm-plus-cweno5-char-n80,sod,ausm-plus,cweno5-char,-1,80,0.2,True,True,0.005089358854591335,0.010557944385594783,0.004028689892894998,3.0022520001739894e-16,0.5982840999495238
sod-ausm-plus-cweno5-n80,sod,ausm-plus,cweno5,-1,80,0.2,True,True,0.005861013941928802,0.012634845823823487,0.005050899841607569,1.1102230246251565e-16,0.4180127000436187
sod-ausm-plus-dg0-n160,sod,ausm-plus,modal-dg,0,160,0.2,True,True,0.01410314728026964,0.02511787646718386,0.012031195988089823,1.171120674419664e-15,0.8739133999915794
sod-ausm-plus-dg0-n40,sod,ausm-plus,modal-dg,0,40,0.2,True,True,0.031624108274671506,0.07500673859408387,0.03124157747553859,2.305674504403041e-16,0.19221390003804117
sod-ausm-plus-dg0-n80,sod,ausm-plus,modal-dg,0,80,0.2,True,True,0.021985923340936023,0.04452789495296936,0.01981513438501617,2.6578310330275273e-16,0.18019860005006194
sod-ausm-plus-dg1-n160,sod,ausm-plus,modal-dg,1,160,0.2,True,True,0.001761539733648831,0.003689149264505818,0.0013815170098369386,1.0399327638857767e-14,3.638152400031686
sod-ausm-plus-dg1-n40,sod,ausm-plus,modal-dg,1,40,0.2,True,True,0.0059454532538338375,0.016853746337154266,0.0057620155607078245,5.383846590701924e-16,0.6520320000126958
sod-ausm-plus-dg1-n80,sod,ausm-plus,modal-dg,1,80,0.2,True,True,0.003613538133307484,0.008098578020499203,0.0028852587897046996,4.569514064370888e-15,0.8791553999762982
sod-ausm-plus-dg2-n160,sod,ausm-plus,modal-dg,2,160,0.2,True,True,0.0016713345463911246,0.003689072048886484,0.0013813162192229933,1.008281156664583e-15,6.8513947000028566
sod-ausm-plus-dg2-n40,sod,ausm-plus,modal-dg,2,40,0.2,True,True,0.005866405737050188,0.01685421436105821,0.005761267307479389,2.1169744355896524e-16,1.0649989999365062
sod-ausm-plus-dg2-n80,sod,ausm-plus,modal-dg,2,80,0.2,True,True,0.003500294298027979,0.008097808200306093,0.0028845001928228566,6.354363477985801e-16,1.4497201000340283
sod-ausm-plus-eno2-n80,sod,ausm-plus,eno2,-1,80,0.2,True,True,0.009952017770232214,0.01970424454659723,0.008520617389728017,3.0351480254641224e-16,0.17378850001841784
sod-ausm-plus-first-n80,sod,ausm-plus,first,-1,80,0.2,True,True,0.021985923340936023,0.04452789495296936,0.01981513438501617,2.6578310330275273e-16,0.17148399993311614
sod-ausm-plus-muscl-minmod-n80,sod,ausm-plus,muscl-minmod,-1,80,0.2,True,True,0.009193276296440242,0.018498062288094256,0.007823110175837034,2.042893055407911e-16,0.16548470000270754
sod-ausm-plus-muscl-n80,sod,ausm-plus,muscl,-1,80,0.2,True,True,0.00753327727489501,0.013502069727509164,0.005899508140429841,4.440892098500626e-16,0.19960330007597804
sod-ausm-plus-muscl-superbee-n80,sod,ausm-plus,muscl-superbee,-1,80,0.2,True,True,0.006698361237394745,0.01155173243194434,0.004964444315152194,1.1102230246251565e-16,0.18484130001161247
sod-ausm-plus-muscl-thinc-bvd-n80,sod,ausm-plus,muscl-thinc-bvd,-1,80,0.2,True,True,0.007807432758090217,0.013336251986123043,0.00612595058740042,2.220446049250313e-16,0.23078899993561208
sod-ausm-plus-muscl-vanalbada-n80,sod,ausm-plus,muscl-vanalbada,-1,80,0.2,True,True,0.007991057829454612,0.016280789344271414,0.006779270774056165,7.936821676179685e-16,0.161020900006406
sod-ausm-plus-muscl-vanleer-n80,sod,ausm-plus,muscl-vanleer,-1,80,0.2,True,True,0.007648667433930123,0.014493567892470699,0.006245944661834194,2.220446049250313e-16,0.1891308999620378
sod-ausm-plus-teno3-n80,sod,ausm-plus,teno3,-1,80,0.2,True,True,0.006577405206432359,0.013804009603936674,0.00552936751142556,2.1527510391362722e-16,0.45962280000094324
sod-ausm-plus-teno5-n80,sod,ausm-plus,teno5,-1,80,0.2,True,True,0.0041042748665300575,0.009004435847885446,0.003403837922370606,7.100580898323812e-16,0.6328786000376567
sod-ausm-plus-teno7-n80,sod,ausm-plus,teno7,-1,80,0.2,True,True,0.0037812195687750906,0.008437043545475142,0.0032187409267837885,4.6339760893359025e-16,0.6499406000366434
sod-ausm-plus-weno3-js-n80,sod,ausm-plus,weno3-js,-1,80,0.2,True,True,0.007569948050505282,0.015060949108286167,0.005904578426922828,3.0883787924389427e-16,0.4593706999439746
sod-ausm-plus-weno3-z-n80,sod,ausm-plus,weno3-z,-1,80,0.2,True,True,0.007052267857655714,0.014245901979648373,0.0055312325369402,2.531047999852026e-16,0.3923367999959737
sod-ausm-plus-weno5-js-n80,sod,ausm-plus,weno5-js,-1,80,0.2,True,True,0.00519936108890699,0.010543468168595308,0.004114403822830095,6.045702873477118e-16,0.46873990003950894
sod-ausm-plus-weno5-z-n80,sod,ausm-plus,weno5-z,-1,80,0.2,True,True,0.004642995397154963,0.009847191774209164,0.0037138493527848074,3.630885019897411e-16,0.4801171999424696
sod-ausm-plus-weno7-js-n80,sod,ausm-plus,weno7-js,-1,80,0.2,True,True,0.004455056313017308,0.009280810815215215,0.003647917501867213,1.2733429133942947e-16,0.4746207999996841
sod-ausm-teno3-n80,sod,ausm,teno3,-1,80,0.2,True,True,0.00619566330756162,0.013186280700489888,0.00516509755287517,3.113729965865417e-16,0.48063080001156777
sod-ausm-teno5-n80,sod,ausm,teno5,-1,80,0.2,True,True,0.0038744505557100615,0.008464186176616676,0.003237189630274947,3.538057577108796e-16,0.7460326000582427
sod-ausm-teno7-n80,sod,ausm,teno7,-1,80,0.2,True,True,0.0034727514129981596,0.00781282582090247,0.002900178084665262,1.7511371769277268e-16,0.7620758999837562
sod-ausm-up-cweno3-char-n80,sod,ausm-up,cweno3-char,-1,80,0.2,True,True,0.01334518970560355,0.02558692120677669,0.012423153066439003,1.3370808893098767e-16,0.3056527000153437
sod-ausm-up-cweno3-n160,sod,ausm-up,cweno3,-1,160,0.2,True,True,0.006621182622962439,0.011951479575301526,0.005976648531314287,4.208982860907703e-16,0.761622800026089
sod-ausm-up-cweno3-n40,sod,ausm-up,cweno3,-1,40,0.2,True,True,0.024671739267325833,0.051511740647963634,0.024178969114926598,3.19683786820929e-16,0.08434189995750785
sod-ausm-up-cweno3-n80,sod,ausm-up,cweno3,-1,80,0.2,True,True,0.012941738677211656,0.02589956314110071,0.012342349394216686,2.1037262563890932e-16,0.23393950005993247
sod-ausm-up-cweno5-char-n80,sod,ausm-up,cweno5-char,-1,80,0.2,True,True,0.009497228777526906,0.01770204352047276,0.008732127286166697,2.893548105728761e-16,0.3896211999235675
sod-ausm-up-cweno5-n80,sod,ausm-up,cweno5,-1,80,0.2,True,True,0.008871812647286365,0.01752929476789187,0.008432267663380422,2.220378007311829e-16,0.2606012000469491
sod-ausm-up-dg0-n160,sod,ausm-up,modal-dg,0,160,0.2,True,True,0.020421180030690926,0.03708819823017059,0.019408308959504662,2.102311174733756e-16,0.61943419999443
sod-ausm-up-dg0-n40,sod,ausm-up,modal-dg,0,40,0.2,True,True,0.047557282786781736,0.10545529073624045,0.05164741536030787,8.326672684688674e-17,0.1892746000085026
sod-ausm-up-dg0-n80,sod,ausm-up,modal-dg,0,80,0.2,True,True,0.03214840010385274,0.06405867668996475,0.03199225106951814,3.6655636666049545e-16,0.11337969999294728
sod-ausm-up-dg1-n160,sod,ausm-up,modal-dg,1,160,0.2,True,True,0.0023042143201739184,0.0046479465133863924,0.001955107172860517,6.5774554610366605e-15,4.069377499981783
sod-ausm-up-dg1-n40,sod,ausm-up,modal-dg,1,40,0.2,True,True,0.008165505743218338,0.020794021715623605,0.008197147972761148,4.453986267745978e-16,0.6814398999558762
sod-ausm-up-dg1-n80,sod,ausm-up,modal-dg,1,80,0.2,True,True,0.0046629038266749745,0.010041969743170254,0.00402209066719038,8.009993376210167e-16,0.6088963999645784
sod-ausm-up-dg2-n160,sod,ausm-up,modal-dg,2,160,0.2,True,True,0.0021348066036756125,0.0046022461706976036,0.0019232818788942631,3.687127201118233e-15,7.062398000038229
sod-ausm-up-dg2-n40,sod,ausm-up,modal-dg,2,40,0.2,True,True,0.008050207839709939,0.02058277587837596,0.008071349038386891,2.522962821491305e-16,1.1124817999079823
sod-ausm-up-dg2-n80,sod,ausm-up,modal-dg,2,80,0.2,True,True,0.004445005286537513,0.00994522120679768,0.0039588181930489035,5.126646846430845e-15,1.0606397000374272
sod-ausm-up-eno2-n80,sod,ausm-up,eno2,-1,80,0.2,True,True,0.012158001233494534,0.023760360796264417,0.011162677944723306,2.2428966515719277e-16,0.1262669999850914
sod-ausm-up-first-n80,sod,ausm-up,first,-1,80,0.2,True,True,0.03214840010385274,0.06405867668996475,0.03199225106951814,3.6655636666049545e-16,0.09439280000515282
sod-ausm-up-muscl-minmod-n80,sod,ausm-up,muscl-minmod,-1,80,0.2,True,True,0.013062346968163177,0.02615008629118537,0.012463521310810206,4.88690891510568e-16,0.13722410006448627
sod-ausm-up-muscl-n80,sod,ausm-up,muscl,-1,80,0.2,True,True,0.009814506275454332,0.01826246902878258,0.009300945865763074,4.440892098500626e-16,0.12817609997000545
sod-ausm-up-muscl-superbee-n80,sod,ausm-up,muscl-superbee,-1,80,0.2,True,True,0.008225714414312451,0.01536851801158815,0.007777639423276622,2.220446049250313e-16,0.13080709998030216
sod-ausm-up-muscl-thinc-bvd-n80,sod,ausm-up,muscl-thinc-bvd,-1,80,0.2,True,True,0.009189628592340026,0.016165889420506542,0.008498613026959739,6.661338147750939e-16,0.18463510007131845
sod-ausm-up-muscl-vanalbada-n80,sod,ausm-up,muscl-vanalbada,-1,80,0.2,True,True,0.011179620069910027,0.022712022890897843,0.010734462023947091,2.2854788696355183e-16,0.12449759989976883
sod-ausm-up-muscl-vanleer-n80,sod,ausm-up,muscl-vanleer,-1,80,0.2,True,True,0.010296214480060994,0.020069886887022825,0.009910746276598928,2.220446049250313e-16,0.13646500010509044
sod-ausm-up-teno3-n80,sod,ausm-up,teno3,-1,80,0.2,True,True,0.009519255033571355,0.019062811177133383,0.00861186676779798,5.551115123125783e-17,0.40108549990691245
sod-ausm-up-teno5-n80,sod,ausm-up,teno5,-1,80,0.2,True,True,0.007766288942907482,0.014478034924140315,0.007247895220115236,4.365434650550301e-16,0.5201246000360698
sod-ausm-up-teno7-n80,sod,ausm-up,teno7,-1,80,0.2,True,True,0.00598454204510208,0.011763733009570888,0.0055446789101391645,1.9226113722510632e-16,0.5709122000262141
sod-ausm-up-weno3-js-n80,sod,ausm-up,weno3-js,-1,80,0.2,True,True,0.01202613420161289,0.023557114672936405,0.010940453714491958,2.390640469814999e-16,0.3465961000183597
sod-ausm-up-weno3-z-n80,sod,ausm-up,weno3-z,-1,80,0.2,True,True,0.010797961370911597,0.021290729913533136,0.009678140608971063,7.438304550804867e-16,0.3712356999749318
sod-ausm-up-weno5-js-n80,sod,ausm-up,weno5-js,-1,80,0.2,True,True,0.00909633963051629,0.016932475349594175,0.008272994319296924,3.6838128288123917e-16,0.4490308000240475
sod-ausm-up-weno5-z-n80,sod,ausm-up,weno5-z,-1,80,0.2,True,True,0.008299037055955878,0.015693617957139118,0.007563645121252979,9.757056278422487e-16,0.46055119996890426
sod-ausm-up-weno7-js-n80,sod,ausm-up,weno7-js,-1,80,0.2,True,True,0.007542064123164031,0.014088617673043263,0.006882821227358666,9.392702151472708e-16,0.5076554999686778
sod-ausm-up2-cweno3-char-n80,sod,ausm-up2,cweno3-char,-1,80,0.2,True,True,0.013205887961385466,0.02437070476957462,0.012314617696021529,2.24697979679673e-16,0.2748027000343427
sod-ausm-up2-cweno3-n160,sod,ausm-up2,cweno3,-1,160,0.2,True,True,0.006280339742111905,0.011022243484055233,0.005606452244291949,2.2722265587789814e-16,0.5847625000169501
sod-ausm-up2-cweno3-n40,sod,ausm-up2,cweno3,-1,40,0.2,True,True,0.023324653652259157,0.04930697459847524,0.02317020294078322,6.216209628474596e-16,0.12143509997986257
sod-ausm-up2-cweno3-n80,sod,ausm-up2,cweno3,-1,80,0.2,True,True,0.01223265586420787,0.024174205851109836,0.011615231469813234,4.89507972406977e-16,0.23456679994706064
sod-ausm-up2-cweno5-char-n80,sod,ausm-up2,cweno5-char,-1,80,0.2,True,True,0.00938236261443932,0.016954137311096962,0.008642393424054373,1.8822807636992782e-16,0.3816476999782026
sod-ausm-up2-cweno5-n80,sod,ausm-up2,cweno5,-1,80,0.2,True,True,0.008583175997731845,0.01654380441012878,0.008119516313709992,1.004280111012225e-15,0.2325006000464782
sod-ausm-up2-dg0-n160,sod,ausm-up2,modal-dg,0,160,0.2,True,True,0.01816317545018039,0.03248464165376465,0.016952375086750092,2.1591813049224852e-16,0.7154798000119627
sod-ausm-up2-dg0-n40,sod,ausm-up2,modal-dg,0,40,0.2,True,True,0.04312219733269429,0.09460915150702841,0.04637233806601945,5.112580755343814e-16,0.12220859993249178
sod-ausm-up2-dg0-n80,sod,ausm-up2,modal-dg,0,80,0.2,True,True,0.028772531503860378,0.05679639306940033,0.028269004662139885,2.1208254455325508e-16,0.10916899994481355
sod-ausm-up2-dg1-n160,sod,ausm-up2,modal-dg,1,160,0.2,True,True,0.002238791345129971,0.004230849935085628,0.001889929506867232,7.067512948812092e-15,3.9090783999999985
sod-ausm-up2-dg1-n40,sod,ausm-up2,modal-dg,1,40,0.2,True,True,0.007871935672593863,0.019237279288630373,0.007969037497245427,9.024059488986133e-16,0.6885403998894617
sod-ausm-up2-dg1-n80,sod,ausm-up2,modal-dg,1,80,0.2,True,True,0.004529295055949059,0.00922801014284653,0.0039042472013878283,6.172001689657771e-16,0.6192862999159843
sod-ausm-up2-dg2-n160,sod,ausm-up2,modal-dg,2,160,0.2,True,True,0.0020586801235188833,0.004173116053672569,0.0018509509546772158,8.350667236672052e-15,6.832040700013749
sod-ausm-up2-dg2-n40,sod,ausm-up2,modal-dg,2,40,0.2,True,True,0.007764434512205454,0.019004837580673933,0.007822268676970707,7.207797381393271e-16,1.5682665000203997
sod-ausm-up2-dg2-n80,sod,ausm-up2,modal-dg,2,80,0.2,True,True,0.0042887819810591915,0.00911289295741267,0.0038284367147774943,2.5301618574383436e-15,1.0427385000512004
sod-ausm-up2-eno2-n80,sod,ausm-up2,eno2,-1,80,0.2,True,True,0.01136226510275533,0.021642086426118295,0.010121635706529773,2.1932496671626676e-16,0.13638959999661893
sod-ausm-up2-first-n80,sod,ausm-up2,first,-1,80,0.2,True,True,0.028772531503860378,0.05679639306940033,0.028269004662139885,2.1208254455325508e-16,0.0995502999285236
sod-ausm-up2-muscl-minmod-n80,sod,ausm-up2,muscl-minmod,-1,80,0.2,True,True,0.012334287467884154,0.0244214025908817,0.011706112662659005,9.479066930522684e-16,0.12239080003928393
sod-ausm-up2-muscl-n80,sod,ausm-up2,muscl,-1,80,0.2,True,True,0.009347921212386038,0.016944466698416722,0.008847637836346548,4.440892098500626e-16,0.1336321000708267
sod-ausm-up2-muscl-superbee-n80,sod,ausm-up2,muscl-superbee,-1,80,0.2,True,True,0.008192126487227985,0.014880082025335866,0.00776179987453571,2.220446049250313e-16,0.12769539991859347
sod-ausm-up2-muscl-thinc-bvd-n80,sod,ausm-up2,muscl-thinc-bvd,-1,80,0.2,True,True,0.008904347803708655,0.015605326078186271,0.008316818679579164,2.7755575615628914e-17,0.1659541999688372
sod-ausm-up2-muscl-vanalbada-n80,sod,ausm-up2,muscl-vanalbada,-1,80,0.2,True,True,0.010645803830459573,0.02128618728362333,0.010175612848544836,1.1091085385666909e-16,0.11227460007648915
sod-ausm-up2-muscl-vanleer-n80,sod,ausm-up2,muscl-vanleer,-1,80,0.2,True,True,0.009803589158574846,0.01873127838458305,0.009402984056831685,6.661338147750939e-16,0.13169559999369085
sod-ausm-up2-teno3-n80,sod,ausm-up2,teno3,-1,80,0.2,True,True,0.010710932264923555,0.020096709273391865,0.010339685718917298,3.661521062535949e-17,0.38529360003303736
sod-ausm-up2-teno5-n80,sod,ausm-up2,teno5,-1,80,0.2,True,True,0.007653392112908217,0.013895209005417363,0.007164000136841367,1.1102230246251565e-16,0.4682586999842897
sod-ausm-up2-teno7-n80,sod,ausm-up2,teno7,-1,80,0.2,True,True,0.005854130550140627,0.011168398180561756,0.005401678306307766,2.3338280549418206e-16,0.49672080005984753
sod-ausm-up2-weno3-js-n80,sod,ausm-up2,weno3-js,-1,80,0.2,True,True,0.011622731935021086,0.022163786655412146,0.010519846069411988,5.021133267349686e-16,0.33544759999495
sod-ausm-up2-weno3-z-n80,sod,ausm-up2,weno3-z,-1,80,0.2,True,True,0.01044217725015396,0.020042650335359766,0.009322121541305187,5.743428172970613e-16,0.3604049999266863
sod-ausm-up2-weno5-js-n80,sod,ausm-up2,weno5-js,-1,80,0.2,True,True,0.00875503973925017,0.015894279270716592,0.007929801786785134,3.3700466423061183e-16,0.5244665000354871
sod-ausm-up2-weno5-z-n80,sod,ausm-up2,weno5-z,-1,80,0.2,True,True,0.008077794337998292,0.014874524495345365,0.00735583604787554,1.3482460748611728e-16,0.4526666000019759
sod-ausm-up2-weno7-js-n80,sod,ausm-up2,weno7-js,-1,80,0.2,True,True,0.007284628930840853,0.013257903656034931,0.006627137142867806,1.6653345369377348e-16,0.5510982999112457
sod-ausm-weno3-js-n80,sod,ausm,weno3-js,-1,80,0.2,True,True,0.00717313251848877,0.014413487035638915,0.005453933611024847,7.191206494063297e-16,0.5229049000190571
sod-ausm-weno3-z-n80,sod,ausm,weno3-z,-1,80,0.2,True,True,0.0066513083771226,0.013637416273376512,0.0051564518781479236,2.3953240276518124e-16,0.47303350002039224
sod-ausm-weno5-js-n80,sod,ausm,weno5-js,-1,80,0.2,True,True,0.004901448804498493,0.010039795703978557,0.003837704806503061,2.115976985216046e-16,0.5749777000164613
sod-ausm-weno5-z-n80,sod,ausm,weno5-z,-1,80,0.2,True,True,0.0043773006837337074,0.009454734105064817,0.003501251663427132,2.2180914603071906e-16,0.5715713000390679
sod-ausm-weno7-js-n80,sod,ausm,weno7-js,-1,80,0.2,True,True,0.0041963739676745705,0.008869187597032927,0.003425866778337466,4.769855711610138e-16,0.612641999963671
sod-ec-lf-cweno3-char-n80,sod,ec-lf,cweno3-char,-1,80,0.2,True,True,0.01053401835028746,0.018888720538490743,0.008297631006168194,2.3587396316913716e-16,0.3505334999645129
sod-ec-lf-cweno3-n160,sod,ec-lf,cweno3,-1,160,0.2,True,True,0.0055229201780285925,0.00952747693434809,0.004367505693625203,9.646280222984776e-17,0.8514141000341624
sod-ec-lf-cweno3-n40,sod,ec-lf,cweno3,-1,40,0.2,True,True,0.020347471591579812,0.03845736949180194,0.01766861975633781,1.8873042853260525e-16,0.14443250000476837
sod-ec-lf-cweno3-n80,sod,ec-lf,cweno3,-1,80,0.2,True,True,0.010906239239661723,0.01983956646961066,0.008971476682761242,2.368474123393374e-16,0.21905019995756447
sod-ec-lf-cweno5-char-n80,sod,ec-lf,cweno5-char,-1,80,0.2,True,True,0.007069083299551108,0.012997403774216982,0.0056069888042601865,5.268689917748447e-16,0.43170860002283007
sod-ec-lf-cweno5-n80,sod,ec-lf,cweno5,-1,80,0.2,True,True,0.007185425707428181,0.013229588671172642,0.005705403366472886,3.9034531320591946e-16,0.3473165000323206
sod-ec-lf-dg0-n160,sod,ec-lf,modal-dg,0,160,0.2,True,True,0.02049386140876578,0.03528987277258988,0.017953770167433748,1.110367464111986e-15,0.6086345999501646
sod-ec-lf-dg0-n40,sod,ec-lf,modal-dg,0,40,0.2,True,True,0.037181418877736336,0.098015487690617,0.04556112277736386,3.620659273697452e-16,0.11825419997330755
sod-ec-lf-dg0-n80,sod,ec-lf,modal-dg,0,80,0.2,True,True,0.02932836855954384,0.059886564439012656,0.02914232133807452,7.819096793724905e-17,0.11874900001566857
sod-ec-lf-dg1-n160,sod,ec-lf,modal-dg,1,160,0.2,True,True,0.002242986952105844,0.003962755286701158,0.001759415878903077,5.341737559413342e-15,3.7071386000607163
sod-ec-lf-dg1-n40,sod,ec-lf,modal-dg,1,40,0.2,True,True,0.007692180804024937,0.01759865301882243,0.007310230007702699,2.12937635927558e-15,0.6226625998970121
sod-ec-lf-dg1-n80,sod,ec-lf,modal-dg,1,80,0.2,True,True,0.004549773941891384,0.00858300179087583,0.0036161967717439638,8.557885524633964e-16,0.7731757001020014
sod-ec-lf-dg2-n160,sod,ec-lf,modal-dg,2,160,0.2,True,True,0.0021501067639903317,0.003963591618076752,0.001759718656184657,1.2972492412731394e-14,6.884527700021863
sod-ec-lf-dg2-n40,sod,ec-lf,modal-dg,2,40,0.2,True,True,0.007665766935426349,0.017599939193576778,0.0073111081970540365,5.99626636929813e-16,0.9956939000403509
sod-ec-lf-dg2-n80,sod,ec-lf,modal-dg,2,80,0.2,True,True,0.004419418004966065,0.008583220112399466,0.003616522869891841,3.3036015130162625e-15,1.3463226000312716
sod-ec-lf-eno2-n80,sod,ec-lf,eno2,-1,80,0.2,True,True,0.012304888511243055,0.02186320411990471,0.01010581236036133,3.818967307519532e-16,0.15924559999257326
sod-ec-lf-first-n80,sod,ec-lf,first,-1,80,0.2,True,True,0.02932836855954384,0.059886564439012656,0.02914232133807452,7.819096793724905e-17,0.09850630001164973
sod-ec-lf-muscl-minmod-n80,sod,ec-lf,muscl-minmod,-1,80,0.2,True,True,0.01228386917179732,0.02185125333852786,0.01010639177320263,2.898688063706793e-16,0.14868189999833703
sod-ec-lf-muscl-n80,sod,ec-lf,muscl,-1,80,0.2,True,True,0.0090616184731569,0.01546943277926811,0.007143073896832617,3.3306690738754696e-16,0.13594810001086444
sod-ec-lf-muscl-superbee-n80,sod,ec-lf,muscl-superbee,-1,80,0.2,True,True,0.010501110346285647,0.017230123826300608,0.007783305258353515,2.220446049250313e-16,0.15586960001382977
sod-ec-lf-muscl-thinc-bvd-n80,sod,ec-lf,muscl-thinc-bvd,-1,80,0.2,True,True,0.009262271931492006,0.0131951563432362,0.005884881602796874,6.661338147750939e-16,0.23925149999558926
sod-ec-lf-muscl-vanalbada-n80,sod,ec-lf,muscl-vanalbada,-1,80,0.2,True,True,0.010077270234617162,0.01828122288820568,0.008319818436385063,8.294080320782783e-16,0.1483746999874711
sod-ec-lf-muscl-vanleer-n80,sod,ec-lf,muscl-vanleer,-1,80,0.2,True,True,0.00925140550258572,0.016078043461461043,0.007463736615967623,1.1102230246251565e-16,0.150012300000526
sod-ec-lf-teno3-n80,sod,ec-lf,teno3,-1,80,0.2,True,True,0.008477843891476993,0.016107140441193463,0.00690293586219802,6.034836264987934e-16,0.525863999966532
sod-ec-lf-teno5-n80,sod,ec-lf,teno5,-1,80,0.2,True,True,0.005372164364232707,0.010191507802582387,0.0044416223580054995,2.2811626584334923e-16,0.6830516000045463
sod-ec-lf-teno7-n80,sod,ec-lf,teno7,-1,80,0.2,True,True,0.005004509450935174,0.009864574200578211,0.004274655722665617,3.3950487156358306e-16,0.7113396000349894
sod-ec-lf-weno3-js-n80,sod,ec-lf,weno3-js,-1,80,0.2,True,True,0.010607483857684017,0.019139392975816526,0.008407750381111847,3.209887503189451e-16,0.5282444999320433
sod-ec-lf-weno3-z-n80,sod,ec-lf,weno3-z,-1,80,0.2,True,True,0.00966669954839483,0.017692798679951556,0.007695338673064345,8.587507144479148e-17,0.51208030001726
sod-ec-lf-weno5-js-n80,sod,ec-lf,weno5-js,-1,80,0.2,True,True,0.0071097668182279776,0.012955748218363511,0.005653518980800323,4.233287166420589e-16,0.7331954999826849
sod-ec-lf-weno5-z-n80,sod,ec-lf,weno5-z,-1,80,0.2,True,True,0.006335002524516529,0.012000824971224715,0.005123418598476429,3.182125932086953e-16,0.716262900037691
sod-ec-lf-weno7-js-n80,sod,ec-lf,weno7-js,-1,80,0.2,True,True,0.005897255147394646,0.011086503477295489,0.004832519284353095,1.0180870072524737e-16,0.7050738999387249
sod-global-lf-cweno3-char-n80,sod,global-lf,cweno3-char,-1,80,0.2,True,True,0.01148046343377905,0.02144586884087015,0.009447326718647921,2.7063014346429706e-16,0.2736799999838695
sod-global-lf-cweno3-n160,sod,global-lf,cweno3,-1,160,0.2,True,True,0.005941869293962618,0.010642212667081732,0.004824165448998965,3.3193889804284776e-16,0.5939848000416532
sod-global-lf-cweno3-n40,sod,global-lf,cweno3,-1,40,0.2,True,True,0.021674361031864882,0.04215554548815496,0.01938909263321107,2.172804681131995e-16,0.08257319999393076
sod-global-lf-cweno3-n80,sod,global-lf,cweno3,-1,80,0.2,True,True,0.01166480134727112,0.02181297638844838,0.00980824133584331,5.861315888892819e-16,0.28074149996973574
sod-global-lf-cweno5-char-n80,sod,global-lf,cweno5-char,-1,80,0.2,True,True,0.0075664061097032494,0.014280882417650662,0.006138464165970891,4.888825521059688e-16,0.33383309992495924
sod-global-lf-cweno5-n80,sod,global-lf,cweno5,-1,80,0.2,True,True,0.007534258568070098,0.014289769973980255,0.006079794045291065,2.4739022480021725e-16,0.22605739999562502
sod-global-lf-dg0-n160,sod,global-lf,modal-dg,0,160,0.2,True,True,0.02367550742489012,0.04346181640203375,0.022163861723444013,2.3665569661768015e-16,0.4786477000452578
sod-global-lf-dg0-n40,sod,global-lf,modal-dg,0,40,0.2,True,True,0.041091966482773676,0.11119769892064375,0.05188754788409873,6.202991679332692e-17,0.0952825000276789
sod-global-lf-dg0-n80,sod,global-lf,modal-dg,0,80,0.2,True,True,0.03296848676314644,0.07102827473019227,0.03461687920364828,3.1883082464304394e-16,0.06987929996103048
sod-global-lf-dg1-n160,sod,global-lf,modal-dg,1,160,0.2,True,True,0.0022329840178291873,0.004075041628383302,0.0017502616087258615,4.663093472834146e-15,3.6426630000350997
sod-global-lf-dg1-n40,sod,global-lf,modal-dg,1,40,0.2,True,True,0.007587270336888961,0.01821058086090736,0.0072749812373046644,1.3464100599267114e-15,0.5639339999761432
sod-global-lf-dg1-n80,sod,global-lf,modal-dg,1,80,0.2,True,True,0.004481522149589109,0.008843233715165735,0.0035972990620117924,1.4767479250282015e-15,0.5005722999339923
sod-global-lf-dg2-n160,sod,global-lf,modal-dg,2,160,0.2,True,True,0.0021353962565406675,0.004074621377472882,0.0017499290049812458,9.596948582166119e-15,6.345490499981679
sod-global-lf-dg2-n40,sod,global-lf,modal-dg,2,40,0.2,True,True,0.007538199392086981,0.01820998054229738,0.007274235943909619,2.4504160602777445e-15,0.9671632000245154
sod-global-lf-dg2-n80,sod,global-lf,modal-dg,2,80,0.2,True,True,0.004313680816453299,0.0088425040725276,0.003596589391500206,3.8642309479830396e-16,0.933523099985905
sod-global-lf-eno2-n80,sod,global-lf,eno2,-1,80,0.2,True,True,0.013572200007662854,0.024541233676989238,0.011337167293422351,1.1261029995642886e-16,0.08682760002557188
sod-global-lf-first-n80,sod,global-lf,first,-1,80,0.2,True,True,0.03296848676314644,0.07102827473019227,0.03461687920364828,3.1883082464304394e-16,0.06922440009657294
sod-global-lf-muscl-minmod-n80,sod,global-lf,muscl-minmod,-1,80,0.2,True,True,0.01361146633454935,0.02461891015018791,0.011396647544601702,3.854745167944222e-16,0.08027679997030646
sod-global-lf-muscl-n80,sod,global-lf,muscl,-1,80,0.2,True,True,0.00969246595063748,0.01676381645003299,0.007838569347591064,2.220446049250313e-16,0.09712739998940378
sod-global-lf-muscl-superbee-n80,sod,global-lf,muscl-superbee,-1,80,0.2,True,True,0.01104541742712169,0.018395620193615243,0.008275597773787802,4.440892098500626e-16,0.08581259998027235
sod-global-lf-muscl-thinc-bvd-n80,sod,global-lf,muscl-thinc-bvd,-1,80,0.2,True,True,0.009576131424412385,0.01344278983752122,0.006263688613425039,6.661338147750939e-16,0.15275900007691234
sod-global-lf-muscl-vanalbada-n80,sod,global-lf,muscl-vanalbada,-1,80,0.2,True,True,0.010950391585857098,0.020179680143936743,0.009214164053519476,2.183616711275011e-16,0.085646599996835
sod-global-lf-muscl-vanleer-n80,sod,global-lf,muscl-vanleer,-1,80,0.2,True,True,0.009990607624448828,0.01767479142338372,0.008234772815421672,2.220446049250313e-16,0.10611000005155802
sod-global-lf-teno3-n80,sod,global-lf,teno3,-1,80,0.2,True,True,0.009138243085695514,0.018049615591818714,0.0077257903214408815,1.1102230246251565e-16,0.35197590000461787
sod-global-lf-teno5-n80,sod,global-lf,teno5,-1,80,0.2,True,True,0.005695852916991739,0.011018504282689957,0.004774460379956937,3.0547227289077467e-16,0.47075199999380857
sod-global-lf-teno7-n80,sod,global-lf,teno7,-1,80,0.2,True,True,0.005258207720837873,0.010255781852291286,0.0045079608351881,5.616340688393557e-16,0.4871525999624282
sod-global-lf-weno3-js-n80,sod,global-lf,weno3-js,-1,80,0.2,True,True,0.011576279845192054,0.0217782405237897,0.009585320632380245,3.298473230575169e-16,0.3312042000470683
sod-global-lf-weno3-z-n80,sod,global-lf,weno3-z,-1,80,0.2,True,True,0.010485688896549666,0.020014760540142194,0.008715558777904715,1.964346327309811e-16,0.332897900021635
sod-global-lf-weno5-js-n80,sod,global-lf,weno5-js,-1,80,0.2,True,True,0.007608669481352305,0.014280493892273743,0.006193825539237938,3.623135095354993e-16,0.4318246999755502
sod-global-lf-weno5-z-n80,sod,global-lf,weno5-z,-1,80,0.2,True,True,0.006710374289861496,0.01307738829266,0.005539699566969422,3.5761107964126916e-16,0.4376254000235349
sod-global-lf-weno7-js-n80,sod,global-lf,weno7-js,-1,80,0.2,True,True,0.006194851536098557,0.01194870278245411,0.005160089140517918,2.225173849217813e-16,0.46817849995568395
sod-godunov-cweno3-char-n80,sod,godunov,cweno3-char,-1,80,0.2,True,True,0.007838885128812829,0.015145390694747091,0.006194800135001886,3.254939237094265e-16,1.297182000009343
sod-godunov-cweno3-n160,sod,godunov,cweno3,-1,160,0.2,True,True,0.004254892636198597,0.007831949514323564,0.003373098094480269,2.429790356408633e-16,3.0476947999559343
sod-godunov-cweno3-n40,sod,godunov,cweno3,-1,40,0.2,True,True,0.014933963551627424,0.0321130662806028,0.01373750940474674,3.1259756212375874e-16,0.5219117000233382
sod-godunov-cweno3-n80,sod,godunov,cweno3,-1,80,0.2,True,True,0.00837672712761152,0.016226408082422872,0.00683373096249783,3.6540067770416613e-16,1.1644449000013992
sod-godunov-cweno5-char-n80,sod,godunov,cweno5-char,-1,80,0.2,True,True,0.005244312431391772,0.010473107229785398,0.004148703506459085,7.269258402204e-16,1.410692899953574
sod-godunov-cweno5-n80,sod,godunov,cweno5,-1,80,0.2,True,True,0.005532282056659291,0.011927802469415065,0.004776124164449662,7.360095814995749e-16,1.2824177000438794
sod-godunov-dg0-n160,sod,godunov,modal-dg,0,160,0.2,True,True,0.014632082426892176,0.026688894579966073,0.012965510161394184,1.2481964518370258e-15,5.969826600048691
sod-godunov-dg0-n40,sod,godunov,modal-dg,0,40,0.2,True,True,0.03220756374797123,0.07762807966896361,0.03366732793779922,2.0928490060759253e-16,1.462612200062722
sod-godunov-dg0-n80,sod,godunov,modal-dg,0,80,0.2,True,True,0.022764521682766818,0.04692488280317937,0.021348769359767632,2.768108634710729e-16,1.0664015000220388
sod-godunov-dg1-n160,sod,godunov,modal-dg,1,160,0.2,True,True,0.001834830846842727,0.003396562743833935,0.0013980923214155336,1.0400372038441023e-14,21.968114600051194
sod-godunov-dg1-n40,sod,godunov,modal-dg,1,40,0.2,True,True,0.006642332560350103,0.01584808724730561,0.005937129974278259,1.3877787807814457e-16,3.7816608999855816
sod-godunov-dg1-n80,sod,godunov,modal-dg,1,80,0.2,True,True,0.0038098346303003724,0.007565314147583763,0.0029121772904204916,1.428068768326093e-15,3.9241521999938414
sod-godunov-dg2-n160,sod,godunov,modal-dg,2,160,0.2,True,True,0.0017263364606203199,0.0033969160157159436,0.0013983837411559899,1.417497524304143e-15,36.339061000035144
sod-godunov-dg2-n40,sod,godunov,modal-dg,2,40,0.2,True,True,0.00661872096813248,0.01585074656853048,0.005938343414458246,6.707936770145789e-16,6.63760890008416
sod-godunov-dg2-n80,sod,godunov,modal-dg,2,80,0.2,True,True,0.003725586412656924,0.007565882458191751,0.002912663315939095,9.846820507061257e-16,7.1643939999630675
sod-godunov-eno2-n80,sod,godunov,eno2,-1,80,0.2,True,True,0.009260119813337303,0.017580232423511668,0.007710876188698675,1.2335116651360528e-16,1.1203987000044435
sod-godunov-first-n80,sod,godunov,first,-1,80,0.2,True,True,0.022764521682766818,0.04692488280317937,0.021348769359767632,2.768108634710729e-16,1.0807466000551358
sod-godunov-muscl-minmod-n80,sod,godunov,muscl-minmod,-1,80,0.2,True,True,0.009134880179103229,0.01728849107907097,0.00752813878933698,8.326672684688674e-17,1.1838506000349298
sod-godunov-muscl-n80,sod,godunov,muscl,-1,80,0.2,True,True,0.006804503833973225,0.011769820323890212,0.0052566333885549306,2.220446049250313e-16,1.139183499966748
sod-godunov-muscl-superbee-n80,sod,godunov,muscl-superbee,-1,80,0.2,True,True,0.00576708822889351,0.009476477398213678,0.0038383194467848034,1.6653345369377348e-16,1.2010946000227705
sod-godunov-muscl-thinc-bvd-n80,sod,godunov,muscl-thinc-bvd,-1,80,0.2,True,True,0.007017515048636106,0.01089237943649117,0.0050276444510802725,2.220446049250313e-16,1.2572109999600798
sod-godunov-muscl-vanalbada-n80,sod,godunov,muscl-vanalbada,-1,80,0.2,True,True,0.0077022995235201605,0.014751353846775273,0.00624204968325265,1.5162478555197052e-16,1.2406025000382215
sod-godunov-muscl-vanleer-n80,sod,godunov,muscl-vanleer,-1,80,0.2,True,True,0.0070851374873158336,0.012966601457617752,0.005648809953511466,4.183008369059489e-16,1.2616390999173746
sod-godunov-teno3-n80,sod,godunov,teno3,-1,80,0.2,True,True,0.006577549000138114,0.013406080323054584,0.005372389262059999,3.1109867615746337e-16,1.8158196998992935
sod-godunov-teno5-n80,sod,godunov,teno5,-1,80,0.2,True,True,0.004153228581246537,0.00849085359408962,0.0033565602568940956,1.5125191332214087e-16,1.8846395999426022
sod-godunov-teno7-n80,sod,godunov,teno7,-1,80,0.2,True,True,0.0038081046646679787,0.007951636055165391,0.0031435155933278087,1.1102230246251565e-16,2.0321328000864014
sod-godunov-weno3-js-n80,sod,godunov,weno3-js,-1,80,0.2,True,True,0.007985160860156017,0.01537362246398918,0.006323109769289109,8.215781857505118e-16,1.8697632000548765
sod-godunov-weno3-z-n80,sod,godunov,weno3-z,-1,80,0.2,True,True,0.007449933951248292,0.014420687385563851,0.005882339550476605,6.310574945608562e-16,1.81282510003075
sod-godunov-weno5-js-n80,sod,godunov,weno5-js,-1,80,0.2,True,True,0.005399533217005941,0.010567643187449068,0.004294462614193839,8.326672684688674e-17,1.8501320999348536
sod-godunov-weno5-z-n80,sod,godunov,weno5-z,-1,80,0.2,True,True,0.004837583499977112,0.009825468238970757,0.0038829727752539996,1.6675809267035956e-16,1.8308723999653012
sod-godunov-weno7-js-n80,sod,godunov,weno7-js,-1,80,0.2,True,True,0.004573752899555613,0.009154787042618386,0.0036764925281907307,7.895919275289389e-16,1.9129658000310883
sod-hllc-cweno3-char-n160,sod,hllc,cweno3-char,-1,160,0.2,True,True,0.0043409584363410594,0.007760521585957222,0.0032931198107760324,1.1588229184175174e-15,1.795603199978359
sod-hllc-cweno3-char-n40,sod,hllc,cweno3-char,-1,40,0.2,True,True,0.014015588771452297,0.03224511269563834,0.013160526286064556,2.8831921557528634e-16,0.19986449996940792
sod-hllc-cweno3-char-n80,sod,hllc,cweno3-char,-1,80,0.2,True,True,0.008286093448992848,0.016180905512420247,0.0066661920657576645,1.0614266778660107e-15,0.49919230001978576
sod-hllc-cweno3-n160,sod,hllc,cweno3,-1,160,0.2,True,True,0.004534992254631921,0.008347872008167178,0.0037122924933046058,7.026390372491425e-16,1.0692489999346435
sod-hllc-cweno3-n40,sod,hllc,cweno3,-1,40,0.2,True,True,0.015565242240469767,0.03401227239526531,0.014907115261358957,6.01716853257286e-16,0.09546089998912066
sod-hllc-cweno3-n80,sod,hllc,cweno3,-1,80,0.2,True,True,0.008819580168924292,0.017840619217358272,0.00760153263166728,2.5049258359476517e-16,0.41246729996055365
sod-hllc-cweno5-char-n160,sod,hllc,cweno5-char,-1,160,0.2,True,True,0.0028624858004701152,0.005373525142808469,0.002263681733783705,7.1648747444482e-16,2.079519600025378
sod-hllc-cweno5-char-n40,sod,hllc,cweno5-char,-1,40,0.2,True,True,0.009969532458996297,0.0231784624205334,0.00927626581618994,9.764155358815002e-16,0.30860490002669394
sod-hllc-cweno5-char-n80,sod,hllc,cweno5-char,-1,80,0.2,True,True,0.0057190698494706,0.011434806512155562,0.004630210135096906,3.208965732244342e-16,0.8788973999908194
sod-hllc-cweno5-n160,sod,hllc,cweno5,-1,160,0.2,True,True,0.0029192302980688145,0.005740327331274106,0.002458645834523174,3.894637819354167e-16,2.0677598000038415
sod-hllc-cweno5-n40,sod,hllc,cweno5,-1,40,0.2,True,True,0.010349632655750183,0.024200564175135025,0.00994445242579054,2.8191448182374136e-16,0.13765070005320013
sod-hllc-cweno5-n80,sod,hllc,cweno5,-1,80,0.2,True,True,0.005863524570302691,0.012462956261603892,0.005049899831515364,4.1139278297678246e-16,0.5178164000390097
sod-hllc-dg0-n160,sod,hllc,modal-dg,0,160,0.2,True,True,0.015066425951172885,0.02754856312582542,0.01341680234127005,4.541881821873795e-16,1.1813698000041768
sod-hllc-dg0-n40,sod,hllc,modal-dg,0,40,0.2,True,True,0.03301234603361427,0.07940623715714647,0.035045879061893284,8.250270312846336e-17,0.15788179996889085
sod-hllc-dg0-n80,sod,hllc,modal-dg,0,80,0.2,True,True,0.023386305138847676,0.0481371182054342,0.02208300730726095,1.7599059309348e-16,0.19621470000129193
sod-hllc-dg1-n160,sod,hllc,modal-dg,1,160,0.2,True,True,0.0019930250499098504,0.0037414253117152886,0.0015563191134847967,4.4285752663150595e-15,5.466131899971515
sod-hllc-dg1-n40,sod,hllc,modal-dg,1,40,0.2,True,True,0.006977999781694236,0.016747953604742124,0.006431666385919155,2.1168379326309666e-15,1.000793799990788
sod-hllc-dg1-n80,sod,hllc,modal-dg,1,80,0.2,True,True,0.004091659120138114,0.008170029067241638,0.003202885570295312,7.51573782730772e-16,1.297808500006795
sod-hllc-dg2-n160,sod,hllc,modal-dg,2,160,0.2,True,True,0.0018887627240517617,0.0037417163201830528,0.0015564349224760792,5.184157160239093e-16,9.05969120003283
sod-hllc-dg2-n40,sod,hllc,cweno3,2,40,0.2,True,True,0.006908693696227068,0.016749134337524157,0.006432432902180571,2.742164066602349e-15,0.6201230000006035
sod-hllc-dg2-n80,sod,hllc,modal-dg,2,80,0.2,True,True,0.0039242379293437085,0.008171472264723716,0.003203482433847338,3.2993563737243692e-15,2.0109528999309987
sod-hllc-eno2-n160,sod,hllc,eno2,-1,160,0.2,True,True,0.005166220848445561,0.009216976897378482,0.004198938221086234,1.1102230246251565e-15,0.5550615999381989
sod-hllc-eno2-n40,sod,hllc,eno2,-1,40,0.2,True,True,0.01678673702911971,0.0361841980291481,0.015994261100142005,8.604091856782218e-17,0.10075189999770373
sod-hllc-eno2-n80,sod,hllc,eno2,-1,80,0.2,True,True,0.009701587905298074,0.01893357510289221,0.008339020780380405,3.030565991850827e-16,0.17116319993510842
sod-hllc-first-n160,sod,hllc,first,-1,160,0.2,True,True,0.015066425951172885,0.02754856312582542,0.01341680234127005,4.541881821873795e-16,0.5195883000269532
sod-hllc-first-n40,sod,hllc,first,-1,40,0.2,True,True,0.03301234603361427,0.07940623715714647,0.035045879061893284,8.250270312846336e-17,0.14274039992596954
sod-hllc-first-n80,sod,hllc,first,-1,80,0.2,True,True,0.023386305138847676,0.0481371182054342,0.02208300730726095,1.7599059309348e-16,0.24585039995145053
sod-hllc-muscl-minmod-n160,sod,hllc,muscl-minmod,-1,160,0.2,True,True,0.005161045992341429,0.00918202150533445,0.004180807551622712,6.661338147750939e-16,0.5407912000082433
sod-hllc-muscl-minmod-n40,sod,hllc,muscl-minmod,-1,40,0.2,True,True,0.016786497871201816,0.0360234723717172,0.015897534873010828,1.848562718854315e-16,0.12023430003318936
sod-hllc-muscl-minmod-n80,sod,hllc,muscl-minmod,-1,80,0.2,True,True,0.00971621591458029,0.01896698237929434,0.008298904655973202,3.618880770786765e-16,0.17483689996879548
sod-hllc-muscl-n160,sod,hllc,muscl,-1,160,0.2,True,True,0.0035161887615777097,0.006043633040328074,0.0028915793334642103,2.220446049250313e-16,0.4993177999276668
sod-hllc-muscl-n40,sod,hllc,muscl,-1,40,0.2,True,True,0.0131359061047261,0.026955292598019587,0.011929443902560653,6.661338147750939e-16,0.1709025000454858
sod-hllc-muscl-n80,sod,hllc,muscl,-1,80,0.2,True,True,0.0070228851694915505,0.013544037302509799,0.00602003576748907,6.661338147750939e-16,0.29539829993154854
sod-hllc-muscl-superbee-n160,sod,hllc,muscl-superbee,-1,160,0.2,True,True,0.0027554434878582076,0.005089096992243385,0.0022751370134814807,1.1102230246251565e-16,0.6067943000234663
sod-hllc-muscl-superbee-n40,sod,hllc,muscl-superbee,-1,40,0.2,True,True,0.011256988931675323,0.024417151344799673,0.010164251451005345,2.220446049250313e-16,0.061677200021222234
sod-hllc-muscl-superbee-n80,sod,hllc,muscl-superbee,-1,80,0.2,True,True,0.005722942522417439,0.01121396107755486,0.004778800351987704,4.440892098500626e-16,0.20858140010386705
sod-hllc-muscl-thinc-bvd-n160,sod,hllc,muscl-thinc-bvd,-1,160,0.2,True,True,0.0033229329803899435,0.00496888036211487,0.002506526310722083,3.3306690738754696e-16,0.8151332000270486
sod-hllc-muscl-thinc-bvd-n40,sod,hllc,muscl-thinc-bvd,-1,40,0.2,True,True,0.011309615568583932,0.022527243161113965,0.010383063395633043,2.220446049250313e-16,0.14476330007892102
sod-hllc-muscl-thinc-bvd-n80,sod,hllc,muscl-thinc-bvd,-1,80,0.2,True,True,0.006727496087691157,0.01135835754282265,0.0052725042200575415,2.220446049250313e-16,0.3313291999511421
sod-hllc-muscl-vanalbada-n160,sod,hllc,muscl-vanalbada,-1,160,0.2,True,True,0.0042556011012443865,0.007778480480841352,0.003516296575270493,4.440892098500626e-16,0.5993792000226676
sod-hllc-muscl-vanalbada-n40,sod,hllc,muscl-vanalbada,-1,40,0.2,True,True,0.014602324638459067,0.031890895309276045,0.014031417513964344,2.6300234707647607e-16,0.09267809998709708
sod-hllc-muscl-vanalbada-n80,sod,hllc,muscl-vanalbada,-1,80,0.2,True,True,0.008310984334934466,0.016553030047053392,0.007175007810884216,1.6097039584087115e-16,0.28004469990264624
sod-hllc-muscl-vanleer-n160,sod,hllc,muscl-vanleer,-1,160,0.2,True,True,0.003860302713122543,0.0067255203747037945,0.0031568631146847584,2.220446049250313e-16,0.5023350999690592
sod-hllc-muscl-vanleer-n40,sod,hllc,muscl-vanleer,-1,40,0.2,True,True,0.01318115392870976,0.028159407047085055,0.01267908112974663,6.661338147750939e-16,0.12147380004171282
sod-hllc-muscl-vanleer-n80,sod,hllc,muscl-vanleer,-1,80,0.2,True,True,0.007626269456587788,0.014454207545508208,0.006473515654666709,4.440892098500626e-16,0.18350479996297508
sod-hllc-teno3-n160,sod,hllc,teno3,-1,160,0.2,True,True,0.0035365147623694707,0.006836743455125696,0.002860066729984315,4.480140502722322e-16,2.0505074999528006
sod-hllc-teno3-n40,sod,hllc,teno3,-1,40,0.2,True,True,0.012053043722665394,0.028336132586442818,0.011343367371515048,4.012590418117081e-16,0.224359399988316
sod-hllc-teno3-n80,sod,hllc,teno3,-1,80,0.2,True,True,0.0069252967395907845,0.01421159671718287,0.005758999561590972,2.0177912060441582e-16,0.6413252999773249
sod-hllc-teno5-n160,sod,hllc,teno5,-1,160,0.2,True,True,0.0022699843724670065,0.004353790225164614,0.0018842959498535862,6.672996742297593e-16,2.7811372000724077
sod-hllc-teno5-n40,sod,hllc,teno5,-1,40,0.2,True,True,0.008168206741662742,0.019381188673140693,0.007823993580693614,5.002301906168851e-16,0.29776340001262724
sod-hllc-teno5-n80,sod,hllc,teno5,-1,80,0.2,True,True,0.004625221723272568,0.009372773423721894,0.0038461764118379455,3.1902296312740244e-16,1.029703599982895
sod-hllc-teno7-n160,sod,hllc,teno7,-1,160,0.2,True,True,0.002058816521150113,0.004049037950428146,0.0017516945094777077,5.464902315302609e-16,3.0240491000004113
sod-hllc-teno7-n40,sod,hllc,teno7,-1,40,0.2,True,True,0.007619953125782601,0.018412205049013572,0.007352911076508706,1.2097643878006575e-16,0.38191370002459735
sod-hllc-teno7-n80,sod,hllc,teno7,-1,80,0.2,True,True,0.004190735037904781,0.008767060382359419,0.0035922261293719823,1.1102230246251565e-16,0.9662134000100195
sod-hllc-weno3-js-n160,sod,hllc,weno3-js,-1,160,0.2,True,True,0.0044346469308128664,0.007845789260328525,0.0033560029756328586,2.000555333841508e-15,2.757316500064917
sod-hllc-weno3-js-n40,sod,hllc,weno3-js,-1,40,0.2,True,True,0.014094094933039814,0.03263537948150792,0.013341402592105377,7.956490964074371e-16,0.2533864000579342
sod-hllc-weno3-js-n80,sod,hllc,weno3-js,-1,80,0.2,True,True,0.008414251767975958,0.0163930137345882,0.006783361679337655,7.711415032727053e-16,0.6958262999542058
sod-hllc-weno3-z-n160,sod,hllc,weno3-z,-1,160,0.2,True,True,0.004079410852413955,0.007355784249569132,0.0031195541458037624,2.2750343421745784e-16,4.210458000074141
sod-hllc-weno3-z-n40,sod,hllc,weno3-z,-1,40,0.2,True,True,0.013341560825756684,0.03086689870800502,0.012484167668723659,2.917376287921679e-16,0.3118125000037253
sod-hllc-weno3-z-n80,sod,hllc,weno3-z,-1,80,0.2,True,True,0.007868504584413325,0.01540045829292177,0.006320544546553436,8.980310455632009e-16,0.8734941999427974
sod-hllc-weno5-js-n160,sod,hllc,weno5-js,-1,160,0.2,True,True,0.0029301931563960183,0.005387665543966378,0.0023235784307225563,6.73910111286943e-16,4.04354590002913
sod-hllc-weno5-js-n40,sod,hllc,weno5-js,-1,40,0.2,True,True,0.010245551566068753,0.023371099570547886,0.00948443544212806,7.394232445833212e-16,0.9349407000700012
sod-hllc-weno5-js-n80,sod,hllc,weno5-js,-1,80,0.2,True,True,0.0058545376697418175,0.011475608659201818,0.004747182135189148,2.4485287079895783e-16,1.8383060999913141
sod-hllc-weno5-z-n160,sod,hllc,weno5-z,-1,160,0.2,True,True,0.002614783480009487,0.005006096281002533,0.0021152778456918512,1.1125619361670165e-15,3.249288000050001
sod-hllc-weno5-z-n40,sod,hllc,weno5-z,-1,40,0.2,True,True,0.009314037076524478,0.021909553902025973,0.008696180481986712,4.845032015171232e-16,0.6893815000075847
sod-hllc-weno5-z-n80,sod,hllc,weno5-z,-1,80,0.2,True,True,0.005279958738929296,0.01072192726429646,0.00433340739989827,1.0643619422598319e-16,1.1977095000911504
sod-hllc-weno7-js-n160,sod,hllc,weno7-js,-1,160,0.2,True,True,0.002466490316498262,0.004622004122196594,0.002011403432685667,6.357149172207165e-16,3.4934093999909237
sod-hllc-weno7-js-n40,sod,hllc,weno7-js,-1,40,0.2,True,True,0.008789013980950566,0.02031174381823478,0.008301610036164048,4.3104231572639927e-16,0.3742007000837475
sod-hllc-weno7-js-n80,sod,hllc,weno7-js,-1,80,0.2,True,True,0.004969542123123123,0.009997998832089818,0.00412592568679254,2.6101783043838425e-16,1.041281900019385
sod-hlle-cweno3-char-n80,sod,hlle,cweno3-char,-1,80,0.2,True,True,0.00863758803587778,0.016320141467481317,0.006762019241690428,3.7254597687479977e-16,0.4822944001061842
sod-hlle-cweno3-n160,sod,hlle,cweno3,-1,160,0.2,True,True,0.004588672733738931,0.008236222227953127,0.003621052684205621,1.942890293094024e-16,1.0668517000740394
sod-hlle-cweno3-n40,sod,hlle,cweno3,-1,40,0.2,True,True,0.015958002866411795,0.03332519640563038,0.014442335534046533,5.714532660243963e-16,0.20637969998642802
sod-hlle-cweno3-n80,sod,hlle,cweno3,-1,80,0.2,True,True,0.009000912086508089,0.0173335639197581,0.007385144588242231,2.3256173893381234e-16,0.5234874000307173
sod-hlle-cweno5-char-n80,sod,hlle,cweno5-char,-1,80,0.2,True,True,0.005990879946873853,0.011539734950017788,0.004707494583972701,8.095317633659441e-16,0.617042800062336
sod-hlle-cweno5-n80,sod,hlle,cweno5,-1,80,0.2,True,True,0.006211042412783388,0.012332250568216093,0.0049942421978698085,8.326672684688674e-17,0.44279640004970133
sod-hlle-dg0-n160,sod,hlle,modal-dg,0,160,0.2,True,True,0.01578531618467786,0.028029962850339298,0.01364140117064864,5.221421646212228e-16,0.6039897999726236
sod-hlle-dg0-n40,sod,hlle,modal-dg,0,40,0.2,True,True,0.03367324052647887,0.08201581336264735,0.03611444747009972,3.3040383580137944e-16,0.07984330004546791
sod-hlle-dg0-n80,sod,hlle,modal-dg,0,80,0.2,True,True,0.024343897088087613,0.04923287244930853,0.022527961888612433,1.0017865747842654e-15,0.14833929995074868
sod-hlle-dg1-n160,sod,hlle,modal-dg,1,160,0.2,True,True,0.002063565851012741,0.0037683246195433866,0.001584406483815384,3.723365011139374e-15,4.054767600027844
sod-hlle-dg1-n40,sod,hlle,modal-dg,1,40,0.2,True,True,0.007204954483397609,0.0168808243438748,0.0065804776548554576,1.6375938341129203e-15,0.6012516999617219
sod-hlle-dg1-n80,sod,hlle,modal-dg,1,80,0.2,True,True,0.004223136877670316,0.008211381698694845,0.0032575803046231465,1.908348654952075e-15,0.9804340000264347
sod-hlle-dg2-n160,sod,hlle,modal-dg,2,160,0.2,True,True,0.0019907380724118913,0.0037686446237401037,0.0015844698151878417,4.628587435253498e-15,7.2620207000290975
sod-hlle-dg2-n40,sod,hlle,modal-dg,2,40,0.2,True,True,0.007161510594144366,0.016883946480593156,0.006580742354160854,2.2030621221117305e-15,1.0975005000364035
sod-hlle-dg2-n80,sod,hlle,modal-dg,2,80,0.2,True,True,0.004100071352997987,0.008210279396147525,0.0032575752386276176,8.277032328296881e-16,1.9226059999782592
sod-hlle-eno2-n80,sod,hlle,eno2,-1,80,0.2,True,True,0.009931131854715515,0.018519932493160907,0.008139209699293678,4.441100817841265e-16,0.18050720007158816
sod-hlle-first-n80,sod,hlle,first,-1,80,0.2,True,True,0.024343897088087613,0.04923287244930853,0.022527961888612433,1.0017865747842654e-15,0.11262929998338223
sod-hlle-muscl-minmod-n80,sod,hlle,muscl-minmod,-1,80,0.2,True,True,0.009931193419726446,0.018561119873228293,0.00814446264344576,9.953846994318655e-17,0.14908800006378442
sod-hlle-muscl-n80,sod,hlle,muscl,-1,80,0.2,True,True,0.007665472859142175,0.012728789917947353,0.005632642156918089,4.440892098500626e-16,0.18470350001007318
sod-hlle-muscl-superbee-n80,sod,hlle,muscl-superbee,-1,80,0.2,True,True,0.006537713503946291,0.01127918549209225,0.004549478860524764,1.1102230246251565e-16,0.1747165999840945
sod-hlle-muscl-thinc-bvd-n80,sod,hlle,muscl-thinc-bvd,-1,80,0.2,True,True,0.007314504542707008,0.011107766957292453,0.005089793074887462,2.220446049250313e-16,0.2677478000987321
sod-hlle-muscl-vanalbada-n80,sod,hlle,muscl-vanalbada,-1,80,0.2,True,True,0.008435951229479797,0.01601047342149325,0.006892635215429525,7.059940191188387e-16,0.15213949989993125
sod-hlle-muscl-vanleer-n80,sod,hlle,muscl-vanleer,-1,80,0.2,True,True,0.00767114588894757,0.013835342262151357,0.006102297342727166,6.661338147750939e-16,0.22492949990555644
sod-hlle-teno3-n80,sod,hlle,teno3,-1,80,0.2,True,True,0.0071829305330888315,0.014136417503037787,0.00580622735461068,4.4220120484349606e-16,0.668388899997808
sod-hlle-teno5-n80,sod,hlle,teno5,-1,80,0.2,True,True,0.0048728285568977615,0.009631711725906067,0.003973574350926068,3.339059517532172e-16,0.9897546999854967
sod-hlle-teno7-n80,sod,hlle,teno7,-1,80,0.2,True,True,0.00442476096720231,0.008970576066508732,0.003703175488277897,7.693262943892466e-16,1.0675248000770807
sod-hlle-weno3-js-n80,sod,hlle,weno3-js,-1,80,0.2,True,True,0.008723171163886961,0.016517792602958704,0.00686672696775655,4.984966181885801e-16,0.8185312999412417
sod-hlle-weno3-z-n80,sod,hlle,weno3-z,-1,80,0.2,True,True,0.008150759624970947,0.015511241481491597,0.006393379064991332,1.5039337683226893e-16,0.717687499942258
sod-hlle-weno5-js-n80,sod,hlle,weno5-js,-1,80,0.2,True,True,0.006095515829130754,0.011571918224158557,0.004820160142941749,2.8240553806835634e-16,1.1397562000202015
sod-hlle-weno5-z-n80,sod,hlle,weno5-z,-1,80,0.2,True,True,0.005494057692902702,0.010811473467502929,0.0044057458915955,1.3877787807814457e-16,1.131736999959685
sod-hlle-weno7-js-n80,sod,hlle,weno7-js,-1,80,0.2,True,True,0.005147417663469424,0.01009471545702416,0.004205045712405287,3.6708929645937093e-16,1.062279799953103
sod-jst-first-n160,sod,jst,first,-1,160,0.2,True,True,0.007558511469035798,0.018375982888133698,0.0072992000957637524,2.239114287602225e-16,0.1844598000170663
sod-jst-first-n40,sod,jst,first,-1,40,0.2,True,True,0.015850069387453695,0.04235026455765226,0.018662588072909735,3.930415152779736e-16,0.08643720007967204
sod-jst-first-n80,sod,jst,first,-1,80,0.2,True,True,0.011560599345022031,0.030063988613391636,0.012409286020293526,4.948658734138011e-16,0.07870950002688915
sod-roe-cweno3-char-n80,sod,roe,cweno3-char,-1,80,0.2,True,True,0.008047379581939353,0.01573878558971024,0.0064736079140032595,5.216830475802406e-16,0.5675229000626132
sod-roe-cweno3-n160,sod,roe,cweno3,-1,160,0.2,True,True,0.004398630771884878,0.008078582905771658,0.0035820457194225786,1.8534931211551074e-16,1.4732610000064597
sod-roe-cweno3-n40,sod,roe,cweno3,-1,40,0.2,True,True,0.014851651507942504,0.033277969335558946,0.014349323041118824,1.912253905485224e-16,0.12455700000282377
sod-roe-cweno3-n80,sod,roe,cweno3,-1,80,0.2,True,True,0.008531897412227176,0.01735551470118969,0.007359970394971717,6.842141073399265e-16,0.520650599966757
sod-roe-cweno5-char-n80,sod,roe,cweno5-char,-1,80,0.2,True,True,0.005510212105678576,0.011021821420332423,0.004441920683094314,1.14681183306708e-16,0.9239343000808731
sod-roe-cweno5-n80,sod,roe,cweno5,-1,80,0.2,True,True,0.005559704145265606,0.011986693550759894,0.004848844450003446,4.650340808075992e-16,0.4515038999961689
sod-roe-dg0-n160,sod,roe,modal-dg,0,160,0.2,True,True,0.014754832353163189,0.027046569863010406,0.01316262493226272,2.891529521055272e-16,0.7652683999622241
sod-roe-dg0-n40,sod,roe,modal-dg,0,40,0.2,True,True,0.032269715507261494,0.07836309853729077,0.03423190270431703,5.143861682085915e-17,0.1404323000460863
sod-roe-dg0-n80,sod,roe,modal-dg,0,80,0.2,True,True,0.02284170181606437,0.04746281668644188,0.021672720816049946,4.644873414805549e-16,0.31723039993084967
sod-roe-dg1-n160,sod,roe,modal-dg,1,160,0.2,True,True,0.0019003475707232529,0.0035935525568141684,0.0014922695023198164,3.425395677220698e-15,4.534674299997278
sod-roe-dg1-n40,sod,roe,modal-dg,1,40,0.2,True,True,0.006514459801811402,0.016309793053816666,0.006175030224292329,1.8338414934661605e-15,0.7492945999838412
sod-roe-dg1-n80,sod,roe,modal-dg,1,80,0.2,True,True,0.003886584507090013,0.007894039060416145,0.0030771504479203972,1.001263568658397e-15,1.98144769994542
sod-roe-dg2-n160,sod,roe,modal-dg,2,160,0.2,True,True,0.0017822117477727761,0.0035943825123492673,0.0014928765090904696,3.5051136155614726e-15,7.599567199940793
sod-roe-dg2-n40,sod,roe,modal-dg,2,40,0.2,True,True,0.0064199582843595115,0.016317174118785374,0.006178708303556725,1.3255176909766444e-15,1.3103225999511778
sod-roe-dg2-n80,sod,roe,modal-dg,2,80,0.2,True,True,0.003793201040158199,0.007896703228101447,0.0030786628244081843,3.3901563313435016e-15,2.9332806000020355
sod-roe-eno2-n80,sod,roe,eno2,-1,80,0.2,True,True,0.009387271210166836,0.018603437410704863,0.008155887237062703,2.7100627922933685e-16,0.31186789995990694
sod-roe-first-n80,sod,roe,first,-1,80,0.2,True,True,0.02284170181606437,0.04746281668644188,0.021672720816049946,4.644873414805549e-16,0.3283505999715999
sod-roe-muscl-minmod-n80,sod,roe,muscl-minmod,-1,80,0.2,True,True,0.00939365342906091,0.018514582700040236,0.00809036425254494,2.1097615107858351e-16,0.39888849994167686
sod-roe-muscl-n80,sod,roe,muscl,-1,80,0.2,True,True,0.006745583188336279,0.012289741242205212,0.0055138455528919595,2.220446049250313e-16,0.43307520006783307
sod-roe-muscl-superbee-n80,sod,roe,muscl-superbee,-1,80,0.2,True,True,0.005430774090109743,0.009901557884113076,0.004202890821051448,4.440892098500626e-16,0.29380910005420446
sod-roe-muscl-thinc-bvd-n80,sod,roe,muscl-thinc-bvd,-1,80,0.2,True,True,0.0066733107735864276,0.010809978989381325,0.005224520393051324,1.3877787807814457e-16,0.350947399972938
sod-roe-muscl-vanalbada-n80,sod,roe,muscl-vanalbada,-1,80,0.2,True,True,0.007934535668386741,0.016115684524551595,0.006894931262419965,6.239601199199795e-17,0.45534200000111014
sod-roe-muscl-vanleer-n80,sod,roe,muscl-vanleer,-1,80,0.2,True,True,0.007092490820798292,0.01400359895510973,0.006127647330881091,2.220446049250313e-16,0.6299648000858724
sod-roe-nc-cweno3-char-n80,sod,roe-nc,cweno3-char,-1,80,0.2,True,True,0.008048104467771662,0.015740478777232125,0.006474344341109696,1.0793854542836745e-16,0.517265300033614
sod-roe-nc-cweno3-n160,sod,roe-nc,cweno3,-1,160,0.2,True,True,0.0043995789199966434,0.00808056934280274,0.003582964437028974,8.520071971163514e-16,1.064860099926591
sod-roe-nc-cweno3-n40,sod,roe-nc,cweno3,-1,40,0.2,True,True,0.014854393601262802,0.033284646938855376,0.014352160935630404,2.256697603554919e-16,0.12008069991134107
sod-roe-nc-cweno3-n80,sod,roe-nc,cweno3,-1,80,0.2,True,True,0.008535323582222046,0.01736319242465505,0.007363092968218786,7.903321626827637e-16,0.509580000070855
sod-roe-nc-cweno5-char-n80,sod,roe-nc,cweno5-char,-1,80,0.2,True,True,0.005510139544075182,0.011022259103991894,0.004442119900595076,7.748929982826582e-16,0.5361234999727458
sod-roe-nc-cweno5-n80,sod,roe-nc,cweno5,-1,80,0.2,True,True,0.0055589527995303116,0.01198636726582285,0.00484895780888092,1.5305467329449647e-16,0.3909222000511363
sod-roe-nc-dg0-n160,sod,roe-nc,modal-dg,0,160,0.2,True,True,0.014755545376439572,0.027048760955302724,0.01316356430005881,7.327056053147824e-16,0.8776097999652848
sod-roe-nc-dg0-n40,sod,roe-nc,modal-dg,0,40,0.2,True,True,0.032269723498088196,0.07836311920440488,0.03423191090495177,1.874924369406339e-16,0.1349202999845147
sod-roe-nc-dg0-n80,sod,roe-nc,modal-dg,0,80,0.2,True,True,0.022842246120950833,0.04746411548825086,0.021673275977274288,3.359078691275277e-16,0.1589623000472784
sod-roe-nc-dg1-n160,sod,roe-nc,modal-dg,1,160,0.2,True,True,0.0019003660051217773,0.003593569206140513,0.0014922720227676571,3.868893511418958e-15,4.121081700082868
sod-roe-nc-dg1-n40,sod,roe-nc,modal-dg,1,40,0.2,True,True,0.006514456008363088,0.016309812985721907,0.006175031929027705,2.089791132973112e-15,0.6597470999695361
sod-roe-nc-dg1-n80,sod,roe-nc,modal-dg,1,80,0.2,True,True,0.0038866701552122155,0.007894067150414697,0.0030771531310988627,1.4411317065775817e-15,1.0796648999676108
sod-roe-nc-dg2-n160,sod,roe-nc,modal-dg,2,160,0.2,True,True,0.0017819988420006354,0.0035943975017669687,0.0014928783609705417,1.674844270239884e-14,7.319695699959993
sod-roe-nc-dg2-n40,sod,roe-nc,modal-dg,2,40,0.2,True,True,0.006419955291376808,0.016317194195404658,0.006178710125084743,4.0655788006255986e-16,1.4192258000839502
sod-roe-nc-dg2-n80,sod,roe-nc,modal-dg,2,80,0.2,True,True,0.0037936543875750706,0.007896731336156364,0.003078665517467989,4.108992054426528e-15,2.2052530999062583
sod-roe-nc-eno2-n80,sod,roe-nc,eno2,-1,80,0.2,True,True,0.009416472115999677,0.018636287690526755,0.00814787172366837,1.2337442516817357e-16,0.1508087000111118
sod-roe-nc-first-n80,sod,roe-nc,first,-1,80,0.2,True,True,0.022842246120950833,0.04746411548825086,0.021673275977274288,3.359078691275277e-16,0.13844619994051754
sod-roe-nc-muscl-minmod-n80,sod,roe-nc,muscl-minmod,-1,80,0.2,True,True,0.009395204387667087,0.018520914434596834,0.0080932426851901,2.0356069064962022e-16,0.2272025999845937
sod-roe-nc-muscl-n80,sod,roe-nc,muscl,-1,80,0.2,True,True,0.006745659578529252,0.012311011693899962,0.005519530797800337,3.3306690738754696e-16,0.25364300003275275
sod-roe-nc-muscl-superbee-n80,sod,roe-nc,muscl-superbee,-1,80,0.2,True,True,0.005434667270664667,0.009900005225200216,0.0042039515139469675,2.498001805406602e-16,0.23488240002188832
sod-roe-nc-muscl-thinc-bvd-n80,sod,roe-nc,muscl-thinc-bvd,-1,80,0.2,True,True,0.006727745433124241,0.010934857872102199,0.0052660747559330045,1.1102230246251565e-16,0.3074001999339089
sod-roe-nc-muscl-vanalbada-n80,sod,roe-nc,muscl-vanalbada,-1,80,0.2,True,True,0.007936965134922461,0.016120562745216886,0.006897433901789413,2.48233248181909e-16,0.18710900004953146
sod-roe-nc-muscl-vanleer-n80,sod,roe-nc,muscl-vanleer,-1,80,0.2,True,True,0.007092938524967324,0.013996881827253924,0.006125985275699572,2.220446049250313e-16,0.1730340999783948
sod-roe-nc-teno3-n80,sod,roe-nc,teno3,-1,80,0.2,True,True,0.006750656000216393,0.013924579323074018,0.005606426995999598,7.814936291086204e-16,0.8744304000865668
sod-roe-nc-teno5-n80,sod,roe-nc,teno5,-1,80,0.2,True,True,0.004437079660744418,0.009083041323825692,0.003688955155803173,1.761766951983388e-16,1.098991799983196
sod-roe-nc-teno7-n80,sod,roe-nc,teno7,-1,80,0.2,True,True,0.00403344869764352,0.008422502507194618,0.0034020412573174683,3.0790154110839045e-16,1.4121092000277713
sod-roe-nc-weno3-js-n80,sod,roe-nc,weno3-js,-1,80,0.2,True,True,0.008186299527739584,0.015965391559682112,0.006598730508845602,9.436434483485535e-17,1.1001391999889165
sod-roe-nc-weno3-z-n80,sod,roe-nc,weno3-z,-1,80,0.2,True,True,0.007650243014048522,0.014982868430999302,0.006141182346421667,2.2053693294999978e-16,1.1439408999867737
sod-roe-nc-weno5-js-n80,sod,roe-nc,weno5-js,-1,80,0.2,True,True,0.00565438839032159,0.011066359511476475,0.004561282562609613,3.1830567562441676e-16,1.0666113999905065
sod-roe-nc-weno5-z-n80,sod,roe-nc,weno5-z,-1,80,0.2,True,True,0.00509014203851975,0.010323191826553594,0.004150790256169977,5.44314704966428e-16,0.9733642000937834
sod-roe-nc-weno7-js-n80,sod,roe-nc,weno7-js,-1,80,0.2,True,True,0.004778302304215938,0.009625825544729448,0.003942918896708463,5.009597560044528e-16,0.8246711000101641
sod-roe-teno3-n80,sod,roe,teno3,-1,80,0.2,True,True,0.0067499596436942436,0.013922829086102054,0.00560565323076624,3.8237807948214917e-16,1.029747800086625
sod-roe-teno5-n80,sod,roe,teno5,-1,80,0.2,True,True,0.004427370914966347,0.009018921637804617,0.0036723947796589405,2.460658529675989e-16,1.2094921000534669
sod-roe-teno7-n80,sod,roe,teno7,-1,80,0.2,True,True,0.004033558991087644,0.008422749150062943,0.003402147253639377,3.9774529612242903e-16,1.2219024000223726
sod-roe-weno3-js-n80,sod,roe,weno3-js,-1,80,0.2,True,True,0.008185514022553473,0.01596351199551243,0.006597914301671034,1.1358616175107391e-15,0.5904581999639049
sod-roe-weno3-z-n80,sod,roe,weno3-z,-1,80,0.2,True,True,0.007649460111018842,0.014981012173906353,0.0061403754085579635,1.2941584061250908e-16,0.5958855000790209
sod-roe-weno5-js-n80,sod,roe,weno5-js,-1,80,0.2,True,True,0.005654384876868317,0.011065720677338584,0.004560992577498937,3.5613883928760705e-16,0.7709631000179797
sod-roe-weno5-z-n80,sod,roe,weno5-z,-1,80,0.2,True,True,0.005090206513418595,0.010322666714864311,0.004150543417137604,7.797100063844337e-16,0.8446372000034899
sod-roe-weno7-js-n80,sod,roe,weno7-js,-1,80,0.2,True,True,0.004778237346539546,0.009625676177403609,0.003942843754457425,1.973479876407958e-16,1.0078962000552565
sod-rusanov-cweno3-char-n80,sod,rusanov,cweno3-char,-1,80,0.2,True,True,0.010513989486164624,0.01905302581749468,0.008287678999695939,2.9770192522470124e-16,0.5573658000212163
sod-rusanov-cweno3-n160,sod,rusanov,cweno3,-1,160,0.2,True,True,0.005520674486895595,0.009623906893153908,0.004370988332364075,4.834842746906126e-16,0.9821144000161439
sod-rusanov-cweno3-n40,sod,rusanov,cweno3,-1,40,0.2,True,True,0.02037362343778671,0.03883542608999241,0.01766009723272035,2.6449826681833126e-16,0.08906939998269081
sod-rusanov-cweno3-n80,sod,rusanov,cweno3,-1,80,0.2,True,True,0.010923648371598796,0.0200710775247139,0.008988195431641356,5.57814696213094e-16,0.29555260005872697
sod-rusanov-cweno5-char-n80,sod,rusanov,cweno5-char,-1,80,0.2,True,True,0.007050302365539912,0.013076504209715354,0.005592534579929172,3.2726018733012835e-16,0.6954917999682948
sod-rusanov-cweno5-n80,sod,rusanov,cweno5,-1,80,0.2,True,True,0.00714866936591124,0.013265029196638568,0.005659570135736904,6.242528090650524e-16,0.460172799997963
sod-rusanov-dg0-n160,sod,rusanov,modal-dg,0,160,0.2,True,True,0.02040783031720849,0.03568207810562384,0.017879856677303064,8.148879521130401e-16,0.5126476000295952
sod-rusanov-dg0-n40,sod,rusanov,modal-dg,0,40,0.2,True,True,0.03687178514283647,0.09905164068570314,0.04528528870993735,3.4594180818581233e-16,0.07997329998761415
sod-rusanov-dg0-n80,sod,rusanov,modal-dg,0,80,0.2,True,True,0.029171269153409174,0.06058122546925511,0.0289977296210362,5.890972543104596e-16,0.14752270001918077
sod-rusanov-dg1-n160,sod,rusanov,modal-dg,1,160,0.2,True,True,0.0022378229372048784,0.004021458259465998,0.0017594731552575498,4.17760334130872e-15,3.5891375000355765
sod-rusanov-dg1-n40,sod,rusanov,modal-dg,1,40,0.2,True,True,0.007685908890351092,0.017863130841059068,0.007306377373016658,2.3276046705119472e-15,0.5695002999855205
sod-rusanov-dg1-n80,sod,rusanov,modal-dg,1,80,0.2,True,True,0.004539186977954421,0.008713708145974273,0.0036165698869955938,1.0030274638990363e-15,0.8143713000463322
sod-rusanov-dg2-n160,sod,rusanov,modal-dg,2,160,0.2,True,True,0.0021469033474396846,0.004021567608317943,0.001759081901651588,1.4022410962356215e-15,6.426808600081131
sod-rusanov-dg2-n40,sod,rusanov,modal-dg,2,40,0.2,True,True,0.007656025601208052,0.01786297426010211,0.007304765433333038,2.1174118742340116e-17,1.0002253000857309
sod-rusanov-dg2-n80,sod,rusanov,modal-dg,2,80,0.2,True,True,0.004409028663150728,0.008711447275753185,0.0036154804298126723,4.060995401737465e-15,1.3481920999474823
sod-rusanov-eno2-n80,sod,rusanov,eno2,-1,80,0.2,True,True,0.012250779162234365,0.02203384001390371,0.01007411979087296,5.75111511355781e-17,0.1620321999071166
sod-rusanov-first-n80,sod,rusanov,first,-1,80,0.2,True,True,0.029171269153409174,0.06058122546925511,0.0289977296210362,5.890972543104596e-16,0.1320105999475345
sod-rusanov-muscl-minmod-n80,sod,rusanov,muscl-minmod,-1,80,0.2,True,True,0.01228759646405805,0.02210332539342757,0.010116257931345535,1.0124859581261847e-15,0.12531130004208535
sod-rusanov-muscl-n80,sod,rusanov,muscl,-1,80,0.2,True,True,0.009091604422749613,0.015703420217926967,0.007189332398278117,4.440892098500626e-16,0.1870972999604419
sod-rusanov-muscl-superbee-n80,sod,rusanov,muscl-superbee,-1,80,0.2,True,True,0.01075267581149662,0.017672059180998602,0.007916217762946005,4.440892098500626e-16,0.13609169994015247
sod-rusanov-muscl-thinc-bvd-n80,sod,rusanov,muscl-thinc-bvd,-1,80,0.2,True,True,0.009343938099003014,0.013339054266301506,0.005971413505728196,2.220446049250313e-16,0.2184457000112161
sod-rusanov-muscl-vanalbada-n80,sod,rusanov,muscl-vanalbada,-1,80,0.2,True,True,0.010093979167968201,0.018488052747806898,0.008338296552800615,6.284572509499696e-16,0.16048630001023412
sod-rusanov-muscl-vanleer-n80,sod,rusanov,muscl-vanleer,-1,80,0.2,True,True,0.0092847555667328,0.01628534397092001,0.007495981559967583,6.661338147750939e-16,0.13337459997273982
sod-rusanov-teno3-n80,sod,rusanov,teno3,-1,80,0.2,True,True,0.008430480978989904,0.016071288980965485,0.006842171465370339,2.340426390338352e-16,0.5484494999982417
sod-rusanov-teno5-n80,sod,rusanov,teno5,-1,80,0.2,True,True,0.005391981639015708,0.01030615749985842,0.004437123640162982,2.9801855282099926e-16,0.6754836000036448
sod-rusanov-teno7-n80,sod,rusanov,teno7,-1,80,0.2,True,True,0.00498646671959155,0.009700060925709035,0.004222597091234568,2.947769936598896e-16,0.818092199973762
sod-rusanov-weno3-js-n80,sod,rusanov,weno3-js,-1,80,0.2,True,True,0.010589388002205283,0.019304677738314624,0.008397763172208885,6.498313327359395e-16,0.6168445999501273
sod-rusanov-weno3-z-n80,sod,rusanov,weno3-z,-1,80,0.2,True,True,0.009646928161561092,0.017833430224099372,0.007683665101698459,3.809755005777603e-16,0.568036500015296
sod-rusanov-weno5-js-n80,sod,rusanov,weno5-js,-1,80,0.2,True,True,0.007092516317684762,0.013029659853449982,0.005638717399867371,1.2621441324523505e-16,0.6546584999887273
sod-rusanov-weno5-z-n80,sod,rusanov,weno5-z,-1,80,0.2,True,True,0.0063189913412713735,0.012061383635545335,0.005111078580109523,2.722177762343661e-16,0.6046777999727055
sod-rusanov-weno7-js-n80,sod,rusanov,weno7-js,-1,80,0.2,True,True,0.005886397943890826,0.011145229639966508,0.004823748277713123,2.91776421749419e-16,0.696519699995406
sod-slau2-cweno3-char-n80,sod,slau2,cweno3-char,-1,80,0.2,True,True,0.007326956535383419,0.014653911360568702,0.005633443208149974,1.7034225817409536e-16,0.40790660004131496
sod-slau2-cweno3-n160,sod,slau2,cweno3,-1,160,0.2,True,True,0.004157116913800706,0.007578708792197427,0.0032890543558012097,2.2225536148207295e-16,0.9193502999842167
sod-slau2-cweno3-n40,sod,slau2,cweno3,-1,40,0.2,True,True,0.014515543172115189,0.032754130728149006,0.013608048455854388,1.5784726316857864e-16,0.11063609994016588
sod-slau2-cweno3-n80,sod,slau2,cweno3,-1,80,0.2,True,True,0.00821342019723963,0.016811645830589694,0.006966969922925346,2.7767778569827503e-16,0.3558443000074476
sod-slau2-cweno5-char-n80,sod,slau2,cweno5-char,-1,80,0.2,True,True,0.00502384652007539,0.010224994645879818,0.003927174135081886,7.698955096324233e-16,0.5501329000107944
sod-slau2-cweno5-n80,sod,slau2,cweno5,-1,80,0.2,True,True,0.005465319375736737,0.011432035680379635,0.004492516517817823,8.90610164112995e-17,0.3832643999485299
sod-slau2-dg0-n160,sod,slau2,modal-dg,0,160,0.2,True,True,0.01334072166788181,0.023876765829825005,0.011031250832125935,6.91000635795205e-16,0.6751486000139266
sod-slau2-dg0-n40,sod,slau2,modal-dg,0,40,0.2,True,True,0.029648175471916588,0.06993934878212674,0.029567381516186857,1.809940001692989e-16,0.12562499998603016
sod-slau2-dg0-n80,sod,slau2,modal-dg,0,80,0.2,True,True,0.020744063049177808,0.04201979447484423,0.01841648651707567,4.677770528387487e-16,0.18011339998338372
sod-slau2-dg1-n160,sod,slau2,modal-dg,1,160,0.2,True,True,0.0017873307350221583,0.0035885615905802025,0.0014171839938619938,1.0806677782790708e-14,4.166433800011873
sod-slau2-dg1-n40,sod,slau2,modal-dg,1,40,0.2,True,True,0.006141230621340786,0.016559865490216277,0.006005487216061481,6.200971167401077e-16,0.671896000043489
sod-slau2-dg1-n80,sod,slau2,modal-dg,1,80,0.2,True,True,0.0036679786284975783,0.007945797415795626,0.00295735753069382,6.170473273897931e-16,3.749269700027071
sod-slau2-dg2-n160,sod,slau2,modal-dg,2,160,0.2,True,True,0.001639887516924773,0.0035889379334254207,0.0014175881311136035,4.84207546745862e-15,7.291800600010902
sod-slau2-dg2-n40,sod,slau2,modal-dg,2,40,0.2,True,True,0.006092855341637915,0.016566350894582527,0.006008528511231408,5.545780145010597e-16,1.1736547000473365
sod-slau2-dg2-n80,sod,slau2,modal-dg,2,80,0.2,True,True,0.003516041763262527,0.00794613625418347,0.002957788379014506,7.001737012804908e-15,4.667675300035626
sod-slau2-eno2-n80,sod,slau2,eno2,-1,80,0.2,True,True,0.008928203291726939,0.017712943323945112,0.007529068438542594,2.14687445203549e-16,0.17139269993640482
sod-slau2-first-n80,sod,slau2,first,-1,80,0.2,True,True,0.020744063049177808,0.04201979447484423,0.01841648651707567,4.677770528387487e-16,0.1232441000174731
sod-slau2-muscl-minmod-n80,sod,slau2,muscl-minmod,-1,80,0.2,True,True,0.008995075671006537,0.017818086316375464,0.007575346913833453,4.262171258314024e-16,0.32627570000477135
sod-slau2-muscl-n80,sod,slau2,muscl,-1,80,0.2,True,True,0.0065596189263055936,0.012462354355999595,0.005128310973611064,1.1102230246251565e-16,0.19109029998071492
sod-slau2-muscl-superbee-n80,sod,slau2,muscl-superbee,-1,80,0.2,True,True,0.006466199930059357,0.011606448173739228,0.0043989772138191,2.220446049250313e-16,0.34985879994928837
sod-slau2-muscl-thinc-bvd-n80,sod,slau2,muscl-thinc-bvd,-1,80,0.2,True,True,0.006440191281233187,0.011059681861383239,0.004915688015527009,2.220446049250313e-16,3.011136500048451
sod-slau2-muscl-vanalbada-n80,sod,slau2,muscl-vanalbada,-1,80,0.2,True,True,0.007608858062635833,0.0157319260622379,0.006523945055105312,4.753413135093528e-16,2.7503339999821037
sod-slau2-muscl-vanleer-n80,sod,slau2,muscl-vanleer,-1,80,0.2,True,True,0.006842184363057913,0.013376949474346544,0.005628834386719475,0.0,0.24086719995830208
sod-slau2-teno3-n80,sod,slau2,teno3,-1,80,0.2,True,True,0.005999518848038274,0.012649231306182934,0.004870290475654608,4.4125474730218303e-16,0.8040350000374019
sod-slau2-teno5-n80,sod,slau2,teno5,-1,80,0.2,True,True,0.003995809815640106,0.008249832306839728,0.0032629523019530107,1.6935949561581968e-16,0.9589117000577971
sod-slau2-teno7-n80,sod,slau2,teno7,-1,80,0.2,True,True,0.0036221364834205993,0.007637914510114775,0.0030250597766807545,2.8824058957652134e-16,0.9627021999331191
sod-slau2-weno3-js-n80,sod,slau2,weno3-js,-1,80,0.2,True,True,0.007396785247146283,0.014763884164854876,0.005668069103184359,1.5097839589338442e-16,0.6269340999424458
sod-slau2-weno3-z-n80,sod,slau2,weno3-z,-1,80,0.2,True,True,0.006859980010361378,0.013973895245403456,0.005337353965214613,6.983376279945237e-16,0.6063913999823853
sod-slau2-weno5-js-n80,sod,slau2,weno5-js,-1,80,0.2,True,True,0.005176950834202587,0.010180294957642026,0.004052174063101816,6.895497664161027e-16,0.7165232000406832
sod-slau2-weno5-z-n80,sod,slau2,weno5-z,-1,80,0.2,True,True,0.004638142514079045,0.0094796771645025,0.003695340164512854,4.410706805632709e-16,0.7550311998929828
sod-slau2-weno7-js-n80,sod,slau2,weno7-js,-1,80,0.2,True,True,0.0044488831865878735,0.008760719001075081,0.003587756012010017,3.0616567851580238e-16,0.7298412999371067
sod-steger-warming-cweno3-char-n80,sod,steger-warming,cweno3-char,-1,80,0.2,True,True,0.00942451748002357,0.01875952141458638,0.007872547743242442,4.3550563343214984e-16,0.39238510001450777
sod-steger-warming-cweno3-n160,sod,steger-warming,cweno3,-1,160,0.2,True,True,0.005279471951084032,0.009964628707564285,0.004471669309640438,2.498001805406602e-16,0.9150556999957189
sod-steger-warming-cweno3-n40,sod,steger-warming,cweno3,-1,40,0.2,True,True,0.0193283765517633,0.03980330936421385,0.01785530476233723,1.0188625803298997e-16,0.13341610005591065
sod-steger-warming-cweno3-n80,sod,steger-warming,cweno3,-1,80,0.2,True,True,0.010444345335329865,0.021287692135281165,0.009248164252308368,6.017142155334089e-16,0.28097770002204925
sod-steger-warming-cweno5-char-n80,sod,steger-warming,cweno5-char,-1,80,0.2,True,True,0.006344706253389024,0.012862280834534185,0.005295940172077644,7.976241738315516e-16,0.5259928999003023
sod-steger-warming-cweno5-n80,sod,steger-warming,cweno5,-1,80,0.2,True,True,0.006697581543185204,0.013834932194903287,0.005731565778613024,3.319841321533169e-16,0.32272569998167455
sod-steger-warming-dg0-n160,sod,steger-warming,modal-dg,0,160,0.2,True,True,0.018539238018621722,0.034892251752904634,0.017129858966291447,1.3364223683426814e-15,0.6803880999796093
sod-steger-warming-dg0-n40,sod,steger-warming,modal-dg,0,40,0.2,True,True,0.03828321317410829,0.09353171434907588,0.042764597693263774,1.2364648150839375e-16,0.13399469992145896
sod-steger-warming-dg0-n80,sod,steger-warming,modal-dg,0,80,0.2,True,True,0.027941309038575685,0.05906997902920019,0.027539124675309213,3.878609327323907e-16,0.14429339999333024
sod-steger-warming-dg1-n160,sod,steger-warming,modal-dg,1,160,0.2,True,True,0.0019491687563333235,0.003968812611107604,0.0016029168857747667,5.133648922471462e-15,4.0954087999416515
sod-steger-warming-dg1-n40,sod,steger-warming,modal-dg,1,40,0.2,True,True,0.006634597441944024,0.01767638403415451,0.006585329953297997,1.8722797164178613e-15,0.9280875999247655
sod-steger-warming-dg1-n80,sod,steger-warming,modal-dg,1,80,0.2,True,True,0.003993997007596724,0.008618796704665834,0.003297912841360442,1.8999180852598838e-15,0.8309317999519408
sod-steger-warming-dg2-n160,sod,steger-warming,modal-dg,2,160,0.2,True,True,0.0019495059227041145,0.003969606407414532,0.0016032239839494013,1.3078980026647692e-14,7.357576800044626
sod-steger-warming-dg2-n40,sod,steger-warming,modal-dg,2,40,0.2,True,True,0.0066349816387484785,0.01767944076317865,0.006586650783223638,5.951939991547917e-16,1.4019452000502497
sod-steger-warming-dg2-n80,sod,steger-warming,modal-dg,2,80,0.2,True,True,0.003994627718453032,0.008619968726069557,0.0032983235799272986,2.4221676235046417e-15,1.4554386999225244
sod-steger-warming-eno2-n80,sod,steger-warming,eno2,-1,80,0.2,True,True,0.011407193150581797,0.02286062767671195,0.010247442680719084,1.2248137786046577e-16,0.1700314999325201
sod-steger-warming-first-n80,sod,steger-warming,first,-1,80,0.2,True,True,0.027941309038575685,0.05906997902920019,0.027539124675309213,3.878609327323907e-16,0.14415759989060462
sod-steger-warming-muscl-minmod-n80,sod,steger-warming,muscl-minmod,-1,80,0.2,True,True,0.011279238959103184,0.02261254130684098,0.010105729931020711,4.800843036492221e-16,0.15110779996030033
sod-steger-warming-muscl-n80,sod,steger-warming,muscl,-1,80,0.2,True,True,0.008523666523232184,0.015256654277920412,0.006968675043844688,1.1102230246251565e-16,0.13792410003952682
sod-steger-warming-muscl-superbee-n80,sod,steger-warming,muscl-superbee,-1,80,0.2,True,True,0.007678012675703991,0.012733207374008876,0.005671912280749515,1.1102230246251565e-16,0.13889820000622422
sod-steger-warming-muscl-thinc-bvd-n80,sod,steger-warming,muscl-thinc-bvd,-1,80,0.2,True,True,0.008624808208812982,0.01354543232074414,0.00596456201586126,2.220446049250313e-16,0.22676999995019287
sod-steger-warming-muscl-vanalbada-n80,sod,steger-warming,muscl-vanalbada,-1,80,0.2,True,True,0.009437450517256602,0.019304368474199737,0.008429299359338751,4.363327755256725e-16,0.19000689999666065
sod-steger-warming-muscl-vanleer-n80,sod,steger-warming,muscl-vanleer,-1,80,0.2,True,True,0.008655664173056684,0.016887495686451613,0.007584171555987587,3.3306690738754696e-16,0.18861269997432828
sod-steger-warming-teno3-n80,sod,steger-warming,teno3,-1,80,0.2,True,True,0.007733434547899491,0.016035813574146955,0.006630616781901566,3.6997797267175683e-16,0.5011970999184996
sod-steger-warming-teno5-n80,sod,steger-warming,teno5,-1,80,0.2,True,True,0.0050184632874230445,0.01031367359278039,0.0043156777473844195,2.7654657773540117e-16,0.6672123000025749
sod-steger-warming-teno7-n80,sod,steger-warming,teno7,-1,80,0.2,True,True,0.00457807100703312,0.00970797099362373,0.0040624648467359244,1.2257531007103117e-16,0.7479749999474734
sod-steger-warming-weno3-js-n80,sod,steger-warming,weno3-js,-1,80,0.2,True,True,0.009529486110107229,0.019004240241714092,0.007967820819329771,5.681533095237905e-16,0.5395360999973491
sod-steger-warming-weno3-z-n80,sod,steger-warming,weno3-z,-1,80,0.2,True,True,0.008829669659383702,0.017661752728236446,0.007343982705498795,2.6545553461514967e-16,0.5200053999433294
sod-steger-warming-weno5-js-n80,sod,steger-warming,weno5-js,-1,80,0.2,True,True,0.006423718507940837,0.012846421758943993,0.005375275686595109,9.336681339206604e-16,0.7532328999368474
sod-steger-warming-weno5-z-n80,sod,steger-warming,weno5-z,-1,80,0.2,True,True,0.005715716978124458,0.011854703475583688,0.004834213459208046,4.797037571571768e-16,0.6941762999631464
sod-steger-warming-weno7-js-n80,sod,steger-warming,weno7-js,-1,80,0.2,True,True,0.005362585211982017,0.010963044236795626,0.00461268225134834,7.871784191859734e-16,0.7312152000376955
sod-vanleer-cweno3-char-n80,sod,vanleer,cweno3-char,-1,80,0.2,True,True,0.008095862380518742,0.016261284162294727,0.006598428835699338,1.3807008087618493e-16,0.48622510000132024
sod-vanleer-cweno3-n160,sod,vanleer,cweno3,-1,160,0.2,True,True,0.0048419029171572064,0.009217308952314181,0.004051978960012698,9.268637840693316e-16,0.8888265000423416
sod-vanleer-cweno3-n40,sod,vanleer,cweno3,-1,40,0.2,True,True,0.017587588974208958,0.03647873418505003,0.016268663215359698,3.534195209232917e-16,0.1430921999271959
sod-vanleer-cweno3-n80,sod,vanleer,cweno3,-1,80,0.2,True,True,0.009625865596659788,0.01860455281199267,0.008139588398392976,6.611087774432446e-16,0.29537840001285076
sod-vanleer-cweno5-char-n80,sod,vanleer,cweno5-char,-1,80,0.2,True,True,0.00537298079409086,0.011131727589511139,0.0043534459541004645,2.0945723387837287e-16,0.5842739000217989
sod-vanleer-cweno5-n80,sod,vanleer,cweno5,-1,80,0.2,True,True,0.006195636969193792,0.013654870451673903,0.005499224551263886,7.060207143122508e-16,0.41146430000662804
sod-vanleer-dg0-n160,sod,vanleer,modal-dg,0,160,0.2,True,True,0.015571104816258563,0.028510680194266013,0.014040836376086186,2.4877602789370983e-16,0.606868900009431
sod-vanleer-dg0-n40,sod,vanleer,modal-dg,0,40,0.2,True,True,0.03419333453668841,0.08030345865197656,0.03597489007181163,9.833036078085722e-17,0.12744129996281117
sod-vanleer-dg0-n80,sod,vanleer,modal-dg,0,80,0.2,True,True,0.02408707223474397,0.049418325958806165,0.022903111667531433,5.753445089143029e-16,0.16616330004762858
sod-vanleer-dg1-n160,sod,vanleer,modal-dg,1,160,0.2,True,True,0.0018617857748782995,0.003741185232800007,0.0014618237849567655,5.310744490258306e-15,4.140746799996123
sod-vanleer-dg1-n40,sod,vanleer,modal-dg,1,40,0.2,True,True,0.006606862923228506,0.016758083399788293,0.006041382454230015,1.3126754044427517e-15,0.6540258000604808
sod-vanleer-dg1-n80,sod,vanleer,modal-dg,1,80,0.2,True,True,0.003819211419255516,0.008130796724976404,0.0030007881739468603,1.014203140074523e-15,0.9396742000244558
sod-vanleer-dg2-n160,sod,vanleer,modal-dg,2,160,0.2,True,True,0.0018470504210167343,0.003741991906426508,0.0014617754332537773,5.1412581874014225e-15,8.369530499912798
sod-vanleer-dg2-n40,sod,vanleer,modal-dg,2,40,0.2,True,True,0.006603152455092985,0.01676047438037913,0.00604210524908535,8.472061021782395e-16,1.1760911999735981
sod-vanleer-dg2-n80,sod,vanleer,modal-dg,2,80,0.2,True,True,0.003810652315767501,0.008131567459846518,0.0030005884026794508,4.1226055608103843e-16,1.7670402000658214
sod-vanleer-eno2-n80,sod,vanleer,eno2,-1,80,0.2,True,True,0.010370436262002163,0.01987068727967542,0.008982298121865462,2.0328227129039264e-16,0.20123020000755787
sod-vanleer-first-n80,sod,vanleer,first,-1,80,0.2,True,True,0.02408707223474397,0.049418325958806165,0.022903111667531433,5.753445089143029e-16,0.16257569997105747
sod-vanleer-muscl-minmod-n80,sod,vanleer,muscl-minmod,-1,80,0.2,True,True,0.010332864997030951,0.019829027652911564,0.008877114803001128,1.6653345369377348e-16,0.1327064000070095
sod-vanleer-muscl-n80,sod,vanleer,muscl,-1,80,0.2,True,True,0.008155576200447908,0.014177429783747,0.006582429758256535,6.661338147750939e-16,0.1842183000408113
sod-vanleer-muscl-superbee-n80,sod,vanleer,muscl-superbee,-1,80,0.2,True,True,0.0075305061109006465,0.012699917115168703,0.005658947582315346,6.661338147750939e-16,0.21089149999897927
sod-vanleer-muscl-thinc-bvd-n80,sod,vanleer,muscl-thinc-bvd,-1,80,0.2,True,True,0.00846000245778182,0.01343822645539421,0.006440781195100842,2.220446049250313e-16,0.24126529996283352
sod-vanleer-muscl-vanalbada-n80,sod,vanleer,muscl-vanalbada,-1,80,0.2,True,True,0.00900891884717108,0.017337400875627112,0.007654830890107545,4.485323635224783e-16,0.18549890001304448
sod-vanleer-muscl-vanleer-n80,sod,vanleer,muscl-vanleer,-1,80,0.2,True,True,0.00844839456193488,0.015474659087044073,0.007032898644138414,4.440892098500626e-16,0.18207850004546344
sod-vanleer-teno3-n80,sod,vanleer,teno3,-1,80,0.2,True,True,0.006804181217186832,0.014503807090035464,0.0057579968561125155,3.0109019445817827e-16,0.7457718000514433
sod-vanleer-teno5-n80,sod,vanleer,teno5,-1,80,0.2,True,True,0.004301110250021642,0.009077828969477682,0.003541844020621207,1.833475128024163e-16,0.8682242999784648
sod-vanleer-teno7-n80,sod,vanleer,teno7,-1,80,0.2,True,True,0.0038951650010748103,0.00843139663873194,0.00331392200660178,3.362528306526303e-16,0.9100388999795541
sod-vanleer-weno3-js-n80,sod,vanleer,weno3-js,-1,80,0.2,True,True,0.008212501163347144,0.016406590581713898,0.006679210690533908,3.1896226427891994e-16,0.6734673000173643
sod-vanleer-weno3-z-n80,sod,vanleer,weno3-z,-1,80,0.2,True,True,0.00765480498286822,0.015395019854180871,0.006217195548940737,4.2220940372339776e-16,0.7742597999749705
sod-vanleer-weno5-js-n80,sod,vanleer,weno5-js,-1,80,0.2,True,True,0.005500669728647094,0.011137723988199868,0.004473552385885905,3.4570926545770497e-16,1.0137169999070466
sod-vanleer-weno5-z-n80,sod,vanleer,weno5-z,-1,80,0.2,True,True,0.004948169661435332,0.010353552433464846,0.00403877421191948,1.1105638444783891e-16,0.9456937999930233
sod-vanleer-weno7-js-n80,sod,vanleer,weno7-js,-1,80,0.2,True,True,0.004639780383185799,0.009571570674817939,0.003811471083409601,8.326672684688674e-17,0.9643951000180095
stationary-contact-ausm-cweno3-n80,stationary-contact,ausm,cweno3,-1,80,0.2,True,True,1.249000902703301e-16,0.0,3.8302694349567903e-16,0.0,0.4347246999386698
stationary-contact-ausm-plus-cweno3-n80,stationary-contact,ausm-plus,cweno3,-1,80,0.2,True,True,1.249000902703301e-16,0.0,3.8302694349567903e-16,0.0,0.4473291999893263
stationary-contact-ausm-up-cweno3-n80,stationary-contact,ausm-up,cweno3,-1,80,0.2,True,True,1.249000902703301e-16,0.0,3.8302694349567903e-16,0.0,0.42044040001928806
stationary-contact-ausm-up2-cweno3-n80,stationary-contact,ausm-up2,cweno3,-1,80,0.2,True,True,1.249000902703301e-16,0.0,3.8302694349567903e-16,0.0,0.36957859992980957
stationary-contact-ec-lf-cweno3-n80,stationary-contact,ec-lf,cweno3,-1,80,0.2,True,True,0.019862726570399135,0.0,3.8302694349567903e-16,1.0445017853214158e-17,0.4518532999791205
stationary-contact-global-lf-cweno3-n80,stationary-contact,global-lf,cweno3,-1,80,0.2,True,True,0.023677358594940884,0.0,3.8302694349567903e-16,6.2647696446277826e-18,0.3836317000677809
stationary-contact-godunov-cweno3-n80,stationary-contact,godunov,cweno3,-1,80,0.2,True,True,1.249000902703301e-16,0.0,3.8302694349567903e-16,0.0,1.8170228000963107
stationary-contact-hllc-cweno3-n80,stationary-contact,hllc,cweno3,-1,80,0.2,True,True,1.249000902703301e-16,0.0,3.8302694349567903e-16,0.0,0.6773831000318751
stationary-contact-hlle-cweno3-n80,stationary-contact,hlle,cweno3,-1,80,0.2,True,True,0.019862726570399135,0.0,3.8302694349567903e-16,1.0445017853214158e-17,0.6091726999729872
stationary-contact-jst-first-n80,stationary-contact,jst,first,-1,80,0.2,True,True,0.011080663305778041,0.0,3.8302694349567903e-16,2.220446049250313e-16,0.16588320001028478
stationary-contact-roe-cweno3-n80,stationary-contact,roe,cweno3,-1,80,0.2,True,True,1.249000902703301e-16,0.0,3.8302694349567903e-16,0.0,0.7331511999946088
stationary-contact-roe-nc-cweno3-n80,stationary-contact,roe-nc,cweno3,-1,80,0.2,True,True,1.249000902703301e-16,0.0,3.8302694349567903e-16,0.0,0.8128102000337094
stationary-contact-rusanov-cweno3-n80,stationary-contact,rusanov,cweno3,-1,80,0.2,True,True,0.019862726570399135,0.0,3.8302694349567903e-16,1.0445017853214158e-17,0.4170212000608444
stationary-contact-slau2-cweno3-n80,stationary-contact,slau2,cweno3,-1,80,0.2,True,True,1.249000902703301e-16,0.0,3.8302694349567903e-16,0.0,0.5493546000216156
stationary-contact-steger-warming-cweno3-n80,stationary-contact,steger-warming,cweno3,-1,80,0.2,True,True,0.018763630279815997,0.004057469014687268,0.001977182345947058,3.0227556568895864e-16,0.4543180000036955
stationary-contact-vanleer-cweno3-n80,stationary-contact,vanleer,cweno3,-1,80,0.2,True,True,0.016127902950335588,0.0030946456352673396,0.0013918043706294097,3.946495907847236e-17,0.5173492999747396
