1  3  3       52      53      81
       2  3  3       81      53      84
       3  3  3       84      53      54
       4  3  3       84      54      85
       5  3  3       85      54      55
       6  3  3       85      55      86
       7  3  3       86      55      56
       8  3  3       86      56      87
       9  3  3       87      56       2
      10  3  3       52      81      88
      11  3  3       52      88      51
      12  3  3       51      88      89
      13  3  3       51      89      50
      14  3  3       50      89      90
      15  3  3       50      90      49
      16  3  3       49      90      91
      17  3  3       49      91      48
      18  3  3       48      91      92
      19  3  3       48      92      47
      20  3  3       47      92      93
      21  3  3       47      93      46
      22  3  3       46      93      94
      23  3  3       46      94      45
      24  3  3       45      94      95
      25  3  3       45      95      44
      26  3  3       44      95      96
      27  3  3       44      96      43
      28  3  3       43      96      97
      29  3  3       43      97      42
      30  3  3       42      97      98
      31  3  3       42      98      41
      32  3  3       41      98      99
      33  3  3       41      99      40
      34  3  3       40      99     100
      35  3  3       40     100      39
      36  3  3      100     101      38
      37  3  3       38      39     100
      38  3  3       38     101     102
      39  3  3       38     102      37
      40  3  3       37     102     103
      41  3  3       37     103      36
      42  3  3       36     103     104
      43  3  3       36     104      35
      44  3  3       35     104     105
      45  3  3       35     105      34
      46  3  3       34     105     106
      47  3  3       34     106      33
      48  3  3       33     106     107
      49  3  3       33     107       1
      50  3  3       59      60     108
      51  3  3      108      60     109
      52  3  3      109      60      61
      53  3  3      109      61     110
      54  3  3      110      61      62
      55  3  3      110      62     111
      56  3  3      111      62      63
      57  3  3      111      63     112
      58  3  3      112      63      64
      59  3  3      112      64     113
      60  3  3      113      64      65
      61  3  3      113      65     114
      62  3  3      114      65      66
      63  3  3      114      66     115
      64  3  3      115      66      67
      65  3  3      115      67     116
      66  3  3      116      67      68
      67  3  3      116      68     117
      68  3  3      117      68      69
      69  3  3      117      69     118
      70  3  3      118      69      70
      71  3  3      118      70     119
      72  3  3      119      70      71
      73  3  3      119      71     120
      74  3  3      120      71      72
      75  3  3      120      72     121
      76  3  3      121      72      73
      77  3  3      121      73     122
      78  3  3      122      73      74
      79  3  3      122      74     123
      80  3  3      123      74      75
      81  3  3      123      75     124
      82  3  3      124      75      76
      83  3  3      124      76     125
      84  3  3      125      76      77
      85  3  3      125      77     126
      86  3  3      126      77      78
      87  3  3      126      78     127
      88  3  3      127      78      79
      89  3  3      127      79     128
      90  3  3      128      79      80
      91  3  3       59     108     129
      92  3  3       59     129      58
      93  3  3       58     129     130
      94  3  3       58     130      57
      95  3  3       57     130     131
      96  3  3       57     131       2
      97  3  3      128      80     132
      98  3  3      132      80       1
      99  3  3        7       8     133
     100  3  3      133       8     134
     101  3  3      134       8       9
     102  3  3        7     133     135
     103  3  3        7     135       6
     104  3  3      134       9     136
     105  3  3      136       9      10
     106  3  3        6     135     137
     107  3  3        6     137       5
     108  3  3      136      10     138
     109  3  3      138      10      11
     110  3  3      138      11     139
     111  3  3      139      11      12
     112  3  3      139      12     140
     113  3  3      140      12      13
     114  3  3      140      13     141
     115  3  3      141      13      14
     116  3  3      141      14     142
     117  3  3      142      14      15
     118  3  3      142      15     143
     119  3  3      143      15      16
     120  3  3      143      16     144
     121  3  3      144      16      17
     122  3  3      144      17     145
     123  3  3      145      17      18
     124  3  3      145      18     146
     125  3  3      146      18      19
     126  3  3      146      19     147
     127  3  3      147      19      20
     128  3  3      147      20     148
     129  3  3      148      20      21
     130  3  3      148      21     149
     131  3  3      149      21      22
     132  3  3      149      22     150
     133  3  3      150      22      23
     134  3  3      150      23     151
     135  3  3      151      23      24
     136  3  3      151      24     152
     137  3  3      152      24      25
     138  3  3      152      25     153
     139  3  3      153      25      26
     140  3  3      153      26     154
     141  3  3      154      26      27
     142  3  3      154      27     155
     143  3  3      155      27      28
     144  3  3      155      28     156
     145  3  3      156      28      29
     146  3  3      156      29     157
     147  3  3      157      29      30
     148  3  3      157      30     158
     149  3  3      158      30      31
     150  3  3        5     137     159
     151  3  3        5     159       4
     152  3  3      158      31     160
     153  3  3      160      31      32
     154  3  3        4     159     161
     155  3  3        4     161       3
     156  3  3        3     161     162
     157  3  3        3     162      32
     158  3  3       32     162     163
     159  3  3       32     163     160
     160  3  3      162     161     164
     161  3  3      162     164     165
     162  3  3      162     165     163
     163  3  3      161     159     166
     164  3  3      161     166     167
     165  3  3      161     167     164
     166  3  3      159     137     168
     167  3  3      159     168     169
     168  3  3      159     169     166
     169  3  3      137     135     170
     170  3  3      137     170     168
     171  3  3      135     133     171
     172  3  3      135     171     170
     173  3  3      133     134     172
     174  3  3      133     172     171
     175  3  3      134     136     173
     176  3  3      134     173     172
     177  3  3      136     138     174
     178  3  3      136     174     173
     179  3  3      138     139     175
     180  3  3      138     175     176
     181  3  3      138     176     174
     182  3  3      139     140     177
     183  3  3      139     177     178
     184  3  3      139     178     175
     185  3  3      140     141     179
     186  3  3      140     179     180
     187  3  3      140     180     177
     188  3  3      141     142     181
     189  3  3      141     181     179
     190  3  3      142     143     182
     191  3  3      142     182     181
     192  3  3      143     144     183
     193  3  3      143     183     182
     194  3  3      144     145     184
     195  3  3      144     184     183
     196  3  3      145     146     185
     197  3  3      145     185     184
     198  3  3      146     147     186
     199  3  3      146     186     185
     200  3  3      147     148     187
     201  3  3      147     187     186
     202  3  3      148     149     188
     203  3  3      148     188     187
     204  3  3      149     150     189
     205  3  3      149     189     188
     206  3  3      150     151     190
     207  3  3      150     190     189
     208  3  3      151     152     191
     209  3  3      151     191     190
     210  3  3      152     153     192
     211  3  3      152     192     191
     212  3  3      153     154     193
     213  3  3      153     193     194
     214  3  3      153     194     192
     215  3  3      154     155     195
     216  3  3      154     195     196
     217  3  3      154     196     193
     218  3  3      155     156     197
     219  3  3      155     197     198
     220  3  3      155     198     195
     221  3  3      156     157     199
     222  3  3      156     199     200
     223  3  3      156     200     197
     224  3  3      157     158     201
     225  3  3      157     201     202
     226  3  3      157     202     199
     227  3  3      158     160     203
     228  3  3      158     203     204
     229  3  3      158     204     201
     230  3  3      132       1     205
     231  3  3      205       1     107
     232  3  3      110     111     206
     233  3  3      110     206     207
     234  3  3      110     207     109
     235  3  3      108     109     208
     236  3  3      208     109     207
     237  3  3      129     108     209
     238  3  3      209     108     208
     239  3  3      130     129     210
     240  3  3      210     129     209
     241  3  3      131     130     210
     242  3  3      111     112     211
     243  3  3      111     211     206
     244  3  3      112     113     212
     245  3  3      112     212     211
     246  3  3      113     114     213
     247  3  3      113     213     212
     248  3  3      114     115     214
     249  3  3      114     214     213
     250  3  3      115     116     215
     251  3  3      115     215     214
     252  3  3      116     117     216
     253  3  3      116     216     215
     254  3  3      117     118     217
     255  3  3      117     217     216
     256  3  3      118     119     218
     257  3  3      118     218     217
     258  3  3      119     120     219
     259  3  3      119     219     218
     260  3  3      120     121     220
     261  3  3      120     220     219
     262  3  3      121     122     221
     263  3  3      121     221     220
     264  3  3      122     123     222
     265  3  3      122     222     221
     266  3  3      123     124     223
     267  3  3      123     223     222
     268  3  3      124     125     224
     269  3  3      124     224     223
     270  3  3      125     126     225
     271  3  3      125     225     224
     272  3  3      126     127     226
     273  3  3      126     226     225
     274  3  3      127     128     227
     275  3  3      127     227     226
     276  3  3      128     132     228
     277  3  3      128     228     227
     278  3  3       84      85     229
     279  3  3      229      85     230
     280  3  3      230      85      86
     281  3  3       86      87     231
     282  3  3       86     231     230
     283  3  3       81      84     232
     284  3  3      232      84     229
     285  3  3       88      81     233
     286  3  3      233      81     232
     287  3  3       89      88     234
     288  3  3      234      88     233
     289  3  3       90      89     235
     290  3  3      235      89     234
     291  3  3       91      90     236
     292  3  3      236      90     235
     293  3  3       92      91     237
     294  3  3      237      91     236
     295  3  3       93      92     238
     296  3  3      238      92     237
     297  3  3       94      93     239
     298  3  3      239      93     238
     299  3  3       95      94     240
     300  3  3      240      94     239
     301  3  3       96      95     241
     302  3  3      241      95     240
     303  3  3       97      96     242
     304  3  3      242      96     241
     305  3  3       98      97     243
     306  3  3      243      97     242
     307  3  3       99      98     244
     308  3  3      244      98     243
     309  3  3      100      99     245
     310  3  3      245      99     244
     311  3  3      101     100     246
     312  3  3      246     100     245
     313  3  3      102     101     247
     314  3  3      247     101     246
     315  3  3      103     102     248
     316  3  3      248     102     247
     317  3  3      104     103     249
     318  3  3      249     103     248
     319  3  3      105     104     250
     320  3  3      250     104     249
     321  3  3      106     105     251
     322  3  3      251     105     250
     323  3  3      107     106     252
     324  3  3      252     106     251
     325  3  3       87       2     253
     326  3  3      253       2     254
     327  3  3      254       2     131
     328  3  3      203     160     255
     329  3  3      255     160     163
     330  3  3      163     165     256
     331  3  3      163     256     255
     332  3  3      166     169     257
     333  3  3      166     257     167
     334  3  3      165     164     258
     335  3  3      258     164     167
     336  3  3      201     204     259
     337  3  3      201     259     202
     338  3  3      204     203     260
     339  3  3      260     203     255
     340  3  3      193     196     261
     341  3  3      193     261     194
     342  3  3      200     199     262
     343  3  3      262     199     202
     344  3  3      198     197     263
     345  3  3      263     197     200
     346  3  3      176     175     264
     347  3  3      264     175     178
     348  3  3      196     195     265
     349  3  3      265     195     198
     350  3  3      177     180     266
     351  3  3      177     266     178
     352  3  3      168     170     267
     353  3  3      168     267     169
     354  3  3      170     171     268
     355  3  3      170     268     269
     356  3  3      170     269     267
     357  3  3      171     172     270
     358  3  3      171     270     268
     359  3  3      172     173     271
     360  3  3      172     271     270
     361  3  3      173     174     272
     362  3  3      173     272     273
     363  3  3      173     273     271
     364  3  3      174     176     274
     365  3  3      174     274     272
     366  3  3      179     181     275
     367  3  3      179     275     276
     368  3  3      179     276     180
     369  3  3      181     182     277
     370  3  3      181     277     278
     371  3  3      181     278     275
     372  3  3      182     183     279
     373  3  3      182     279     280
     374  3  3      182     280     277
     375  3  3      183     184     281
     376  3  3      183     281     282
     377  3  3      183     282     279
     378  3  3      184     185     283
     379  3  3      184     283     284
     380  3  3      184     284     281
     381  3  3      185     186     285
     382  3  3      185     285     286
     383  3  3      185     286     283
     384  3  3      186     187     287
     385  3  3      186     287     288
     386  3  3      186     288     285
     387  3  3      187     188     289
     388  3  3      187     289     290
     389  3  3      187     290     287
     390  3  3      188     189     291
     391  3  3      188     291     292
     392  3  3      188     292     289
     393  3  3      189     190     293
     394  3  3      189     293     294
     395  3  3      189     294     291
     396  3  3      190     191     295
     397  3  3      190     295     296
     398  3  3      190     296     293
     399  3  3      191     192     297
     400  3  3      191     297     298
     401  3  3      191     298     295
     402  3  3      192     194     299
     403  3  3      192     299     297
     404  3  3      180     276     300
     405  3  3      180     300     266
     406  3  3      299     194     301
     407  3  3      301     194     261
     408  3  3      274     176     302
     409  3  3      302     176     264
     410  3  3      198     263     303
     411  3  3      198     303     265
     412  3  3      263     200     304
     413  3  3      304     200     262
     414  3  3      264     178     305
     415  3  3      305     178     266
     416  3  3      196     265     306
     417  3  3      196     306     261
     418  3  3      285     288     307
     419  3  3      285     307     286
     420  3  3      288     287     308
     421  3  3      308     287     290
     422  3  3      296     295     309
     423  3  3      309     295     298
     424  3  3      278     277     310
     425  3  3      310     277     280
     426  3  3      284     283     311
     427  3  3      311     283     286
     428  3  3      292     291     312
     429  3  3      312     291     294
     430  3  3      282     281     313
     431  3  3      313     281     284
     432  3  3      280     279     314
     433  3  3      314     279     282
     434  3  3      289     292     315
     435  3  3      289     315     290
     436  3  3      294     293     316
     437  3  3      316     293     296
     438  3  3      204     260     317
     439  3  3      204     317     259
     440  3  3      258     167     318
     441  3  3      318     167     257
     442  3  3      257     169     319
     443  3  3      319     169     267
     444  3  3      267     269     320
     445  3  3      267     320     319
     446  3  3      262     202     321
     447  3  3      321     202     259
     448  3  3      275     278     322
     449  3  3      275     322     276
     450  3  3      260     255     323
     451  3  3      323     255     324
     452  3  3      324     255     256
     453  3  3      256     165     325
     454  3  3      256     325     324
     455  3  3      165     258     326
     456  3  3      165     326     325
     457  3  3      297     299     327
     458  3  3      327     299     328
     459  3  3      328     299     301
     460  3  3      298     297     329
     461  3  3      329     297     327
     462  3  3      269     268     330
     463  3  3      330     268     331
     464  3  3      331     268     270
     465  3  3      270     271     332
     466  3  3      270     332     331
     467  3  3      271     273     333
     468  3  3      271     333     332
     469  3  3      272     274     334
     470  3  3      272     334     335
     471  3  3      272     335     273
     472  3  3      231      87     336
     473  3  3      336      87     253
     474  3  3      228     132     337
     475  3  3      337     132     205
     476  3  3      205     107     338
     477  3  3      338     107     252
     478  3  3      254     131     339
     479  3  3      339     131     340
     480  3  3      340     131     210
     481  3  3      210     209     341
     482  3  3      210     341     342
     483  3  3      210     342     340
     484  3  3      209     208     343
     485  3  3      209     343     341
     486  3  3      208     207     344
     487  3  3      208     344     343
     488  3  3      207     206     345
     489  3  3      207     345     344
     490  3  3      206     211     346
     491  3  3      206     346     345
     492  3  3      211     212     347
     493  3  3      211     347     346
     494  3  3      212     213     348
     495  3  3      212     348     347
     496  3  3      213     214     349
     497  3  3      213     349     348
     498  3  3      214     215     350
     499  3  3      214     350     349
     500  3  3      215     216     351
     501  3  3      215     351     350
     502  3  3      216     217     352
     503  3  3      216     352     351
     504  3  3      217     218     353
     505  3  3      217     353     352
     506  3  3      218     219     354
     507  3  3      218     354     353
     508  3  3      219     220     355
     509  3  3      219     355     354
     510  3  3      220     221     356
     511  3  3      220     356     355
     512  3  3      221     222     357
     513  3  3      221     357     356
     514  3  3      222     223     358
     515  3  3      222     358     357
     516  3  3      223     224     359
     517  3  3      223     359     358
     518  3  3      224     225     360
     519  3  3      224     360     359
     520  3  3      225     226     361
     521  3  3      225     361     360
     522  3  3      226     227     362
     523  3  3      226     362     361
     524  3  3      227     228     363
     525  3  3      227     363     362
     526  3  3      229     230     364
     527  3  3      229     364     365
     528  3  3      229     365     232
     529  3  3      233     232     366
     530  3  3      366     232     365
     531  3  3      234     233     367
     532  3  3      367     233     366
     533  3  3      235     234     368
     534  3  3      368     234     367
     535  3  3      236     235     369
     536  3  3      369     235     368
     537  3  3      237     236     370
     538  3  3      370     236     369
     539  3  3      238     237     371
     540  3  3      371     237     370
     541  3  3      239     238     372
     542  3  3      372     238     371
     543  3  3      240     239     373
     544  3  3      373     239     372
     545  3  3      241     240     374
     546  3  3      374     240     373
     547  3  3      242     241     375
     548  3  3      375     241     374
     549  3  3      243     242     376
     550  3  3      376     242     375
     551  3  3      244     243     377
     552  3  3      377     243     376
     553  3  3      245     244     378
     554  3  3      378     244     377
     555  3  3      246     245     379
     556  3  3      379     245     378
     557  3  3      247     246     380
     558  3  3      380     246     379
     559  3  3      248     247     381
     560  3  3      381     247     380
     561  3  3      249     248     382
     562  3  3      382     248     381
     563  3  3      250     249     383
     564  3  3      383     249     382
     565  3  3      251     250     384
     566  3  3      384     250     383
     567  3  3      252     251     385
     568  3  3      385     251     384
     569  3  3      230     231     386
     570  3  3      230     386     364
     571  3  3      253     254     387
     572  3  3      387     254     388
     573  3  3      388     254     339
     574  3  3      274     302     389
     575  3  3      274     389     334
     576  3  3      309     298     390
     577  3  3      390     298     329
     578  3  3      333     273     391
     579  3  3      391     273     335
     580  3  3      300     276     392
     581  3  3      392     276     322
     582  3  3      266     300     393
     583  3  3      266     393     305
     584  3  3      258     318     394
     585  3  3      258     394     326
     586  3  3      317     260     395
     587  3  3      395     260     323
     588  3  3      307     288     396
     589  3  3      396     288     308
     590  3  3      290     315     397
     591  3  3      290     397     308
     592  3  3      284     311     398
     593  3  3      284     398     313
     594  3  3      316     296     399
     595  3  3      399     296     309
     596  3  3      311     286     400
     597  3  3      400     286     307
     598  3  3      320     269     401
     599  3  3      401     269     330
     600  3  3      318     257     402
     601  3  3      402     257     319
     602  3  3      315     292     403
     603  3  3      403     292     312
     604  3  3      314     282     404
     605  3  3      404     282     313
     606  3  3      294     316     405
     607  3  3      294     405     312
     608  3  3      278     310     406
     609  3  3      278     406     322
     610  3  3      259     317     407
     611  3  3      259     407     321
     612  3  3      280     314     408
     613  3  3      280     408     310
     614  3  3      327     328     409
     615  3  3      327     409     329
     616  3  3      335     334     410
     617  3  3      410     334     389
     618  3  3      261     306     411
     619  3  3      261     411     301
     620  3  3      328     301     412
     621  3  3      412     301     411
     622  3  3      303     263     413
     623  3  3      413     263     304
     624  3  3      264     305     414
     625  3  3      264     414     302
     626  3  3      262     321     415
     627  3  3      262     415     304
     628  3  3      265     303     416
     629  3  3      265     416     306
     630  3  3      332     333     417
     631  3  3      417     333     391
     632  3  3      331     332     418
     633  3  3      418     332     417
     634  3  3      330     331     419
     635  3  3      419     331     418
     636  3  3      319     320     420
     637  3  3      319     420     402
     638  3  3      323     324     421
     639  3  3      323     421     422
     640  3  3      323     422     395
     641  3  3      324     325     423
     642  3  3      324     423     421
     643  3  3      325     326     424
     644  3  3      325     424     423
     645  3  3      302     414     425
     646  3  3      302     425     389
     647  3  3      399     309     426
     648  3  3      426     309     390
     649  3  3      401     330     427
     650  3  3      427     330     419
     651  3  3      424     326     428
     652  3  3      428     326     394
     653  3  3      305     393     429
     654  3  3      305     429     414
     655  3  3      391     335     430
     656  3  3      430     335     410
     657  3  3      303     413     431
     658  3  3      303     431     416
     659  3  3      304     415     432
     660  3  3      304     432     413
     661  3  3      409     328     433
     662  3  3      433     328     412
     663  3  3      411     306     434
     664  3  3      434     306     416
     665  3  3      412     411     435
     666  3  3      435     411     434
     667  3  3      390     329     436
     668  3  3      436     329     409
     669  3  3      400     307     437
     670  3  3      437     307     396
     671  3  3      396     308     438
     672  3  3      438     308     397
     673  3  3      410     389     439
     674  3  3      439     389     425
     675  3  3      398     311     440
     676  3  3      440     311     400
     677  3  3      408     314     441
     678  3  3      441     314     404
     679  3  3      406     310     442
     680  3  3      442     310     408
     681  3  3      312     405     443
     682  3  3      312     443     403
     683  3  3      404     313     444
     684  3  3      444     313     398
     685  3  3      316     399     445
     686  3  3      316     445     405
     687  3  3      315     403     446
     688  3  3      315     446     397
     689  3  3      320     401     447
     690  3  3      320     447     448
     691  3  3      320     448     420
     692  3  3      322     406     449
     693  3  3      322     449     392
     694  3  3      317     395     450
     695  3  3      317     450     451
     696  3  3      317     451     407
     697  3  3      395     422     452
     698  3  3      395     452     450
     699  3  3      318     402     453
     700  3  3      318     453     394
     701  3  3      402     420     454
     702  3  3      402     454     453
     703  3  3      415     321     455
     704  3  3      455     321     407
     705  3  3      417     391     456
     706  3  3      456     391     430
     707  3  3      418     417     457
     708  3  3      457     417     456
     709  3  3      419     418     458
     710  3  3      458     418     457
     711  3  3      393     300     459
     712  3  3      459     300     460
     713  3  3      460     300     392
     714  3  3      422     421     461
     715  3  3      461     421     462
     716  3  3      462     421     423
     717  3  3      423     424     463
     718  3  3      423     463     462
     719  3  3      253     387     464
     720  3  3      253     464     336
     721  3  3      252     385     465
     722  3  3      252     465     338
     723  3  3      228     337     466
     724  3  3      228     466     363
     725  3  3      337     205     467
     726  3  3      467     205     338
     727  3  3      231     336     468
     728  3  3      231     468     469
     729  3  3      231     469     386
     730  3  3      342     341     470
     731  3  3      470     341     471
     732  3  3      471     341     343
     733  3  3      343     344     472
     734  3  3      343     472     471
     735  3  3      344     345     473
     736  3  3      344     473     472
     737  3  3      345     346     474
     738  3  3      345     474     473
     739  3  3      346     347     475
     740  3  3      346     475     474
     741  3  3      347     348     476
     742  3  3      347     476     475
     743  3  3      348     349     477
     744  3  3      348     477     476
     745  3  3      349     350     478
     746  3  3      349     478     477
     747  3  3      350     351     479
     748  3  3      350     479     478
     749  3  3      351     352     480
     750  3  3      351     480     479
     751  3  3      352     353     481
     752  3  3      352     481     480
     753  3  3      353     354     482
     754  3  3      353     482     481
     755  3  3      354     355     483
     756  3  3      354     483     482
     757  3  3      355     356     484
     758  3  3      355     484     483
     759  3  3      356     357     485
     760  3  3      356     485     484
     761  3  3      357     358     486
     762  3  3      357     486     485
     763  3  3      358     359     487
     764  3  3      358     487     486
     765  3  3      359     360     488
     766  3  3      359     488     487
     767  3  3      360     361     489
     768  3  3      360     489     488
     769  3  3      361     362     490
     770  3  3      361     490     489
     771  3  3      362     363     491
     772  3  3      362     491     490
     773  3  3      339     340     492
     774  3  3      492     340     493
     775  3  3      493     340     342
     776  3  3      388     339     494
     777  3  3      494     339     492
     778  3  3      387     388     495
     779  3  3      495     388     496
     780  3  3      496     388     494
     781  3  3      364     386     497
     782  3  3      497     386     498
     783  3  3      498     386     469
     784  3  3      365     364     499
     785  3  3      499     364     497
     786  3  3      366     365     500
     787  3  3      500     365     499
     788  3  3      367     366     501
     789  3  3      501     366     500
     790  3  3      368     367     502
     791  3  3      502     367     501
     792  3  3      369     368     503
     793  3  3      503     368     502
     794  3  3      370     369     504
     795  3  3      504     369     503
     796  3  3      371     370     505
     797  3  3      505     370     504
     798  3  3      372     371     506
     799  3  3      506     371     505
     800  3  3      373     372     507
     801  3  3      507     372     506
     802  3  3      374     373     508
     803  3  3      508     373     507
     804  3  3      375     374     509
     805  3  3      509     374     508
     806  3  3      376     375     510
     807  3  3      510     375     509
     808  3  3      377     376     511
     809  3  3      511     376     510
     810  3  3      378     377     512
     811  3  3      512     377     511
     812  3  3      379     378     513
     813  3  3      513     378     512
     814  3  3      380     379     514
     815  3  3      514     379     513
     816  3  3      381     380     515
     817  3  3      515     380     514
     818  3  3      382     381     516
     819  3  3      516     381     515
     820  3  3      383     382     517
     821  3  3      517     382     516
     822  3  3      384     383     518
     823  3  3      518     383     517
     824  3  3      385     384     519
     825  3  3      519     384     518
     826  3  3      392     449     520
     827  3  3      392     520     460
     828  3  3      393     459     521
     829  3  3      393     521     429
     830  3  3      455     407     522
     831  3  3      522     407     451
     832  3  3      422     461     523
     833  3  3      422     523     452
     834  3  3      428     394     524
     835  3  3      524     394     453
     836  3  3      414     429     525
     837  3  3      414     525     425
     838  3  3      445     399     526
     839  3  3      526     399     426
     840  3  3      447     401     527
     841  3  3      527     401     427
     842  3  3      396     438     528
     843  3  3      396     528     437
     844  3  3      438     397     529
     845  3  3      529     397     446
     846  3  3      444     398     530
     847  3  3      530     398     440
     848  3  3      440     400     531
     849  3  3      531     400     437
     850  3  3      403     443     532
     851  3  3      403     532     446
     852  3  3      441     404     533
     853  3  3      533     404     444
     854  3  3      443     405     534
     855  3  3      534     405     445
     856  3  3      449     406     535
     857  3  3      535     406     442
     858  3  3      442     408     536
     859  3  3      536     408     441
     860  3  3      450     452     537
     861  3  3      450     537     451
     862  3  3      463     424     538
     863  3  3      538     424     428
     864  3  3      454     420     539
     865  3  3      539     420     448
     866  3  3      409     433     540
     867  3  3      409     540     436
     868  3  3      426     390     541
     869  3  3      541     390     436
     870  3  3      430     410     542
     871  3  3      542     410     439
     872  3  3      456     430     543
     873  3  3      543     430     542
     874  3  3      415     455     544
     875  3  3      415     544     432
     876  3  3      459     460     545
     877  3  3      459     545     521
     878  3  3      431     413     546
     879  3  3      546     413     432
     880  3  3      416     431     547
     881  3  3      416     547     434
     882  3  3      435     434     548
     883  3  3      548     434     547
     884  3  3      427     419     549
     885  3  3      549     419     550
     886  3  3      550     419     458
     887  3  3      412     435     551
     888  3  3      412     551     433
     889  3  3      453     454     552
     890  3  3      453     552     524
     891  3  3      439     425     553
     892  3  3      553     425     525
     893  3  3      458     457     554
     894  3  3      458     554     555
     895  3  3      458     555     550
     896  3  3      457     456     556
     897  3  3      457     556     554
     898  3  3      448     447     557
     899  3  3      557     447     558
     900  3  3      558     447     527
     901  3  3      461     462     559
     902  3  3      461     559     560
     903  3  3      461     560     523
     904  3  3      462     463     561
     905  3  3      462     561     559
     906  3  3      448     557     562
     907  3  3      448     562     539
     908  3  3      525     429     563
     909  3  3      563     429     521
     910  3  3      553     525     564
     911  3  3      564     525     563
     912  3  3      527     427     565
     913  3  3      565     427     549
     914  3  3      558     527     566
     915  3  3      566     527     565
     916  3  3      522     451     567
     917  3  3      567     451     537
     918  3  3      556     456     568
     919  3  3      568     456     543
     920  3  3      538     428     569
     921  3  3      569     428     524
     922  3  3      524     552     570
     923  3  3      524     570     569
     924  3  3      435     548     571
     925  3  3      435     571     551
     926  3  3      463     538     572
     927  3  3      463     572     561
     928  3  3      426     541     573
     929  3  3      426     573     526
     930  3  3      460     520     574
     931  3  3      460     574     545
     932  3  3      431     546     575
     933  3  3      431     575     547
     934  3  3      432     544     576
     935  3  3      432     576     546
     936  3  3      540     433     577
     937  3  3      577     433     551
     938  3  3      437     528     578
     939  3  3      437     578     531
     940  3  3      436     540     579
     941  3  3      436     579     541
     942  3  3      552     454     580
     943  3  3      580     454     539
     944  3  3      438     529     581
     945  3  3      438     581     528
     946  3  3      521     545     582
     947  3  3      521     582     563
     948  3  3      445     526     583
     949  3  3      445     583     534
     950  3  3      530     440     584
     951  3  3      584     440     531
     952  3  3      441     533     585
     953  3  3      441     585     536
     954  3  3      532     443     586
     955  3  3      586     443     534
     956  3  3      520     449     587
     957  3  3      587     449     535
     958  3  3      442     536     588
     959  3  3      442     588     535
     960  3  3      533     444     589
     961  3  3      589     444     530
     962  3  3      446     532     590
     963  3  3      446     590     529
     964  3  3      537     452     591
     965  3  3      591     452     523
     966  3  3      523     560     592
     967  3  3      523     592     591
     968  3  3      439     553     593
     969  3  3      439     593     542
     970  3  3      544     455     594
     971  3  3      594     455     595
     972  3  3      595     455     522
     973  3  3      543     542     596
     974  3  3      596     542     593
     975  3  3      557     558     597
     976  3  3      557     597     562
     977  3  3      548     547     598
     978  3  3      598     547     575
     979  3  3      550     555     599
     980  3  3      550     599     549
     981  3  3      554     556     600
     982  3  3      554     600     601
     983  3  3      554     601     555
     984  3  3      559     561     602
     985  3  3      559     602     603
     986  3  3      559     603     560
     987  3  3      342     470     604
     988  3  3      342     604     493
     989  3  3      387     495     605
     990  3  3      387     605     464
     991  3  3      491     363     606
     992  3  3      606     363     466
     993  3  3      385     519     607
     994  3  3      385     607     465
     995  3  3      468     336     608
     996  3  3      608     336     464
     997  3  3      466     337     609
     998  3  3      609     337     467
     999  3  3      467     338     610
    1000  3  3      610     338     465
    1001  3  3      470     471     611
    1002  3  3      470     611     604
    1003  3  3      471     472     612
    1004  3  3      471     612     611
    1005  3  3      472     473     613
    1006  3  3      472     613     612
    1007  3  3      473     474     614
    1008  3  3      473     614     613
    1009  3  3      474     475     615
    1010  3  3      474     615     614
    1011  3  3      475     476     616
    1012  3  3      475     616     615
    1013  3  3      476     477     617
    1014  3  3      476     617     616
    1015  3  3      477     478     618
    1016  3  3      477     618     617
    1017  3  3      478     479     619
    1018  3  3      478     619     618
    1019  3  3      479     480     620
    1020  3  3      479     620     619
    1021  3  3      480     481     621
    1022  3  3      480     621     620
    1023  3  3      481     482     622
    1024  3  3      481     622     621
    1025  3  3      482     483     623
    1026  3  3      482     623     622
    1027  3  3      483     484     624
    1028  3  3      483     624     623
    1029  3  3      484     485     625
    1030  3  3      484     625     624
    1031  3  3      485     486     626
    1032  3  3      485     626     625
    1033  3  3      486     487     627
    1034  3  3      486     627     626
    1035  3  3      487     488     628
    1036  3  3      487     628     627
    1037  3  3      488     489     629
    1038  3  3      488     629     628
    1039  3  3      489     490     630
    1040  3  3      489     630     629
    1041  3  3      490     491     631
    1042  3  3      490     631     630
    1043  3  3      494     492     632
    1044  3  3      632     492     633
    1045  3  3      633     492     493
    1046  3  3      496     494     634
    1047  3  3      634     494     632
    1048  3  3      469     468     635
    1049  3  3      635     468     636
    1050  3  3      636     468     608
    1051  3  3      498     469     637
    1052  3  3      637     469     635
    1053  3  3      497     498     638
    1054  3  3      638     498     639
    1055  3  3      639     498     637
    1056  3  3      499     497     640
    1057  3  3      640     497     638
    1058  3  3      500     499     641
    1059  3  3      641     499     640
    1060  3  3      501     500     642
    1061  3  3      642     500     641
    1062  3  3      502     501     643
    1063  3  3      643     501     642
    1064  3  3      503     502     644
    1065  3  3      644     502     643
    1066  3  3      504     503     645
    1067  3  3      645     503     644
    1068  3  3      505     504     646
    1069  3  3      646     504     645
    1070  3  3      506     505     647
    1071  3  3      647     505     646
    1072  3  3      507     506     648
    1073  3  3      648     506     647
    1074  3  3      508     507     649
    1075  3  3      649     507     648
    1076  3  3      509     508     650
    1077  3  3      650     508     649
    1078  3  3      510     509     651
    1079  3  3      651     509     650
    1080  3  3      511     510     652
    1081  3  3      652     510     651
    1082  3  3      512     511     653
    1083  3  3      653     511     652
    1084  3  3      513     512     654
    1085  3  3      654     512     653
    1086  3  3      514     513     655
    1087  3  3      655     513     654
    1088  3  3      515     514     656
    1089  3  3      656     514     655
    1090  3  3      516     515     657
    1091  3  3      657     515     656
    1092  3  3      517     516     658
    1093  3  3      658     516     657
    1094  3  3      518     517     659
    1095  3  3      659     517     658
    1096  3  3      519     518     660
    1097  3  3      660     518     659
    1098  3  3      495     496     661
    1099  3  3      495     661     662
    1100  3  3      495     662     605
    1101  3  3      549     599     663
    1102  3  3      549     663     565
    1103  3  3      566     565     663
    1104  3  3      595     522     664
    1105  3  3      664     522     567
    1106  3  3      520     587     665
    1107  3  3      520     665     574
    1108  3  3      597     558     666
    1109  3  3      666     558     566
    1110  3  3      539     562     667
    1111  3  3      539     667     580
    1112  3  3      526     573     668
    1113  3  3      526     668     583
    1114  3  3      563     582     669
    1115  3  3      563     669     564
    1116  3  3      592     560     670
    1117  3  3      670     560     603
    1118  3  3      600     556     671
    1119  3  3      671     556     568
    1120  3  3      553     564     672
    1121  3  3      553     672     593
    1122  3  3      548     598     673
    1123  3  3      548     673     571
    1124  3  3      576     544     674
    1125  3  3      674     544     594
    1126  3  3      528     581     675
    1127  3  3      528     675     578
    1128  3  3      568     543     676
    1129  3  3      676     543     596
    1130  3  3      572     538     677
    1131  3  3      677     538     569
    1132  3  3      569     570     678
    1133  3  3      569     678     677
    1134  3  3      531     578     679
    1135  3  3      531     679     584
    1136  3  3      599     555     680
    1137  3  3      680     555     601
    1138  3  3      602     561     681
    1139  3  3      681     561     572
    1140  3  3      581     529     682
    1141  3  3      682     529     590
    1142  3  3      530     584     683
    1143  3  3      530     683     589
    1144  3  3      590     532     684
    1145  3  3      684     532     586
    1146  3  3      585     533     685
    1147  3  3      685     533     589
    1148  3  3      534     583     686
    1149  3  3      534     686     586
    1150  3  3      587     535     687
    1151  3  3      687     535     588
    1152  3  3      536     585     688
    1153  3  3      536     688     588
    1154  3  3      537     591     689
    1155  3  3      537     689     567
    1156  3  3      591     592     690
    1157  3  3      591     690     689
    1158  3  3      596     593     691
    1159  3  3      691     593     672
    1160  3  3      579     540     692
    1161  3  3      692     540     577
    1162  3  3      546     576     693
    1163  3  3      546     693     575
    1164  3  3      598     575     694
    1165  3  3      694     575     693
    1166  3  3      541     579     695
    1167  3  3      541     695     573
    1168  3  3      545     574     696
    1169  3  3      545     696     582
    1170  3  3      562     597     697
    1171  3  3      562     697     667
    1172  3  3      552     580     698
    1173  3  3      552     698     570
    1174  3  3      577     551     699
    1175  3  3      699     551     571
    1176  3  3      594     595     700
    1177  3  3      700     595     701
    1178  3  3      701     595     664
    1179  3  3      601     600     702
    1180  3  3      702     600     703
    1181  3  3      703     600     671
    1182  3  3      603     602     704
    1183  3  3      603     704     705
    1184  3  3      603     705     670
    1185  3  3      567     689     706
    1186  3  3      567     706     664
    1187  3  3      674     594     707
    1188  3  3      707     594     700
    1189  3  3      701     664     708
    1190  3  3      708     664     706
    1191  3  3      671     568     709
    1192  3  3      709     568     676
    1193  3  3      703     671     710
    1194  3  3      710     671     709
    1195  3  3      570     698     711
    1196  3  3      570     711     678
    1197  3  3      689     690     712
    1198  3  3      689     712     706
    1199  3  3      681     572     713
    1200  3  3      713     572     677
    1201  3  3      602     681     714
    1202  3  3      602     714     704
    1203  3  3      699     571     715
    1204  3  3      715     571     673
    1205  3  3      573     695     716
    1206  3  3      573     716     668
    1207  3  3      696     574     717
    1208  3  3      717     574     665
    1209  3  3      677     678     718
    1210  3  3      677     718     713
    1211  3  3      587     687     719
    1212  3  3      587     719     665
    1213  3  3      576     674     720
    1214  3  3      576     720     693
    1215  3  3      599     680     721
    1216  3  3      599     721     663
    1217  3  3      566     663     722
    1218  3  3      722     663     721
    1219  3  3      666     566     723
    1220  3  3      723     566     722
    1221  3  3      672     564     724
    1222  3  3      724     564     669
    1223  3  3      691     672     725
    1224  3  3      725     672     724
    1225  3  3      698     580     726
    1226  3  3      726     580     667
    1227  3  3      667     697     727
    1228  3  3      667     727     726
    1229  3  3      690     592     728
    1230  3  3      728     592     670
    1231  3  3      670     705     729
    1232  3  3      670     729     728
    1233  3  3      686     583     730
    1234  3  3      730     583     668
    1235  3  3      578     675     731
    1236  3  3      578     731     679
    1237  3  3      581     682     732
    1238  3  3      581     732     675
    1239  3  3      584     679     733
    1240  3  3      584     733     683
    1241  3  3      692     577     734
    1242  3  3      734     577     699
    1243  3  3      669     582     735
    1244  3  3      735     582     696
    1245  3  3      579     692     736
    1246  3  3      579     736     695
    1247  3  3      682     590     737
    1248  3  3      737     590     684
    1249  3  3      685     589     738
    1250  3  3      738     589     683
    1251  3  3      688     585     739
    1252  3  3      739     585     685
    1253  3  3      684     586     740
    1254  3  3      740     586     686
    1255  3  3      687     588     741
    1256  3  3      741     588     688
    1257  3  3      680     601     742
    1258  3  3      742     601     702
    1259  3  3      673     598     743
    1260  3  3      743     598     694
    1261  3  3      697     597     744
    1262  3  3      744     597     666
    1263  3  3      676     596     745
    1264  3  3      745     596     746
    1265  3  3      746     596     691
    1266  3  3      694     693     747
    1267  3  3      747     693     720
    1268  3  3      700     701     748
    1269  3  3      700     748     749
    1270  3  3      700     749     707
    1271  3  3      705     704     750
    1272  3  3      750     704     751
    1273  3  3      751     704     714
    1274  3  3      702     703     752
    1275  3  3      702     752     753
    1276  3  3      702     753     742
    1277  3  3      493     604     754
    1278  3  3      493     754     633
    1279  3  3      464     605     755
    1280  3  3      464     755     608
    1281  3  3      605     662     756
    1282  3  3      605     756     755
    1283  3  3      636     608     757
    1284  3  3      757     608     755
    1285  3  3      519     660     758
    1286  3  3      519     758     607
    1287  3  3      491     606     759
    1288  3  3      491     759     631
    1289  3  3      661     496     760
    1290  3  3      760     496     634
    1291  3  3      465     607     761
    1292  3  3      465     761     610
    1293  3  3      466     609     762
    1294  3  3      466     762     606
    1295  3  3      604     611     763
    1296  3  3      604     763     754
    1297  3  3      467     610     764
    1298  3  3      467     764     609
    1299  3  3      611     612     765
    1300  3  3      611     765     766
    1301  3  3      611     766     763
    1302  3  3      612     613     767
    1303  3  3      612     767     765
    1304  3  3      613     614     768
    1305  3  3      613     768     767
    1306  3  3      614     615     769
    1307  3  3      614     769     768
    1308  3  3      615     616     770
    1309  3  3      615     770     769
    1310  3  3      616     617     771
    1311  3  3      616     771     770
    1312  3  3      617     618     772
    1313  3  3      617     772     771
    1314  3  3      618     619     773
    1315  3  3      618     773     772
    1316  3  3      619     620     774
    1317  3  3      619     774     773
    1318  3  3      620     621     775
    1319  3  3      620     775     774
    1320  3  3      621     622     776
    1321  3  3      621     776     775
    1322  3  3      622     623     777
    1323  3  3      622     777     776
    1324  3  3      623     624     778
    1325  3  3      623     778     777
    1326  3  3      624     625     779
    1327  3  3      624     779     778
    1328  3  3      625     626     780
    1329  3  3      625     780     779
    1330  3  3      626     627     781
    1331  3  3      626     781     780
    1332  3  3      627     628     782
    1333  3  3      627     782     781
    1334  3  3      628     629     783
    1335  3  3      628     783     782
    1336  3  3      629     630     784
    1337  3  3      629     784     783
    1338  3  3      630     631     785
    1339  3  3      630     785     784
    1340  3  3      637     635     786
    1341  3  3      786     635     787
    1342  3  3      787     635     636
    1343  3  3      639     637     788
    1344  3  3      788     637     786
    1345  3  3      632     633     789
    1346  3  3      632     789     790
    1347  3  3      632     790     634
    1348  3  3      638     639     791
    1349  3  3      638     791     792
    1350  3  3      638     792     640
    1351  3  3      641     640     793
    1352  3  3      793     640     792
    1353  3  3      642     641     794
    1354  3  3      794     641     793
    1355  3  3      643     642     795
    1356  3  3      795     642     794
    1357  3  3      644     643     796
    1358  3  3      796     643     795
    1359  3  3      645     644     797
    1360  3  3      797     644     796
    1361  3  3      646     645     798
    1362  3  3      798     645     797
    1363  3  3      647     646     799
    1364  3  3      799     646     798
    1365  3  3      648     647     800
    1366  3  3      800     647     799
    1367  3  3      649     648     801
    1368  3  3      801     648     800
    1369  3  3      650     649     802
    1370  3  3      802     649     801
    1371  3  3      651     650     803
    1372  3  3      803     650     802
    1373  3  3      652     651     804
    1374  3  3      804     651     803
    1375  3  3      653     652     805
    1376  3  3      805     652     804
    1377  3  3      654     653     806
    1378  3  3      806     653     805
    1379  3  3      655     654     807
    1380  3  3      807     654     806
    1381  3  3      656     655     808
    1382  3  3      808     655     807
    1383  3  3      657     656     809
    1384  3  3      809     656     808
    1385  3  3      658     657     810
    1386  3  3      810     657     809
    1387  3  3      659     658     811
    1388  3  3      811     658     810
    1389  3  3      660     659     812
    1390  3  3      812     659     811
    1391  3  3      662     661     813
    1392  3  3      813     661     814
    1393  3  3      814     661     760
    1394  3  3      744     666     815
    1395  3  3      815     666     723
    1396  3  3      706     712     816
    1397  3  3      706     816     708
    1398  3  3      748     701     817
    1399  3  3      817     701     708
    1400  3  3      718     678     818
    1401  3  3      818     678     711
    1402  3  3      717     665     819
    1403  3  3      819     665     719
    1404  3  3      668     716     820
    1405  3  3      668     820     730
    1406  3  3      690     728     821
    1407  3  3      690     821     712
    1408  3  3      728     729     822
    1409  3  3      728     822     821
    1410  3  3      720     674     823
    1411  3  3      823     674     707
    1412  3  3      707     749     823
    1413  3  3      724     669     824
    1414  3  3      824     669     735
    1415  3  3      691     725     825
    1416  3  3      691     825     746
    1417  3  3      705     750     826
    1418  3  3      705     826     729
    1419  3  3      673     743     827
    1420  3  3      673     827     715
    1421  3  3      676     745     828
    1422  3  3      676     828     709
    1423  3  3      710     709     829
    1424  3  3      829     709     828
    1425  3  3      747     720     830
    1426  3  3      830     720     823
    1427  3  3      703     710     831
    1428  3  3      703     831     752
    1429  3  3      731     675     832
    1430  3  3      832     675     732
    1431  3  3      714     681     833
    1432  3  3      833     681     713
    1433  3  3      751     714     834
    1434  3  3      834     714     833
    1435  3  3      713     718     835
    1436  3  3      713     835     833
    1437  3  3      679     731     836
    1438  3  3      679     836     733
    1439  3  3      743     694     837
    1440  3  3      837     694     747
    1441  3  3      719     687     838
    1442  3  3      838     687     741
    1443  3  3      732     682     839
    1444  3  3      839     682     737
    1445  3  3      683     733     840
    1446  3  3      683     840     738
    1447  3  3      686     730     841
    1448  3  3      686     841     740
    1449  3  3      684     740     842
    1450  3  3      684     842     737
    1451  3  3      739     685     843
    1452  3  3      843     685     738
    1453  3  3      688     739     844
    1454  3  3      688     844     741
    1455  3  3      725     724     845
    1456  3  3      845     724     824
    1457  3  3      680     742     846
    1458  3  3      680     846     721
    1459  3  3      722     721     847
    1460  3  3      847     721     846
    1461  3  3      723     722     848
    1462  3  3      848     722     847
    1463  3  3      736     692     849
    1464  3  3      849     692     734
    1465  3  3      742     753     850
    1466  3  3      742     850     846
    1467  3  3      695     736     851
    1468  3  3      695     851     716
    1469  3  3      696     717     852
    1470  3  3      696     852     853
    1471  3  3      696     853     735
    1472  3  3      698     726     854
    1473  3  3      698     854     711
    1474  3  3      726     727     855
    1475  3  3      726     855     856
    1476  3  3      726     856     854
    1477  3  3      727     697     857
    1478  3  3      857     697     858
    1479  3  3      858     697     744
    1480  3  3      734     699     859
    1481  3  3      859     699     860
    1482  3  3      860     699     715
    1483  3  3      749     748     861
    1484  3  3      861     748     862
    1485  3  3      862     748     817
    1486  3  3      745     746     863
    1487  3  3      863     746     864
    1488  3  3      864     746     825
    1489  3  3      750     751     865
    1490  3  3      750     865     866
    1491  3  3      750     866     826
    1492  3  3      753     752     867
    1493  3  3      753     867     868
    1494  3  3      753     868     850
    1495  3  3      710     829     831
    1496  3  3      723     848     869
    1497  3  3      723     869     815
    1498  3  3      816     712     870
    1499  3  3      870     712     821
    1500  3  3      828     745     871
    1501  3  3      871     745     863
    1502  3  3      821     822     872
    1503  3  3      821     872     870
    1504  3  3      860     715     873
    1505  3  3      873     715     827
    1506  3  3      829     828     874
    1507  3  3      874     828     871
    1508  3  3      727     857     875
    1509  3  3      727     875     855
    1510  3  3      858     744     876
    1511  3  3      876     744     815
    1512  3  3      711     854     877
    1513  3  3      711     877     818
    1514  3  3      834     833     878
    1515  3  3      878     833     835
    1516  3  3      751     834     879
    1517  3  3      751     879     865
    1518  3  3      824     735     880
    1519  3  3      880     735     853
    1520  3  3      867     752     881
    1521  3  3      881     752     831
    1522  3  3      716     851     882
    1523  3  3      716     882     820
    1524  3  3      845     824     883
    1525  3  3      883     824     880
    1526  3  3      852     717     884
    1527  3  3      884     717     819
    1528  3  3      835     718     885
    1529  3  3      885     718     818
    1530  3  3      817     708     886
    1531  3  3      886     708     816
    1532  3  3      862     817     887
    1533  3  3      887     817     886
    1534  3  3      734     859     888
    1535  3  3      734     888     849
    1536  3  3      825     725     889
    1537  3  3      889     725     845
    1538  3  3      864     825     890
    1539  3  3      890     825     889
    1540  3  3      819     719     891
    1541  3  3      891     719     838
    1542  3  3      823     749     892
    1543  3  3      823     892     893
    1544  3  3      823     893     830
    1545  3  3      749     861     892
    1546  3  3      730     820     894
    1547  3  3      730     894     841
    1548  3  3      854     856     895
    1549  3  3      854     895     877
    1550  3  3      732     839     896
    1551  3  3      732     896     832
    1552  3  3      731     832     897
    1553  3  3      731     897     836
    1554  3  3      733     836     898
    1555  3  3      733     898     840
    1556  3  3      739     843     899
    1557  3  3      739     899     844
    1558  3  3      738     840     900
    1559  3  3      738     900     843
    1560  3  3      740     841     901
    1561  3  3      740     901     842
    1562  3  3      737     842     902
    1563  3  3      737     902     839
    1564  3  3      838     741     903
    1565  3  3      903     741     844
    1566  3  3      736     849     904
    1567  3  3      736     904     905
    1568  3  3      736     905     851
    1569  3  3      847     846     906
    1570  3  3      906     846     850
    1571  3  3      848     847     907
    1572  3  3      907     847     906
    1573  3  3      850     868     908
    1574  3  3      850     908     906
    1575  3  3      729     826     909
    1576  3  3      729     909     822
    1577  3  3      826     866     910
    1578  3  3      826     910     909
    1579  3  3      743     837     911
    1580  3  3      743     911     912
    1581  3  3      743     912     827
    1582  3  3      747     830     913
    1583  3  3      747     913     914
    1584  3  3      747     914     837
    1585  3  3      856     855     915
    1586  3  3      915     855     875
    1587  3  3      863     864     916
    1588  3  3      863     916     917
    1589  3  3      863     917     871
    1590  3  3      857     858     918
    1591  3  3      857     918     919
    1592  3  3      857     919     875
    1593  3  3      859     860     920
    1594  3  3      859     920     921
    1595  3  3      859     921     888
    1596  3  3      853     852     922
    1597  3  3      853     922     923
    1598  3  3      853     923     880
    1599  3  3      866     865     924
    1600  3  3      924     865     925
    1601  3  3      925     865     879
    1602  3  3      868     867     926
    1603  3  3      926     867     927
    1604  3  3      927     867     881
    1605  3  3      861     862     928
    1606  3  3      861     928     929
    1607  3  3      861     929     892
    1608  3  3      755     756     757
    1609  3  3      636     757     930
    1610  3  3      636     930     787
    1611  3  3      760     634     931
    1612  3  3      931     634     790
    1613  3  3      633     754     932
    1614  3  3      633     932     789
    1615  3  3      814     760     933
    1616  3  3      933     760     931
    1617  3  3      662     813     934
    1618  3  3      662     934     756
    1619  3  3      660     812     935
    1620  3  3      660     935     758
    1621  3  3      754     763     936
    1622  3  3      754     936     932
    1623  3  3      763     766     937
    1624  3  3      763     937     936
    1625  3  3      785     631     938
    1626  3  3      938     631     759
    1627  3  3      606     762     939
    1628  3  3      606     939     759
    1629  3  3      607     758     940
    1630  3  3      607     940     761
    1631  3  3      639     788     941
    1632  3  3      639     941     791
    1633  3  3      762     609     942
    1634  3  3      942     609     764
    1635  3  3      764     610     943
    1636  3  3      943     610     761
    1637  3  3      790     789     944
    1638  3  3      944     789     945
    1639  3  3      945     789     932
    1640  3  3      766     765     946
    1641  3  3      946     765     947
    1642  3  3      947     765     767
    1643  3  3      767     768     948
    1644  3  3      767     948     947
    1645  3  3      768     769     949
    1646  3  3      768     949     948
    1647  3  3      769     770     950
    1648  3  3      769     950     949
    1649  3  3      770     771     951
    1650  3  3      770     951     950
    1651  3  3      771     772     952
    1652  3  3      771     952     951
    1653  3  3      772     773     953
    1654  3  3      772     953     952
    1655  3  3      773     774     954
    1656  3  3      773     954     953
    1657  3  3      774     775     955
    1658  3  3      774     955     954
    1659  3  3      775     776     956
    1660  3  3      775     956     955
    1661  3  3      776     777     957
    1662  3  3      776     957     956
    1663  3  3      777     778     958
    1664  3  3      777     958     957
    1665  3  3      778     779     959
    1666  3  3      778     959     958
    1667  3  3      779     780     960
    1668  3  3      779     960     959
    1669  3  3      780     781     961
    1670  3  3      780     961     960
    1671  3  3      781     782     962
    1672  3  3      781     962     961
    1673  3  3      782     783     963
    1674  3  3      782     963     962
    1675  3  3      783     784     964
    1676  3  3      783     964     963
    1677  3  3      784     785     965
    1678  3  3      784     965     964
    1679  3  3      786     787     966
    1680  3  3      786     966     967
    1681  3  3      786     967     788
    1682  3  3      813     814     968
    1683  3  3      968     814     969
    1684  3  3      969     814     933
    1685  3  3      792     791     970
    1686  3  3      970     791     971
    1687  3  3      971     791     941
    1688  3  3      793     792     972
    1689  3  3      972     792     970
    1690  3  3      794     793     973
    1691  3  3      973     793     972
    1692  3  3      795     794     974
    1693  3  3      974     794     973
    1694  3  3      796     795     975
    1695  3  3      975     795     974
    1696  3  3      797     796     976
    1697  3  3      976     796     975
    1698  3  3      798     797     977
    1699  3  3      977     797     976
    1700  3  3      799     798     978
    1701  3  3      978     798     977
    1702  3  3      800     799     979
    1703  3  3      979     799     978
    1704  3  3      801     800     980
    1705  3  3      980     800     979
    1706  3  3      802     801     981
    1707  3  3      981     801     980
    1708  3  3      803     802     982
    1709  3  3      982     802     981
    1710  3  3      804     803     983
    1711  3  3      983     803     982
    1712  3  3      805     804     984
    1713  3  3      984     804     983
    1714  3  3      806     805     985
    1715  3  3      985     805     984
    1716  3  3      807     806     986
    1717  3  3      986     806     985
    1718  3  3      808     807     987
    1719  3  3      987     807     986
    1720  3  3      809     808     988
    1721  3  3      988     808     987
    1722  3  3      810     809     989
    1723  3  3      989     809     988
    1724  3  3      811     810     990
    1725  3  3      990     810     989
    1726  3  3      812     811     991
    1727  3  3      991     811     990
    1728  3  3      871     917     874
    1729  3  3      895     856     915
    1730  3  3      875     919     992
    1731  3  3      875     992     915
    1732  3  3      873     827     993
    1733  3  3      993     827     912
    1734  3  3      922     852     994
    1735  3  3      994     852     884
    1736  3  3      883     880     995
    1737  3  3      995     880     923
    1738  3  3      815     869     996
    1739  3  3      815     996     876
    1740  3  3      920     860     997
    1741  3  3      997     860     873
    1742  3  3      822     909     998
    1743  3  3      822     998     872
    1744  3  3      818     877     999
    1745  3  3      818     999     885
    1746  3  3      877     895    1000
    1747  3  3      877    1000     999
    1748  3  3      918     858    1001
    1749  3  3     1001     858     876
    1750  3  3      893     892    1002
    1751  3  3     1002     892     929
    1752  3  3      913     830    1003
    1753  3  3     1003     830     893
    1754  3  3      878     835    1004
    1755  3  3     1004     835     885
    1756  3  3      862     887    1005
    1757  3  3      862    1005     928
    1758  3  3      916     864    1006
    1759  3  3     1006     864     890
    1760  3  3      819     891    1007
    1761  3  3      819    1007     884
    1762  3  3      911     837    1008
    1763  3  3     1008     837     914
    1764  3  3      894     820    1009
    1765  3  3     1009     820     882
    1766  3  3      869     848    1010
    1767  3  3     1010     848     907
    1768  3  3      886     816    1011
    1769  3  3     1011     816     870
    1770  3  3      887     886    1012
    1771  3  3     1012     886    1011
    1772  3  3      870     872    1013
    1773  3  3      870    1013    1011
    1774  3  3      829     874    1014
    1775  3  3      829    1014     831
    1776  3  3      881     831    1015
    1777  3  3     1015     831    1014
    1778  3  3      927     881    1016
    1779  3  3     1016     881    1015
    1780  3  3      851     905    1017
    1781  3  3      851    1017     882
    1782  3  3      879     834    1018
    1783  3  3     1018     834     878
    1784  3  3      925     879    1019
    1785  3  3     1019     879    1018
    1786  3  3      832     896    1020
    1787  3  3      832    1020     897
    1788  3  3      891     838    1021
    1789  3  3     1021     838     903
    1790  3  3      836     897    1022
    1791  3  3      836    1022     898
    1792  3  3      912     911    1023
    1793  3  3      912    1023     993
    1794  3  3      896     839    1024
    1795  3  3     1024     839     902
    1796  3  3      840     898    1025
    1797  3  3      840    1025     900
    1798  3  3      841     894    1026
    1799  3  3      841    1026     901
    1800  3  3      902     842    1027
    1801  3  3     1027     842     901
    1802  3  3      909     910    1028
    1803  3  3      909    1028     998
    1804  3  3      843     900    1029
    1805  3  3      843    1029     899
    1806  3  3      908     868    1030
    1807  3  3     1030     868     926
    1808  3  3      903     844    1031
    1809  3  3     1031     844    1032
    1810  3  3     1032     844     899
    1811  3  3      889     845    1033
    1812  3  3     1033     845     883
    1813  3  3      890     889    1034
    1814  3  3     1034     889    1033
    1815  3  3      866     924    1035
    1816  3  3      866    1035     910
    1817  3  3      907     906    1036
    1818  3  3     1036     906     908
    1819  3  3      904     849    1037
    1820  3  3     1037     849    1038
    1821  3  3     1038     849     888
    1822  3  3      888     921    1039
    1823  3  3      888    1039    1038
    1824  3  3      921     920    1040
    1825  3  3     1040     920     997
    1826  3  3      923     922    1041
    1827  3  3     1041     922     994
    1828  3  3      926     927    1042
    1829  3  3     1042     927    1043
    1830  3  3     1043     927    1016
    1831  3  3      914     913    1044
    1832  3  3      914    1044    1045
    1833  3  3      914    1045    1008
    1834  3  3      905     904    1046
    1835  3  3      905    1046    1047
    1836  3  3      905    1047    1017
    1837  3  3      917     916    1048
    1838  3  3     1048     916    1049
    1839  3  3     1049     916    1006
    1840  3  3      919     918    1050
    1841  3  3     1050     918    1051
    1842  3  3     1051     918    1001
    1843  3  3      924     925    1052
    1844  3  3      924    1052    1053
    1845  3  3      924    1053    1035
    1846  3  3      929     928    1054
    1847  3  3     1054     928    1055
    1848  3  3     1055     928    1005
    1849  3  3      893    1002    1003
    1850  3  3      876     996    1001
    1851  3  3      904    1037    1056
    1852  3  3      904    1056    1046
    1853  3  3      997     873    1057
    1854  3  3     1057     873     993
    1855  3  3      911    1008    1058
    1856  3  3      911    1058    1023
    1857  3  3     1008    1045    1058
    1858  3  3     1044     913    1059
    1859  3  3     1059     913    1003
    1860  3  3     1051    1001    1060
    1861  3  3     1060    1001     996
    1862  3  3      883     995    1061
    1863  3  3      883    1061    1033
    1864  3  3      994     884    1062
    1865  3  3     1062     884    1007
    1866  3  3      992     919    1063
    1867  3  3     1063     919    1050
    1868  3  3      869    1010    1064
    1869  3  3      869    1064     996
    1870  3  3      878    1004    1065
    1871  3  3      878    1065    1018
    1872  3  3     1012    1011    1066
    1873  3  3     1066    1011    1013
    1874  3  3     1002     929    1067
    1875  3  3     1067     929    1054
    1876  3  3     1039     921    1068
    1877  3  3     1068     921    1040
    1878  3  3      910    1035    1069
    1879  3  3      910    1069    1028
    1880  3  3      907    1036    1070
    1881  3  3      907    1070    1010
    1882  3  3      887    1012    1071
    1883  3  3      887    1071    1005
    1884  3  3     1055    1005    1072
    1885  3  3     1072    1005    1071
    1886  3  3     1019    1018    1073
    1887  3  3     1073    1018    1065
    1888  3  3      993    1023    1074
    1889  3  3      993    1074    1057
    1890  3  3     1052     925    1075
    1891  3  3     1075     925    1019
    1892  3  3     1030     926    1076
    1893  3  3     1076     926    1042
    1894  3  3     1040     997    1077
    1895  3  3     1077     997    1057
    1896  3  3     1034    1033    1078
    1897  3  3     1078    1033    1061
    1898  3  3      899    1029    1079
    1899  3  3      899    1079    1032
    1900  3  3     1009     882    1080
    1901  3  3     1080     882    1017
    1902  3  3     1017    1047    1081
    1903  3  3     1017    1081    1080
    1904  3  3      995     923    1082
    1905  3  3     1082     923    1041
    1906  3  3      885     999    1083
    1907  3  3      885    1083    1004
    1908  3  3      999    1000    1084
    1909  3  3      999    1084    1083
    1910  3  3      874     917    1085
    1911  3  3     1085     917    1048
    1912  3  3     1014     874    1085
    1913  3  3     1013     872    1086
    1914  3  3     1086     872     998
    1915  3  3      998    1028    1087
    1916  3  3      998    1087    1086
    1917  3  3     1041     994    1088
    1918  3  3     1088     994    1062
    1919  3  3     1007     891    1089
    1920  3  3     1089     891    1021
    1921  3  3      908    1030    1090
    1922  3  3      908    1090    1036
    1923  3  3     1015    1014    1091
    1924  3  3     1091    1014    1092
    1925  3  3     1092    1014    1085
    1926  3  3     1016    1015    1091
    1927  3  3     1043    1016    1093
    1928  3  3     1093    1016    1091
    1929  3  3     1038    1039    1094
    1930  3  3     1038    1094    1037
    1931  3  3      890    1034    1095
    1932  3  3      890    1095    1006
    1933  3  3     1049    1006    1096
    1934  3  3     1096    1006    1095
    1935  3  3     1026     894    1097
    1936  3  3     1097     894    1009
    1937  3  3      896    1024    1098
    1938  3  3      896    1098    1020
    1939  3  3     1035    1053    1099
    1940  3  3     1035    1099    1069
    1941  3  3      897    1020    1100
    1942  3  3      897    1100    1022
    1943  3  3      898    1022    1101
    1944  3  3      898    1101    1102
    1945  3  3      898    1102    1025
    1946  3  3     1029     900    1103
    1947  3  3     1103     900    1104
    1948  3  3     1104     900    1025
    1949  3  3     1027     901    1105
    1950  3  3     1105     901    1106
    1951  3  3     1106     901    1026
    1952  3  3     1021     903    1107
    1953  3  3     1107     903    1108
    1954  3  3     1108     903    1031
    1955  3  3      902    1027    1109
    1956  3  3      902    1109    1110
    1957  3  3      902    1110    1024
    1958  3  3     1000     895    1111
    1959  3  3     1000    1111    1084
    1960  3  3      895     915    1112
    1961  3  3      895    1112    1111
    1962  3  3      915     992    1113
    1963  3  3      915    1113    1112
    1964  3  3     1031    1032    1114
    1965  3  3     1031    1114    1108
    1966  3  3     1045    1044    1115
    1967  3  3     1115    1044    1059
    1968  3  3     1050    1051    1116
    1969  3  3     1050    1116    1117
    1970  3  3     1050    1117    1063
    1971  3  3     1047    1046    1118
    1972  3  3     1118    1046    1119
    1973  3  3     1119    1046    1056
    1974  3  3     1042    1043    1120
    1975  3  3     1042    1120    1121
    1976  3  3     1042    1121    1076
    1977  3  3     1048    1049    1122
    1978  3  3     1048    1122    1123
    1979  3  3     1048    1123    1085
    1980  3  3     1054    1055    1124
    1981  3  3     1124    1055    1125
    1982  3  3     1125    1055    1072
    1983  3  3     1053    1052    1126
    1984  3  3     1053    1126    1127
    1985  3  3     1053    1127    1099
    1986  3  3      787     930    1128
    1987  3  3      787    1128     966
    1988  3  3      766     946    1129
    1989  3  3      766    1129     937
    1990  3  3      931     790    1130
    1991  3  3     1130     790     944
    1992  3  3      813     968    1131
    1993  3  3      813    1131     934
    1994  3  3      941     788    1132
    1995  3  3     1132     788     967
    1996  3  3      932     936    1133
    1997  3  3      932    1133     945
    1998  3  3      936     937    1134
    1999  3  3      936    1134    1133
    2000  3  3      812     991    1135
    2001  3  3      812    1135     935
    2002  3  3      758     935    1136
    2003  3  3      758    1136     940
    2004  3  3      938     759    1137
    2005  3  3     1137     759     939
    2006  3  3      933     931    1138
    2007  3  3     1138     931    1130
    2008  3  3      969     933    1139
    2009  3  3     1139     933    1138
    2010  3  3      971     941    1140
    2011  3  3     1140     941    1132
    2012  3  3      757     756    1141
    2013  3  3      757    1141     930
    2014  3  3      756     934    1142
    2015  3  3      756    1142    1141
    2016  3  3      761     940    1143
    2017  3  3      761    1143     943
    2018  3  3      762     942    1144
    2019  3  3      762    1144     939
    2020  3  3      965     785    1145
    2021  3  3     1145     785     938
    2022  3  3      942     764    1146
    2023  3  3     1146     764    1147
    2024  3  3     1147     764     943
    2025  3  3      967     966    1148
    2026  3  3     1148     966    1149
    2027  3  3     1149     966    1128
    2028  3  3      946     947    1150
    2029  3  3      946    1150    1151
    2030  3  3      946    1151    1129
    2031  3  3      947     948    1152
    2032  3  3      947    1152    1150
    2033  3  3      948     949    1153
    2034  3  3      948    1153    1152
    2035  3  3      949     950    1154
    2036  3  3      949    1154    1153
    2037  3  3      950     951    1155
    2038  3  3      950    1155    1154
    2039  3  3      951     952    1156
    2040  3  3      951    1156    1155
    2041  3  3      952     953    1157
    2042  3  3      952    1157    1156
    2043  3  3      953     954    1158
    2044  3  3      953    1158    1157
    2045  3  3      954     955    1159
    2046  3  3      954    1159    1158
    2047  3  3      955     956    1160
    2048  3  3      955    1160    1159
    2049  3  3      956     957    1161
    2050  3  3      956    1161    1160
    2051  3  3      957     958    1162
    2052  3  3      957    1162    1161
    2053  3  3      958     959    1163
    2054  3  3      958    1163    1162
    2055  3  3      959     960    1164
    2056  3  3      959    1164    1163
    2057  3  3      960     961    1165
    2058  3  3      960    1165    1164
    2059  3  3      961     962    1166
    2060  3  3      961    1166    1165
    2061  3  3      962     963    1167
    2062  3  3      962    1167    1166
    2063  3  3      963     964    1168
    2064  3  3      963    1168    1167
    2065  3  3      964     965    1169
    2066  3  3      964    1169    1168
    2067  3  3      944     945    1170
    2068  3  3      944    1170    1171
    2069  3  3      944    1171    1130
    2070  3  3      972     970    1172
    2071  3  3      972    1172    1173
    2072  3  3      972    1173     973
    2073  3  3      974     973    1174
    2074  3  3     1174     973    1173
    2075  3  3      975     974    1175
    2076  3  3     1175     974    1174
    2077  3  3      976     975    1176
    2078  3  3     1176     975    1175
    2079  3  3      977     976    1177
    2080  3  3     1177     976    1176
    2081  3  3      978     977    1178
    2082  3  3     1178     977    1177
    2083  3  3      979     978    1179
    2084  3  3     1179     978    1178
    2085  3  3      980     979    1180
    2086  3  3     1180     979    1179
    2087  3  3      981     980    1181
    2088  3  3     1181     980    1180
    2089  3  3      982     981    1182
    2090  3  3     1182     981    1181
    2091  3  3      983     982    1183
    2092  3  3     1183     982    1182
    2093  3  3      984     983    1184
    2094  3  3     1184     983    1183
    2095  3  3      985     984    1185
    2096  3  3     1185     984    1184
    2097  3  3      986     985    1186
    2098  3  3     1186     985    1185
    2099  3  3      987     986    1187
    2100  3  3     1187     986    1186
    2101  3  3      970     971    1188
    2102  3  3      970    1188    1172
    2103  3  3      988     987    1189
    2104  3  3     1189     987    1187
    2105  3  3      989     988    1190
    2106  3  3     1190     988    1189
    2107  3  3      990     989    1191
    2108  3  3     1191     989    1190
    2109  3  3      991     990    1192
    2110  3  3     1192     990    1191
    2111  3  3      968     969    1193
    2112  3  3      968    1193    1194
    2113  3  3      968    1194    1131
    2114  3  3     1092    1085    1123
    2115  3  3     1113     992    1063
    2116  3  3     1032    1079    1195
    2117  3  3     1032    1195    1114
    2118  3  3     1056    1037      83
    2119  3  3       83    1037    1094
    2120  3  3     1119    1056      83
    2121  3  3      996    1064    1196
    2122  3  3      996    1196    1060
    2123  3  3     1104    1025    1198
    2124  3  3     1198    1025    1102
    2125  3  3     1066    1013    1199
    2126  3  3     1199    1013    1086
    2127  3  3     1003    1002    1200
    2128  3  3     1003    1200    1059
    2129  3  3     1002    1067    1201
    2130  3  3     1002    1201    1200
    2131  3  3     1004    1083    1202
    2132  3  3     1004    1202    1065
    2133  3  3     1073    1065    1203
    2134  3  3     1203    1065    1202
    2135  3  3     1083    1084    1204
    2136  3  3     1083    1204    1202
    2137  3  3     1095    1034    1205
    2138  3  3     1205    1034    1078
    2139  3  3     1086    1087    1206
    2140  3  3     1086    1206    1199
    2141  3  3     1067    1054    1207
    2142  3  3     1207    1054    1124
    2143  3  3     1007    1089    1208
    2144  3  3     1007    1208    1062
    2145  3  3     1088    1062    1209
    2146  3  3     1209    1062    1208
    2147  3  3     1052    1075    1210
    2148  3  3     1052    1210    1126
    2149  3  3     1081    1047    1211
    2150  3  3     1211    1047    1118
    2151  3  3     1049    1096    1212
    2152  3  3     1049    1212    1122
    2153  3  3     1091    1092    1213
    2154  3  3     1091    1213    1093
    2155  3  3     1098    1024    1214
    2156  3  3     1214    1024    1110
    2157  3  3     1010    1070    1215
    2158  3  3     1010    1215    1064
    2159  3  3     1026    1097    1216
    2160  3  3     1026    1216    1106
    2161  3  3     1096    1095    1217
    2162  3  3     1217    1095    1205
    2163  3  3     1009    1080    1218
    2164  3  3     1009    1218    1097
    2165  3  3     1080    1081    1219
    2166  3  3     1080    1219    1218
    2167  3  3     1051    1060    1220
    2168  3  3     1051    1220    1116
    2169  3  3     1061     995    1221
    2170  3  3     1221     995    1082
    2171  3  3     1074    1023    1222
    2172  3  3     1222    1023    1058
    2173  3  3     1115    1059    1223
    2174  3  3     1223    1059    1200
    2175  3  3     1063    1117    1224
    2176  3  3     1063    1224    1113
    2177  3  3     1043    1093    1225
    2178  3  3     1043    1225    1120
    2179  3  3     1071    1012    1226
    2180  3  3     1226    1012    1066
    2181  3  3     1072    1071    1227
    2182  3  3     1227    1071    1226
    2183  3  3     1125    1072    1228
    2184  3  3     1228    1072    1227
    2185  3  3     1057    1074    1229
    2186  3  3     1057    1229    1077
    2187  3  3     1058    1045    1230
    2188  3  3     1058    1230    1222
    2189  3  3     1045    1115    1231
    2190  3  3     1045    1231    1230
    2191  3  3     1112    1113    1232
    2192  3  3     1112    1232    1111
    2193  3  3     1084    1111    1233
    2194  3  3     1233    1111    1232
    2195  3  3     1028    1069    1234
    2196  3  3     1028    1234    1087
    2197  3  3     1069    1099    1235
    2198  3  3     1069    1235    1234
    2199  3  3     1099    1127    1236
    2200  3  3     1099    1236    1235
    2201  3  3     1100    1020    1237
    2202  3  3     1237    1020    1098
    2203  3  3     1021    1107    1238
    2204  3  3     1021    1238    1089
    2205  3  3     1102    1101    1239
    2206  3  3     1102    1239    1198
    2207  3  3     1101    1022    1240
    2208  3  3     1101    1240    1241
    2209  3  3     1101    1241    1239
    2210  3  3     1022    1100    1242
    2211  3  3     1022    1242    1240
    2212  3  3     1103    1104    1243
    2213  3  3     1243    1104    1198
    2214  3  3     1029    1103    1244
    2215  3  3     1244    1103    1245
    2216  3  3     1245    1103    1243
    2217  3  3     1079    1029    1246
    2218  3  3     1246    1029    1244
    2219  3  3     1078    1061    1247
    2220  3  3     1247    1061    1221
    2221  3  3     1019    1073    1248
    2222  3  3     1019    1248    1075
    2223  3  3     1109    1027    1249
    2224  3  3     1249    1027    1250
    2225  3  3     1250    1027    1105
    2226  3  3     1039    1068    1251
    2227  3  3     1039    1251    1094
    2228  3  3     1036    1090    1252
    2229  3  3     1036    1252    1070
    2230  3  3     1090    1030    1253
    2231  3  3     1253    1030    1076
    2232  3  3     1076    1121    1254
    2233  3  3     1076    1254    1253
    2234  3  3     1105    1106    1255
    2235  3  3     1105    1255    1250
    2236  3  3     1068    1040    1256
    2237  3  3     1256    1040    1257
    2238  3  3     1257    1040    1077
    2239  3  3     1041    1088    1258
    2240  3  3     1041    1258    1259
    2241  3  3     1041    1259    1082
    2242  3  3     1124    1125    1260
    2243  3  3     1260    1125    1261
    2244  3  3     1261    1125    1228
    2245  3  3     1110    1109    1262
    2246  3  3     1110    1262    1263
    2247  3  3     1110    1263    1214
    2248  3  3     1107    1108    1264
    2249  3  3     1107    1264    1265
    2250  3  3     1107    1265    1238
    2251  3  3     1108    1114    1266
    2252  3  3     1108    1266    1264
    2253  3  3     1117    1116    1267
    2254  3  3     1267    1116    1268
    2255  3  3     1268    1116    1220
    2256  3  3     1118    1119    1269
    2257  3  3     1118    1269    1270
    2258  3  3     1118    1270    1211
    2259  3  3     1123    1122    1271
    2260  3  3     1271    1122    1272
    2261  3  3     1272    1122    1212
    2262  3  3     1121    1120    1273
    2263  3  3     1273    1120    1274
    2264  3  3     1274    1120    1225
    2265  3  3     1127    1126    1275
    2266  3  3     1275    1126    1276
    2267  3  3     1276    1126    1210
    2268  3  3     1079    1246    1195
    2269  3  3     1213    1092    1123
    2270  3  3     1200    1201    1223
    2271  3  3     1203    1202    1277
    2272  3  3     1277    1202    1204
    2273  3  3     1196    1064    1278
    2274  3  3     1278    1064    1215
    2275  3  3     1067    1207    1279
    2276  3  3     1067    1279    1201
    2277  3  3     1106    1216    1280
    2278  3  3     1106    1280    1255
    2279  3  3     1262    1109    1281
    2280  3  3     1281    1109    1249
    2281  3  3     1066    1199    1282
    2282  3  3     1066    1282    1226
    2283  3  3     1123    1271    1283
    2284  3  3     1123    1283    1213
    2285  3  3     1073    1203    1284
    2286  3  3     1073    1284    1248
    2287  3  3     1257    1077    1285
    2288  3  3     1285    1077    1229
    2289  3  3     1084    1233    1286
    2290  3  3     1084    1286    1204
    2291  3  3     1221    1082    1287
    2292  3  3     1287    1082    1259
    2293  3  3     1087    1234    1288
    2294  3  3     1087    1288    1206
    2295  3  3     1114    1195    1289
    2296  3  3     1114    1289    1266
    2297  3  3     1060    1196    1290
    2298  3  3     1060    1290    1220
    2299  3  3     1268    1220    1291
    2300  3  3     1291    1220    1290
    2301  3  3     1232    1113    1292
    2302  3  3     1292    1113    1224
    2303  3  3     1251    1068    1293
    2304  3  3     1293    1068    1256
    2305  3  3     1215    1070    1294
    2306  3  3     1294    1070    1252
    2307  3  3     1227    1226    1295
    2308  3  3     1295    1226    1282
    2309  3  3     1228    1227    1296
    2310  3  3     1296    1227    1295
    2311  3  3     1261    1228    1297
    2312  3  3     1297    1228    1296
    2313  3  3     1124    1260    1298
    2314  3  3     1124    1298    1207
    2315  3  3     1247    1221    1299
    2316  3  3     1299    1221    1287
    2317  3  3     1254    1121    1300
    2318  3  3     1300    1121    1273
    2319  3  3     1258    1088    1301
    2320  3  3     1301    1088    1209
    2321  3  3     1075    1248    1302
    2322  3  3     1075    1302    1210
    2323  3  3     1276    1210    1303
    2324  3  3     1303    1210    1302
    2325  3  3     1205    1078    1304
    2326  3  3     1304    1078    1247
    2327  3  3     1217    1205    1305
    2328  3  3     1305    1205    1304
    2329  3  3     1074    1222    1306
    2330  3  3     1074    1306    1229
    2331  3  3       83    1094    1307
    2332  3  3       83    1307    1119
    2333  3  3     1094    1251    1308
    2334  3  3     1094    1308    1307
    2335  3  3     1269    1119    1309
    2336  3  3     1309    1119    1307
    2337  3  3     1199    1206    1310
    2338  3  3     1199    1310    1282
    2339  3  3     1244    1245    1311
    2340  3  3     1244    1311    1246
    2341  3  3     1093    1213    1312
    2342  3  3     1312    1213    1283
    2343  3  3     1225    1093    1312
    2344  3  3     1274    1225    1313
    2345  3  3     1313    1225    1312
    2346  3  3     1231    1115    1314
    2347  3  3     1314    1115    1223
    2348  3  3     1222    1230    1315
    2349  3  3     1222    1315    1306
    2350  3  3     1230    1231    1316
    2351  3  3     1230    1316    1315
    2352  3  3     1127    1275    1317
    2353  3  3     1127    1317    1236
    2354  3  3     1089    1238    1318
    2355  3  3     1089    1318    1208
    2356  3  3     1209    1208    1319
    2357  3  3     1319    1208    1318
    2358  3  3     1238    1265    1320
    2359  3  3     1238    1320    1318
    2360  3  3     1117    1267    1321
    2361  3  3     1117    1321    1224
    2362  3  3     1219    1081    1322
    2363  3  3     1322    1081    1211
    2364  3  3     1211    1270    1323
    2365  3  3     1211    1323    1322
    2366  3  3     1234    1235    1324
    2367  3  3     1234    1324    1288
    2368  3  3     1235    1236    1325
    2369  3  3     1235    1325    1324
    2370  3  3     1212    1096    1326
    2371  3  3     1326    1096    1217
    2372  3  3     1272    1212    1327
    2373  3  3     1327    1212    1326
    2374  3  3     1090    1253    1328
    2375  3  3     1090    1328    1252
    2376  3  3     1253    1254    1329
    2377  3  3     1253    1329    1328
    2378  3  3     1233    1232    1330
    2379  3  3     1330    1232    1292
    2380  3  3     1242    1100    1331
    2381  3  3     1331    1100    1237
    2382  3  3     1216    1097    1332
    2383  3  3     1332    1097    1333
    2384  3  3     1333    1097    1218
    2385  3  3     1218    1219    1334
    2386  3  3     1218    1334    1333
    2387  3  3     1237    1098    1335
    2388  3  3     1335    1098    1214
    2389  3  3     1214    1263    1336
    2390  3  3     1214    1336    1335
    2391  3  3     1240    1242    1337
    2392  3  3     1337    1242    1331
    2393  3  3     1241    1240    1337
    2394  3  3     1263    1262    1338
    2395  3  3     1338    1262    1281
    2396  3  3     1249    1250    1339
    2397  3  3     1249    1339    1281
    2398  3  3     1250    1255    1340
    2399  3  3     1250    1340    1339
    2400  3  3     1264    1266    1341
    2401  3  3     1264    1341    1265
    2402  3  3     1270    1269    1342
    2403  3  3     1342    1269    1309
    2404  3  3     1271    1272    1343
    2405  3  3     1271    1343    1344
    2406  3  3     1271    1344    1283
    2407  3  3     1256    1257    1345
    2408  3  3     1256    1345    1346
    2409  3  3     1256    1346    1293
    2410  3  3     1259    1258    1347
    2411  3  3     1347    1258    1348
    2412  3  3     1348    1258    1301
    2413  3  3     1260    1261    1349
    2414  3  3     1260    1349    1350
    2415  3  3     1260    1350    1298
    2416  3  3     1243    1198    1351
    2417  3  3     1351    1198    1352
    2418  3  3     1352    1198    1239
    2419  3  3     1245    1243    1353
    2420  3  3     1353    1243    1351
    2421  3  3     1239    1241    1354
    2422  3  3     1239    1354    1352
    2423  3  3     1273    1274    1355
    2424  3  3     1273    1355    1356
    2425  3  3     1273    1356    1300
    2426  3  3     1267    1268    1357
    2427  3  3     1267    1357    1358
    2428  3  3     1267    1358    1321
    2429  3  3     1275    1276    1359
    2430  3  3     1359    1276    1360
    2431  3  3     1360    1276    1303
    2432  3  3     1138    1130    1361
    2433  3  3     1361    1130    1171
    2434  3  3      934    1131    1362
    2435  3  3      934    1362    1142
    2436  3  3     1131    1194    1362
    2437  3  3     1139    1138    1363
    2438  3  3     1363    1138    1361
    2439  3  3      971    1140    1364
    2440  3  3      971    1364    1188
    2441  3  3      930    1141    1365
    2442  3  3      930    1365    1128
    2443  3  3      937    1129    1366
    2444  3  3      937    1366    1134
    2445  3  3     1129    1151    1367
    2446  3  3     1129    1367    1366
    2447  3  3     1149    1128    1368
    2448  3  3     1368    1128    1365
    2449  3  3      945    1133    1369
    2450  3  3      945    1369    1170
    2451  3  3      969    1139    1370
    2452  3  3      969    1370    1193
    2453  3  3     1141    1142    1371
    2454  3  3     1141    1371    1365
    2455  3  3     1133    1134    1372
    2456  3  3     1133    1372    1369
    2457  3  3      935    1135    1373
    2458  3  3      935    1373    1136
    2459  3  3      967    1148    1374
    2460  3  3      967    1374    1132
    2461  3  3     1140    1132    1375
    2462  3  3     1375    1132    1374
    2463  3  3     1147     943    1376
    2464  3  3     1376     943    1143
    2465  3  3     1169     965    1377
    2466  3  3     1377     965    1145
    2467  3  3     1145     938    1378
    2468  3  3     1378     938    1137
    2469  3  3      940    1136    1379
    2470  3  3      940    1379    1143
    2471  3  3     1137     939    1380
    2472  3  3     1380     939    1144
    2473  3  3      942    1146    1381
    2474  3  3      942    1381    1144
    2475  3  3     1135     991    1382
    2476  3  3     1382     991    1192
    2477  3  3     1146    1147    1383
    2478  3  3     1146    1383    1384
    2479  3  3     1146    1384    1381
    2480  3  3     1150    1152    1385
    2481  3  3     1150    1385    1386
    2482  3  3     1150    1386    1151
    2483  3  3     1152    1153    1387
    2484  3  3     1152    1387    1385
    2485  3  3     1153    1154    1388
    2486  3  3     1153    1388    1387
    2487  3  3     1154    1155    1389
    2488  3  3     1154    1389    1388
    2489  3  3     1155    1156    1390
    2490  3  3     1155    1390    1389
    2491  3  3     1156    1157    1391
    2492  3  3     1156    1391    1390
    2493  3  3     1157    1158    1392
    2494  3  3     1157    1392    1391
    2495  3  3     1158    1159    1393
    2496  3  3     1158    1393    1392
    2497  3  3     1159    1160    1394
    2498  3  3     1159    1394    1393
    2499  3  3     1160    1161    1395
    2500  3  3     1160    1395    1394
    2501  3  3     1161    1162    1396
    2502  3  3     1161    1396    1395
    2503  3  3     1162    1163    1397
    2504  3  3     1162    1397    1396
    2505  3  3     1163    1164    1398
    2506  3  3     1163    1398    1397
    2507  3  3     1164    1165    1399
    2508  3  3     1164    1399    1398
    2509  3  3     1165    1166    1400
    2510  3  3     1165    1400    1399
    2511  3  3     1166    1167    1401
    2512  3  3     1166    1401    1400
    2513  3  3     1167    1168    1402
    2514  3  3     1167    1402    1401
    2515  3  3     1168    1169    1403
    2516  3  3     1168    1403    1402
    2517  3  3     1148    1149    1404
    2518  3  3     1148    1404    1405
    2519  3  3     1148    1405    1374
    2520  3  3     1172    1188    1406
    2521  3  3     1172    1406    1407
    2522  3  3     1172    1407    1173
    2523  3  3     1174    1173    1408
    2524  3  3     1408    1173    1407
    2525  3  3     1175    1174    1409
    2526  3  3     1409    1174    1408
    2527  3  3     1176    1175    1410
    2528  3  3     1410    1175    1409
    2529  3  3     1177    1176    1411
    2530  3  3     1411    1176    1410
    2531  3  3     1178    1177    1412
    2532  3  3     1412    1177    1411
    2533  3  3     1179    1178    1413
    2534  3  3     1413    1178    1412
    2535  3  3     1180    1179    1414
    2536  3  3     1414    1179    1413
    2537  3  3     1181    1180    1415
    2538  3  3     1415    1180    1414
    2539  3  3     1182    1181    1416
    2540  3  3     1416    1181    1415
    2541  3  3     1183    1182    1417
    2542  3  3     1417    1182    1416
    2543  3  3     1184    1183    1418
    2544  3  3     1418    1183    1417
    2545  3  3     1185    1184    1419
    2546  3  3     1419    1184    1418
    2547  3  3     1186    1185    1420
    2548  3  3     1420    1185    1419
    2549  3  3     1187    1186    1421
    2550  3  3     1421    1186    1420
    2551  3  3     1189    1187    1422
    2552  3  3     1422    1187    1421
    2553  3  3     1190    1189    1423
    2554  3  3     1423    1189    1422
    2555  3  3     1191    1190    1424
    2556  3  3     1424    1190    1423
    2557  3  3     1192    1191    1425
    2558  3  3     1425    1191    1424
    2559  3  3     1171    1170    1426
    2560  3  3     1426    1170    1427
    2561  3  3     1427    1170    1369
    2562  3  3     1194    1193    1428
    2563  3  3     1428    1193    1429
    2564  3  3     1429    1193    1370
    2565  3  3     1277    1204    1286
    2566  3  3     1334    1219    1430
    2567  3  3     1430    1219    1322
    2568  3  3     1307    1308    1431
    2569  3  3     1307    1431    1309
    2570  3  3     1216    1332    1432
    2571  3  3     1216    1432    1280
    2572  3  3     1207    1298    1433
    2573  3  3     1207    1433    1279
    2574  3  3     1298    1350    1433
    2575  3  3     1322    1323    1434
    2576  3  3     1322    1434    1430
    2577  3  3     1215    1294    1435
    2578  3  3     1215    1435    1278
    2579  3  3     1257    1285    1436
    2580  3  3     1257    1436    1345
    2581  3  3     1312    1283    1437
    2582  3  3     1437    1283    1344
    2583  3  3     1313    1312    1437
    2584  3  3     1301    1209    1438
    2585  3  3     1438    1209    1319
    2586  3  3     1348    1301    1438
    2587  3  3     1326    1217    1439
    2588  3  3     1439    1217    1305
    2589  3  3     1206    1288    1440
    2590  3  3     1206    1440    1310
    2591  3  3     1288    1324    1441
    2592  3  3     1288    1441    1440
    2593  3  3     1203    1277    1442
    2594  3  3     1203    1442    1284
    2595  3  3     1196    1278    1443
    2596  3  3     1196    1443    1290
    2597  3  3     1291    1290    1443
    2598  3  3     1245    1353    1444
    2599  3  3     1245    1444    1311
    2600  3  3     1324    1325    1445
    2601  3  3     1324    1445    1441
    2602  3  3     1255    1280    1446
    2603  3  3     1255    1446    1340
    2604  3  3     1349    1261    1447
    2605  3  3     1447    1261    1297
    2606  3  3     1327    1326    1448
    2607  3  3     1448    1326    1439
    2608  3  3     1357    1268    1449
    2609  3  3     1449    1268    1291
    2610  3  3     1342    1309    1450
    2611  3  3     1450    1309    1431
    2612  3  3     1336    1263    1451
    2613  3  3     1451    1263    1338
    2614  3  3     1285    1229    1452
    2615  3  3     1452    1229    1306
    2616  3  3     1223    1201    1453
    2617  3  3     1453    1201    1279
    2618  3  3     1314    1223    1454
    2619  3  3     1454    1223    1453
    2620  3  3     1287    1259    1455
    2621  3  3     1455    1259    1347
    2622  3  3     1299    1287    1456
    2623  3  3     1456    1287    1455
    2624  3  3     1317    1275    1457
    2625  3  3     1457    1275    1359
    2626  3  3     1251    1293    1458
    2627  3  3     1251    1458    1308
    2628  3  3     1293    1346    1458
    2629  3  3     1241    1337    1459
    2630  3  3     1241    1459    1354
    2631  3  3     1266    1289    1460
    2632  3  3     1266    1460    1341
    2633  3  3     1231    1314    1461
    2634  3  3     1231    1461    1316
    2635  3  3     1272    1327    1462
    2636  3  3     1272    1462    1343
    2637  3  3     1248    1284    1463
    2638  3  3     1248    1463    1302
    2639  3  3     1303    1302    1464
    2640  3  3     1464    1302    1463
    2641  3  3     1360    1303    1465
    2642  3  3     1465    1303    1464
    2643  3  3     1265    1341    1466
    2644  3  3     1265    1466    1320
    2645  3  3     1195    1246    1467
    2646  3  3     1467    1246    1311
    2647  3  3     1289    1195    1467
    2648  3  3     1323    1270    1468
    2649  3  3     1468    1270    1342
    2650  3  3     1306    1315    1469
    2651  3  3     1306    1469    1452
    2652  3  3     1338    1281    1470
    2653  3  3     1470    1281    1339
    2654  3  3     1236    1317    1471
    2655  3  3     1236    1471    1325
    2656  3  3     1233    1330    1472
    2657  3  3     1233    1472    1286
    2658  3  3     1319    1318    1473
    2659  3  3     1473    1318    1320
    2660  3  3     1315    1316    1474
    2661  3  3     1315    1474    1469
    2662  3  3     1339    1340    1475
    2663  3  3     1339    1475    1470
    2664  3  3     1292    1224    1476
    2665  3  3     1476    1224    1321
    2666  3  3     1330    1292    1477
    2667  3  3     1477    1292    1476
    2668  3  3     1321    1358    1478
    2669  3  3     1321    1478    1476
    2670  3  3     1295    1282    1479
    2671  3  3     1479    1282    1310
    2672  3  3     1296    1295    1480
    2673  3  3     1480    1295    1479
    2674  3  3     1297    1296    1481
    2675  3  3     1481    1296    1480
    2676  3  3     1332    1333    1482
    2677  3  3     1332    1482    1432
    2678  3  3     1333    1334    1482
    2679  3  3     1274    1313    1483
    2680  3  3     1274    1483    1355
    2681  3  3     1329    1254    1484
    2682  3  3     1484    1254    1300
    2683  3  3     1300    1356    1485
    2684  3  3     1300    1485    1484
    2685  3  3     1331    1237    1486
    2686  3  3     1486    1237    1487
    2687  3  3     1487    1237    1335
    2688  3  3     1335    1336    1488
    2689  3  3     1335    1488    1487
    2690  3  3     1247    1299    1489
    2691  3  3     1247    1489    1304
    2692  3  3     1305    1304    1490
    2693  3  3     1490    1304    1489
    2694  3  3     1252    1328    1491
    2695  3  3     1252    1491    1294
    2696  3  3     1328    1329    1492
    2697  3  3     1328    1492    1491
    2698  3  3     1346    1345    1493
    2699  3  3     1493    1345    1436
    2700  3  3     1337    1331    1494
    2701  3  3     1494    1331    1495
    2702  3  3     1495    1331    1486
    2703  3  3     1344    1343    1496
    2704  3  3     1496    1343    1497
    2705  3  3     1497    1343    1462
    2706  3  3     1352    1354    1498
    2707  3  3     1352    1498    1499
    2708  3  3     1352    1499    1351
    2709  3  3     1353    1351    1500
    2710  3  3     1500    1351    1499
    2711  3  3     1347    1348    1501
    2712  3  3     1347    1501    1502
    2713  3  3     1347    1502    1455
    2714  3  3     1358    1357    1503
    2715  3  3     1503    1357    1504
    2716  3  3     1504    1357    1449
    2717  3  3     1350    1349    1505
    2718  3  3     1505    1349    1506
    2719  3  3     1506    1349    1447
    2720  3  3     1359    1360    1507
    2721  3  3     1359    1507    1508
    2722  3  3     1359    1508    1457
    2723  3  3     1356    1355    1509
    2724  3  3     1509    1355    1510
    2725  3  3     1510    1355    1483
    2726  3  3     1444    1353    1500
    2727  3  3     1294    1491    1511
    2728  3  3     1294    1511    1435
    2729  3  3     1443    1278    1512
    2730  3  3     1512    1278    1435
    2731  3  3     1308    1458    1513
    2732  3  3     1308    1513    1431
    2733  3  3     1438    1319    1514
    2734  3  3     1514    1319    1473
    2735  3  3     1456    1455    1515
    2736  3  3     1515    1455    1502
    2737  3  3     1446    1280    1516
    2738  3  3     1516    1280    1432
    2739  3  3     1344    1496    1517
    2740  3  3     1344    1517    1437
    2741  3  3     1279    1433    1518
    2742  3  3     1279    1518    1453
    2743  3  3     1454    1453    1519
    2744  3  3     1519    1453    1518
    2745  3  3     1325    1471    1520
    2746  3  3     1325    1520    1445
    2747  3  3     1450    1431    1521
    2748  3  3     1521    1431    1513
    2749  3  3     1314    1454    1522
    2750  3  3     1314    1522    1461
    2751  3  3     1432    1482    1523
    2752  3  3     1432    1523    1516
    2753  3  3     1337    1494    1524
    2754  3  3     1337    1524    1459
    2755  3  3     1313    1437    1525
    2756  3  3     1525    1437    1517
    2757  3  3     1483    1313    1525
    2758  3  3     1439    1305    1526
    2759  3  3     1526    1305    1490
    2760  3  3     1448    1439    1527
    2761  3  3     1527    1439    1526
    2762  3  3     1310    1440    1528
    2763  3  3     1310    1528    1479
    2764  3  3     1480    1479    1529
    2765  3  3     1529    1479    1528
    2766  3  3     1489    1299    1530
    2767  3  3     1530    1299    1456
    2768  3  3     1463    1284    1531
    2769  3  3     1531    1284    1442
    2770  3  3     1320    1466    1532
    2771  3  3     1320    1532    1473
    2772  3  3     1323    1468    1533
    2773  3  3     1323    1533    1434
    2774  3  3     1474    1316    1534
    2775  3  3     1534    1316    1461
    2776  3  3     1354    1459    1535
    2777  3  3     1354    1535    1498
    2778  3  3     1277    1286    1536
    2779  3  3     1536    1286    1472
    2780  3  3     1442    1277    1536
    2781  3  3     1491    1492    1537
    2782  3  3     1491    1537    1511
    2783  3  3     1464    1463    1538
    2784  3  3     1538    1463    1531
    2785  3  3     1465    1464    1539
    2786  3  3     1539    1464    1538
    2787  3  3     1356    1509    1540
    2788  3  3     1356    1540    1485
    2789  3  3     1360    1465    1541
    2790  3  3     1360    1541    1507
    2791  3  3     1467    1311    1542
    2792  3  3     1542    1311    1444
    2793  3  3     1490    1489    1543
    2794  3  3     1543    1489    1530
    2795  3  3     1285    1452    1544
    2796  3  3     1285    1544    1436
    2797  3  3     1452    1469    1545
    2798  3  3     1452    1545    1544
    2799  3  3     1475    1340    1546
    2800  3  3     1546    1340    1446
    2801  3  3     1440    1441    1547
    2802  3  3     1440    1547    1528
    2803  3  3     1441    1445    1548
    2804  3  3     1441    1548    1547
    2805  3  3     1458    1346    1549
    2806  3  3     1458    1549    1513
    2807  3  3     1346    1493    1550
    2808  3  3     1346    1550    1549
    2809  3  3     1477    1476    1551
    2810  3  3     1551    1476    1478
    2811  3  3     1469    1474    1552
    2812  3  3     1469    1552    1545
    2813  3  3     1336    1451    1553
    2814  3  3     1336    1553    1488
    2815  3  3     1291    1443    1554
    2816  3  3     1554    1443    1512
    2817  3  3     1449    1291    1555
    2818  3  3     1555    1291    1554
    2819  3  3     1504    1449    1555
    2820  3  3     1481    1480    1556
    2821  3  3     1556    1480    1529
    2822  3  3     1334    1430    1557
    2823  3  3     1334    1557    1482
    2824  3  3     1430    1434    1558
    2825  3  3     1430    1558    1557
    2826  3  3     1492    1329    1559
    2827  3  3     1559    1329    1484
    2828  3  3     1484    1485    1560
    2829  3  3     1484    1560    1559
    2830  3  3     1471    1317    1561
    2831  3  3     1561    1317    1457
    2832  3  3     1457    1508    1562
    2833  3  3     1457    1562    1561
    2834  3  3     1433    1350    1563
    2835  3  3     1433    1563    1518
    2836  3  3     1350    1505    1563
    2837  3  3     1472    1330    1564
    2838  3  3     1564    1330    1477
    2839  3  3     1510    1483    1565
    2840  3  3     1565    1483    1525
    2841  3  3     1478    1358    1566
    2842  3  3     1566    1358    1503
    2843  3  3     1327    1448    1567
    2844  3  3     1327    1567    1462
    2845  3  3     1497    1462    1568
    2846  3  3     1568    1462    1567
    2847  3  3     1348    1438    1569
    2848  3  3     1569    1438    1570
    2849  3  3     1570    1438    1514
    2850  3  3     1501    1348    1571
    2851  3  3     1571    1348    1569
    2852  3  3     1495    1486    1572
    2853  3  3     1572    1486    1487
    2854  3  3     1487    1488    1572
    2855  3  3     1289    1467    1573
    2856  3  3     1573    1467    1574
    2857  3  3     1574    1467    1542
    2858  3  3     1460    1289    1575
    2859  3  3     1575    1289    1573
    2860  3  3     1447    1297    1576
    2861  3  3     1576    1297    1481
    2862  3  3     1506    1447    1577
    2863  3  3     1577    1447    1576
    2864  3  3     1502    1501    1578
    2865  3  3     1578    1501    1571
    2866  3  3     1493    1436    1579
    2867  3  3     1579    1436    1544
    2868  3  3     1496    1497    1580
    2869  3  3     1496    1580    1517
    2870  3  3     1451    1338    1581
    2871  3  3     1581    1338    1582
    2872  3  3     1582    1338    1470
    2873  3  3     1470    1475    1583
    2874  3  3     1470    1583    1582
    2875  3  3     1468    1342    1584
    2876  3  3     1584    1342    1585
    2877  3  3     1585    1342    1450
    2878  3  3     1341    1460    1586
    2879  3  3     1341    1586    1587
    2880  3  3     1341    1587    1466
    2881  3  3     1494    1495    1588
    2882  3  3     1588    1495    1589
    2883  3  3     1589    1495    1572
    2884  3  3     1499    1498    1590
    2885  3  3     1590    1498    1591
    2886  3  3     1591    1498    1535
    2887  3  3     1500    1499    1592
    2888  3  3     1592    1499    1590
    2889  3  3     1508    1507    1593
    2890  3  3     1508    1593    1594
    2891  3  3     1508    1594    1562
    2892  3  3     1503    1504    1595
    2893  3  3     1503    1595    1596
    2894  3  3     1503    1596    1566
    2895  3  3     1509    1510    1597
    2896  3  3     1597    1510    1598
    2897  3  3     1598    1510    1565
    2898  3  3     1505    1506    1599
    2899  3  3     1505    1599    1600
    2900  3  3     1505    1600    1563
    2901  3  3     1151    1386    1601
    2902  3  3     1151    1601    1367
    2903  3  3     1142    1362    1602
    2904  3  3     1142    1602    1371
    2905  3  3     1383    1147    1603
    2906  3  3     1603    1147    1376
    2907  3  3     1365    1371    1604
    2908  3  3     1365    1604    1368
    2909  3  3     1369    1372    1605
    2910  3  3     1369    1605    1427
    2911  3  3     1361    1171    1606
    2912  3  3     1606    1171    1426
    2913  3  3     1363    1361    1607
    2914  3  3     1607    1361    1606
    2915  3  3     1374    1405    1608
    2916  3  3     1374    1608    1375
    2917  3  3     1188    1364    1609
    2918  3  3     1188    1609    1406
    2919  3  3     1370    1139    1610
    2920  3  3     1610    1139    1363
    2921  3  3     1429    1370    1611
    2922  3  3     1611    1370    1610
    2923  3  3     1149    1368    1612
    2924  3  3     1149    1612    1404
    2925  3  3     1372    1134    1613
    2926  3  3     1613    1134    1366
    2927  3  3     1366    1367    1614
    2928  3  3     1366    1614    1613
    2929  3  3     1169    1377    1615
    2930  3  3     1169    1615    1403
    2931  3  3     1379    1136    1616
    2932  3  3     1616    1136    1373
    2933  3  3     1382    1192    1617
    2934  3  3     1617    1192    1425
    2935  3  3     1364    1140    1618
    2936  3  3     1618    1140    1375
    2937  3  3     1373    1135    1619
    2938  3  3     1619    1135    1382
    2939  3  3     1362    1194    1620
    2940  3  3     1362    1620    1602
    2941  3  3     1194    1428    1621
    2942  3  3     1194    1621    1620
    2943  3  3     1137    1380    1622
    2944  3  3     1137    1622    1378
    2945  3  3     1143    1379    1623
    2946  3  3     1143    1623    1376
    2947  3  3     1380    1144    1624
    2948  3  3     1624    1144    1381
    2949  3  3     1381    1384    1625
    2950  3  3     1381    1625    1624
    2951  3  3     1377    1145    1626
    2952  3  3     1626    1145    1627
    2953  3  3     1627    1145    1378
    2954  3  3     1384    1383    1628
    2955  3  3     1628    1383    1629
    2956  3  3     1629    1383    1603
    2957  3  3     1428    1429    1630
    2958  3  3     1428    1630    1631
    2959  3  3     1428    1631    1621
    2960  3  3     1426    1427    1632
    2961  3  3     1426    1632    1633
    2962  3  3     1426    1633    1606
    2963  3  3     1407    1406    1634
    2964  3  3     1634    1406    1635
    2965  3  3     1635    1406    1609
    2966  3  3     1408    1407    1636
    2967  3  3     1636    1407    1634
    2968  3  3     1409    1408    1637
    2969  3  3     1637    1408    1636
    2970  3  3     1410    1409    1638
    2971  3  3     1638    1409    1637
    2972  3  3     1411    1410    1639
    2973  3  3     1639    1410    1638
    2974  3  3     1412    1411    1640
    2975  3  3     1640    1411    1639
    2976  3  3     1413    1412    1641
    2977  3  3     1641    1412    1640
    2978  3  3     1414    1413    1642
    2979  3  3     1642    1413    1641
    2980  3  3     1415    1414    1643
    2981  3  3     1643    1414    1642
    2982  3  3     1416    1415    1644
    2983  3  3     1644    1415    1643
    2984  3  3     1417    1416    1645
    2985  3  3     1645    1416    1644
    2986  3  3     1418    1417    1646
    2987  3  3     1646    1417    1645
    2988  3  3     1419    1418    1647
    2989  3  3     1647    1418    1646
    2990  3  3     1420    1419    1648
    2991  3  3     1648    1419    1647
    2992  3  3     1421    1420    1649
    2993  3  3     1649    1420    1648
    2994  3  3     1422    1421    1650
    2995  3  3     1650    1421    1649
    2996  3  3     1423    1422    1651
    2997  3  3     1651    1422    1650
    2998  3  3     1424    1423    1652
    2999  3  3     1652    1423    1651
    3000  3  3     1425    1424    1653
    3001  3  3     1653    1424    1652
    3002  3  3     1385    1387    1654
    3003  3  3     1385    1654    1655
    3004  3  3     1385    1655    1386
    3005  3  3     1387    1388    1656
    3006  3  3     1387    1656    1654
    3007  3  3     1388    1389    1657
    3008  3  3     1388    1657    1656
    3009  3  3     1389    1390    1658
    3010  3  3     1389    1658    1657
    3011  3  3     1390    1391    1659
    3012  3  3     1390    1659    1658
    3013  3  3     1391    1392    1660
    3014  3  3     1391    1660    1659
    3015  3  3     1392    1393    1661
    3016  3  3     1392    1661    1660
    3017  3  3     1393    1394    1662
    3018  3  3     1393    1662    1661
    3019  3  3     1394    1395    1663
    3020  3  3     1394    1663    1662
    3021  3  3     1395    1396    1664
    3022  3  3     1395    1664    1663
    3023  3  3     1396    1397    1665
    3024  3  3     1396    1665    1664
    3025  3  3     1397    1398    1666
    3026  3  3     1397    1666    1665
    3027  3  3     1398    1399    1667
    3028  3  3     1398    1667    1666
    3029  3  3     1399    1400    1668
    3030  3  3     1399    1668    1667
    3031  3  3     1400    1401    1669
    3032  3  3     1400    1669    1668
    3033  3  3     1401    1402    1670
    3034  3  3     1401    1670    1669
    3035  3  3     1402    1403    1671
    3036  3  3     1402    1671    1670
    3037  3  3     1405    1404    1672
    3038  3  3     1672    1404    1673
    3039  3  3     1673    1404    1612
    3040  3  3     1454    1519    1522
    3041  3  3     1450    1521    1585
    3042  3  3     1530    1456    1515
    3043  3  3     1586    1460    1674
    3044  3  3     1674    1460    1575
    3045  3  3     1524    1494    1675
    3046  3  3     1675    1494    1588
    3047  3  3     1567    1448    1676
    3048  3  3     1676    1448    1527
    3049  3  3     1446    1516    1677
    3050  3  3     1446    1677    1546
    3051  3  3     1512    1435    1678
    3052  3  3     1678    1435    1511
    3053  3  3     1511    1537    1679
    3054  3  3     1511    1679    1678
    3055  3  3     1532    1466    1680
    3056  3  3     1680    1466    1587
    3057  3  3     1477    1551    1681
    3058  3  3     1477    1681    1564
    3059  3  3     1482    1557    1682
    3060  3  3     1482    1682    1523
    3061  3  3     1528    1547    1683
    3062  3  3     1528    1683    1529
    3063  3  3     1514    1473    1684
    3064  3  3     1684    1473    1532
    3065  3  3     1570    1514    1685
    3066  3  3     1685    1514    1684
    3067  3  3     1548    1445    1686
    3068  3  3     1686    1445    1520
    3069  3  3     1568    1567    1687
    3070  3  3     1687    1567    1676
    3071  3  3     1556    1529    1688
    3072  3  3     1688    1529    1683
    3073  3  3     1481    1556    1689
    3074  3  3     1481    1689    1576
    3075  3  3     1461    1522    1690
    3076  3  3     1461    1690    1534
    3077  3  3     1557    1558    1691
    3078  3  3     1557    1691    1682
    3079  3  3     1554    1512    1692
    3080  3  3     1692    1512    1678
    3081  3  3     1555    1554    1693
    3082  3  3     1693    1554    1692
    3083  3  3     1553    1451    1694
    3084  3  3     1694    1451    1581
    3085  3  3     1558    1434    1695
    3086  3  3     1695    1434    1533
    3087  3  3     1497    1568    1696
    3088  3  3     1497    1696    1580
    3089  3  3     1551    1478    1697
    3090  3  3     1697    1478    1566
    3091  3  3     1465    1539    1698
    3092  3  3     1465    1698    1541
    3093  3  3     1540    1509    1699
    3094  3  3     1699    1509    1597
    3095  3  3     1593    1507    1700
    3096  3  3     1700    1507    1541
    3097  3  3     1533    1468    1701
    3098  3  3     1701    1468    1584
    3099  3  3     1535    1459    1702
    3100  3  3     1702    1459    1524
    3101  3  3     1591    1535    1703
    3102  3  3     1703    1535    1702
    3103  3  3     1518    1563    1704
    3104  3  3     1518    1704    1519
    3105  3  3     1563    1600    1705
    3106  3  3     1563    1705    1704
    3107  3  3     1572    1488    1706
    3108  3  3     1706    1488    1553
    3109  3  3     1589    1572    1706
    3110  3  3     1513    1549    1707
    3111  3  3     1513    1707    1521
    3112  3  3     1549    1550    1708
    3113  3  3     1549    1708    1707
    3114  3  3     1599    1506    1709
    3115  3  3     1709    1506    1577
    3116  3  3     1515    1502    1710
    3117  3  3     1710    1502    1578
    3118  3  3     1577    1576    1711
    3119  3  3     1711    1576    1689
    3120  3  3     1547    1548    1712
    3121  3  3     1547    1712    1683
    3122  3  3     1583    1475    1713
    3123  3  3     1713    1475    1546
    3124  3  3     1471    1561    1714
    3125  3  3     1471    1714    1520
    3126  3  3     1552    1474    1715
    3127  3  3     1715    1474    1534
    3128  3  3     1579    1544    1716
    3129  3  3     1716    1544    1545
    3130  3  3     1545    1552    1717
    3131  3  3     1545    1717    1716
    3132  3  3     1565    1525    1718
    3133  3  3     1718    1525    1517
    3134  3  3     1517    1580    1719
    3135  3  3     1517    1719    1718
    3136  3  3     1598    1565    1720
    3137  3  3     1720    1565    1718
    3138  3  3     1472    1564    1721
    3139  3  3     1472    1721    1536
    3140  3  3     1442    1536    1722
    3141  3  3     1722    1536    1721
    3142  3  3     1531    1442    1723
    3143  3  3     1723    1442    1722
    3144  3  3     1538    1531    1724
    3145  3  3     1724    1531    1723
    3146  3  3     1539    1538    1724
    3147  3  3     1516    1523    1725
    3148  3  3     1516    1725    1677
    3149  3  3     1492    1559    1726
    3150  3  3     1492    1726    1537
    3151  3  3     1559    1560    1727
    3152  3  3     1559    1727    1726
    3153  3  3     1543    1530    1728
    3154  3  3     1728    1530    1515
    3155  3  3     1561    1562    1729
    3156  3  3     1561    1729    1714
    3157  3  3     1562    1594    1730
    3158  3  3     1562    1730    1729
    3159  3  3     1490    1543    1731
    3160  3  3     1490    1731    1526
    3161  3  3     1527    1526    1732
    3162  3  3     1732    1526    1731
    3163  3  3     1575    1573    1733
    3164  3  3     1733    1573    1574
    3165  3  3     1571    1569    1734
    3166  3  3     1734    1569    1570
    3167  3  3     1578    1571    1735
    3168  3  3     1735    1571    1734
    3169  3  3     1560    1485    1736
    3170  3  3     1736    1485    1540
    3171  3  3     1566    1596    1737
    3172  3  3     1566    1737    1697
    3173  3  3     1504    1555    1738
    3174  3  3     1738    1555    1693
    3175  3  3     1595    1504    1739
    3176  3  3     1739    1504    1738
    3177  3  3     1587    1586    1740
    3178  3  3     1740    1586    1674
    3179  3  3     1444    1500    1741
    3180  3  3     1741    1500    1592
    3181  3  3     1542    1444    1742
    3182  3  3     1742    1444    1741
    3183  3  3     1574    1542    1743
    3184  3  3     1743    1542    1742
    3185  3  3     1493    1579    1744
    3186  3  3     1493    1744    1745
    3187  3  3     1493    1745    1550
    3188  3  3     1581    1582    1746
    3189  3  3     1581    1746    1747
    3190  3  3     1581    1747    1694
    3191  3  3     1582    1583    1748
    3192  3  3     1582    1748    1746
    3193  3  3     1588    1589    1749
    3194  3  3     1588    1749    1750
    3195  3  3     1588    1750    1675
    3196  3  3     1584    1585    1751
    3197  3  3     1584    1751    1752
    3198  3  3     1584    1752    1701
    3199  3  3     1596    1595    1753
    3200  3  3     1753    1595    1754
    3201  3  3     1754    1595    1739
    3202  3  3     1590    1591    1755
    3203  3  3     1590    1755    1756
    3204  3  3     1590    1756    1592
    3205  3  3     1594    1593    1757
    3206  3  3     1757    1593    1758
    3207  3  3     1758    1593    1700
    3208  3  3     1600    1599    1759
    3209  3  3     1600    1759    1760
    3210  3  3     1600    1760    1705
    3211  3  3     1597    1598    1761
    3212  3  3     1597    1761    1762
    3213  3  3     1597    1762    1699
    3214  3  3     1708    1550    1745
    3215  3  3     1733    1574    1763
    3216  3  3     1763    1574    1743
    3217  3  3     1684    1532    1764
    3218  3  3     1764    1532    1680
    3219  3  3     1685    1684    1764
    3220  3  3     1524    1675    1765
    3221  3  3     1524    1765    1702
    3222  3  3     1675    1750    1765
    3223  3  3     1703    1702    1766
    3224  3  3     1766    1702    1765
    3225  3  3     1537    1726    1767
    3226  3  3     1537    1767    1679
    3227  3  3     1570    1685    1768
    3228  3  3     1570    1768    1734
    3229  3  3     1575    1733    1769
    3230  3  3     1575    1769    1674
    3231  3  3     1686    1520    1770
    3232  3  3     1770    1520    1714
    3233  3  3     1676    1527    1771
    3234  3  3     1771    1527    1732
    3235  3  3     1683    1712    1772
    3236  3  3     1683    1772    1688
    3237  3  3     1592    1756    1773
    3238  3  3     1592    1773    1741
    3239  3  3     1523    1682    1774
    3240  3  3     1523    1774    1725
    3241  3  3     1682    1691    1774
    3242  3  3     1713    1546    1775
    3243  3  3     1775    1546    1677
    3244  3  3     1737    1596    1776
    3245  3  3     1776    1596    1753
    3246  3  3     1587    1740    1777
    3247  3  3     1587    1777    1680
    3248  3  3     1748    1583    1778
    3249  3  3     1778    1583    1713
    3250  3  3     1551    1697    1779
    3251  3  3     1551    1779    1681
    3252  3  3     1687    1676    1780
    3253  3  3     1780    1676    1771
    3254  3  3     1714    1729    1781
    3255  3  3     1714    1781    1770
    3256  3  3     1697    1737    1782
    3257  3  3     1697    1782    1779
    3258  3  3     1534    1690    1783
    3259  3  3     1534    1783    1715
    3260  3  3     1729    1730    1784
    3261  3  3     1729    1784    1781
    3262  3  3     1515    1710    1785
    3263  3  3     1515    1785    1728
    3264  3  3     1695    1533    1786
    3265  3  3     1786    1533    1701
    3266  3  3     1701    1752    1787
    3267  3  3     1701    1787    1786
    3268  3  3     1718    1719    1788
    3269  3  3     1718    1788    1720
    3270  3  3     1564    1681    1789
    3271  3  3     1564    1789    1721
    3272  3  3     1759    1599    1790
    3273  3  3     1790    1599    1709
    3274  3  3     1591    1703    1791
    3275  3  3     1591    1791    1755
    3276  3  3     1735    1734    1792
    3277  3  3     1792    1734    1768
    3278  3  3     1740    1674    1793
    3279  3  3     1793    1674    1769
    3280  3  3     1692    1678    1794
    3281  3  3     1794    1678    1679
    3282  3  3     1693    1692    1795
    3283  3  3     1795    1692    1794
    3284  3  3     1738    1693    1796
    3285  3  3     1796    1693    1795
    3286  3  3     1739    1738    1797
    3287  3  3     1797    1738    1796
    3288  3  3     1754    1739    1798
    3289  3  3     1798    1739    1797
    3290  3  3     1726    1727    1799
    3291  3  3     1726    1799    1767
    3292  3  3     1541    1698    1800
    3293  3  3     1541    1800    1700
    3294  3  3     1758    1700    1801
    3295  3  3     1801    1700    1800
    3296  3  3     1727    1560    1802
    3297  3  3     1802    1560    1736
    3298  3  3     1540    1699    1803
    3299  3  3     1540    1803    1736
    3300  3  3     1699    1762    1804
    3301  3  3     1699    1804    1803
    3302  3  3     1594    1757    1805
    3303  3  3     1594    1805    1730
    3304  3  3     1543    1728    1806
    3305  3  3     1543    1806    1731
    3306  3  3     1732    1731    1807
    3307  3  3     1807    1731    1806
    3308  3  3     1712    1548    1808
    3309  3  3     1808    1548    1686
    3310  3  3     1717    1552    1809
    3311  3  3     1809    1552    1715
    3312  3  3     1722    1721    1810
    3313  3  3     1810    1721    1789
    3314  3  3     1723    1722    1811
    3315  3  3     1811    1722    1810
    3316  3  3     1724    1723    1812
    3317  3  3     1812    1723    1811
    3318  3  3     1539    1724    1813
    3319  3  3     1813    1724    1812
    3320  3  3     1698    1539    1813
    3321  3  3     1553    1694    1814
    3322  3  3     1553    1814    1706
    3323  3  3     1694    1747    1815
    3324  3  3     1694    1815    1814
    3325  3  3     1568    1687    1816
    3326  3  3     1568    1816    1696
    3327  3  3     1556    1688    1817
    3328  3  3     1556    1817    1689
    3329  3  3     1711    1689    1818
    3330  3  3     1818    1689    1817
    3331  3  3     1761    1598    1819
    3332  3  3     1819    1598    1720
    3333  3  3     1742    1741    1820
    3334  3  3     1820    1741    1773
    3335  3  3     1743    1742    1820
    3336  3  3     1585    1521    1821
    3337  3  3     1585    1821    1751
    3338  3  3     1521    1707    1822
    3339  3  3     1521    1822    1821
    3340  3  3     1707    1708    1823
    3341  3  3     1707    1823    1822
    3342  3  3     1677    1725    1824
    3343  3  3     1677    1824    1775
    3344  3  3     1709    1577    1825
    3345  3  3     1825    1577    1711
    3346  3  3     1558    1695    1826
    3347  3  3     1558    1826    1691
    3348  3  3     1719    1580    1827
    3349  3  3     1719    1827    1788
    3350  3  3     1580    1696    1828
    3351  3  3     1580    1828    1827
    3352  3  3     1704    1705    1829
    3353  3  3     1829    1705    1760
    3354  3  3     1519    1704    1830
    3355  3  3     1830    1704    1829
    3356  3  3     1522    1519    1830
    3357  3  3     1690    1522    1831
    3358  3  3     1831    1522    1830
    3359  3  3     1579    1716    1832
    3360  3  3     1579    1832    1744
    3361  3  3     1716    1717    1833
    3362  3  3     1716    1833    1832
    3363  3  3     1749    1589    1834
    3364  3  3     1834    1589    1706
    3365  3  3     1578    1735    1835
    3366  3  3     1578    1835    1836
    3367  3  3     1578    1836    1710
    3368  3  3     1753    1754    1837
    3369  3  3     1753    1837    1838
    3370  3  3     1753    1838    1776
    3371  3  3     1746    1748    1839
    3372  3  3     1746    1839    1840
    3373  3  3     1746    1840    1747
    3374  3  3     1745    1744    1841
    3375  3  3     1841    1744    1842
    3376  3  3     1842    1744    1832
    3377  3  3     1756    1755    1843
    3378  3  3     1843    1755    1844
    3379  3  3     1844    1755    1791
    3380  3  3     1752    1751    1845
    3381  3  3     1845    1751    1846
    3382  3  3     1846    1751    1821
    3383  3  3     1760    1759    1847
    3384  3  3     1847    1759    1848
    3385  3  3     1848    1759    1790
    3386  3  3     1750    1749    1849
    3387  3  3     1849    1749    1850
    3388  3  3     1850    1749    1834
    3389  3  3     1762    1761    1851
    3390  3  3     1762    1851    1852
    3391  3  3     1762    1852    1804
    3392  3  3     1757    1758    1853
    3393  3  3     1757    1853    1854
    3394  3  3     1757    1854    1805
    3395  3  3     1609    1364    1855
    3396  3  3     1855    1364    1618
    3397  3  3     1371    1602    1856
    3398  3  3     1371    1856    1604
    3399  3  3     1386    1655    1857
    3400  3  3     1386    1857    1601
    3401  3  3     1367    1601    1858
    3402  3  3     1367    1858    1614
    3403  3  3     1635    1609    1859
    3404  3  3     1859    1609    1855
    3405  3  3     1607    1606    1860
    3406  3  3     1860    1606    1633
    3407  3  3     1368    1604    1861
    3408  3  3     1368    1861    1612
    3409  3  3     1673    1612    1862
    3410  3  3     1862    1612    1861
    3411  3  3     1378    1622    1863
    3412  3  3     1378    1863    1627
    3413  3  3     1603    1376    1864
    3414  3  3     1864    1376    1623
    3415  3  3     1629    1603    1865
    3416  3  3     1865    1603    1864
    3417  3  3     1610    1363    1866
    3418  3  3     1866    1363    1607
    3419  3  3     1611    1610    1867
    3420  3  3     1867    1610    1866
    3421  3  3     1602    1620    1868
    3422  3  3     1602    1868    1856
    3423  3  3     1620    1621    1869
    3424  3  3     1620    1869    1868
    3425  3  3     1621    1631    1870
    3426  3  3     1621    1870    1869
    3427  3  3     1618    1375    1871
    3428  3  3     1871    1375    1608
    3429  3  3     1384    1628    1872
    3430  3  3     1384    1872    1625
    3431  3  3     1429    1611    1873
    3432  3  3     1429    1873    1630
    3433  3  3     1425    1653    1874
    3434  3  3     1425    1874    1617
    3435  3  3     1605    1372    1875
    3436  3  3     1875    1372    1613
    3437  3  3     1613    1614    1876
    3438  3  3     1613    1876    1875
    3439  3  3     1671    1403    1877
    3440  3  3     1877    1403    1615
    3441  3  3     1615    1377    1878
    3442  3  3     1878    1377    1626
    3443  3  3     1405    1672    1879
    3444  3  3     1405    1879    1608
    3445  3  3     1373    1619    1880
    3446  3  3     1373    1880    1616
    3447  3  3     1427    1605    1881
    3448  3  3     1427    1881    1632
    3449  3  3     1623    1379    1882
    3450  3  3     1882    1379    1616
    3451  3  3     1380    1624    1883
    3452  3  3     1380    1883    1622
    3453  3  3     1624    1625    1884
    3454  3  3     1624    1884    1883
    3455  3  3     1619    1382    1885
    3456  3  3     1885    1382    1886
    3457  3  3     1886    1382    1617
    3458  3  3     1654    1656    1887
    3459  3  3     1654    1887    1888
    3460  3  3     1654    1888    1655
    3461  3  3     1656    1657    1889
    3462  3  3     1656    1889    1887
    3463  3  3     1657    1658    1890
    3464  3  3     1657    1890    1889
    3465  3  3     1658    1659    1891
    3466  3  3     1658    1891    1890
    3467  3  3     1659    1660    1892
    3468  3  3     1659    1892    1891
    3469  3  3     1660    1661    1893
    3470  3  3     1660    1893    1892
    3471  3  3     1661    1662    1894
    3472  3  3     1661    1894    1893
    3473  3  3     1662    1663    1895
    3474  3  3     1662    1895    1894
    3475  3  3     1663    1664    1896
    3476  3  3     1663    1896    1895
    3477  3  3     1664    1665    1897
    3478  3  3     1664    1897    1896
    3479  3  3     1665    1666    1898
    3480  3  3     1665    1898    1897
    3481  3  3     1666    1667    1899
    3482  3  3     1666    1899    1898
    3483  3  3     1667    1668    1900
    3484  3  3     1667    1900    1899
    3485  3  3     1668    1669    1901
    3486  3  3     1668    1901    1900
    3487  3  3     1669    1670    1902
    3488  3  3     1669    1902    1901
    3489  3  3     1670    1671    1903
    3490  3  3     1670    1903    1902
    3491  3  3     1626    1627    1904
    3492  3  3     1626    1904    1905
    3493  3  3     1626    1905    1878
    3494  3  3     1631    1630    1906
    3495  3  3     1906    1630    1907
    3496  3  3     1907    1630    1873
    3497  3  3     1628    1629    1908
    3498  3  3     1628    1908    1909
    3499  3  3     1628    1909    1872
    3500  3  3     1636    1634    1910
    3501  3  3     1910    1634    1911
    3502  3  3     1911    1634    1635
    3503  3  3     1637    1636    1912
    3504  3  3     1912    1636    1910
    3505  3  3     1638    1637    1913
    3506  3  3     1913    1637    1912
    3507  3  3     1639    1638    1914
    3508  3  3     1914    1638    1913
    3509  3  3     1640    1639    1915
    3510  3  3     1915    1639    1914
    3511  3  3     1641    1640    1916
    3512  3  3     1916    1640    1915
    3513  3  3     1642    1641    1917
    3514  3  3     1917    1641    1916
    3515  3  3     1643    1642    1918
    3516  3  3     1918    1642    1917
    3517  3  3     1644    1643    1919
    3518  3  3     1919    1643    1918
    3519  3  3     1645    1644    1920
    3520  3  3     1920    1644    1919
    3521  3  3     1646    1645    1921
    3522  3  3     1921    1645    1920
    3523  3  3     1647    1646    1922
    3524  3  3     1922    1646    1921
    3525  3  3     1648    1647    1923
    3526  3  3     1923    1647    1922
    3527  3  3     1649    1648    1924
    3528  3  3     1924    1648    1923
    3529  3  3     1650    1649    1925
    3530  3  3     1925    1649    1924
    3531  3  3     1651    1650    1926
    3532  3  3     1926    1650    1925
    3533  3  3     1652    1651    1927
    3534  3  3     1927    1651    1926
    3535  3  3     1653    1652    1928
    3536  3  3     1928    1652    1927
    3537  3  3     1633    1632    1929
    3538  3  3     1929    1632    1930
    3539  3  3     1930    1632    1881
    3540  3  3     1672    1673    1931
    3541  3  3     1672    1931    1932
    3542  3  3     1672    1932    1879
    3543  3  3     1766    1765    1933
    3544  3  3     1933    1765    1750
    3545  3  3     1750    1849    1933
    3546  3  3     1690    1831    1934
    3547  3  3     1690    1934    1783
    3548  3  3     1815    1747    1935
    3549  3  3     1935    1747    1840
    3550  3  3     1686    1770    1936
    3551  3  3     1686    1936    1808
    3552  3  3     1688    1772    1937
    3553  3  3     1688    1937    1817
    3554  3  3     1696    1816    1938
    3555  3  3     1696    1938    1828
    3556  3  3     1733    1763    1939
    3557  3  3     1733    1939    1769
    3558  3  3     1839    1748    1940
    3559  3  3     1940    1748    1778
    3560  3  3     1706    1814    1941
    3561  3  3     1706    1941    1834
    3562  3  3     1814    1815    1942
    3563  3  3     1814    1942    1941
    3564  3  3     1785    1710    1943
    3565  3  3     1943    1710    1836
    3566  3  3     1687    1780    1944
    3567  3  3     1687    1944    1816
    3568  3  3     1771    1732    1945
    3569  3  3     1945    1732    1807
    3570  3  3     1787    1752    1946
    3571  3  3     1946    1752    1845
    3572  3  3     1818    1817    1947
    3573  3  3     1947    1817    1937
    3574  3  3     1778    1713    1948
    3575  3  3     1948    1713    1775
    3576  3  3     1775    1824    1949
    3577  3  3     1775    1949    1948
    3578  3  3     1772    1712    1950
    3579  3  3     1950    1712    1808
    3580  3  3     1680    1777    1951
    3581  3  3     1680    1951    1764
    3582  3  3     1758    1801    1952
    3583  3  3     1758    1952    1853
    3584  3  3     1717    1809    1953
    3585  3  3     1717    1953    1833
    3586  3  3     1703    1766    1954
    3587  3  3     1703    1954    1791
    3588  3  3     1844    1791    1955
    3589  3  3     1955    1791    1954
    3590  3  3     1846    1821    1956
    3591  3  3     1956    1821    1822
    3592  3  3     1822    1823    1957
    3593  3  3     1822    1957    1956
    3594  3  3     1725    1774    1958
    3595  3  3     1725    1958    1824
    3596  3  3     1774    1691    1959
    3597  3  3     1959    1691    1826
    3598  3  3     1695    1786    1960
    3599  3  3     1695    1960    1826
    3600  3  3     1786    1787    1961
    3601  3  3     1786    1961    1960
    3602  3  3     1851    1761    1962
    3603  3  3     1962    1761    1819
    3604  3  3     1793    1769    1963
    3605  3  3     1963    1769    1939
    3606  3  3     1720    1788    1964
    3607  3  3     1720    1964    1819
    3608  3  3     1773    1756    1965
    3609  3  3     1965    1756    1843
    3610  3  3     1770    1781    1966
    3611  3  3     1770    1966    1936
    3612  3  3     1781    1784    1967
    3613  3  3     1781    1967    1966
    3614  3  3     1788    1827    1968
    3615  3  3     1788    1968    1964
    3616  3  3     1831    1830    1969
    3617  3  3     1969    1830    1829
    3618  3  3     1735    1792    1970
    3619  3  3     1735    1970    1835
    3620  3  3     1827    1828    1971
    3621  3  3     1827    1971    1968
    3622  3  3     1763    1743    1972
    3623  3  3     1972    1743    1820
    3624  3  3     1842    1832    1973
    3625  3  3     1973    1832    1833
    3626  3  3     1715    1783    1974
    3627  3  3     1715    1974    1809
    3628  3  3     1709    1825    1975
    3629  3  3     1709    1975    1790
    3630  3  3     1848    1790    1976
    3631  3  3     1976    1790    1975
    3632  3  3     1708    1745    1977
    3633  3  3     1708    1977    1823
    3634  3  3     1745    1841    1977
    3635  3  3     1685    1764    1978
    3636  3  3     1978    1764    1951
    3637  3  3     1768    1685    1978
    3638  3  3     1727    1802    1979
    3639  3  3     1727    1979    1799
    3640  3  3     1825    1711    1980
    3641  3  3     1980    1711    1818
    3642  3  3     1698    1813    1981
    3643  3  3     1698    1981    1800
    3644  3  3     1801    1800    1982
    3645  3  3     1982    1800    1981
    3646  3  3     1806    1728    1983
    3647  3  3     1983    1728    1785
    3648  3  3     1807    1806    1984
    3649  3  3     1984    1806    1983
    3650  3  3     1794    1679    1985
    3651  3  3     1985    1679    1767
    3652  3  3     1767    1799    1986
    3653  3  3     1767    1986    1985
    3654  3  3     1795    1794    1987
    3655  3  3     1987    1794    1985
    3656  3  3     1796    1795    1988
    3657  3  3     1988    1795    1987
    3658  3  3     1797    1796    1989
    3659  3  3     1989    1796    1988
    3660  3  3     1798    1797    1990
    3661  3  3     1990    1797    1989
    3662  3  3     1754    1798    1991
    3663  3  3     1754    1991    1837
    3664  3  3     1789    1681    1992
    3665  3  3     1992    1681    1779
    3666  3  3     1779    1782    1993
    3667  3  3     1779    1993    1992
    3668  3  3     1810    1789    1994
    3669  3  3     1994    1789    1992
    3670  3  3     1811    1810    1995
    3671  3  3     1995    1810    1994
    3672  3  3     1812    1811    1995
    3673  3  3     1782    1737    1996
    3674  3  3     1996    1737    1776
    3675  3  3     1776    1838    1997
    3676  3  3     1776    1997    1996
    3677  3  3     1784    1730    1998
    3678  3  3     1998    1730    1805
    3679  3  3     1805    1854    1999
    3680  3  3     1805    1999    1998
    3681  3  3     1760    1847    2000
    3682  3  3     1760    2000    1829
    3683  3  3     1820    1773    2001
    3684  3  3     2001    1773    2002
    3685  3  3     2002    1773    1965
    3686  3  3     1802    1736    2003
    3687  3  3     2003    1736    1803
    3688  3  3     1803    1804    2004
    3689  3  3     1803    2004    2003
    3690  3  3     1804    1852    2005
    3691  3  3     1804    2005    2004
    3692  3  3     1850    1834    2006
    3693  3  3     2006    1834    1941
    3694  3  3     1780    1771    2007
    3695  3  3     2007    1771    1945
    3696  3  3     1740    1793    2008
    3697  3  3     1740    2008    1777
    3698  3  3     1792    1768    2009
    3699  3  3     2009    1768    1978
    3700  3  3     1840    1839    2010
    3701  3  3     2010    1839    1940
    3702  3  3     1813    1812    2011
    3703  3  3     1813    2011    2012
    3704  3  3     1813    2012    1981
    3705  3  3     1836    1835    2013
    3706  3  3     2013    1835    2014
    3707  3  3     2014    1835    1970
    3708  3  3     1845    1846    2015
    3709  3  3     1845    2015    2016
    3710  3  3     1845    2016    1946
    3711  3  3     1843    1844    2017
    3712  3  3     1843    2017    2018
    3713  3  3     1843    2018    1965
    3714  3  3     1849    1850    2019
    3715  3  3     2019    1850    2020
    3716  3  3     2020    1850    2006
    3717  3  3     1838    1837    2021
    3718  3  3     2021    1837    2022
    3719  3  3     2022    1837    1991
    3720  3  3     1847    1848    2023
    3721  3  3     2023    1848    2024
    3722  3  3     2024    1848    1976
    3723  3  3     1854    1853    2025
    3724  3  3     1854    2025    2026
    3725  3  3     1854    2026    1999
    3726  3  3     1841    1842    2027
    3727  3  3     1841    2027    2028
    3728  3  3     1841    2028    1977
    3729  3  3     1852    1851    2029
    3730  3  3     2029    1851    2030
    3731  3  3     2030    1851    1962
    3732  3  3     2006    1941    2031
    3733  3  3     2031    1941    1942
    3734  3  3     1974    1783    1934
    3735  3  3     1965    2018    2002
    3736  3  3     1991    1798    2032
    3737  3  3     2032    1798    1990
    3738  3  3     1972    1820    2033
    3739  3  3     2033    1820    2001
    3740  3  3     1815    1935    2034
    3741  3  3     1815    2034    1942
    3742  3  3     1969    1829    2035
    3743  3  3     2035    1829    2000
    3744  3  3     1983    1785    2036
    3745  3  3     2036    1785    1943
    3746  3  3     1784    1998    2037
    3747  3  3     1784    2037    1967
    3748  3  3     1944    1780    2038
    3749  3  3     2038    1780    2007
    3750  3  3     1993    1782    2039
    3751  3  3     2039    1782    1996
    3752  3  3     1938    1816    2040
    3753  3  3     2040    1816    1944
    3754  3  3     1943    1836    2041
    3755  3  3     2041    1836    2013
    3756  3  3     1996    1997    2042
    3757  3  3     1996    2042    2039
    3758  3  3     1971    1828    2043
    3759  3  3     2043    1828    1938
    3760  3  3     1812    1995    2044
    3761  3  3     1812    2044    2011
    3762  3  3     2020    2006    2045
    3763  3  3     2045    2006    2031
    3764  3  3     1986    1799    2046
    3765  3  3     2046    1799    1979
    3766  3  3     1951    1777    2047
    3767  3  3     2047    1777    2008
    3768  3  3     1978    1951    2048
    3769  3  3     2048    1951    2047
    3770  3  3     2009    1978    2049
    3771  3  3     2049    1978    2048
    3772  3  3     1939    1763    2050
    3773  3  3     2050    1763    1972
    3774  3  3     1980    1818    2051
    3775  3  3     2051    1818    1947
    3776  3  3     1950    1808    2052
    3777  3  3     2052    1808    1936
    3778  3  3     1934    1831    2053
    3779  3  3     2053    1831    1969
    3780  3  3     1823    1977    2054
    3781  3  3     1823    2054    1957
    3782  3  3     1977    2028    2054
    3783  3  3     1984    1983    2055
    3784  3  3     2055    1983    2036
    3785  3  3     1766    1933    2056
    3786  3  3     1766    2056    1954
    3787  3  3     1955    1954    2057
    3788  3  3     2057    1954    2056
    3789  3  3     1982    1981    2058
    3790  3  3     2058    1981    2012
    3791  3  3     1838    2021    2059
    3792  3  3     1838    2059    1997
    3793  3  3     2022    1991    2060
    3794  3  3     2060    1991    2032
    3795  3  3     1945    1807    2061
    3796  3  3     2061    1807    1984
    3797  3  3     2007    1945    2062
    3798  3  3     2062    1945    2061
    3799  3  3     1787    1946    2063
    3800  3  3     1787    2063    1961
    3801  3  3     1946    2016    2064
    3802  3  3     1946    2064    2063
    3803  3  3     1935    1840    2065
    3804  3  3     2065    1840    2010
    3805  3  3     1936    1966    2066
    3806  3  3     1936    2066    2052
    3807  3  3     1966    1967    2067
    3808  3  3     1966    2067    2066
    3809  3  3     1958    1774    2068
    3810  3  3     2068    1774    1959
    3811  3  3     1853    1952    2069
    3812  3  3     1853    2069    2025
    3813  3  3     1940    1778    2070
    3814  3  3     2070    1778    1948
    3815  3  3     1948    1949    2071
    3816  3  3     1948    2071    2070
    3817  3  3     1933    1849    2072
    3818  3  3     1933    2072    2056
    3819  3  3     1849    2019    2072
    3820  3  3     1987    1985    2073
    3821  3  3     2073    1985    1986
    3822  3  3     1988    1987    2074
    3823  3  3     2074    1987    2073
    3824  3  3     1989    1988    2075
    3825  3  3     2075    1988    2074
    3826  3  3     1990    1989    2076
    3827  3  3     2076    1989    2075
    3828  3  3     1852    2029    2077
    3829  3  3     1852    2077    2005
    3830  3  3     2000    1847    2078
    3831  3  3     2078    1847    2023
    3832  3  3     1824    1958    2079
    3833  3  3     1824    2079    1949
    3834  3  3     1844    1955    2080
    3835  3  3     1844    2080    2017
    3836  3  3     1963    1939    2081
    3837  3  3     2081    1939    2050
    3838  3  3     1992    1993    2082
    3839  3  3     1992    2082    1994
    3840  3  3     1995    1994    2083
    3841  3  3     2083    1994    2082
    3842  3  3     1937    1772    2084
    3843  3  3     2084    1772    1950
    3844  3  3     1998    1999    2085
    3845  3  3     1998    2085    2037
    3846  3  3     1999    2026    2086
    3847  3  3     1999    2086    2085
    3848  3  3     1947    1937    2087
    3849  3  3     2087    1937    2084
    3850  3  3     1979    1802    2088
    3851  3  3     2088    1802    2003
    3852  3  3     1809    1974    2089
    3853  3  3     1809    2089    1953
    3854  3  3     1793    1963    2090
    3855  3  3     1793    2090    2008
    3856  3  3     1970    1792    2091
    3857  3  3     2091    1792    2009
    3858  3  3     2014    1970    2092
    3859  3  3     2092    1970    2091
    3860  3  3     1973    1833    2093
    3861  3  3     2093    1833    1953
    3862  3  3     1842    1973    2094
    3863  3  3     1842    2094    2027
    3864  3  3     1846    1956    2095
    3865  3  3     1846    2095    2015
    3866  3  3     1956    1957    2096
    3867  3  3     1956    2096    2095
    3868  3  3     1962    1819    2097
    3869  3  3     2097    1819    1964
    3870  3  3     2030    1962    2098
    3871  3  3     2098    1962    2097
    3872  3  3     1964    1968    2099
    3873  3  3     1964    2099    2097
    3874  3  3     1968    1971    2100
    3875  3  3     1968    2100    2099
    3876  3  3     1801    1982    2101
    3877  3  3     1801    2101    1952
    3878  3  3     2003    2004    2102
    3879  3  3     2003    2102    2088
    3880  3  3     2004    2005    2103
    3881  3  3     2004    2103    2102
    3882  3  3     1975    1825    2104
    3883  3  3     2104    1825    1980
    3884  3  3     1976    1975    2105
    3885  3  3     2105    1975    2104
    3886  3  3     2024    1976    2106
    3887  3  3     2106    1976    2105
    3888  3  3     1826    1960    2107
    3889  3  3     1826    2107    1959
    3890  3  3     1960    1961    2108
    3891  3  3     1960    2108    2107
    3892  3  3     2010    1940    2109
    3893  3  3     2109    1940    2110
    3894  3  3     2110    1940    2070
    3895  3  3     2013    2014    2111
    3896  3  3     2013    2111    2041
    3897  3  3     2001    2002    2112
    3898  3  3     2001    2112    2033
    3899  3  3     2012    2011    2113
    3900  3  3     2113    2011    2114
    3901  3  3     2114    2011    2044
    3902  3  3     2021    2022    2115
    3903  3  3     2115    2022    2116
    3904  3  3     2116    2022    2060
    3905  3  3     2018    2017    2117
    3906  3  3     2117    2017    2118
    3907  3  3     2118    2017    2080
    3908  3  3     2023    2024    2119
    3909  3  3     2023    2119    2120
    3910  3  3     2023    2120    2078
    3911  3  3     2016    2015    2121
    3912  3  3     2121    2015    2122
    3913  3  3     2122    2015    2095
    3914  3  3     2019    2020    2123
    3915  3  3     2019    2123    2124
    3916  3  3     2019    2124    2072
    3917  3  3     2026    2025    2125
    3918  3  3     2125    2025    2126
    3919  3  3     2126    2025    2069
    3920  3  3     2029    2030    2127
    3921  3  3     2127    2030    2128
    3922  3  3     2128    2030    2098
    3923  3  3     2028    2027    2129
    3924  3  3     2028    2129    2130
    3925  3  3     2028    2130    2054
    3926  3  3     1858    1601    2131
    3927  3  3     2131    1601    1857
    3928  3  3     1911    1635    2132
    3929  3  3     2132    1635    1859
    3930  3  3     1874    1653    2133
    3931  3  3     2133    1653    1928
    3932  3  3     1614    1858    2134
    3933  3  3     1614    2134    1876
    3934  3  3     1857    1655    2135
    3935  3  3     2135    1655    1888
    3936  3  3     1627    1863    2136
    3937  3  3     1627    2136    1904
    3938  3  3     1631    1906    2137
    3939  3  3     1631    2137    1870
    3940  3  3     1908    1629    2138
    3941  3  3     2138    1629    1865
    3942  3  3     1860    1633    2139
    3943  3  3     2139    1633    1929
    3944  3  3     1617    1874    2140
    3945  3  3     1617    2140    1886
    3946  3  3     1605    1875    2141
    3947  3  3     1605    2141    1881
    3948  3  3     1875    1876    2142
    3949  3  3     1875    2142    2141
    3950  3  3     1866    1607    2143
    3951  3  3     2143    1607    1860
    3952  3  3     1867    1866    2144
    3953  3  3     2144    1866    2143
    3954  3  3     1855    1618    2145
    3955  3  3     2145    1618    1871
    3956  3  3     1859    1855    2146
    3957  3  3     2146    1855    2145
    3958  3  3     1608    1879    2147
    3959  3  3     1608    2147    1871
    3960  3  3     1604    1856    2148
    3961  3  3     1604    2148    1861
    3962  3  3     1862    1861    2149
    3963  3  3     2149    1861    2148
    3964  3  3     1930    1881    2150
    3965  3  3     2150    1881    2141
    3966  3  3     1856    1868    2151
    3967  3  3     1856    2151    2148
    3968  3  3     1868    1869    2152
    3969  3  3     1868    2152    2151
    3970  3  3     1869    1870    2153
    3971  3  3     1869    2153    2152
    3972  3  3     1671    1877    2154
    3973  3  3     1671    2154    1903
    3974  3  3     1931    1673    2155
    3975  3  3     2155    1673    1862
    3976  3  3     1884    1625    2156
    3977  3  3     2156    1625    1872
    3978  3  3     1872    1909    2157
    3979  3  3     1872    2157    2156
    3980  3  3     1611    1867    2158
    3981  3  3     1611    2158    1873
    3982  3  3     1907    1873    2159
    3983  3  3     2159    1873    2158
    3984  3  3     1877    1615    2160
    3985  3  3     2160    1615    1878
    3986  3  3     1878    1905    2161
    3987  3  3     1878    2161    2160
    3988  3  3     1879    1932    2162
    3989  3  3     1879    2162    2147
    3990  3  3     1880    1619    2163
    3991  3  3     2163    1619    1885
    3992  3  3     1622    1883    2164
    3993  3  3     1622    2164    1863
    3994  3  3     1616    1880    2165
    3995  3  3     1616    2165    1882
    3996  3  3     1864    1623    2166
    3997  3  3     2166    1623    1882
    3998  3  3     1865    1864    2167
    3999  3  3     2167    1864    2166
    4000  3  3     1883    1884    2168
    4001  3  3     1883    2168    2164
    4002  3  3     1905    1904    2169
    4003  3  3     2169    1904    2170
    4004  3  3     2170    1904    2136
    4005  3  3     1906    1907    2171
    4006  3  3     1906    2171    2172
    4007  3  3     1906    2172    2137
    4008  3  3     1909    1908    2173
    4009  3  3     2173    1908    2174
    4010  3  3     2174    1908    2138
    4011  3  3     1929    1930    2175
    4012  3  3     1929    2175    2176
    4013  3  3     1929    2176    2139
    4014  3  3     1885    1886    2177
    4015  3  3     1885    2177    2178
    4016  3  3     1885    2178    2163
    4017  3  3     1887    1889    2179
    4018  3  3     1887    2179    2180
    4019  3  3     1887    2180    1888
    4020  3  3     1889    1890    2181
    4021  3  3     1889    2181    2179
    4022  3  3     1890    1891    2182
    4023  3  3     1890    2182    2181
    4024  3  3     1891    1892    2183
    4025  3  3     1891    2183    2182
    4026  3  3     1892    1893    2184
    4027  3  3     1892    2184    2183
    4028  3  3     1893    1894    2185
    4029  3  3     1893    2185    2184
    4030  3  3     1894    1895    2186
    4031  3  3     1894    2186    2185
    4032  3  3     1895    1896    2187
    4033  3  3     1895    2187    2186
    4034  3  3     1896    1897    2188
    4035  3  3     1896    2188    2187
    4036  3  3     1897    1898    2189
    4037  3  3     1897    2189    2188
    4038  3  3     1898    1899    2190
    4039  3  3     1898    2190    2189
    4040  3  3     1899    1900    2191
    4041  3  3     1899    2191    2190
    4042  3  3     1900    1901    2192
    4043  3  3     1900    2192    2191
    4044  3  3     1901    1902    2193
    4045  3  3     1901    2193    2192
    4046  3  3     1902    1903    2194
    4047  3  3     1902    2194    2193
    4048  3  3     1912    1910    2195
    4049  3  3     2195    1910    2196
    4050  3  3     2196    1910    1911
    4051  3  3     1913    1912    2197
    4052  3  3     2197    1912    2195
    4053  3  3     1914    1913    2198
    4054  3  3     2198    1913    2197
    4055  3  3     1915    1914    2199
    4056  3  3     2199    1914    2198
    4057  3  3     1916    1915    2200
    4058  3  3     2200    1915    2199
    4059  3  3     1917    1916    2201
    4060  3  3     2201    1916    2200
    4061  3  3     1918    1917    2202
    4062  3  3     2202    1917    2201
    4063  3  3     1919    1918    2203
    4064  3  3     2203    1918    2202
    4065  3  3     1920    1919    2204
    4066  3  3     2204    1919    2203
    4067  3  3     1921    1920    2205
    4068  3  3     2205    1920    2204
    4069  3  3     1922    1921    2206
    4070  3  3     2206    1921    2205
    4071  3  3     1923    1922    2207
    4072  3  3     2207    1922    2206
    4073  3  3     1924    1923    2208
    4074  3  3     2208    1923    2207
    4075  3  3     1925    1924    2208
    4076  3  3     1926    1925    2209
    4077  3  3     2209    1925    2210
    4078  3  3     2210    1925    2208
    4079  3  3     1927    1926    2211
    4080  3  3     2211    1926    2209
    4081  3  3     1928    1927    2212
    4082  3  3     2212    1927    2211
    4083  3  3     1932    1931    2213
    4084  3  3     1932    2213    2214
    4085  3  3     1932    2214    2162
    4086  3  3     2070    2071    2110
    4087  3  3     2044    1995    2083
    4088  3  3     2114    2044    2215
    4089  3  3     2215    2044    2083
    4090  3  3     1969    2035    2216
    4091  3  3     1969    2216    2053
    4092  3  3     2084    1950    2217
    4093  3  3     2217    1950    2052
    4094  3  3     2031    1942    2218
    4095  3  3     2218    1942    2034
    4096  3  3     2045    2031    2218
    4097  3  3     2042    1997    2219
    4098  3  3     2219    1997    2059
    4099  3  3     2051    1947    2220
    4100  3  3     2220    1947    2087
    4101  3  3     2043    1938    2221
    4102  3  3     2221    1938    2040
    4103  3  3     2040    1944    2222
    4104  3  3     2222    1944    2038
    4105  3  3     2050    1972    2223
    4106  3  3     2223    1972    2033
    4107  3  3     2033    2112    2224
    4108  3  3     2033    2224    2223
    4109  3  3     2087    2084    2225
    4110  3  3     2225    2084    2217
    4111  3  3     1943    2041    2226
    4112  3  3     1943    2226    2036
    4113  3  3     1982    2058    2227
    4114  3  3     1982    2227    2101
    4115  3  3     1971    2043    2228
    4116  3  3     1971    2228    2100
    4117  3  3     2034    1935    2229
    4118  3  3     2229    1935    2065
    4119  3  3     2046    1979    2230
    4120  3  3     2230    1979    2088
    4121  3  3     1986    2046    2231
    4122  3  3     1986    2231    2073
    4123  3  3     1957    2054    2232
    4124  3  3     1957    2232    2096
    4125  3  3     2054    2130    2232
    4126  3  3     2074    2073    2233
    4127  3  3     2233    2073    2231
    4128  3  3     2075    2074    2234
    4129  3  3     2234    2074    2233
    4130  3  3     2055    2036    2235
    4131  3  3     2235    2036    2226
    4132  3  3     2059    2021    2236
    4133  3  3     2236    2021    2115
    4134  3  3     1958    2068    2237
    4135  3  3     1958    2237    2079
    4136  3  3     1990    2076    2238
    4137  3  3     1990    2238    2032
    4138  3  3     2060    2032    2239
    4139  3  3     2239    2032    2238
    4140  3  3     2116    2060    2240
    4141  3  3     2240    2060    2239
    4142  3  3     2014    2092    2241
    4143  3  3     2014    2241    2111
    4144  3  3     2067    1967    2242
    4145  3  3     2242    1967    2037
    4146  3  3     2012    2113    2243
    4147  3  3     2012    2243    2058
    4148  3  3     2122    2095    2244
    4149  3  3     2244    2095    2096
    4150  3  3     1980    2051    2245
    4151  3  3     1980    2245    2104
    4152  3  3     2080    1955    2246
    4153  3  3     2246    1955    2057
    4154  3  3     2076    2075    2247
    4155  3  3     2247    2075    2234
    4156  3  3     2029    2127    2248
    4157  3  3     2029    2248    2077
    4158  3  3     2069    1952    2249
    4159  3  3     2249    1952    2101
    4160  3  3     2126    2069    2250
    4161  3  3     2250    2069    2249
    4162  3  3     1953    2089    2251
    4163  3  3     1953    2251    2093
    4164  3  3     2118    2080    2252
    4165  3  3     2252    2080    2246
    4166  3  3     2123    2020    2253
    4167  3  3     2253    2020    2045
    4168  3  3     2083    2082    2254
    4169  3  3     2083    2254    2215
    4170  3  3     2082    1993    2255
    4171  3  3     2082    2255    2254
    4172  3  3     1993    2039    2255
    4173  3  3     2039    2042    2256
    4174  3  3     2039    2256    2255
    4175  3  3     2108    1961    2257
    4176  3  3     2257    1961    2063
    4177  3  3     2063    2064    2258
    4178  3  3     2063    2258    2257
    4179  3  3     1959    2107    2259
    4180  3  3     1959    2259    2068
    4181  3  3     2016    2121    2260
    4182  3  3     2016    2260    2064
    4183  3  3     2035    2000    2261
    4184  3  3     2261    2000    2078
    4185  3  3     2078    2120    2262
    4186  3  3     2078    2262    2261
    4187  3  3     2129    2027    2263
    4188  3  3     2263    2027    2094
    4189  3  3     2057    2056    2264
    4190  3  3     2264    2056    2072
    4191  3  3     2072    2124    2264
    4192  3  3     1949    2079    2265
    4193  3  3     1949    2265    2071
    4194  3  3     2061    1984    2266
    4195  3  3     2266    1984    2055
    4196  3  3     2062    2061    2267
    4197  3  3     2267    2061    2266
    4198  3  3     2037    2085    2268
    4199  3  3     2037    2268    2242
    4200  3  3     2085    2086    2269
    4201  3  3     2085    2269    2268
    4202  3  3     2052    2066    2270
    4203  3  3     2052    2270    2217
    4204  3  3     2066    2067    2271
    4205  3  3     2066    2271    2270
    4206  3  3     2090    1963    2272
    4207  3  3     2272    1963    2081
    4208  3  3     2088    2102    2273
    4209  3  3     2088    2273    2230
    4210  3  3     2112    2002    2274
    4211  3  3     2274    2002    2018
    4212  3  3     2018    2117    2275
    4213  3  3     2018    2275    2274
    4214  3  3     1973    2093    2276
    4215  3  3     1973    2276    2094
    4216  3  3     2007    2062    2277
    4217  3  3     2007    2277    2038
    4218  3  3     1934    2053    2278
    4219  3  3     1934    2278    1974
    4220  3  3     2089    1974    2279
    4221  3  3     2279    1974    2278
    4222  3  3     2119    2024    2280
    4223  3  3     2280    2024    2106
    4224  3  3     2081    2050    2281
    4225  3  3     2281    2050    2223
    4226  3  3     2107    2108    2282
    4227  3  3     2107    2282    2259
    4228  3  3     2008    2090    2283
    4229  3  3     2008    2283    2047
    4230  3  3     2086    2026    2284
    4231  3  3     2284    2026    2125
    4232  3  3     2098    2097    2285
    4233  3  3     2285    2097    2099
    4234  3  3     2128    2098    2286
    4235  3  3     2286    2098    2285
    4236  3  3     2099    2100    2287
    4237  3  3     2099    2287    2285
    4238  3  3     2005    2077    2288
    4239  3  3     2005    2288    2103
    4240  3  3     2048    2047    2289
    4241  3  3     2289    2047    2283
    4242  3  3     2049    2048    2290
    4243  3  3     2290    2048    2289
    4244  3  3     2009    2049    2291
    4245  3  3     2291    2049    2290
    4246  3  3     2091    2009    2292
    4247  3  3     2292    2009    2291
    4248  3  3     2092    2091    2293
    4249  3  3     2293    2091    2292
    4250  3  3     2102    2103    2294
    4251  3  3     2102    2294    2273
    4252  3  3     2105    2104    2295
    4253  3  3     2295    2104    2245
    4254  3  3     2106    2105    2296
    4255  3  3     2296    2105    2295
    4256  3  3     2065    2010    2297
    4257  3  3     2297    2010    2109
    4258  3  3     2041    2111    2298
    4259  3  3     2041    2298    2226
    4260  3  3     2125    2126    2299
    4261  3  3     2299    2126    2300
    4262  3  3     2300    2126    2250
    4263  3  3     2109    2110    2301
    4264  3  3     2109    2301    2302
    4265  3  3     2109    2302    2297
    4266  3  3     2113    2114    2303
    4267  3  3     2113    2303    2304
    4268  3  3     2113    2304    2243
    4269  3  3     2117    2118    2305
    4270  3  3     2117    2305    2306
    4271  3  3     2117    2306    2275
    4272  3  3     2115    2116    2307
    4273  3  3     2115    2307    2308
    4274  3  3     2115    2308    2236
    4275  3  3     2121    2122    2309
    4276  3  3     2309    2122    2310
    4277  3  3     2310    2122    2244
    4278  3  3     2120    2119    2311
    4279  3  3     2311    2119    2312
    4280  3  3     2312    2119    2280
    4281  3  3     2124    2123    2313
    4282  3  3     2124    2313    2314
    4283  3  3     2124    2314    2264
    4284  3  3     2127    2128    2315
    4285  3  3     2127    2315    2316
    4286  3  3     2127    2316    2248
    4287  3  3     2130    2129    2317
    4288  3  3     2130    2317    2318
    4289  3  3     2130    2318    2232
    4290  3  3     2035    2261    2216
    4291  3  3     2067    2242    2319
    4292  3  3     2067    2319    2271
    4293  3  3     2059    2236    2320
    4294  3  3     2059    2320    2219
    4295  3  3     2236    2308    2320
    4296  3  3     2058    2243    2321
    4297  3  3     2058    2321    2227
    4298  3  3     2243    2304    2321
    4299  3  3     2218    2034    2322
    4300  3  3     2322    2034    2229
    4301  3  3     2040    2222    2323
    4302  3  3     2040    2323    2221
    4303  3  3     2242    2268    2324
    4304  3  3     2242    2324    2319
    4305  3  3     2062    2267    2325
    4306  3  3     2062    2325    2277
    4307  3  3     2114    2215    2326
    4308  3  3     2114    2326    2303
    4309  3  3     2215    2254    2326
    4310  3  3     2305    2118    2327
    4311  3  3     2327    2118    2252
    4312  3  3     2258    2064    2328
    4313  3  3     2328    2064    2260
    4314  3  3     2055    2235    2329
    4315  3  3     2055    2329    2266
    4316  3  3     2267    2266    2330
    4317  3  3     2330    2266    2329
    4318  3  3     2268    2269    2331
    4319  3  3     2268    2331    2324
    4320  3  3     2065    2297    2332
    4321  3  3     2065    2332    2229
    4322  3  3     2068    2259    2333
    4323  3  3     2068    2333    2237
    4324  3  3     2226    2298    2334
    4325  3  3     2226    2334    2235
    4326  3  3     2087    2225    2335
    4327  3  3     2087    2335    2220
    4328  3  3     2092    2293    2336
    4329  3  3     2092    2336    2241
    4330  3  3     2222    2038    2337
    4331  3  3     2337    2038    2277
    4332  3  3     2294    2103    2338
    4333  3  3     2338    2103    2288
    4334  3  3     2238    2076    2339
    4335  3  3     2339    2076    2247
    4336  3  3     2269    2086    2340
    4337  3  3     2340    2086    2284
    4338  3  3     2259    2282    2341
    4339  3  3     2259    2341    2333
    4340  3  3     2053    2216    2342
    4341  3  3     2053    2342    2278
    4342  3  3     2228    2043    2343
    4343  3  3     2343    2043    2221
    4344  3  3     2239    2238    2344
    4345  3  3     2344    2238    2339
    4346  3  3     2240    2239    2345
    4347  3  3     2345    2239    2344
    4348  3  3     2260    2121    2346
    4349  3  3     2346    2121    2309
    4350  3  3     2123    2253    2347
    4351  3  3     2123    2347    2313
    4352  3  3     2307    2116    2348
    4353  3  3     2348    2116    2240
    4354  3  3     2100    2228    2349
    4355  3  3     2100    2349    2287
    4356  3  3     2223    2224    2350
    4357  3  3     2223    2350    2281
    4358  3  3     2079    2237    2351
    4359  3  3     2079    2351    2265
    4360  3  3     2120    2311    2352
    4361  3  3     2120    2352    2262
    4362  3  3     2256    2042    2353
    4363  3  3     2353    2042    2219
    4364  3  3     2264    2314    2354
    4365  3  3     2264    2354    2057
    4366  3  3     2246    2057    2354
    4367  3  3     2252    2246    2355
    4368  3  3     2355    2246    2354
    4369  3  3     2129    2263    2356
    4370  3  3     2129    2356    2317
    4371  3  3     2125    2299    2357
    4372  3  3     2125    2357    2284
    4373  3  3     2251    2089    2358
    4374  3  3     2358    2089    2279
    4375  3  3     2279    2278    2359
    4376  3  3     2359    2278    2342
    4377  3  3     2261    2262    2360
    4378  3  3     2261    2360    2216
    4379  3  3     2254    2255    2361
    4380  3  3     2361    2255    2256
    4381  3  3     2051    2220    2362
    4382  3  3     2051    2362    2245
    4383  3  3     2295    2245    2363
    4384  3  3     2363    2245    2362
    4385  3  3     2077    2248    2364
    4386  3  3     2077    2364    2288
    4387  3  3     2248    2316    2365
    4388  3  3     2248    2365    2364
    4389  3  3     2096    2232    2366
    4390  3  3     2096    2366    2244
    4391  3  3     2232    2318    2366
    4392  3  3     2310    2244    2367
    4393  3  3     2367    2244    2366
    4394  3  3     2101    2227    2368
    4395  3  3     2101    2368    2249
    4396  3  3     2250    2249    2369
    4397  3  3     2369    2249    2368
    4398  3  3     2300    2250    2370
    4399  3  3     2370    2250    2369
    4400  3  3     2272    2081    2371
    4401  3  3     2371    2081    2281
    4402  3  3     2045    2218    2372
    4403  3  3     2372    2218    2322
    4404  3  3     2253    2045    2372
    4405  3  3     2225    2217    2373
    4406  3  3     2373    2217    2270
    4407  3  3     2270    2271    2374
    4408  3  3     2270    2374    2373
    4409  3  3     2297    2302    2375
    4410  3  3     2297    2375    2332
    4411  3  3     2090    2272    2376
    4412  3  3     2090    2376    2283
    4413  3  3     2093    2251    2377
    4414  3  3     2093    2377    2276
    4415  3  3     2231    2046    2378
    4416  3  3     2378    2046    2230
    4417  3  3     2230    2273    2379
    4418  3  3     2230    2379    2378
    4419  3  3     2233    2231    2380
    4420  3  3     2380    2231    2378
    4421  3  3     2234    2233    2381
    4422  3  3     2381    2233    2380
    4423  3  3     2247    2234    2382
    4424  3  3     2382    2234    2381
    4425  3  3     2273    2294    2383
    4426  3  3     2273    2383    2379
    4427  3  3     2263    2094    2384
    4428  3  3     2384    2094    2276
    4429  3  3     2285    2287    2385
    4430  3  3     2285    2385    2286
    4431  3  3     2112    2274    2386
    4432  3  3     2112    2386    2224
    4433  3  3     2274    2275    2387
    4434  3  3     2274    2387    2386
    4435  3  3     2275    2306    2388
    4436  3  3     2275    2388    2387
    4437  3  3     2128    2286    2389
    4438  3  3     2128    2389    2315
    4439  3  3     2289    2283    2390
    4440  3  3     2390    2283    2376
    4441  3  3     2290    2289    2391
    4442  3  3     2391    2289    2390
    4443  3  3     2301    2110    2392
    4444  3  3     2392    2110    2071
    4445  3  3     2071    2265    2393
    4446  3  3     2071    2393    2392
    4447  3  3     2282    2108    2394
    4448  3  3     2394    2108    2257
    4449  3  3     2257    2258    2395
    4450  3  3     2257    2395    2394
    4451  3  3     2106    2296    2396
    4452  3  3     2106    2396    2280
    4453  3  3     2312    2280    2397
    4454  3  3     2397    2280    2396
    4455  3  3     2296    2295    2398
    4456  3  3     2398    2295    2363
    4457  3  3     2291    2290    2399
    4458  3  3     2399    2290    2391
    4459  3  3     2292    2291    2400
    4460  3  3     2400    2291    2399
    4461  3  3     2293    2292    2400
    4462  3  3     2304    2303    2401
    4463  3  3     2401    2303    2326
    4464  3  3     2306    2305    2402
    4465  3  3     2402    2305    2403
    4466  3  3     2403    2305    2327
    4467  3  3     2111    2241    2404
    4468  3  3     2111    2404    2405
    4469  3  3     2111    2405    2298
    4470  3  3     2299    2300    2406
    4471  3  3     2299    2406    2407
    4472  3  3     2299    2407    2357
    4473  3  3     2309    2310    2408
    4474  3  3     2309    2408    2409
    4475  3  3     2309    2409    2346
    4476  3  3     2308    2307    2410
    4477  3  3     2410    2307    2411
    4478  3  3     2411    2307    2348
    4479  3  3     2302    2301    2412
    4480  3  3     2412    2301    2413
    4481  3  3     2413    2301    2392
    4482  3  3     2316    2315    2414
    4483  3  3     2316    2414    2415
    4484  3  3     2316    2415    2365
    4485  3  3     2314    2313    2416
    4486  3  3     2416    2313    2417
    4487  3  3     2417    2313    2347
    4488  3  3     2311    2312    2418
    4489  3  3     2418    2312    2419
    4490  3  3     2419    2312    2397
    4491  3  3     2318    2317    2420
    4492  3  3     2318    2420    2421
    4493  3  3     2318    2421    2366
    4494  3  3     2135    1888    2422
    4495  3  3     2422    1888    2180
    4496  3  3     2131    1857    2423
    4497  3  3     2423    1857    2135
    4498  3  3     1903    2154    2424
    4499  3  3     1903    2424    2194
    4500  3  3     1911    2132    2425
    4501  3  3     1911    2425    2196
    4502  3  3     1874    2133    2426
    4503  3  3     1874    2426    2140
    4504  3  3     2136    1863    2427
    4505  3  3     2427    1863    2164
    4506  3  3     2170    2136    2428
    4507  3  3     2428    2136    2427
    4508  3  3     2177    1886    2429
    4509  3  3     2429    1886    2140
    4510  3  3     2149    2148    2430
    4511  3  3     2430    2148    2151
    4512  3  3     2150    2141    2431
    4513  3  3     2431    2141    2142
    4514  3  3     1870    2137    2432
    4515  3  3     1870    2432    2153
    4516  3  3     2137    2172    2433
    4517  3  3     2137    2433    2432
    4518  3  3     2134    1858    2434
    4519  3  3     2434    1858    2131
    4520  3  3     2151    2152    2435
    4521  3  3     2151    2435    2430
    4522  3  3     2152    2153    2435
    4523  3  3     2161    1905    2436
    4524  3  3     2436    1905    2169
    4525  3  3     2132    1859    2437
    4526  3  3     2437    1859    2146
    4527  3  3     2158    1867    2438
    4528  3  3     2438    1867    2144
    4529  3  3     2159    2158    2439
    4530  3  3     2439    2158    2438
    4531  3  3     1871    2147    2440
    4532  3  3     1871    2440    2145
    4533  3  3     2146    2145    2441
    4534  3  3     2441    2145    2440
    4535  3  3     2147    2162    2442
    4536  3  3     2147    2442    2440
    4537  3  3     2162    2214    2443
    4538  3  3     2162    2443    2442
    4539  3  3     1907    2159    2444
    4540  3  3     1907    2444    2171
    4541  3  3     1909    2173    2445
    4542  3  3     1909    2445    2157
    4543  3  3     1931    2155    2446
    4544  3  3     1931    2446    2213
    4545  3  3     1876    2134    2447
    4546  3  3     1876    2447    2142
    4547  3  3     1865    2167    2448
    4548  3  3     1865    2448    2138
    4549  3  3     2174    2138    2449
    4550  3  3     2449    2138    2448
    4551  3  3     2164    2168    2450
    4552  3  3     2164    2450    2427
    4553  3  3     2133    1928    2451
    4554  3  3     2451    1928    2212
    4555  3  3     1860    2139    2452
    4556  3  3     1860    2452    2143
    4557  3  3     2139    2176    2453
    4558  3  3     2139    2453    2452
    4559  3  3     2144    2143    2454
    4560  3  3     2454    2143    2452
    4561  3  3     1862    2149    2455
    4562  3  3     1862    2455    2155
    4563  3  3     2154    1877    2456
    4564  3  3     2456    1877    2160
    4565  3  3     2160    2161    2457
    4566  3  3     2160    2457    2456
    4567  3  3     2175    1930    2458
    4568  3  3     2458    1930    2150
    4569  3  3     1880    2163    2459
    4570  3  3     1880    2459    2165
    4571  3  3     2163    2178    2460
    4572  3  3     2163    2460    2459
    4573  3  3     1882    2165    2461
    4574  3  3     1882    2461    2166
    4575  3  3     2167    2166    2462
    4576  3  3     2462    2166    2461
    4577  3  3     1884    2156    2463
    4578  3  3     1884    2463    2168
    4579  3  3     2156    2157    2464
    4580  3  3     2156    2464    2463
    4581  3  3     2169    2170    2465
    4582  3  3     2169    2465    2436
    4583  3  3     2178    2177    2466
    4584  3  3     2466    2177    2467
    4585  3  3     2467    2177    2429
    4586  3  3     2210    2208    2468
    4587  3  3     2468    2208    2469
    4588  3  3     2469    2208    2207
    4589  3  3     2207    2206    2470
    4590  3  3     2207    2470    2469
    4591  3  3     2206    2205    2471
    4592  3  3     2206    2471    2470
    4593  3  3     2205    2204    2472
    4594  3  3     2205    2472    2471
    4595  3  3     2204    2203    2473
    4596  3  3     2204    2473    2472
    4597  3  3     2203    2202    2474
    4598  3  3     2203    2474    2473
    4599  3  3     2202    2201    2475
    4600  3  3     2202    2475    2474
    4601  3  3     2201    2200    2476
    4602  3  3     2201    2476    2475
    4603  3  3     2200    2199    2477
    4604  3  3     2200    2477    2476
    4605  3  3     2199    2198    2478
    4606  3  3     2199    2478    2477
    4607  3  3     2198    2197    2479
    4608  3  3     2198    2479    2478
    4609  3  3     2197    2195    2480
    4610  3  3     2197    2480    2479
    4611  3  3     2195    2196    2481
    4612  3  3     2195    2481    2480
    4613  3  3     2209    2210    2482
    4614  3  3     2209    2482    2483
    4615  3  3     2209    2483    2211
    4616  3  3     2212    2211    2484
    4617  3  3     2484    2211    2483
    4618  3  3     2172    2171    2485
    4619  3  3     2485    2171    2486
    4620  3  3     2486    2171    2444
    4621  3  3     2188    2189    2487
    4622  3  3     2188    2487    2488
    4623  3  3     2188    2488    2187
    4624  3  3     2186    2187    2489
    4625  3  3     2489    2187    2488
    4626  3  3     2185    2186    2490
    4627  3  3     2490    2186    2489
    4628  3  3     2184    2185    2491
    4629  3  3     2491    2185    2490
    4630  3  3     2183    2184    2492
    4631  3  3     2492    2184    2491
    4632  3  3     2182    2183    2493
    4633  3  3     2493    2183    2492
    4634  3  3     2181    2182    2494
    4635  3  3     2494    2182    2493
    4636  3  3     2189    2190    2495
    4637  3  3     2189    2495    2487
    4638  3  3     2190    2191    2496
    4639  3  3     2190    2496    2495
    4640  3  3     2191    2192    2497
    4641  3  3     2191    2497    2496
    4642  3  3     2192    2193    2498
    4643  3  3     2192    2498    2497
    4644  3  3     2193    2194    2499
    4645  3  3     2193    2499    2498
    4646  3  3     2179    2181    2500
    4647  3  3     2500    2181    2494
    4648  3  3     2180    2179    2501
    4649  3  3     2501    2179    2500
    4650  3  3     2173    2174    2502
    4651  3  3     2173    2502    2503
    4652  3  3     2173    2503    2445
    4653  3  3     2176    2175    2504
    4654  3  3     2504    2175    2505
    4655  3  3     2505    2175    2458
    4656  3  3     2214    2213    2506
    4657  3  3     2506    2213    2507
    4658  3  3     2507    2213    2446
    4659  3  3     2366    2421    2367
    4660  3  3     2326    2254    2361
    4661  3  3     2225    2373    2508
    4662  3  3     2225    2508    2335
    4663  3  3     2342    2216    2509
    4664  3  3     2509    2216    2360
    4665  3  3     2359    2342    2510
    4666  3  3     2510    2342    2509
    4667  3  3     2224    2386    2511
    4668  3  3     2224    2511    2350
    4669  3  3     2358    2279    2512
    4670  3  3     2512    2279    2359
    4671  3  3     2395    2258    2513
    4672  3  3     2513    2258    2328
    4673  3  3     2235    2334    2514
    4674  3  3     2235    2514    2329
    4675  3  3     2339    2247    2515
    4676  3  3     2515    2247    2382
    4677  3  3     2344    2339    2516
    4678  3  3     2516    2339    2515
    4679  3  3     2345    2344    2516
    4680  3  3     2325    2267    2517
    4681  3  3     2517    2267    2330
    4682  3  3     2265    2351    2518
    4683  3  3     2265    2518    2393
    4684  3  3     2228    2343    2519
    4685  3  3     2228    2519    2349
    4686  3  3     2330    2329    2520
    4687  3  3     2520    2329    2514
    4688  3  3     2252    2355    2521
    4689  3  3     2252    2521    2327
    4690  3  3     2403    2327    2522
    4691  3  3     2522    2327    2521
    4692  3  3     2328    2260    2523
    4693  3  3     2523    2260    2346
    4694  3  3     2346    2409    2523
    4695  3  3     2269    2340    2524
    4696  3  3     2269    2524    2331
    4697  3  3     2404    2241    2525
    4698  3  3     2525    2241    2336
    4699  3  3     2413    2392    2526
    4700  3  3     2526    2392    2393
    4701  3  3     2373    2374    2527
    4702  3  3     2373    2527    2508
    4703  3  3     2256    2353    2528
    4704  3  3     2256    2528    2361
    4705  3  3     2286    2385    2529
    4706  3  3     2286    2529    2389
    4707  3  3     2237    2333    2530
    4708  3  3     2237    2530    2351
    4709  3  3     2333    2341    2531
    4710  3  3     2333    2531    2530
    4711  3  3     2337    2277    2532
    4712  3  3     2532    2277    2325
    4713  3  3     2343    2221    2533
    4714  3  3     2533    2221    2323
    4715  3  3     2323    2222    2534
    4716  3  3     2534    2222    2337
    4717  3  3     2240    2345    2535
    4718  3  3     2240    2535    2348
    4719  3  3     2411    2348    2536
    4720  3  3     2536    2348    2535
    4721  3  3     2386    2387    2537
    4722  3  3     2386    2537    2511
    4723  3  3     2387    2388    2538
    4724  3  3     2387    2538    2537
    4725  3  3     2368    2227    2539
    4726  3  3     2539    2227    2321
    4727  3  3     2369    2368    2540
    4728  3  3     2540    2368    2539
    4729  3  3     2296    2398    2541
    4730  3  3     2296    2541    2396
    4731  3  3     2406    2300    2542
    4732  3  3     2542    2300    2370
    4733  3  3     2370    2369    2543
    4734  3  3     2543    2369    2540
    4735  3  3     2353    2219    2544
    4736  3  3     2544    2219    2320
    4737  3  3     2311    2418    2545
    4738  3  3     2311    2545    2352
    4739  3  3     2251    2358    2546
    4740  3  3     2251    2546    2377
    4741  3  3     2322    2229    2547
    4742  3  3     2547    2229    2332
    4743  3  3     2332    2375    2548
    4744  3  3     2332    2548    2547
    4745  3  3     2271    2319    2549
    4746  3  3     2271    2549    2374
    4747  3  3     2319    2324    2550
    4748  3  3     2319    2550    2549
    4749  3  3     2324    2331    2551
    4750  3  3     2324    2551    2550
    4751  3  3     2362    2220    2552
    4752  3  3     2552    2220    2335
    4753  3  3     2420    2317    2553
    4754  3  3     2553    2317    2356
    4755  3  3     2354    2314    2554
    4756  3  3     2354    2554    2355
    4757  3  3     2314    2416    2554
    4758  3  3     2385    2287    2555
    4759  3  3     2555    2287    2349
    4760  3  3     2414    2315    2556
    4761  3  3     2556    2315    2389
    4762  3  3     2408    2310    2557
    4763  3  3     2557    2310    2367
    4764  3  3     2356    2263    2558
    4765  3  3     2558    2263    2384
    4766  3  3     2281    2350    2559
    4767  3  3     2281    2559    2371
    4768  3  3     2363    2362    2560
    4769  3  3     2560    2362    2552
    4770  3  3     2398    2363    2561
    4771  3  3     2561    2363    2560
    4772  3  3     2293    2400    2562
    4773  3  3     2293    2562    2336
    4774  3  3     2272    2371    2563
    4775  3  3     2272    2563    2376
    4776  3  3     2253    2372    2564
    4777  3  3     2253    2564    2347
    4778  3  3     2417    2347    2565
    4779  3  3     2565    2347    2564
    4780  3  3     2390    2376    2566
    4781  3  3     2566    2376    2563
    4782  3  3     2384    2276    2567
    4783  3  3     2567    2276    2377
    4784  3  3     2302    2412    2568
    4785  3  3     2302    2568    2375
    4786  3  3     2401    2326    2569
    4787  3  3     2569    2326    2361
    4788  3  3     2341    2282    2570
    4789  3  3     2570    2282    2394
    4790  3  3     2394    2395    2571
    4791  3  3     2394    2571    2570
    4792  3  3     2380    2378    2572
    4793  3  3     2572    2378    2379
    4794  3  3     2381    2380    2573
    4795  3  3     2573    2380    2572
    4796  3  3     2379    2383    2574
    4797  3  3     2379    2574    2572
    4798  3  3     2382    2381    2575
    4799  3  3     2575    2381    2573
    4800  3  3     2388    2306    2576
    4801  3  3     2576    2306    2402
    4802  3  3     2334    2298    2577
    4803  3  3     2577    2298    2405
    4804  3  3     2391    2390    2578
    4805  3  3     2578    2390    2566
    4806  3  3     2399    2391    2579
    4807  3  3     2579    2391    2578
    4808  3  3     2284    2357    2580
    4809  3  3     2284    2580    2340
    4810  3  3     2357    2407    2581
    4811  3  3     2357    2581    2580
    4812  3  3     2360    2262    2582
    4813  3  3     2582    2262    2352
    4814  3  3     2383    2294    2583
    4815  3  3     2583    2294    2338
    4816  3  3     2372    2322    2584
    4817  3  3     2584    2322    2547
    4818  3  3     2321    2304    2585
    4819  3  3     2321    2585    2539
    4820  3  3     2304    2401    2586
    4821  3  3     2304    2586    2585
    4822  3  3     2338    2288    2587
    4823  3  3     2587    2288    2364
    4824  3  3     2364    2365    2588
    4825  3  3     2364    2588    2587
    4826  3  3     2365    2415    2589
    4827  3  3     2365    2589    2588
    4828  3  3     2397    2396    2590
    4829  3  3     2590    2396    2541
    4830  3  3     2419    2397    2591
    4831  3  3     2591    2397    2590
    4832  3  3     2400    2399    2592
    4833  3  3     2592    2399    2593
    4834  3  3     2593    2399    2579
    4835  3  3     2320    2308    2594
    4836  3  3     2320    2594    2544
    4837  3  3     2308    2410    2595
    4838  3  3     2308    2595    2594
    4839  3  3     2405    2404    2596
    4840  3  3     2596    2404    2525
    4841  3  3     2410    2411    2597
    4842  3  3     2410    2597    2598
    4843  3  3     2410    2598    2595
    4844  3  3     2402    2403    2599
    4845  3  3     2402    2599    2600
    4846  3  3     2402    2600    2576
    4847  3  3     2407    2406    2601
    4848  3  3     2601    2406    2602
    4849  3  3     2602    2406    2542
    4850  3  3     2409    2408    2603
    4851  3  3     2603    2408    2604
    4852  3  3     2604    2408    2557
    4853  3  3     2421    2420    2605
    4854  3  3     2421    2605    2606
    4855  3  3     2421    2606    2367
    4856  3  3     2416    2417    2607
    4857  3  3     2607    2417    2608
    4858  3  3     2608    2417    2565
    4859  3  3     2412    2413    2609
    4860  3  3     2412    2609    2610
    4861  3  3     2412    2610    2568
    4862  3  3     2415    2414    2611
    4863  3  3     2611    2414    2612
    4864  3  3     2612    2414    2556
    4865  3  3     2418    2419    2613
    4866  3  3     2613    2419    2614
    4867  3  3     2614    2419    2591
    4868  3  3     2557    2367    2606
    4869  3  3     2569    2361    2528
    4870  3  3     2512    2359    2510
    4871  3  3     2341    2570    2531
    4872  3  3     2514    2334    2577
    4873  3  3     2517    2330    2520
    4874  3  3     2526    2393    2518
    4875  3  3     2518    2351    2530
    4876  3  3     2400    2592    2615
    4877  3  3     2400    2615    2562
    4878  3  3     2337    2532    2616
    4879  3  3     2337    2616    2534
    4880  3  3     2524    2340    2617
    4881  3  3     2617    2340    2580
    4882  3  3     2388    2576    2618
    4883  3  3     2388    2618    2538
    4884  3  3     2519    2343    2619
    4885  3  3     2619    2343    2533
    4886  3  3     2546    2358    2620
    4887  3  3     2620    2358    2512
    4888  3  3     2372    2584    2621
    4889  3  3     2372    2621    2564
    4890  3  3     2374    2549    2622
    4891  3  3     2374    2622    2527
    4892  3  3     2549    2550    2622
    4893  3  3     2355    2554    2623
    4894  3  3     2355    2623    2521
    4895  3  3     2325    2517    2624
    4896  3  3     2325    2624    2532
    4897  3  3     2576    2600    2625
    4898  3  3     2576    2625    2618
    4899  3  3     2555    2349    2626
    4900  3  3     2626    2349    2519
    4901  3  3     2509    2360    2627
    4902  3  3     2627    2360    2582
    4903  3  3     2510    2509    2627
    4904  3  3     2522    2521    2628
    4905  3  3     2628    2521    2623
    4906  3  3     2599    2403    2629
    4907  3  3     2629    2403    2522
    4908  3  3     2573    2572    2630
    4909  3  3     2630    2572    2574
    4910  3  3     2575    2573    2631
    4911  3  3     2631    2573    2630
    4912  3  3     2515    2382    2632
    4913  3  3     2632    2382    2575
    4914  3  3     2516    2515    2633
    4915  3  3     2633    2515    2632
    4916  3  3     2580    2581    2634
    4917  3  3     2580    2634    2617
    4918  3  3     2574    2383    2635
    4919  3  3     2635    2383    2583
    4920  3  3     2331    2524    2636
    4921  3  3     2331    2636    2551
    4922  3  3     2353    2544    2637
    4923  3  3     2353    2637    2528
    4924  3  3     2584    2547    2638
    4925  3  3     2638    2547    2548
    4926  3  3     2513    2328    2639
    4927  3  3     2639    2328    2523
    4928  3  3     2583    2338    2640
    4929  3  3     2640    2338    2587
    4930  3  3     2548    2375    2641
    4931  3  3     2641    2375    2568
    4932  3  3     2554    2416    2642
    4933  3  3     2554    2642    2623
    4934  3  3     2416    2607    2642
    4935  3  3     2609    2413    2643
    4936  3  3     2643    2413    2526
    4937  3  3     2544    2594    2644
    4938  3  3     2544    2644    2637
    4939  3  3     2540    2539    2645
    4940  3  3     2645    2539    2585
    4941  3  3     2543    2540    2646
    4942  3  3     2646    2540    2645
    4943  3  3     2395    2513    2647
    4944  3  3     2395    2647    2571
    4945  3  3     2604    2557    2648
    4946  3  3     2648    2557    2606
    4947  3  3     2335    2508    2649
    4948  3  3     2335    2649    2552
    4949  3  3     2508    2527    2650
    4950  3  3     2508    2650    2649
    4951  3  3     2545    2418    2651
    4952  3  3     2651    2418    2613
    4953  3  3     2565    2564    2652
    4954  3  3     2652    2564    2621
    4955  3  3     2608    2565    2653
    4956  3  3     2653    2565    2652
    4957  3  3     2420    2553    2654
    4958  3  3     2420    2654    2605
    4959  3  3     2560    2552    2655
    4960  3  3     2655    2552    2649
    4961  3  3     2405    2596    2656
    4962  3  3     2405    2656    2577
    4963  3  3     2407    2601    2657
    4964  3  3     2407    2657    2581
    4965  3  3     2352    2545    2658
    4966  3  3     2352    2658    2582
    4967  3  3     2553    2356    2659
    4968  3  3     2659    2356    2558
    4969  3  3     2415    2611    2660
    4970  3  3     2415    2660    2589
    4971  3  3     2597    2411    2661
    4972  3  3     2661    2411    2536
    4973  3  3     2561    2560    2662
    4974  3  3     2662    2560    2655
    4975  3  3     2345    2516    2663
    4976  3  3     2663    2516    2633
    4977  3  3     2535    2345    2664
    4978  3  3     2664    2345    2663
    4979  3  3     2536    2535    2664
    4980  3  3     2559    2350    2665
    4981  3  3     2665    2350    2511
    4982  3  3     2568    2610    2666
    4983  3  3     2568    2666    2641
    4984  3  3     2585    2586    2667
    4985  3  3     2585    2667    2645
    4986  3  3     2525    2336    2668
    4987  3  3     2668    2336    2562
    4988  3  3     2563    2371    2669
    4989  3  3     2669    2371    2559
    4990  3  3     2566    2563    2670
    4991  3  3     2670    2563    2669
    4992  3  3     2578    2566    2671
    4993  3  3     2671    2566    2670
    4994  3  3     2511    2537    2672
    4995  3  3     2511    2672    2665
    4996  3  3     2537    2538    2673
    4997  3  3     2537    2673    2672
    4998  3  3     2377    2546    2674
    4999  3  3     2377    2674    2567
    5000  3  3     2594    2595    2675
    5001  3  3     2594    2675    2644
    5002  3  3     2595    2598    2676
    5003  3  3     2595    2676    2675
    5004  3  3     2530    2531    2677
    5005  3  3     2530    2677    2518
    5006  3  3     2385    2555    2678
    5007  3  3     2385    2678    2529
    5008  3  3     2558    2384    2679
    5009  3  3     2679    2384    2567
    5010  3  3     2323    2534    2680
    5011  3  3     2323    2680    2533
    5012  3  3     2401    2569    2681
    5013  3  3     2401    2681    2586
    5014  3  3     2520    2514    2682
    5015  3  3     2682    2514    2577
    5016  3  3     2592    2593    2683
    5017  3  3     2592    2683    2615
    5018  3  3     2389    2529    2684
    5019  3  3     2389    2684    2556
    5020  3  3     2612    2556    2685
    5021  3  3     2685    2556    2684
    5022  3  3     2579    2578    2686
    5023  3  3     2686    2578    2671
    5024  3  3     2593    2579    2687
    5025  3  3     2687    2579    2686
    5026  3  3     2370    2543    2688
    5027  3  3     2370    2688    2542
    5028  3  3     2602    2542    2689
    5029  3  3     2689    2542    2688
    5030  3  3     2398    2561    2690
    5031  3  3     2398    2690    2541
    5032  3  3     2590    2541    2691
    5033  3  3     2691    2541    2690
    5034  3  3     2606    2605    2692
    5035  3  3     2606    2692    2648
    5036  3  3     2587    2588    2693
    5037  3  3     2587    2693    2640
    5038  3  3     2588    2589    2694
    5039  3  3     2588    2694    2693
    5040  3  3     2591    2590    2695
    5041  3  3     2695    2590    2691
    5042  3  3     2614    2591    2696
    5043  3  3     2696    2591    2695
    5044  3  3     2550    2551    2697
    5045  3  3     2550    2697    2622
    5046  3  3     2596    2525    2698
    5047  3  3     2698    2525    2668
    5048  3  3     2523    2409    2699
    5049  3  3     2523    2699    2700
    5050  3  3     2523    2700    2639
    5051  3  3     2409    2603    2701
    5052  3  3     2409    2701    2699
    5053  3  3     2600    2599    2702
    5054  3  3     2702    2599    2703
    5055  3  3     2703    2599    2629
    5056  3  3     2570    2571    2704
    5057  3  3     2570    2704    2705
    5058  3  3     2570    2705    2531
    5059  3  3     2603    2604    2706
    5060  3  3     2603    2706    2707
    5061  3  3     2603    2707    2701
    5062  3  3     2607    2608    2708
    5063  3  3     2708    2608    2709
    5064  3  3     2709    2608    2653
    5065  3  3     2598    2597    2710
    5066  3  3     2710    2597    2711
    5067  3  3     2711    2597    2661
    5068  3  3     2601    2602    2712
    5069  3  3     2601    2712    2713
    5070  3  3     2601    2713    2657
    5071  3  3     2610    2609    2714
    5072  3  3     2610    2714    2715
    5073  3  3     2610    2715    2666
    5074  3  3     2611    2612    2716
    5075  3  3     2716    2612    2717
    5076  3  3     2717    2612    2685
    5077  3  3     2613    2614    2718
    5078  3  3     2718    2614    2719
    5079  3  3     2719    2614    2696
    5080  3  3     2140    2426    2429
    5081  3  3     2434    2131    2423
    5082  3  3     2425    2132    2720
    5083  3  3     2720    2132    2437
    5084  3  3     2142    2447    2721
    5085  3  3     2142    2721    2431
    5086  3  3     2135    2422    2722
    5087  3  3     2135    2722    2423
    5088  3  3     2146    2441    2723
    5089  3  3     2146    2723    2437
    5090  3  3     2424    2154    2724
    5091  3  3     2724    2154    2456
    5092  3  3     2465    2170    2725
    5093  3  3     2725    2170    2428
    5094  3  3     2481    2196    2726
    5095  3  3     2726    2196    2425
    5096  3  3     2210    2468    2727
    5097  3  3     2210    2727    2482
    5098  3  3     2426    2133    2728
    5099  3  3     2728    2133    2451
    5100  3  3     2441    2440    2729
    5101  3  3     2729    2440    2442
    5102  3  3     2442    2443    2730
    5103  3  3     2442    2730    2729
    5104  3  3     2456    2457    2731
    5105  3  3     2456    2731    2724
    5106  3  3     2212    2484    2732
    5107  3  3     2212    2732    2451
    5108  3  3     2447    2134    2733
    5109  3  3     2733    2134    2434
    5110  3  3     2150    2431    2734
    5111  3  3     2150    2734    2458
    5112  3  3     2505    2458    2735
    5113  3  3     2735    2458    2734
    5114  3  3     2172    2485    2736
    5115  3  3     2172    2736    2433
    5116  3  3     2428    2427    2737
    5117  3  3     2737    2427    2450
    5118  3  3     2460    2178    2738
    5119  3  3     2738    2178    2466
    5120  3  3     2149    2430    2739
    5121  3  3     2149    2739    2455
    5122  3  3     2430    2435    2740
    5123  3  3     2430    2740    2739
    5124  3  3     2422    2180    2741
    5125  3  3     2741    2180    2501
    5126  3  3     2144    2454    2742
    5127  3  3     2144    2742    2438
    5128  3  3     2439    2438    2743
    5129  3  3     2743    2438    2742
    5130  3  3     2454    2452    2744
    5131  3  3     2744    2452    2453
    5132  3  3     2159    2439    2745
    5133  3  3     2159    2745    2444
    5134  3  3     2486    2444    2746
    5135  3  3     2746    2444    2745
    5136  3  3     2167    2462    2747
    5137  3  3     2167    2747    2448
    5138  3  3     2449    2448    2748
    5139  3  3     2748    2448    2747
    5140  3  3     2161    2436    2749
    5141  3  3     2161    2749    2457
    5142  3  3     2446    2155    2750
    5143  3  3     2750    2155    2455
    5144  3  3     2507    2446    2751
    5145  3  3     2751    2446    2750
    5146  3  3     2464    2157    2752
    5147  3  3     2752    2157    2445
    5148  3  3     2445    2503    2753
    5149  3  3     2445    2753    2752
    5150  3  3     2174    2449    2754
    5151  3  3     2174    2754    2502
    5152  3  3     2176    2504    2755
    5153  3  3     2176    2755    2453
    5154  3  3     2443    2214    2756
    5155  3  3     2756    2214    2506
    5156  3  3     2194    2424    2757
    5157  3  3     2194    2757    2499
    5158  3  3     2467    2429    2758
    5159  3  3     2758    2429    2426
    5160  3  3     2435    2153    2759
    5161  3  3     2759    2153    2432
    5162  3  3     2432    2433    2760
    5163  3  3     2432    2760    2759
    5164  3  3     2461    2165    2761
    5165  3  3     2761    2165    2459
    5166  3  3     2459    2460    2762
    5167  3  3     2459    2762    2761
    5168  3  3     2462    2461    2763
    5169  3  3     2763    2461    2761
    5170  3  3     2450    2168    2764
    5171  3  3     2764    2168    2463
    5172  3  3     2463    2464    2765
    5173  3  3     2463    2765    2764
    5174  3  3     2468    2469    2766
    5175  3  3     2468    2766    2727
    5176  3  3     2469    2470    2767
    5177  3  3     2469    2767    2766
    5178  3  3     2470    2471    2768
    5179  3  3     2470    2768    2767
    5180  3  3     2471    2472    2769
    5181  3  3     2471    2769    2768
    5182  3  3     2472    2473    2770
    5183  3  3     2472    2770    2769
    5184  3  3     2473    2474    2771
    5185  3  3     2473    2771    2770
    5186  3  3     2474    2475    2772
    5187  3  3     2474    2772    2771
    5188  3  3     2475    2476    2773
    5189  3  3     2475    2773    2772
    5190  3  3     2476    2477    2774
    5191  3  3     2476    2774    2773
    5192  3  3     2477    2478    2775
    5193  3  3     2477    2775    2774
    5194  3  3     2478    2479    2776
    5195  3  3     2478    2776    2775
    5196  3  3     2479    2480    2777
    5197  3  3     2479    2777    2776
    5198  3  3     2480    2481    2778
    5199  3  3     2480    2778    2777
    5200  3  3     2466    2467    2779
    5201  3  3     2466    2779    2738
    5202  3  3     2436    2465    2780
    5203  3  3     2436    2780    2781
    5204  3  3     2436    2781    2749
    5205  3  3     2483    2482    2782
    5206  3  3     2782    2482    2783
    5207  3  3     2783    2482    2727
    5208  3  3     2484    2483    2784
    5209  3  3     2784    2483    2782
    5210  3  3     2485    2486    2785
    5211  3  3     2485    2785    2786
    5212  3  3     2485    2786    2736
    5213  3  3     2501    2500    2787
    5214  3  3     2501    2787    2788
    5215  3  3     2501    2788    2741
    5216  3  3     2500    2494    2789
    5217  3  3     2500    2789    2787
    5218  3  3     2494    2493    2790
    5219  3  3     2494    2790    2789
    5220  3  3     2493    2492    2791
    5221  3  3     2493    2791    2790
    5222  3  3     2492    2491    2792
    5223  3  3     2492    2792    2791
    5224  3  3     2491    2490    2793
    5225  3  3     2491    2793    2792
    5226  3  3     2490    2489    2794
    5227  3  3     2490    2794    2793
    5228  3  3     2489    2488    2795
    5229  3  3     2489    2795    2794
    5230  3  3     2488    2487    2796
    5231  3  3     2488    2796    2795
    5232  3  3     2487    2495    2797
    5233  3  3     2487    2797    2796
    5234  3  3     2495    2496    2798
    5235  3  3     2495    2798    2797
    5236  3  3     2496    2497    2799
    5237  3  3     2496    2799    2798
    5238  3  3     2497    2498    2800
    5239  3  3     2497    2800    2799
    5240  3  3     2498    2499    2801
    5241  3  3     2498    2801    2800
    5242  3  3     2503    2502    2802
    5243  3  3     2802    2502    2803
    5244  3  3     2803    2502    2754
    5245  3  3     2506    2507    2804
    5246  3  3     2506    2804    2805
    5247  3  3     2506    2805    2756
    5248  3  3     2504    2505    2806
    5249  3  3     2504    2806    2807
    5250  3  3     2504    2807    2755
    5251  3  3     2531    2705    2677
    5252  3  3     2593    2687    2808
    5253  3  3     2593    2808    2683
    5254  3  3     2533    2680    2809
    5255  3  3     2533    2809    2619
    5256  3  3     2674    2546    2810
    5257  3  3     2810    2546    2620
    5258  3  3     2534    2616    2811
    5259  3  3     2534    2811    2680
    5260  3  3     2616    2532    2812
    5261  3  3     2812    2532    2624
    5262  3  3     2646    2645    2813
    5263  3  3     2813    2645    2667
    5264  3  3     2575    2631    2814
    5265  3  3     2575    2814    2632
    5266  3  3     2678    2555    2815
    5267  3  3     2815    2555    2626
    5268  3  3     2604    2648    2816
    5269  3  3     2604    2816    2706
    5270  3  3     2648    2692    2817
    5271  3  3     2648    2817    2816
    5272  3  3     2577    2656    2818
    5273  3  3     2577    2818    2682
    5274  3  3     2562    2615    2819
    5275  3  3     2562    2819    2668
    5276  3  3     2615    2683    2820
    5277  3  3     2615    2820    2819
    5278  3  3     2543    2646    2821
    5279  3  3     2543    2821    2688
    5280  3  3     2630    2574    2822
    5281  3  3     2822    2574    2635
    5282  3  3     2631    2630    2823
    5283  3  3     2823    2630    2822
    5284  3  3     2519    2619    2824
    5285  3  3     2519    2824    2626
    5286  3  3     2629    2522    2825
    5287  3  3     2825    2522    2628
    5288  3  3     2703    2629    2826
    5289  3  3     2826    2629    2825
    5290  3  3     2633    2632    2827
    5291  3  3     2827    2632    2814
    5292  3  3     2676    2598    2828
    5293  3  3     2828    2598    2710
    5294  3  3     2673    2538    2829
    5295  3  3     2829    2538    2618
    5296  3  3     2618    2625    2830
    5297  3  3     2618    2830    2829
    5298  3  3     2529    2678    2831
    5299  3  3     2529    2831    2684
    5300  3  3     2689    2688    2832
    5301  3  3     2832    2688    2821
    5302  3  3     2569    2528    2833
    5303  3  3     2833    2528    2637
    5304  3  3     2681    2569      82
    5305  3  3       82    2569    2833
    5306  3  3     2600    2702    2834
    5307  3  3     2600    2834    2625
    5308  3  3     2628    2623    2836
    5309  3  3     2836    2623    2642
    5310  3  3     2690    2561    2837
    5311  3  3     2837    2561    2662
    5312  3  3     2692    2605    2838
    5313  3  3     2838    2605    2654
    5314  3  3     2698    2668    2839
    5315  3  3     2839    2668    2819
    5316  3  3     2571    2647    2840
    5317  3  3     2571    2840    2704
    5318  3  3     2714    2609    2841
    5319  3  3     2841    2609    2643
    5320  3  3     2636    2524    2842
    5321  3  3     2842    2524    2617
    5322  3  3     2617    2634    2843
    5323  3  3     2617    2843    2842
    5324  3  3     2545    2651    2844
    5325  3  3     2545    2844    2658
    5326  3  3     2581    2657    2845
    5327  3  3     2581    2845    2634
    5328  3  3     2657    2713    2846
    5329  3  3     2657    2846    2845
    5330  3  3     2651    2613    2847
    5331  3  3     2847    2613    2718
    5332  3  3     2611    2716    2848
    5333  3  3     2611    2848    2660
    5334  3  3     2527    2622    2849
    5335  3  3     2527    2849    2650
    5336  3  3     2622    2697    2850
    5337  3  3     2622    2850    2849
    5338  3  3     2655    2649    2851
    5339  3  3     2851    2649    2650
    5340  3  3     2607    2708    2852
    5341  3  3     2607    2852    2642
    5342  3  3     2654    2553    2853
    5343  3  3     2853    2553    2659
    5344  3  3     2662    2655    2854
    5345  3  3     2854    2655    2851
    5346  3  3     2635    2583    2855
    5347  3  3     2855    2583    2640
    5348  3  3     2640    2693    2856
    5349  3  3     2640    2856    2855
    5350  3  3     2512    2510    2857
    5351  3  3     2512    2857    2620
    5352  3  3     2510    2627    2858
    5353  3  3     2510    2858    2857
    5354  3  3     2659    2558    2859
    5355  3  3     2859    2558    2679
    5356  3  3     2526    2518    2860
    5357  3  3     2860    2518    2677
    5358  3  3     2643    2526    2861
    5359  3  3     2861    2526    2860
    5360  3  3     2712    2602    2862
    5361  3  3     2862    2602    2689
    5362  3  3     2559    2665    2863
    5363  3  3     2559    2863    2669
    5364  3  3     2582    2658    2864
    5365  3  3     2582    2864    2627
    5366  3  3     2663    2633    2865
    5367  3  3     2865    2633    2827
    5368  3  3     2664    2663    2866
    5369  3  3     2866    2663    2865
    5370  3  3     2536    2664    2867
    5371  3  3     2867    2664    2866
    5372  3  3     2661    2536    2868
    5373  3  3     2868    2536    2867
    5374  3  3     2711    2661    2868
    5375  3  3     2679    2567    2869
    5376  3  3     2869    2567    2674
    5377  3  3     2670    2669    2870
    5378  3  3     2870    2669    2863
    5379  3  3     2671    2670    2871
    5380  3  3     2871    2670    2870
    5381  3  3     2686    2671    2872
    5382  3  3     2872    2671    2871
    5383  3  3     2687    2686    2873
    5384  3  3     2873    2686    2872
    5385  3  3     2665    2672    2874
    5386  3  3     2665    2874    2863
    5387  3  3     2672    2673    2875
    5388  3  3     2672    2875    2874
    5389  3  3     2637    2644    2876
    5390  3  3     2637    2876    2833
    5391  3  3     2644    2675    2877
    5392  3  3     2644    2877    2876
    5393  3  3     2675    2676    2878
    5394  3  3     2675    2878    2877
    5395  3  3     2647    2513    2879
    5396  3  3     2879    2513    2639
    5397  3  3     2639    2700    2880
    5398  3  3     2639    2880    2879
    5399  3  3     2586    2681    2881
    5400  3  3     2586    2881    2667
    5401  3  3     2685    2684    2882
    5402  3  3     2882    2684    2831
    5403  3  3     2717    2685    2883
    5404  3  3     2883    2685    2882
    5405  3  3     2589    2660    2884
    5406  3  3     2589    2884    2694
    5407  3  3     2621    2584    2885
    5408  3  3     2885    2584    2638
    5409  3  3     2652    2621    2886
    5410  3  3     2886    2621    2885
    5411  3  3     2653    2652    2886
    5412  3  3     2691    2690    2887
    5413  3  3     2887    2690    2837
    5414  3  3     2695    2691    2888
    5415  3  3     2888    2691    2887
    5416  3  3     2517    2520    2889
    5417  3  3     2517    2889    2624
    5418  3  3     2520    2682    2890
    5419  3  3     2520    2890    2889
    5420  3  3     2638    2548    2891
    5421  3  3     2891    2548    2641
    5422  3  3     2641    2666    2892
    5423  3  3     2641    2892    2891
    5424  3  3     2666    2715    2893
    5425  3  3     2666    2893    2892
    5426  3  3     2709    2653    2894
    5427  3  3     2894    2653    2886
    5428  3  3     2693    2694    2895
    5429  3  3     2693    2895    2856
    5430  3  3     2551    2636    2896
    5431  3  3     2551    2896    2697
    5432  3  3     2699    2701    2897
    5433  3  3     2699    2897    2700
    5434  3  3     2701    2707    2898
    5435  3  3     2701    2898    2897
    5436  3  3     2696    2695    2899
    5437  3  3     2899    2695    2888
    5438  3  3     2719    2696    2900
    5439  3  3     2900    2696    2899
    5440  3  3     2707    2706    2901
    5441  3  3     2901    2706    2816
    5442  3  3     2710    2711    2902
    5443  3  3     2710    2902    2903
    5444  3  3     2710    2903    2828
    5445  3  3     2656    2596    2904
    5446  3  3     2904    2596    2905
    5447  3  3     2905    2596    2698
    5448  3  3     2702    2703    2906
    5449  3  3     2702    2906    2907
    5450  3  3     2702    2907    2834
    5451  3  3     2705    2704    2908
    5452  3  3     2908    2704    2909
    5453  3  3     2909    2704    2840
    5454  3  3     2708    2709    2910
    5455  3  3     2708    2910    2911
    5456  3  3     2708    2911    2852
    5457  3  3     2713    2712    2912
    5458  3  3     2912    2712    2913
    5459  3  3     2913    2712    2862
    5460  3  3     2715    2714    2914
    5461  3  3     2914    2714    2915
    5462  3  3     2915    2714    2841
    5463  3  3     2716    2717    2916
    5464  3  3     2716    2916    2917
    5465  3  3     2716    2917    2848
    5466  3  3     2718    2719    2918
    5467  3  3     2918    2719    2919
    5468  3  3     2919    2719    2900
    5469  3  3     2642    2852    2836
    5470  3  3     2627    2864    2858
    5471  3  3     2811    2616    2920
    5472  3  3     2920    2616    2812
    5473  3  3     2841    2643    2921
    5474  3  3     2921    2643    2861
    5475  3  3     2915    2841    2922
    5476  3  3     2922    2841    2921
    5477  3  3     2824    2619    2923
    5478  3  3     2923    2619    2809
    5479  3  3     2815    2626    2924
    5480  3  3     2924    2626    2824
    5481  3  3     2809    2680    2925
    5482  3  3     2925    2680    2811
    5483  3  3     2683    2808    2926
    5484  3  3     2683    2926    2820
    5485  3  3     2646    2813    2927
    5486  3  3     2646    2927    2821
    5487  3  3     2814    2631    2928
    5488  3  3     2928    2631    2823
    5489  3  3     2827    2814    2929
    5490  3  3     2929    2814    2928
    5491  3  3     2703    2826    2930
    5492  3  3     2703    2930    2906
    5493  3  3     2852    2911    2931
    5494  3  3     2852    2931    2836
    5495  3  3     2628    2836    2932
    5496  3  3     2932    2836    2931
    5497  3  3     2825    2628    2932
    5498  3  3     2656    2904    2933
    5499  3  3     2656    2933    2818
    5500  3  3     2896    2636    2934
    5501  3  3     2934    2636    2842
    5502  3  3     2842    2843    2935
    5503  3  3     2842    2935    2934
    5504  3  3     2813    2667    2936
    5505  3  3     2936    2667    2881
    5506  3  3     2674    2810    2937
    5507  3  3     2674    2937    2869
    5508  3  3     2880    2700    2938
    5509  3  3     2938    2700    2897
    5510  3  3     2895    2694    2939
    5511  3  3     2939    2694    2884
    5512  3  3     2830    2625    2940
    5513  3  3     2940    2625    2834
    5514  3  3     2834    2907    2940
    5515  3  3     2638    2891    2941
    5516  3  3     2638    2941    2885
    5517  3  3     2808    2687    2942
    5518  3  3     2942    2687    2873
    5519  3  3     2650    2849    2943
    5520  3  3     2650    2943    2851
    5521  3  3     2635    2855    2944
    5522  3  3     2635    2944    2822
    5523  3  3     2673    2829    2945
    5524  3  3     2673    2945    2875
    5525  3  3     2831    2678    2946
    5526  3  3     2946    2678    2815
    5527  3  3     2882    2831    2947
    5528  3  3     2947    2831    2946
    5529  3  3     2883    2882    2948
    5530  3  3     2948    2882    2947
    5531  3  3     2855    2856    2949
    5532  3  3     2855    2949    2944
    5533  3  3     2856    2895    2950
    5534  3  3     2856    2950    2949
    5535  3  3     2849    2850    2951
    5536  3  3     2849    2951    2943
    5537  3  3     2886    2885    2952
    5538  3  3     2952    2885    2941
    5539  3  3     2894    2886    2953
    5540  3  3     2953    2886    2952
    5541  3  3     2832    2821    2954
    5542  3  3     2954    2821    2927
    5543  3  3     2647    2879    2955
    5544  3  3     2647    2955    2840
    5545  3  3     2909    2840    2956
    5546  3  3     2956    2840    2955
    5547  3  3     2879    2880    2957
    5548  3  3     2879    2957    2955
    5549  3  3     2620    2857    2958
    5550  3  3     2620    2958    2810
    5551  3  3     2857    2858    2959
    5552  3  3     2857    2959    2958
    5553  3  3     2846    2713    2960
    5554  3  3     2960    2713    2912
    5555  3  3     2658    2844    2961
    5556  3  3     2658    2961    2864
    5557  3  3     2844    2651    2962
    5558  3  3     2962    2651    2847
    5559  3  3     2826    2825    2963
    5560  3  3     2963    2825    2932
    5561  3  3     2676    2828    2964
    5562  3  3     2676    2964    2878
    5563  3  3     2654    2853    2965
    5564  3  3     2654    2965    2838
    5565  3  3     2718    2918    2966
    5566  3  3     2718    2966    2847
    5567  3  3     2823    2822    2967
    5568  3  3     2967    2822    2944
    5569  3  3     2854    2851    2968
    5570  3  3     2968    2851    2943
    5571  3  3     2828    2903    2969
    5572  3  3     2828    2969    2964
    5573  3  3     2634    2845    2970
    5574  3  3     2634    2970    2843
    5575  3  3     2845    2846    2971
    5576  3  3     2845    2971    2970
    5577  3  3     2624    2889    2972
    5578  3  3     2624    2972    2812
    5579  3  3     2829    2830    2973
    5580  3  3     2829    2973    2945
    5581  3  3     2853    2659    2974
    5582  3  3     2974    2659    2859
    5583  3  3     2677    2705    2975
    5584  3  3     2975    2705    2908
    5585  3  3     2860    2677    2976
    5586  3  3     2976    2677    2975
    5587  3  3     2861    2860    2976
    5588  3  3     2863    2874    2977
    5589  3  3     2863    2977    2870
    5590  3  3     2662    2854    2978
    5591  3  3     2662    2978    2837
    5592  3  3     2887    2837    2979
    5593  3  3     2979    2837    2978
    5594  3  3     2916    2717    2980
    5595  3  3     2980    2717    2883
    5596  3  3     2897    2898    2981
    5597  3  3     2897    2981    2938
    5598  3  3     2819    2820    2982
    5599  3  3     2819    2982    2839
    5600  3  3     2707    2901    2983
    5601  3  3     2707    2983    2898
    5602  3  3     2865    2827    2984
    5603  3  3     2984    2827    2929
    5604  3  3     2866    2865    2985
    5605  3  3     2985    2865    2984
    5606  3  3     2660    2848    2986
    5607  3  3     2660    2986    2884
    5608  3  3     2848    2917    2987
    5609  3  3     2848    2987    2986
    5610  3  3     2874    2875    2988
    5611  3  3     2874    2988    2977
    5612  3  3     2871    2870    2989
    5613  3  3     2989    2870    2977
    5614  3  3     2872    2871    2990
    5615  3  3     2990    2871    2989
    5616  3  3     2873    2872    2991
    5617  3  3     2991    2872    2990
    5618  3  3     2862    2689    2992
    5619  3  3     2992    2689    2832
    5620  3  3     2913    2862    2993
    5621  3  3     2993    2862    2992
    5622  3  3       82    2833    2994
    5623  3  3     2994    2833    2876
    5624  3  3     2681      82    2994
    5625  3  3     2881    2681    2995
    5626  3  3     2995    2681    2994
    5627  3  3     2876    2877    2996
    5628  3  3     2876    2996    2994
    5629  3  3     2877    2878    2997
    5630  3  3     2877    2997    2996
    5631  3  3     2682    2818    2998
    5632  3  3     2682    2998    2890
    5633  3  3     2698    2839    2999
    5634  3  3     2698    2999    2905
    5635  3  3     2893    2715    3000
    5636  3  3     3000    2715    2914
    5637  3  3     2859    2679    3001
    5638  3  3     3001    2679    2869
    5639  3  3     2888    2887    3002
    5640  3  3     3002    2887    2979
    5641  3  3     2899    2888    3003
    5642  3  3     3003    2888    3002
    5643  3  3     2889    2890    3004
    5644  3  3     2889    3004    2972
    5645  3  3     2692    2838    3005
    5646  3  3     2692    3005    2817
    5647  3  3     2867    2866    3006
    5648  3  3     3006    2866    2985
    5649  3  3     2868    2867    3007
    5650  3  3     3007    2867    3006
    5651  3  3     2711    2868    3008
    5652  3  3     3008    2868    3007
    5653  3  3     2902    2711    3009
    5654  3  3     3009    2711    3008
    5655  3  3     2910    2709    3010
    5656  3  3     3010    2709    2894
    5657  3  3     2903    2902    3011
    5658  3  3     3011    2902    3009
    5659  3  3     2891    2892    3012
    5660  3  3     2891    3012    2941
    5661  3  3     2892    2893    3013
    5662  3  3     2892    3013    3012
    5663  3  3     2850    2697    3014
    5664  3  3     2850    3014    2951
    5665  3  3     2697    2896    3015
    5666  3  3     2697    3015    3014
    5667  3  3     2900    2899    3016
    5668  3  3     3016    2899    3003
    5669  3  3     2919    2900    3017
    5670  3  3     3017    2900    3016
    5671  3  3     2904    2905    3018
    5672  3  3     2904    3018    2933
    5673  3  3     2914    2915    3019
    5674  3  3     3019    2915    2922
    5675  3  3     2816    2817    3020
    5676  3  3     2816    3020    3021
    5677  3  3     2816    3021    2901
    5678  3  3     2907    2906    3022
    5679  3  3     3022    2906    2930
    5680  3  3     2908    2909    3023
    5681  3  3     2908    3023    3024
    5682  3  3     2908    3024    2975
    5683  3  3     2912    2913    3025
    5684  3  3     2912    3025    3026
    5685  3  3     2912    3026    2960
    5686  3  3     2917    2916    3027
    5687  3  3     2917    3027    3028
    5688  3  3     2917    3028    2987
    5689  3  3     2911    2910    3029
    5690  3  3     3029    2910    3030
    5691  3  3     3030    2910    3010
    5692  3  3     2918    2919    3031
    5693  3  3     3031    2919    3032
    5694  3  3     3032    2919    3017
    5695  3  3     2426    2728    2758
    5696  3  3     2723    2441    2729
    5697  3  3     2435    2759    2740
    5698  3  3     2447    2733    2721
    5699  3  3     2422    2741    3033
    5700  3  3     2422    3033    2722
    5701  3  3     2731    2457    3034
    5702  3  3     3034    2457    2749
    5703  3  3     2749    2781    3034
    5704  3  3     2728    2451    3035
    5705  3  3     3035    2451    2732
    5706  3  3     2425    2720    3036
    5707  3  3     2425    3036    2726
    5708  3  3     2431    2721    3037
    5709  3  3     2431    3037    2734
    5710  3  3     2735    2734    3038
    5711  3  3     3038    2734    3037
    5712  3  3     2737    2450    3039
    5713  3  3     3039    2450    2764
    5714  3  3     2757    2424    3040
    5715  3  3     3040    2424    2724
    5716  3  3     2724    2731    3041
    5717  3  3     2724    3041    3040
    5718  3  3     2778    2481    3042
    5719  3  3     3042    2481    2726
    5720  3  3     2732    2484    3043
    5721  3  3     3043    2484    2784
    5722  3  3     2428    2737    3044
    5723  3  3     2428    3044    2725
    5724  3  3     2720    2437    3045
    5725  3  3     3045    2437    2723
    5726  3  3     2730    2443    3046
    5727  3  3     3046    2443    2756
    5728  3  3     2756    2805    3047
    5729  3  3     2756    3047    3046
    5730  3  3     2785    2486    3048
    5731  3  3     3048    2486    2746
    5732  3  3     2741    2788    3049
    5733  3  3     2741    3049    3033
    5734  3  3     2503    2802    3050
    5735  3  3     2503    3050    2753
    5736  3  3     2455    2739    3051
    5737  3  3     2455    3051    2750
    5738  3  3     2751    2750    3052
    5739  3  3     3052    2750    3051
    5740  3  3     2505    2735    3053
    5741  3  3     2505    3053    2806
    5742  3  3     2453    2755    3054
    5743  3  3     2453    3054    2744
    5744  3  3     2755    2807    3055
    5745  3  3     2755    3055    3054
    5746  3  3     2439    2743    3056
    5747  3  3     2439    3056    2745
    5748  3  3     2746    2745    3057
    5749  3  3     3057    2745    3056
    5750  3  3     2449    2748    3058
    5751  3  3     2449    3058    2754
    5752  3  3     2803    2754    3059
    5753  3  3     3059    2754    3058
    5754  3  3     2462    2763    3060
    5755  3  3     2462    3060    2747
    5756  3  3     2748    2747    3061
    5757  3  3     3061    2747    3060
    5758  3  3     2499    2757    3062
    5759  3  3     2499    3062    2801
    5760  3  3     2742    2454    3063
    5761  3  3     3063    2454    2744
    5762  3  3     2743    2742    3064
    5763  3  3     3064    2742    3063
    5764  3  3     2764    2765    3065
    5765  3  3     2764    3065    3039
    5766  3  3     2507    2751    3066
    5767  3  3     2507    3066    2804
    5768  3  3     2460    2738    3067
    5769  3  3     2460    3067    2762
    5770  3  3     2467    2758    3068
    5771  3  3     2467    3068    2779
    5772  3  3     2727    2766    3069
    5773  3  3     2727    3069    2783
    5774  3  3     2433    2736    3070
    5775  3  3     2433    3070    2760
    5776  3  3     2736    2786    3071
    5777  3  3     2736    3071    3070
    5778  3  3     2739    2740    3072
    5779  3  3     2739    3072    3051
    5780  3  3     2434    2423    3073
    5781  3  3     3073    2423    2722
    5782  3  3     2733    2434    3074
    5783  3  3     3074    2434    3073
    5784  3  3     2780    2465    3075
    5785  3  3     3075    2465    2725
    5786  3  3     2464    2752    3076
    5787  3  3     2464    3076    2765
    5788  3  3     2752    2753    3077
    5789  3  3     2752    3077    3076
    5790  3  3     2761    2762    3078
    5791  3  3     2761    3078    2763
    5792  3  3     2766    2767    3079
    5793  3  3     2766    3079    3069
    5794  3  3     2729    2730    3080
    5795  3  3     2729    3080    2723
    5796  3  3     2767    2768    3081
    5797  3  3     2767    3081    3079
    5798  3  3     2768    2769    3082
    5799  3  3     2768    3082    3081
    5800  3  3     2769    2770    3083
    5801  3  3     2769    3083    3082
    5802  3  3     2770    2771    3084
    5803  3  3     2770    3084    3083
    5804  3  3     2771    2772    3085
    5805  3  3     2771    3085    3084
    5806  3  3     2772    2773    3086
    5807  3  3     2772    3086    3085
    5808  3  3     2773    2774    3087
    5809  3  3     2773    3087    3086
    5810  3  3     2774    2775    3088
    5811  3  3     2774    3088    3087
    5812  3  3     2775    2776    3089
    5813  3  3     2775    3089    3088
    5814  3  3     2776    2777    3090
    5815  3  3     2776    3090    3089
    5816  3  3     2777    2778    3090
    5817  3  3     2759    2760    3091
    5818  3  3     2759    3091    3092
    5819  3  3     2759    3092    2740
    5820  3  3     2738    2779    3093
    5821  3  3     2738    3093    3094
    5822  3  3     2738    3094    3067
    5823  3  3     2784    2782    3095
    5824  3  3     3095    2782    3096
    5825  3  3     3096    2782    2783
    5826  3  3     2781    2780    3097
    5827  3  3     3097    2780    3098
    5828  3  3     3098    2780    3075
    5829  3  3     2786    2785    3099
    5830  3  3     3099    2785    3100
    5831  3  3     3100    2785    3048
    5832  3  3     2791    2792    3101
    5833  3  3     2791    3101    3102
    5834  3  3     2791    3102    2790
    5835  3  3     2789    2790    3103
    5836  3  3     3103    2790    3102
    5837  3  3     2787    2789    3104
    5838  3  3     3104    2789    3103
    5839  3  3     2788    2787    3105
    5840  3  3     3105    2787    3104
    5841  3  3     2792    2793    3106
    5842  3  3     2792    3106    3101
    5843  3  3     2793    2794    3107
    5844  3  3     2793    3107    3106
    5845  3  3     2794    2795    3108
    5846  3  3     2794    3108    3107
    5847  3  3     2795    2796    3109
    5848  3  3     2795    3109    3108
    5849  3  3     2796    2797    3110
    5850  3  3     2796    3110    3109
    5851  3  3     2797    2798    3111
    5852  3  3     2797    3111    3110
    5853  3  3     2798    2799    3112
    5854  3  3     2798    3112    3111
    5855  3  3     2799    2800    3113
    5856  3  3     2799    3113    3112
    5857  3  3     2800    2801    3114
    5858  3  3     2800    3114    3113
    5859  3  3     2802    2803    3115
    5860  3  3     2802    3115    3116
    5861  3  3     2802    3116    3050
    5862  3  3     2807    2806    3117
    5863  3  3     3117    2806    3118
    5864  3  3     3118    2806    3053
    5865  3  3     2805    2804    3119
    5866  3  3     3119    2804    3120
    5867  3  3     3120    2804    3066
    5868  3  3     2818    2933    2998
    5869  3  3     2955    2957    2956
    5870  3  3     2878    2964    3121
    5871  3  3     2878    3121    2997
    5872  3  3     2995    2994    3122
    5873  3  3     3122    2994    2996
    5874  3  3     2996    2997    3123
    5875  3  3     2996    3123    3122
    5876  3  3     2811    2920    3124
    5877  3  3     2811    3124    2925
    5878  3  3     2975    3024    3125
    5879  3  3     2975    3125    2976
    5880  3  3     2861    2976    1197
    5881  3  3     1197    2976    3125
    5882  3  3     2921    2861    1197
    5883  3  3     2809    2925    3126
    5884  3  3     2809    3126    2923
    5885  3  3     2881    2995    3128
    5886  3  3     2881    3128    2936
    5887  3  3     2964    2969    3129
    5888  3  3     2964    3129    3121
    5889  3  3     2927    2813    3130
    5890  3  3     3130    2813    2936
    5891  3  3     3013    2893    3131
    5892  3  3     3131    2893    3000
    5893  3  3     2880    2938    3132
    5894  3  3     2880    3132    2957
    5895  3  3     2968    2943    3133
    5896  3  3     3133    2943    2951
    5897  3  3     2817    3005    3134
    5898  3  3     2817    3134    3020
    5899  3  3     2808    2942    3135
    5900  3  3     2808    3135    2926
    5901  3  3     2832    2954    3136
    5902  3  3     2832    3136    2992
    5903  3  3     2944    2949    3137
    5904  3  3     2944    3137    2967
    5905  3  3     2949    2950    3138
    5906  3  3     2949    3138    3137
    5907  3  3     2875    2945    3139
    5908  3  3     2875    3139    2988
    5909  3  3     2945    2973    3140
    5910  3  3     2945    3140    3139
    5911  3  3     2963    2932    3141
    5912  3  3     3141    2932    2931
    5913  3  3     2931    2911    3127
    5914  3  3     2931    3127    3141
    5915  3  3     2911    3029    3127
    5916  3  3     2824    2923    3142
    5917  3  3     2824    3142    2924
    5918  3  3     2941    3012    3144
    5919  3  3     2941    3144    2952
    5920  3  3     2953    2952    3145
    5921  3  3     3145    2952    3144
    5922  3  3     2815    2924    3146
    5923  3  3     2815    3146    2946
    5924  3  3     2947    2946    3147
    5925  3  3     3147    2946    3146
    5926  3  3     2948    2947    3148
    5927  3  3     3148    2947    3147
    5928  3  3     3023    2909    3149
    5929  3  3     3149    2909    2956
    5930  3  3     3005    2838    3150
    5931  3  3     3150    2838    2965
    5932  3  3     2839    2982    3151
    5933  3  3     2839    3151    2999
    5934  3  3     2858    2864    3152
    5935  3  3     2858    3152    2959
    5936  3  3     2864    2961    3152
    5937  3  3     2993    2992    3153
    5938  3  3     3153    2992    3136
    5939  3  3     2961    2844    3154
    5940  3  3     3154    2844    2962
    5941  3  3     2812    2972    3155
    5942  3  3     2812    3155    2920
    5943  3  3     2982    2820    3156
    5944  3  3     3156    2820    2926
    5945  3  3     2830    2940    3157
    5946  3  3     2830    3157    2973
    5947  3  3     3004    2890    3158
    5948  3  3     3158    2890    2998
    5949  3  3     2962    2847    3159
    5950  3  3     3159    2847    2966
    5951  3  3     2883    2948    3160
    5952  3  3     2883    3160    2980
    5953  3  3     3027    2916    3161
    5954  3  3     3161    2916    2980
    5955  3  3     2942    2873    3162
    5956  3  3     3162    2873    2991
    5957  3  3     2823    2967    3163
    5958  3  3     2823    3163    2928
    5959  3  3     2854    2968    3164
    5960  3  3     2854    3164    2978
    5961  3  3     2965    2853    3165
    5962  3  3     3165    2853    2974
    5963  3  3     2966    2918    3166
    5964  3  3     3166    2918    3031
    5965  3  3     3000    2914    3167
    5966  3  3     3167    2914    3019
    5967  3  3     2929    2928    3168
    5968  3  3     3168    2928    3163
    5969  3  3     2846    2960    3169
    5970  3  3     2846    3169    2971
    5971  3  3     2960    3026    3170
    5972  3  3     2960    3170    3169
    5973  3  3     2894    2953    3171
    5974  3  3     3171    2953    3145
    5975  3  3     3010    2894    3171
    5976  3  3     2979    2978    3172
    5977  3  3     3172    2978    3164
    5978  3  3     3002    2979    3173
    5979  3  3     3173    2979    3172
    5980  3  3     2954    2927    3174
    5981  3  3     3174    2927    3130
    5982  3  3     2938    2981    3175
    5983  3  3     2938    3175    3132
    5984  3  3     3001    2869    3176
    5985  3  3     3176    2869    2937
    5986  3  3     3015    2896    3177
    5987  3  3     3177    2896    2934
    5988  3  3     2934    2935    3178
    5989  3  3     2934    3178    3177
    5990  3  3     2977    2988    3179
    5991  3  3     2977    3179    2989
    5992  3  3     2972    3004    3180
    5993  3  3     2972    3180    3155
    5994  3  3     2903    3011    3181
    5995  3  3     2903    3181    2969
    5996  3  3     2859    3001    3182
    5997  3  3     2859    3182    2974
    5998  3  3     2826    2963    3183
    5999  3  3     2826    3183    2930
    6000  3  3     2843    2970    3184
    6001  3  3     2843    3184    2935
    6002  3  3     2970    2971    3185
    6003  3  3     2970    3185    3184
    6004  3  3     3018    2905    3186
    6005  3  3     3186    2905    2999
    6006  3  3     2922    2921    3187
    6007  3  3     3187    2921    1197
    6008  3  3     2810    2958    3188
    6009  3  3     2810    3188    2937
    6010  3  3     2958    2959    3189
    6011  3  3     2958    3189    3188
    6012  3  3     2990    2989    3190
    6013  3  3     3190    2989    3179
    6014  3  3     2991    2990    3191
    6015  3  3     3191    2990    3190
    6016  3  3     3025    2913    3192
    6017  3  3     3192    2913    2993
    6018  3  3     3012    3013    3193
    6019  3  3     3012    3193    3144
    6020  3  3     3003    3002    3194
    6021  3  3     3194    3002    3173
    6022  3  3     3016    3003    3195
    6023  3  3     3195    3003    3194
    6024  3  3     2898    2983    3196
    6025  3  3     2898    3196    2981
    6026  3  3     2901    3021    3197
    6027  3  3     2901    3197    2983
    6028  3  3     2984    2929    3198
    6029  3  3     3198    2929    3168
    6030  3  3     2985    2984    3199
    6031  3  3     3199    2984    3198
    6032  3  3     3006    2985    3200
    6033  3  3     3200    2985    3199
    6034  3  3     3007    3006    3201
    6035  3  3     3201    3006    3200
    6036  3  3     3008    3007    3202
    6037  3  3     3202    3007    3201
    6038  3  3     3009    3008    3203
    6039  3  3     3203    3008    3202
    6040  3  3     3011    3009    3204
    6041  3  3     3204    3009    3203
    6042  3  3     2939    2884    3205
    6043  3  3     3205    2884    2986
    6044  3  3     2986    2987    3206
    6045  3  3     2986    3206    3205
    6046  3  3     2987    3028    3207
    6047  3  3     2987    3207    3206
    6048  3  3     2950    2895    3208
    6049  3  3     3208    2895    2939
    6050  3  3     2951    3014    3209
    6051  3  3     2951    3209    3133
    6052  3  3     3014    3015    3210
    6053  3  3     3014    3210    3209
    6054  3  3     2940    2907    3211
    6055  3  3     3211    2907    3022
    6056  3  3     3021    3020    3212
    6057  3  3     3212    3020    3134
    6058  3  3     3030    3010    3213
    6059  3  3     3213    3010    3171
    6060  3  3     3017    3016    3214
    6061  3  3     3214    3016    3195
    6062  3  3     3032    3017    3215
    6063  3  3     3215    3017    3216
    6064  3  3     3216    3017    3214
    6065  3  3     3019    2922    3217
    6066  3  3     3217    2922    3218
    6067  3  3     3218    2922    3187
    6068  3  3     2933    3018    3219
    6069  3  3     2933    3219    3220
    6070  3  3     2933    3220    2998
    6071  3  3     3022    2930    3221
    6072  3  3     3221    2930    3222
    6073  3  3     3222    2930    3183
    6074  3  3     3026    3025    3223
    6075  3  3     3026    3223    3224
    6076  3  3     3026    3224    3170
    6077  3  3     3024    3023    3225
    6078  3  3     3024    3225    3226
    6079  3  3     3024    3226    3125
    6080  3  3     3028    3027    3227
    6081  3  3     3227    3027    3228
    6082  3  3     3228    3027    3161
    6083  3  3     3029    3030    3229
    6084  3  3     3229    3030    3230
    6085  3  3     3230    3030    3213
    6086  3  3     3031    3032    3231
    6087  3  3     3231    3032    3232
    6088  3  3     3232    3032    3215
    6089  3  3     2995    3122    3128
    6090  3  3     2998    3220    3158
    6091  3  3     1197    3125    3187
    6092  3  3     3125    3226    3187
    6093  3  3     3218    3187    3226
    6094  3  3     3138    2950    3208
    6095  3  3     3145    3144    3233
    6096  3  3     3233    3144    3193
    6097  3  3     2942    3162    3234
    6098  3  3     2942    3234    3135
    6099  3  3     3123    2997    3235
    6100  3  3     3235    2997    3121
    6101  3  3     3121    3129    3236
    6102  3  3     3121    3236    3235
    6103  3  3     3126    2925    3237
    6104  3  3     3237    2925    3124
    6105  3  3     2936    3128    3238
    6106  3  3     2936    3238    3130
    6107  3  3     2954    3174    3239
    6108  3  3     2954    3239    3136
    6109  3  3     3142    2923    3240
    6110  3  3     3240    2923    3126
    6111  3  3     2967    3137    3241
    6112  3  3     2967    3241    3163
    6113  3  3     3168    3163    3242
    6114  3  3     3242    3163    3241
    6115  3  3     3164    2968    3243
    6116  3  3     3243    2968    3133
    6117  3  3     3172    3164    3244
    6118  3  3     3244    3164    3243
    6119  3  3     3173    3172    3245
    6120  3  3     3245    3172    3244
    6121  3  3     3194    3173    3246
    6122  3  3     3246    3173    3245
    6123  3  3     3210    3015    3247
    6124  3  3     3247    3015    3177
    6125  3  3     3177    3178    3247
    6126  3  3     3124    2920    3248
    6127  3  3     3248    2920    3155
    6128  3  3     3155    3180    3249
    6129  3  3     3155    3249    3248
    6130  3  3     3023    3149    3250
    6131  3  3     3023    3250    3225
    6132  3  3     2937    3188    3251
    6133  3  3     2937    3251    3176
    6134  3  3     3188    3189    3252
    6135  3  3     3188    3252    3251
    6136  3  3     2973    3157    3253
    6137  3  3     2973    3253    3140
    6138  3  3     3198    3168    3254
    6139  3  3     3254    3168    3242
    6140  3  3     3129    2969    3255
    6141  3  3     3255    2969    3181
    6142  3  3     2993    3153    3256
    6143  3  3     2993    3256    3192
    6144  3  3     2963    3141    3257
    6145  3  3     2963    3257    3183
    6146  3  3     3222    3183    3258
    6147  3  3     3258    3183    3257
    6148  3  3     3157    2940    3259
    6149  3  3     3259    2940    3211
    6150  3  3     3197    3021    3260
    6151  3  3     3260    3021    3212
    6152  3  3     3137    3138    3261
    6153  3  3     3137    3261    3241
    6154  3  3     3122    3123    3262
    6155  3  3     3122    3262    3128
    6156  3  3     3174    3130    3263
    6157  3  3     3263    3130    3238
    6158  3  3     2988    3139    3264
    6159  3  3     2988    3264    3179
    6160  3  3     2939    3205    3265
    6161  3  3     2939    3265    3208
    6162  3  3     3195    3194    3266
    6163  3  3     3266    3194    3246
    6164  3  3     3214    3195    3267
    6165  3  3     3267    3195    3266
    6166  3  3     3178    2935    3268
    6167  3  3     3268    2935    3184
    6168  3  3     3184    3185    3269
    6169  3  3     3184    3269    3268
    6170  3  3     2971    3169    3270
    6171  3  3     2971    3270    3185
    6172  3  3     3169    3170    3271
    6173  3  3     3169    3271    3270
    6174  3  3     3160    2948    3272
    6175  3  3     3272    2948    3148
    6176  3  3     3159    2966    3273
    6177  3  3     3273    2966    3166
    6178  3  3     2962    3159    3274
    6179  3  3     2962    3274    3154
    6180  3  3     3139    3140    3275
    6181  3  3     3139    3275    3264
    6182  3  3     3152    2961    3276
    6183  3  3     3276    2961    3154
    6184  3  3     3189    2959    3277
    6185  3  3     3277    2959    3152
    6186  3  3     3000    3167    3278
    6187  3  3     3000    3278    3131
    6188  3  3     2965    3165    3279
    6189  3  3     2965    3279    3150
    6190  3  3     3013    3131    3280
    6191  3  3     3013    3280    3193
    6192  3  3     3223    3025    3281
    6193  3  3     3281    3025    3192
    6194  3  3     3141    3127    3282
    6195  3  3     3282    3127    3029
    6196  3  3     3029    3229    3282
    6197  3  3     2924    3142    3283
    6198  3  3     2924    3283    3146
    6199  3  3     3147    3146    3283
    6200  3  3     3190    3179    3284
    6201  3  3     3284    3179    3264
    6202  3  3     3031    3231    3285
    6203  3  3     3031    3285    3166
    6204  3  3     3170    3224    3286
    6205  3  3     3170    3286    3271
    6206  3  3     2980    3160    3287
    6207  3  3     2980    3287    3161
    6208  3  3     3228    3161    3288
    6209  3  3     3288    3161    3287
    6210  3  3     3151    2982    3289
    6211  3  3     3289    2982    3156
    6212  3  3     3005    3150    3290
    6213  3  3     3005    3290    3134
    6214  3  3     2974    3182    3291
    6215  3  3     2974    3291    3165
    6216  3  3     2926    3135    3292
    6217  3  3     2926    3292    3156
    6218  3  3     2981    3196    3293
    6219  3  3     2981    3293    3175
    6220  3  3     3153    3136    3294
    6221  3  3     3294    3136    3239
    6222  3  3     3162    2991    3295
    6223  3  3     3295    2991    3191
    6224  3  3     3207    3028    3296
    6225  3  3     3296    3028    3227
    6226  3  3     3133    3209    3297
    6227  3  3     3133    3297    3243
    6228  3  3     3191    3190    3298
    6229  3  3     3298    3190    3284
    6230  3  3     3148    3147    3299
    6231  3  3     3299    3147    3283
    6232  3  3     3216    3214    3300
    6233  3  3     3300    3214    3267
    6234  3  3     2983    3197    3301
    6235  3  3     2983    3301    3196
    6236  3  3     3186    2999    3302
    6237  3  3     3302    2999    3151
    6238  3  3     3182    3001    3303
    6239  3  3     3303    3001    3176
    6240  3  3     3171    3145    3304
    6241  3  3     3304    3145    3233
    6242  3  3     3213    3171    2835
    6243  3  3     2835    3171    3304
    6244  3  3     3199    3198    3305
    6245  3  3     3305    3198    3254
    6246  3  3     3200    3199    3307
    6247  3  3     3307    3199    3305
    6248  3  3     3201    3200    3308
    6249  3  3     3308    3200    3307
    6250  3  3     3202    3201    3309
    6251  3  3     3309    3201    3308
    6252  3  3     3180    3004    3310
    6253  3  3     3310    3004    3158
    6254  3  3     3203    3202    3311
    6255  3  3     3311    3202    3309
    6256  3  3     3204    3203    3312
    6257  3  3     3312    3203    3311
    6258  3  3     3149    2956    3313
    6259  3  3     3313    2956    2957
    6260  3  3     2957    3132    3314
    6261  3  3     2957    3314    3313
    6262  3  3     3132    3175    3315
    6263  3  3     3132    3315    3314
    6264  3  3     3209    3210    3316
    6265  3  3     3209    3316    3297
    6266  3  3     3212    3134    3317
    6267  3  3     3317    3134    3290
    6268  3  3     3205    3206    3318
    6269  3  3     3205    3318    3265
    6270  3  3     3206    3207    3319
    6271  3  3     3206    3319    3318
    6272  3  3     3226    3225    3320
    6273  3  3     3226    3320    3218
    6274  3  3     3217    3218    3321
    6275  3  3     3321    3218    3320
    6276  3  3     3019    3217    3322
    6277  3  3     3019    3322    3167
    6278  3  3     3018    3186    3323
    6279  3  3     3018    3323    3324
    6280  3  3     3018    3324    3219
    6281  3  3     3220    3219    3325
    6282  3  3     3325    3219    3324
    6283  3  3     3011    3204    3326
    6284  3  3     3011    3326    3327
    6285  3  3     3011    3327    3181
    6286  3  3     3211    3022    3328
    6287  3  3     3328    3022    3329
    6288  3  3     3329    3022    3221
    6289  3  3     3221    3222    3330
    6290  3  3     3221    3330    3329
    6291  3  3     3215    3216    3331
    6292  3  3     3331    3216    3300
    6293  3  3     3232    3215    3332
    6294  3  3     3332    3215    3331
    6295  3  3     3231    3232    3333
    6296  3  3     3333    3232    3334
    6297  3  3     3334    3232    3332
    6298  3  3     3230    3213    3335
    6299  3  3     3335    3213    3336
    6300  3  3     3336    3213    2835
    6301  3  3     3224    3223    3337
    6302  3  3     3337    3223    3338
    6303  3  3     3338    3223    3281
    6304  3  3     3229    3230    3339
    6305  3  3     3339    3230    3340
    6306  3  3     3340    3230    3335
    6307  3  3     3227    3228    3341
    6308  3  3     3227    3341    3342
    6309  3  3     3227    3342    3296
    6310  3  3     3036    2720    3045
    6311  3  3     3045    2723    3343
    6312  3  3     3343    2723    3080
    6313  3  3     3072    2740    3344
    6314  3  3     3344    2740    3092
    6315  3  3     3052    3051    3345
    6316  3  3     3345    3051    3072
    6317  3  3     3049    2788    3346
    6318  3  3     3346    2788    3105
    6319  3  3     2783    3069    3347
    6320  3  3     2783    3347    3096
    6321  3  3     2731    3034    3348
    6322  3  3     2731    3348    3041
    6323  3  3     3042    2726    3349
    6324  3  3     3349    2726    3036
    6325  3  3     3035    2732    3350
    6326  3  3     3350    2732    3043
    6327  3  3     3048    2746    3351
    6328  3  3     3351    2746    3057
    6329  3  3     3100    3048    3351
    6330  3  3     3069    3079    3352
    6331  3  3     3069    3352    3347
    6332  3  3     2753    3050    3353
    6333  3  3     2753    3353    3077
    6334  3  3     3050    3116    3353
    6335  3  3     2737    3039    3354
    6336  3  3     2737    3354    3044
    6337  3  3     2751    3052    3355
    6338  3  3     2751    3355    3066
    6339  3  3     3120    3066    3356
    6340  3  3     3356    3066    3355
    6341  3  3     3039    3065    3357
    6342  3  3     3039    3357    3354
    6343  3  3     3053    2735    3358
    6344  3  3     3358    2735    3038
    6345  3  3     3118    3053    3358
    6346  3  3     3071    2786    3359
    6347  3  3     3359    2786    3099
    6348  3  3     3062    2757    3360
    6349  3  3     3360    2757    3040
    6350  3  3     2722    3033    3361
    6351  3  3     2722    3361    3073
    6352  3  3     3033    3049    3362
    6353  3  3     3033    3362    3361
    6354  3  3     3074    3073    3363
    6355  3  3     3363    3073    3361
    6356  3  3     3056    2743    3364
    6357  3  3     3364    2743    3064
    6358  3  3     3057    3056    3365
    6359  3  3     3365    3056    3364
    6360  3  3     3078    2762    3366
    6361  3  3     3366    2762    3067
    6362  3  3     3067    3094    3367
    6363  3  3     3067    3367    3366
    6364  3  3     2801    3062    3368
    6365  3  3     2801    3368    3114
    6366  3  3     3058    2748    3369
    6367  3  3     3369    2748    3061
    6368  3  3     3059    3058    3370
    6369  3  3     3370    3058    3369
    6370  3  3     2744    3054    3371
    6371  3  3     2744    3371    3063
    6372  3  3     3054    3055    3372
    6373  3  3     3054    3372    3371
    6374  3  3     3064    3063    3373
    6375  3  3     3373    3063    3371
    6376  3  3     3047    2805    3374
    6377  3  3     3374    2805    3119
    6378  3  3     3040    3041    3375
    6379  3  3     3040    3375    3360
    6380  3  3     3080    2730    3376
    6381  3  3     3376    2730    3046
    6382  3  3     2803    3059    3377
    6383  3  3     2803    3377    3115
    6384  3  3     3034    2781    3378
    6385  3  3     3034    3378    3348
    6386  3  3     2781    3097    3378
    6387  3  3     2760    3070    3379
    6388  3  3     2760    3379    3091
    6389  3  3     3070    3071    3380
    6390  3  3     3070    3380    3379
    6391  3  3     3055    2807    3381
    6392  3  3     3381    2807    3117
    6393  3  3     3075    2725    3382
    6394  3  3     3382    2725    3044
    6395  3  3     3098    3075    3383
    6396  3  3     3383    3075    3382
    6397  3  3     3046    3047    3384
    6398  3  3     3046    3384    3376
    6399  3  3     2721    2733    3385
    6400  3  3     2721    3385    3037
    6401  3  3     2733    3074    3385
    6402  3  3     3038    3037    3386
    6403  3  3     3386    3037    3385
    6404  3  3     3065    2765    3387
    6405  3  3     3387    2765    3076
    6406  3  3     3076    3077    3388
    6407  3  3     3076    3388    3387
    6408  3  3     2728    3035    3389
    6409  3  3     2728    3389    2758
    6410  3  3     3068    2758    3390
    6411  3  3     3390    2758    3389
    6412  3  3     2784    3095    3391
    6413  3  3     2784    3391    3043
    6414  3  3     2778    3042    3392
    6415  3  3     2778    3392    3090
    6416  3  3     3060    2763    3393
    6417  3  3     3393    2763    3078
    6418  3  3     3061    3060    3394
    6419  3  3     3394    3060    3393
    6420  3  3     3079    3081    3395
    6421  3  3     3079    3395    3352
    6422  3  3     3092    3091    3396
    6423  3  3     3092    3396    3344
    6424  3  3     3081    3082    3397
    6425  3  3     3081    3397    3398
    6426  3  3     3081    3398    3395
    6427  3  3     3082    3083    3399
    6428  3  3     3082    3399    3397
    6429  3  3     3083    3084    3400
    6430  3  3     3083    3400    3399
    6431  3  3     3084    3085    3401
    6432  3  3     3084    3401    3400
    6433  3  3     3085    3086    3402
    6434  3  3     3085    3402    3401
    6435  3  3     3086    3087    3403
    6436  3  3     3086    3403    3402
    6437  3  3     3087    3088    3404
    6438  3  3     3087    3404    3403
    6439  3  3     3088    3089    3405
    6440  3  3     3088    3405    3404
    6441  3  3     3089    3090    3406
    6442  3  3     3089    3406    3405
    6443  3  3     3093    2779    3407
    6444  3  3     3407    2779    3408
    6445  3  3     3408    2779    3068
    6446  3  3     3094    3093    3409
    6447  3  3     3409    3093    3410
    6448  3  3     3410    3093    3407
    6449  3  3     3095    3096    3411
    6450  3  3     3095    3411    3412
    6451  3  3     3095    3412    3391
    6452  3  3     3099    3100    3413
    6453  3  3     3099    3413    3414
    6454  3  3     3099    3414    3359
    6455  3  3     3119    3120    3415
    6456  3  3     3119    3415    3416
    6457  3  3     3119    3416    3374
    6458  3  3     3116    3115    3417
    6459  3  3     3417    3115    3418
    6460  3  3     3418    3115    3377
    6461  3  3     3117    3118    3419
    6462  3  3     3117    3419    3420
    6463  3  3     3117    3420    3381
    6464  3  3     3110    3111    3421
    6465  3  3     3110    3421    3422
    6466  3  3     3110    3422    3109
    6467  3  3     3108    3109    3423
    6468  3  3     3423    3109    3422
    6469  3  3     3107    3108    3424
    6470  3  3     3424    3108    3423
    6471  3  3     3106    3107    3425
    6472  3  3     3425    3107    3424
    6473  3  3     3101    3106    3426
    6474  3  3     3426    3106    3425
    6475  3  3     3102    3101    3427
    6476  3  3     3427    3101    3426
    6477  3  3     3103    3102    3428
    6478  3  3     3428    3102    3427
    6479  3  3     3104    3103    3429
    6480  3  3     3429    3103    3428
    6481  3  3     3105    3104    3430
    6482  3  3     3430    3104    3429
    6483  3  3     3111    3112    3431
    6484  3  3     3111    3431    3421
    6485  3  3     3112    3113    3432
    6486  3  3     3112    3432    3431
    6487  3  3     3113    3114    3433
    6488  3  3     3113    3433    3432
    6489  3  3     3097    3098    3434
    6490  3  3     3097    3434    3435
    6491  3  3     3097    3435    3378
    6492  3  3     3128    3262    3238
    6493  3  3     3277    3152    3276
    6494  3  3     3336    2835    3304
    6495  3  3     3257    3141    3282
    6496  3  3     3253    3157    3259
    6497  3  3     3181    3327    3436
    6498  3  3     3181    3436    3255
    6499  3  3     3123    3235    3437
    6500  3  3     3123    3437    3262
    6501  3  3     3234    3162    3438
    6502  3  3     3438    3162    3295
    6503  3  3     3126    3237    3439
    6504  3  3     3126    3439    3240
    6505  3  3     3235    3236    3440
    6506  3  3     3235    3440    3437
    6507  3  3     3256    3153    3441
    6508  3  3     3441    3153    3294
    6509  3  3     3225    3250    3442
    6510  3  3     3225    3442    3320
    6511  3  3     3236    3129    3443
    6512  3  3     3443    3129    3255
    6513  3  3     3237    3124    3444
    6514  3  3     3444    3124    3248
    6515  3  3     3250    3149    3445
    6516  3  3     3445    3149    3313
    6517  3  3     3258    3257    3446
    6518  3  3     3446    3257    3282
    6519  3  3     3239    3174    3447
    6520  3  3     3447    3174    3263
    6521  3  3     3303    3176    3448
    6522  3  3     3448    3176    3251
    6523  3  3     3282    3229    3449
    6524  3  3     3282    3449    3446
    6525  3  3     3229    3339    3449
    6526  3  3     3313    3314    3450
    6527  3  3     3313    3450    3445
    6528  3  3     3314    3315    3451
    6529  3  3     3314    3451    3450
    6530  3  3     3241    3261    3452
    6531  3  3     3241    3452    3242
    6532  3  3     3150    3279    3453
    6533  3  3     3150    3453    3290
    6534  3  3     3217    3321    3454
    6535  3  3     3217    3454    3322
    6536  3  3     3249    3180    3455
    6537  3  3     3455    3180    3310
    6538  3  3     3264    3275    3456
    6539  3  3     3264    3456    3284
    6540  3  3     3298    3284    3457
    6541  3  3     3457    3284    3456
    6542  3  3     3151    3289    3458
    6543  3  3     3151    3458    3302
    6544  3  3     3248    3249    3459
    6545  3  3     3248    3459    3444
    6546  3  3     3316    3210    3460
    6547  3  3     3460    3210    3247
    6548  3  3     3317    3290    3461
    6549  3  3     3461    3290    3453
    6550  3  3     3193    3280    3462
    6551  3  3     3193    3462    3233
    6552  3  3     3154    3274    3463
    6553  3  3     3154    3463    3276
    6554  3  3     3254    3242    3464
    6555  3  3     3464    3242    3452
    6556  3  3     3305    3254    3465
    6557  3  3     3465    3254    3464
    6558  3  3     3159    3273    3466
    6559  3  3     3159    3466    3274
    6560  3  3     3289    3156    3467
    6561  3  3     3467    3156    3292
    6562  3  3     3160    3272    3468
    6563  3  3     3160    3468    3287
    6564  3  3     3288    3287    3469
    6565  3  3     3469    3287    3468
    6566  3  3     3251    3252    3470
    6567  3  3     3251    3470    3448
    6568  3  3     3252    3189    3471
    6569  3  3     3471    3189    3277
    6570  3  3     3310    3158    3472
    6571  3  3     3472    3158    3220
    6572  3  3     3220    3325    3472
    6573  3  3     3330    3222    3473
    6574  3  3     3473    3222    3258
    6575  3  3     3140    3253    3474
    6576  3  3     3140    3474    3275
    6577  3  3     3307    3305    3475
    6578  3  3     3475    3305    3465
    6579  3  3     3281    3192    3476
    6580  3  3     3476    3192    3256
    6581  3  3     3338    3281    3477
    6582  3  3     3477    3281    3476
    6583  3  3     3165    3291    3478
    6584  3  3     3165    3478    3279
    6585  3  3     3273    3166    3479
    6586  3  3     3479    3166    3285
    6587  3  3     3341    3228    3480
    6588  3  3     3480    3228    3288
    6589  3  3     3294    3239    3481
    6590  3  3     3481    3239    3447
    6591  3  3     3175    3293    3482
    6592  3  3     3175    3482    3315
    6593  3  3     3142    3240    3483
    6594  3  3     3142    3483    3283
    6595  3  3     3299    3283    3484
    6596  3  3     3484    3283    3483
    6597  3  3     3323    3186    3485
    6598  3  3     3485    3186    3302
    6599  3  3     3231    3333    3486
    6600  3  3     3231    3486    3285
    6601  3  3     3204    3312    3487
    6602  3  3     3204    3487    3326
    6603  3  3     3244    3243    3488
    6604  3  3     3488    3243    3297
    6605  3  3     3245    3244    3489
    6606  3  3     3489    3244    3488
    6607  3  3     3246    3245    3490
    6608  3  3     3490    3245    3489
    6609  3  3     3266    3246    3491
    6610  3  3     3491    3246    3490
    6611  3  3     3267    3266    3492
    6612  3  3     3492    3266    3491
    6613  3  3     3300    3267    3493
    6614  3  3     3493    3267    3492
    6615  3  3     3304    3233    3494
    6616  3  3     3494    3233    3462
    6617  3  3     3308    3307    3495
    6618  3  3     3495    3307    3475
    6619  3  3     3309    3308    3496
    6620  3  3     3496    3308    3495
    6621  3  3     3311    3309    3497
    6622  3  3     3497    3309    3496
    6623  3  3     3292    3135    3498
    6624  3  3     3498    3135    3234
    6625  3  3     3182    3303    3499
    6626  3  3     3182    3499    3291
    6627  3  3     3278    3167    3500
    6628  3  3     3500    3167    3322
    6629  3  3     3263    3238    3501
    6630  3  3     3501    3238    3262
    6631  3  3     3297    3316    3502
    6632  3  3     3297    3502    3488
    6633  3  3     3191    3298    3503
    6634  3  3     3191    3503    3295
    6635  3  3     3321    3320    3504
    6636  3  3     3504    3320    3442
    6637  3  3     3286    3224    3505
    6638  3  3     3505    3224    3337
    6639  3  3     3211    3328    3506
    6640  3  3     3211    3506    3259
    6641  3  3     3331    3300    3507
    6642  3  3     3507    3300    3493
    6643  3  3     3280    3131    3508
    6644  3  3     3508    3131    3278
    6645  3  3     3207    3296    3509
    6646  3  3     3207    3509    3319
    6647  3  3     3296    3342    3510
    6648  3  3     3296    3510    3509
    6649  3  3     3138    3208    3511
    6650  3  3     3138    3511    3261
    6651  3  3     3208    3265    3512
    6652  3  3     3208    3512    3511
    6653  3  3     3265    3318    3513
    6654  3  3     3265    3513    3512
    6655  3  3     3185    3270    3514
    6656  3  3     3185    3514    3269
    6657  3  3     3270    3271    3515
    6658  3  3     3270    3515    3514
    6659  3  3     3271    3286    3516
    6660  3  3     3271    3516    3515
    6661  3  3     3332    3331    3517
    6662  3  3     3517    3331    3507
    6663  3  3     3334    3332    3518
    6664  3  3     3518    3332    3517
    6665  3  3     3312    3311    3519
    6666  3  3     3519    3311    3497
    6667  3  3     3318    3319    3520
    6668  3  3     3318    3520    3513
    6669  3  3     3148    3299    3521
    6670  3  3     3148    3521    3272
    6671  3  3     3301    3197    3522
    6672  3  3     3522    3197    3260
    6673  3  3     3293    3196    3523
    6674  3  3     3523    3196    3301
    6675  3  3     3247    3178    3524
    6676  3  3     3524    3178    3268
    6677  3  3     3268    3269    3525
    6678  3  3     3268    3525    3524
    6679  3  3     3340    3335    3526
    6680  3  3     3526    3335    3527
    6681  3  3     3527    3335    3336
    6682  3  3     3212    3317    3528
    6683  3  3     3212    3528    3529
    6684  3  3     3212    3529    3260
    6685  3  3     3327    3326    3530
    6686  3  3     3327    3530    3531
    6687  3  3     3327    3531    3436
    6688  3  3     3324    3323    3532
    6689  3  3     3532    3323    3533
    6690  3  3     3533    3323    3485
    6691  3  3     3325    3324    3534
    6692  3  3     3534    3324    3532
    6693  3  3     3328    3329    3535
    6694  3  3     3328    3535    3536
    6695  3  3     3328    3536    3506
    6696  3  3     3329    3330    3537
    6697  3  3     3329    3537    3535
    6698  3  3     3333    3334    3538
    6699  3  3     3333    3538    3539
    6700  3  3     3333    3539    3486
    6701  3  3     3337    3338    3540
    6702  3  3     3337    3540    3541
    6703  3  3     3337    3541    3505
    6704  3  3     3339    3340    3542
    6705  3  3     3339    3542    3543
    6706  3  3     3339    3543    3449
    6707  3  3     3342    3341    3544
    6708  3  3     3342    3544    3545
    6709  3  3     3342    3545    3510
    6710  3  3     3262    3437    3501
    6711  3  3     3304    3494    3336
    6712  3  3     3527    3336    3546
    6713  3  3     3546    3336    3494
    6714  3  3     3440    3236    3443
    6715  3  3     3260    3529    3522
    6716  3  3     3315    3482    3547
    6717  3  3     3315    3547    3451
    6718  3  3     3263    3501    3548
    6719  3  3     3263    3548    3447
    6720  3  3     3463    3274    3549
    6721  3  3     3549    3274    3466
    6722  3  3     3326    3487    3550
    6723  3  3     3326    3550    3530
    6724  3  3     3237    3444    3551
    6725  3  3     3237    3551    3439
    6726  3  3     3255    3436    3552
    6727  3  3     3255    3552    3443
    6728  3  3     3436    3531    3552
    6729  3  3     3234    3438    3553
    6730  3  3     3234    3553    3498
    6731  3  3     3275    3474    3554
    6732  3  3     3275    3554    3456
    6733  3  3     3437    3440    3501
    6734  3  3     3438    3295    3555
    6735  3  3     3555    3295    3503
    6736  3  3     3442    3250    3556
    6737  3  3     3556    3250    3445
    6738  3  3     3445    3450    3557
    6739  3  3     3445    3557    3556
    6740  3  3     3450    3451    3558
    6741  3  3     3450    3558    3557
    6742  3  3     3453    3279    3559
    6743  3  3     3559    3279    3478
    6744  3  3     3466    3273    3560
    6745  3  3     3560    3273    3479
    6746  3  3     3294    3481    3561
    6747  3  3     3294    3561    3441
    6748  3  3     3504    3442    3562
    6749  3  3     3562    3442    3556
    6750  3  3     3277    3276    3563
    6751  3  3     3563    3276    3463
    6752  3  3     3471    3277    3563
    6753  3  3     3247    3524    3564
    6754  3  3     3247    3564    3460
    6755  3  3     3458    3289    3565
    6756  3  3     3565    3289    3467
    6757  3  3     3516    3286    3566
    6758  3  3     3566    3286    3505
    6759  3  3     3269    3514    3567
    6760  3  3     3269    3567    3525
    6761  3  3     3444    3459    3568
    6762  3  3     3444    3568    3551
    6763  3  3     3520    3319    3569
    6764  3  3     3569    3319    3509
    6765  3  3     3338    3477    3570
    6766  3  3     3338    3570    3540
    6767  3  3     3505    3541    3571
    6768  3  3     3505    3571    3566
    6769  3  3     3457    3456    3572
    6770  3  3     3572    3456    3554
    6771  3  3     3334    3518    3573
    6772  3  3     3334    3573    3538
    6773  3  3     3521    3299    3574
    6774  3  3     3574    3299    3484
    6775  3  3     3312    3519    3575
    6776  3  3     3312    3575    3487
    6777  3  3     3480    3288    3576
    6778  3  3     3576    3288    3469
    6779  3  3     3544    3341    3577
    6780  3  3     3577    3341    3480
    6781  3  3     3462    3280    3578
    6782  3  3     3578    3280    3508
    6783  3  3     3494    3462    3579
    6784  3  3     3579    3462    3578
    6785  3  3     3483    3240    3580
    6786  3  3     3580    3240    3439
    6787  3  3     3484    3483    3581
    6788  3  3     3581    3483    3580
    6789  3  3     3479    3285    3582
    6790  3  3     3582    3285    3486
    6791  3  3     3486    3539    3583
    6792  3  3     3486    3583    3582
    6793  3  3     3272    3521    3584
    6794  3  3     3272    3584    3468
    6795  3  3     3469    3468    3585
    6796  3  3     3585    3468    3584
    6797  3  3     3302    3458    3586
    6798  3  3     3302    3586    3485
    6799  3  3     3533    3485    3587
    6800  3  3     3587    3485    3586
    6801  3  3     3481    3447    3588
    6802  3  3     3588    3447    3548
    6803  3  3     3508    3278    3589
    6804  3  3     3589    3278    3500
    6805  3  3     3249    3455    3590
    6806  3  3     3249    3590    3459
    6807  3  3     3449    3543    3591
    6808  3  3     3449    3591    3446
    6809  3  3     3258    3446    3592
    6810  3  3     3592    3446    3591
    6811  3  3     3473    3258    3592
    6812  3  3     3291    3499    3593
    6813  3  3     3291    3593    3478
    6814  3  3     3489    3488    3594
    6815  3  3     3594    3488    3502
    6816  3  3     3490    3489    3595
    6817  3  3     3595    3489    3594
    6818  3  3     3491    3490    3596
    6819  3  3     3596    3490    3595
    6820  3  3     3492    3491    3597
    6821  3  3     3597    3491    3596
    6822  3  3     3493    3492    3598
    6823  3  3     3598    3492    3597
    6824  3  3     3256    3441    3599
    6825  3  3     3256    3599    3476
    6826  3  3     3477    3476    3600
    6827  3  3     3600    3476    3599
    6828  3  3     3293    3523    3601
    6829  3  3     3293    3601    3482
    6830  3  3     3503    3298    3602
    6831  3  3     3602    3298    3457
    6832  3  3     3310    3472    3603
    6833  3  3     3310    3603    3455
    6834  3  3     3472    3325    3604
    6835  3  3     3472    3604    3603
    6836  3  3     3325    3534    3605
    6837  3  3     3325    3605    3604
    6838  3  3     3467    3292    3606
    6839  3  3     3606    3292    3498
    6840  3  3     3461    3453    3607
    6841  3  3     3607    3453    3559
    6842  3  3     3507    3493    3608
    6843  3  3     3608    3493    3598
    6844  3  3     3261    3511    3609
    6845  3  3     3261    3609    3452
    6846  3  3     3499    3303    3610
    6847  3  3     3610    3303    3448
    6848  3  3     3448    3470    3611
    6849  3  3     3448    3611    3610
    6850  3  3     3252    3471    3612
    6851  3  3     3252    3612    3470
    6852  3  3     3511    3512    3613
    6853  3  3     3511    3613    3609
    6854  3  3     3512    3513    3614
    6855  3  3     3512    3614    3613
    6856  3  3     3513    3520    3614
    6857  3  3     3464    3452    3615
    6858  3  3     3615    3452    3609
    6859  3  3     3465    3464    3616
    6860  3  3     3616    3464    3615
    6861  3  3     3475    3465    3617
    6862  3  3     3617    3465    3616
    6863  3  3     3495    3475    3618
    6864  3  3     3618    3475    3617
    6865  3  3     3496    3495    3619
    6866  3  3     3619    3495    3618
    6867  3  3     3497    3496    3620
    6868  3  3     3620    3496    3619
    6869  3  3     3519    3497    3621
    6870  3  3     3621    3497    3620
    6871  3  3     3517    3507    3622
    6872  3  3     3622    3507    3608
    6873  3  3     3518    3517    3623
    6874  3  3     3623    3517    3622
    6875  3  3     3528    3317    3624
    6876  3  3     3624    3317    3461
    6877  3  3     3509    3510    3625
    6878  3  3     3509    3625    3569
    6879  3  3     3510    3545    3626
    6880  3  3     3510    3626    3625
    6881  3  3     3340    3526    3627
    6882  3  3     3340    3627    3542
    6883  3  3     3301    3522    3628
    6884  3  3     3301    3628    3523
    6885  3  3     3514    3515    3629
    6886  3  3     3514    3629    3567
    6887  3  3     3515    3516    3630
    6888  3  3     3515    3630    3629
    6889  3  3     3502    3316    3631
    6890  3  3     3631    3316    3460
    6891  3  3     3524    3525    3632
    6892  3  3     3524    3632    3564
    6893  3  3     3321    3504    3633
    6894  3  3     3321    3633    3454
    6895  3  3     3253    3259    3634
    6896  3  3     3634    3259    3506
    6897  3  3     3474    3253    3635
    6898  3  3     3635    3253    3634
    6899  3  3     3506    3536    3636
    6900  3  3     3506    3636    3634
    6901  3  3     3531    3530    3637
    6902  3  3     3637    3530    3550
    6903  3  3     3500    3322    3638
    6904  3  3     3638    3322    3454
    6905  3  3     3537    3330    3639
    6906  3  3     3639    3330    3640
    6907  3  3     3640    3330    3473
    6908  3  3     3526    3527    3641
    6909  3  3     3641    3527    3642
    6910  3  3     3642    3527    3546
    6911  3  3     3529    3528    3643
    6912  3  3     3643    3528    3644
    6913  3  3     3644    3528    3624
    6914  3  3     3534    3532    3645
    6915  3  3     3534    3645    3646
    6916  3  3     3534    3646    3605
    6917  3  3     3532    3533    3647
    6918  3  3     3532    3647    3645
    6919  3  3     3543    3542    3648
    6920  3  3     3543    3648    3649
    6921  3  3     3543    3649    3591
    6922  3  3     3535    3537    3650
    6923  3  3     3535    3650    3651
    6924  3  3     3535    3651    3536
    6925  3  3     3539    3538    3652
    6926  3  3     3652    3538    3653
    6927  3  3     3653    3538    3573
    6928  3  3     3541    3540    3654
    6929  3  3     3654    3540    3655
    6930  3  3     3655    3540    3570
    6931  3  3     3545    3544    3656
    6932  3  3     3656    3544    3657
    6933  3  3     3657    3544    3577
    6934  3  3     3068    3390    3408
    6935  3  3     3371    3372    3658
    6936  3  3     3371    3658    3373
    6937  3  3     3072    3344    3659
    6938  3  3     3072    3659    3345
    6939  3  3     3406    3090    3660
    6940  3  3     3660    3090    3392
    6941  3  3     3091    3379    3661
    6942  3  3     3091    3661    3396
    6943  3  3     3052    3345    3662
    6944  3  3     3052    3662    3355
    6945  3  3     3379    3380    3663
    6946  3  3     3379    3663    3661
    6947  3  3     3344    3396    3664
    6948  3  3     3344    3664    3659
    6949  3  3     3346    3105    3665
    6950  3  3     3665    3105    3430
    6951  3  3     3094    3409    3666
    6952  3  3     3094    3666    3367
    6953  3  3     3351    3057    3667
    6954  3  3     3667    3057    3365
    6955  3  3     3356    3355    3668
    6956  3  3     3668    3355    3662
    6957  3  3     3035    3350    3669
    6958  3  3     3035    3669    3389
    6959  3  3     3390    3389    3670
    6960  3  3     3670    3389    3669
    6961  3  3     3096    3347    3671
    6962  3  3     3096    3671    3411
    6963  3  3     3074    3363    3672
    6964  3  3     3074    3672    3385
    6965  3  3     3386    3385    3673
    6966  3  3     3673    3385    3672
    6967  3  3     3362    3049    3674
    6968  3  3     3674    3049    3346
    6969  3  3     3065    3387    3675
    6970  3  3     3065    3675    3357
    6971  3  3     3387    3388    3676
    6972  3  3     3387    3676    3675
    6973  3  3     3061    3394    3677
    6974  3  3     3061    3677    3369
    6975  3  3     3370    3369    3678
    6976  3  3     3678    3369    3677
    6977  3  3     3375    3041    3679
    6978  3  3     3679    3041    3348
    6979  3  3     3114    3368    3680
    6980  3  3     3114    3680    3433
    6981  3  3     3361    3362    3681
    6982  3  3     3361    3681    3363
    6983  3  3     3347    3352    3682
    6984  3  3     3347    3682    3671
    6985  3  3     3352    3395    3683
    6986  3  3     3352    3683    3682
    6987  3  3     3077    3353    3684
    6988  3  3     3077    3684    3388
    6989  3  3     3120    3356    3685
    6990  3  3     3120    3685    3415
    6991  3  3     3038    3386    3686
    6992  3  3     3038    3686    3358
    6993  3  3     3062    3360    3687
    6994  3  3     3062    3687    3368
    6995  3  3     3360    3375    3688
    6996  3  3     3360    3688    3687
    6997  3  3     3364    3064    3689
    6998  3  3     3689    3064    3373
    6999  3  3     3365    3364    3690
    7000  3  3     3690    3364    3689
    7001  3  3     3384    3047    3691
    7002  3  3     3691    3047    3374
    7003  3  3     3374    3416    3692
    7004  3  3     3374    3692    3691
    7005  3  3     3395    3398    3693
    7006  3  3     3395    3693    3683
    7007  3  3     3434    3098    3694
    7008  3  3     3694    3098    3383
    7009  3  3     3350    3043    3695
    7010  3  3     3695    3043    3391
    7011  3  3     3391    3412    3696
    7012  3  3     3391    3696    3695
    7013  3  3     3392    3042    3697
    7014  3  3     3697    3042    3349
    7015  3  3     3343    3080    3698
    7016  3  3     3698    3080    3376
    7017  3  3     3376    3384    3699
    7018  3  3     3376    3699    3698
    7019  3  3     3059    3370    3700
    7020  3  3     3059    3700    3377
    7021  3  3     3418    3377    3701
    7022  3  3     3701    3377    3700
    7023  3  3     3044    3354    3702
    7024  3  3     3044    3702    3382
    7025  3  3     3383    3382    3703
    7026  3  3     3703    3382    3702
    7027  3  3     3372    3055    3704
    7028  3  3     3704    3055    3381
    7029  3  3     3381    3420    3705
    7030  3  3     3381    3705    3704
    7031  3  3     3349    3036    3706
    7032  3  3     3706    3036    3045
    7033  3  3     3045    3343    3707
    7034  3  3     3045    3707    3706
    7035  3  3     3078    3366    3708
    7036  3  3     3078    3708    3393
    7037  3  3     3366    3367    3709
    7038  3  3     3366    3709    3708
    7039  3  3     3348    3378    3710
    7040  3  3     3348    3710    3679
    7041  3  3     3378    3435    3710
    7042  3  3     3394    3393    3711
    7043  3  3     3711    3393    3708
    7044  3  3     3354    3357    3712
    7045  3  3     3354    3712    3702
    7046  3  3     3410    3407    3713
    7047  3  3     3713    3407    3408
    7048  3  3     3398    3397    3714
    7049  3  3     3714    3397    3399
    7050  3  3     3399    3400    3715
    7051  3  3     3399    3715    3714
    7052  3  3     3400    3401    3716
    7053  3  3     3400    3716    3715
    7054  3  3     3401    3402    3717
    7055  3  3     3401    3717    3716
    7056  3  3     3402    3403    3718
    7057  3  3     3402    3718    3717
    7058  3  3     3403    3404    3719
    7059  3  3     3403    3719    3718
    7060  3  3     3404    3405    3720
    7061  3  3     3404    3720    3719
    7062  3  3     3405    3406    3721
    7063  3  3     3405    3721    3720
    7064  3  3     3380    3071    3722
    7065  3  3     3722    3071    3359
    7066  3  3     3359    3414    3723
    7067  3  3     3359    3723    3722
    7068  3  3     3100    3351    3724
    7069  3  3     3100    3724    3725
    7070  3  3     3100    3725    3413
    7071  3  3     3414    3413    3726
    7072  3  3     3726    3413    3725
    7073  3  3     3409    3410    3727
    7074  3  3     3409    3727    3666
    7075  3  3     3116    3417    3728
    7076  3  3     3116    3728    3729
    7077  3  3     3116    3729    3353
    7078  3  3     3118    3358    3730
    7079  3  3     3118    3730    3731
    7080  3  3     3118    3731    3419
    7081  3  3     3420    3419    3732
    7082  3  3     3732    3419    3733
    7083  3  3     3733    3419    3731
    7084  3  3     3412    3411    3734
    7085  3  3     3734    3411    3735
    7086  3  3     3735    3411    3671
    7087  3  3     3427    3426    3736
    7088  3  3     3736    3426    3737
    7089  3  3     3737    3426    3425
    7090  3  3     3425    3424    3738
    7091  3  3     3425    3738    3737
    7092  3  3     3424    3423    3739
    7093  3  3     3424    3739    3738
    7094  3  3     3423    3422    3740
    7095  3  3     3423    3740    3739
    7096  3  3     3422    3421    3741
    7097  3  3     3422    3741    3740
    7098  3  3     3421    3431    3742
    7099  3  3     3421    3742    3741
    7100  3  3     3431    3432    3743
    7101  3  3     3431    3743    3742
    7102  3  3     3432    3433    3744
    7103  3  3     3432    3744    3743
    7104  3  3     3428    3427    3745
    7105  3  3     3745    3427    3736
    7106  3  3     3429    3428    3746
    7107  3  3     3746    3428    3745
    7108  3  3     3430    3429    3747
    7109  3  3     3747    3429    3746
    7110  3  3     3416    3415    3748
    7111  3  3     3748    3415    3749
    7112  3  3     3749    3415    3685
    7113  3  3     3417    3418    3750
    7114  3  3     3417    3750    3751
    7115  3  3     3417    3751    3728
    7116  3  3     3435    3434    3752
    7117  3  3     3752    3434    3753
    7118  3  3     3753    3434    3694
    7119  3  3     3501    3440    3548
    7120  3  3     3494    3579    3546
    7121  3  3     3533    3587    3647
    7122  3  3     3574    3484    3754
    7123  3  3     3754    3484    3581
    7124  3  3     3642    3546    3755
    7125  3  3     3755    3546    3579
    7126  3  3     3451    3547    3756
    7127  3  3     3451    3756    3558
    7128  3  3     3640    3473    3757
    7129  3  3     3757    3473    3592
    7130  3  3     3553    3438    3758
    7131  3  3     3758    3438    3555
    7132  3  3     3568    3459    3759
    7133  3  3     3759    3459    3590
    7134  3  3     3474    3635    3760
    7135  3  3     3474    3760    3554
    7136  3  3     3592    3591    3757
    7137  3  3     3591    3649    3757
    7138  3  3     3547    3482    3761
    7139  3  3     3761    3482    3601
    7140  3  3     3627    3526    3762
    7141  3  3     3762    3526    3641
    7142  3  3     3631    3460    3763
    7143  3  3     3763    3460    3564
    7144  3  3     3564    3632    3764
    7145  3  3     3564    3764    3763
    7146  3  3     3470    3612    3765
    7147  3  3     3470    3765    3611
    7148  3  3     3550    3487    3766
    7149  3  3     3766    3487    3575
    7150  3  3     3561    3481    3767
    7151  3  3     3767    3481    3588
    7152  3  3     3478    3593    3768
    7153  3  3     3478    3768    3559
    7154  3  3     3479    3582    3769
    7155  3  3     3479    3769    3560
    7156  3  3     3582    3583    3769
    7157  3  3     3602    3457    3770
    7158  3  3     3770    3457    3572
    7159  3  3     3549    3466    3771
    7160  3  3     3771    3466    3560
    7161  3  3     3624    3461    3772
    7162  3  3     3772    3461    3607
    7163  3  3     3562    3556    3773
    7164  3  3     3773    3556    3557
    7165  3  3     3557    3558    3774
    7166  3  3     3557    3774    3773
    7167  3  3     3441    3561    3775
    7168  3  3     3441    3775    3599
    7169  3  3     3600    3599    3776
    7170  3  3     3776    3599    3775
    7171  3  3     3454    3633    3777
    7172  3  3     3454    3777    3638
    7173  3  3     3503    3602    3778
    7174  3  3     3503    3778    3555
    7175  3  3     3477    3600    3779
    7176  3  3     3477    3779    3570
    7177  3  3     3655    3570    3779
    7178  3  3     3498    3553    3780
    7179  3  3     3498    3780    3606
    7180  3  3     3636    3536    3781
    7181  3  3     3781    3536    3651
    7182  3  3     3583    3539    3782
    7183  3  3     3782    3539    3652
    7184  3  3     3467    3606    3783
    7185  3  3     3467    3783    3565
    7186  3  3     3580    3439    3784
    7187  3  3     3784    3439    3551
    7188  3  3     3581    3580    3785
    7189  3  3     3785    3580    3784
    7190  3  3     3633    3504    3786
    7191  3  3     3786    3504    3562
    7192  3  3     3644    3624    3787
    7193  3  3     3787    3624    3772
    7194  3  3     3463    3549    3788
    7195  3  3     3463    3788    3563
    7196  3  3     3471    3563    3789
    7197  3  3     3789    3563    3788
    7198  3  3     3612    3471    3789
    7199  3  3     3480    3576    3790
    7200  3  3     3480    3790    3577
    7201  3  3     3657    3577    3791
    7202  3  3     3791    3577    3790
    7203  3  3     3469    3585    3792
    7204  3  3     3469    3792    3576
    7205  3  3     3572    3554    3793
    7206  3  3     3793    3554    3760
    7207  3  3     3637    3550    3794
    7208  3  3     3794    3550    3766
    7209  3  3     3542    3627    3795
    7210  3  3     3542    3795    3648
    7211  3  3     3650    3537    3796
    7212  3  3     3796    3537    3639
    7213  3  3     3607    3559    3797
    7214  3  3     3797    3559    3768
    7215  3  3     3632    3525    3798
    7216  3  3     3798    3525    3567
    7217  3  3     3567    3629    3799
    7218  3  3     3567    3799    3798
    7219  3  3     3629    3630    3800
    7220  3  3     3629    3800    3799
    7221  3  3     3579    3578    3801
    7222  3  3     3579    3801    3755
    7223  3  3     3578    3508    3802
    7224  3  3     3578    3802    3801
    7225  3  3     3508    3589    3802
    7226  3  3     3630    3516    3803
    7227  3  3     3803    3516    3566
    7228  3  3     3566    3571    3804
    7229  3  3     3566    3804    3803
    7230  3  3     3593    3499    3805
    7231  3  3     3805    3499    3610
    7232  3  3     3610    3611    3806
    7233  3  3     3610    3806    3805
    7234  3  3     3551    3568    3807
    7235  3  3     3551    3807    3784
    7236  3  3     3588    3548    3808
    7237  3  3     3808    3548    3440
    7238  3  3     3440    3443    3809
    7239  3  3     3440    3809    3808
    7240  3  3     3443    3552    3809
    7241  3  3     3589    3500    3810
    7242  3  3     3810    3500    3638
    7243  3  3     3502    3631    3811
    7244  3  3     3502    3811    3594
    7245  3  3     3595    3594    3812
    7246  3  3     3812    3594    3811
    7247  3  3     3596    3595    3813
    7248  3  3     3813    3595    3812
    7249  3  3     3597    3596    3814
    7250  3  3     3814    3596    3813
    7251  3  3     3598    3597    3815
    7252  3  3     3815    3597    3814
    7253  3  3     3608    3598    3816
    7254  3  3     3816    3598    3815
    7255  3  3     3622    3608    3817
    7256  3  3     3817    3608    3816
    7257  3  3     3455    3603    3818
    7258  3  3     3455    3818    3590
    7259  3  3     3603    3604    3819
    7260  3  3     3603    3819    3818
    7261  3  3     3604    3605    3819
    7262  3  3     3605    3646    3820
    7263  3  3     3605    3820    3819
    7264  3  3     3615    3609    3821
    7265  3  3     3821    3609    3613
    7266  3  3     3613    3614    3822
    7267  3  3     3613    3822    3821
    7268  3  3     3458    3565    3823
    7269  3  3     3458    3823    3586
    7270  3  3     3587    3586    3824
    7271  3  3     3824    3586    3823
    7272  3  3     3571    3541    3825
    7273  3  3     3825    3541    3654
    7274  3  3     3575    3519    3826
    7275  3  3     3826    3519    3621
    7276  3  3     3623    3622    3827
    7277  3  3     3827    3622    3817
    7278  3  3     3616    3615    3828
    7279  3  3     3828    3615    3821
    7280  3  3     3617    3616    3829
    7281  3  3     3829    3616    3828
    7282  3  3     3618    3617    3830
    7283  3  3     3830    3617    3829
    7284  3  3     3619    3618    3831
    7285  3  3     3831    3618    3830
    7286  3  3     3620    3619    3832
    7287  3  3     3832    3619    3831
    7288  3  3     3621    3620    3833
    7289  3  3     3833    3620    3832
    7290  3  3     3545    3656    3834
    7291  3  3     3545    3834    3626
    7292  3  3     3635    3634    3835
    7293  3  3     3635    3835    3760
    7294  3  3     3634    3636    3836
    7295  3  3     3634    3836    3835
    7296  3  3     3522    3529    3837
    7297  3  3     3837    3529    3643
    7298  3  3     3628    3522    3838
    7299  3  3     3838    3522    3837
    7300  3  3     3614    3520    3839
    7301  3  3     3614    3839    3822
    7302  3  3     3520    3569    3840
    7303  3  3     3520    3840    3839
    7304  3  3     3569    3625    3841
    7305  3  3     3569    3841    3840
    7306  3  3     3625    3626    3842
    7307  3  3     3625    3842    3841
    7308  3  3     3573    3518    3843
    7309  3  3     3843    3518    3623
    7310  3  3     3653    3573    3844
    7311  3  3     3844    3573    3843
    7312  3  3     3521    3574    3845
    7313  3  3     3521    3845    3584
    7314  3  3     3585    3584    3846
    7315  3  3     3846    3584    3845
    7316  3  3     3523    3628    3847
    7317  3  3     3523    3847    3601
    7318  3  3     3641    3642    3848
    7319  3  3     3641    3848    3762
    7320  3  3     3645    3647    3849
    7321  3  3     3645    3849    3850
    7322  3  3     3645    3850    3646
    7323  3  3     3639    3640    3851
    7324  3  3     3851    3640    3852
    7325  3  3     3852    3640    3757
    7326  3  3     3531    3637    3853
    7327  3  3     3531    3853    3854
    7328  3  3     3531    3854    3552
    7329  3  3     3652    3653    3855
    7330  3  3     3652    3855    3856
    7331  3  3     3652    3856    3782
    7332  3  3     3656    3657    3857
    7333  3  3     3857    3657    3858
    7334  3  3     3858    3657    3791
    7335  3  3     3651    3650    3859
    7336  3  3     3859    3650    3860
    7337  3  3     3860    3650    3796
    7338  3  3     3649    3648    3861
    7339  3  3     3861    3648    3862
    7340  3  3     3862    3648    3795
    7341  3  3     3643    3644    3863
    7342  3  3     3643    3863    3864
    7343  3  3     3643    3864    3837
    7344  3  3     3654    3655    3865
    7345  3  3     3654    3865    3866
    7346  3  3     3654    3866    3825
    7347  3  3     3836    3636    3781
    7348  3  3     3756    3547    3867
    7349  3  3     3867    3547    3761
    7350  3  3     3852    3757    3868
    7351  3  3     3868    3757    3649
    7352  3  3     3649    3861    3868
    7353  3  3     3574    3754    3869
    7354  3  3     3574    3869    3845
    7355  3  3     3784    3807    3870
    7356  3  3     3784    3870    3785
    7357  3  3     3575    3826    3871
    7358  3  3     3575    3871    3766
    7359  3  3     3796    3639    3872
    7360  3  3     3872    3639    3851
    7361  3  3     3581    3785    3873
    7362  3  3     3581    3873    3754
    7363  3  3     3860    3796    3874
    7364  3  3     3874    3796    3872
    7365  3  3     3572    3793    3875
    7366  3  3     3572    3875    3770
    7367  3  3     3804    3571    3876
    7368  3  3     3876    3571    3825
    7369  3  3     3552    3854    3877
    7370  3  3     3552    3877    3809
    7371  3  3     3600    3776    3878
    7372  3  3     3600    3878    3779
    7373  3  3     3774    3558    3879
    7374  3  3     3879    3558    3756
    7375  3  3     3602    3770    3880
    7376  3  3     3602    3880    3778
    7377  3  3     3808    3809    3881
    7378  3  3     3881    3809    3877
    7379  3  3     3588    3808    3143
    7380  3  3     3143    3808    3881
    7381  3  3     3767    3588    3143
    7382  3  3     3565    3783    3882
    7383  3  3     3565    3882    3823
    7384  3  3     3824    3823    3884
    7385  3  3     3884    3823    3882
    7386  3  3     3759    3590    3885
    7387  3  3     3885    3590    3818
    7388  3  3     3601    3847    3886
    7389  3  3     3601    3886    3761
    7390  3  3     3593    3805    3887
    7391  3  3     3593    3887    3768
    7392  3  3     3560    3769    3888
    7393  3  3     3560    3888    3771
    7394  3  3     3788    3549    3889
    7395  3  3     3889    3549    3771
    7396  3  3     3789    3788    3890
    7397  3  3     3890    3788    3889
    7398  3  3     3612    3789    3890
    7399  3  3     3765    3612    3890
    7400  3  3     3621    3833    3891
    7401  3  3     3621    3891    3826
    7402  3  3     3846    3845    3892
    7403  3  3     3892    3845    3869
    7404  3  3     3825    3866    3893
    7405  3  3     3825    3893    3876
    7406  3  3     3646    3850    3894
    7407  3  3     3646    3894    3820
    7408  3  3     3790    3576    3895
    7409  3  3     3895    3576    3792
    7410  3  3     3791    3790    3896
    7411  3  3     3896    3790    3895
    7412  3  3     3858    3791    3897
    7413  3  3     3897    3791    3896
    7414  3  3     3758    3555    3898
    7415  3  3     3898    3555    3778
    7416  3  3     3585    3846    3899
    7417  3  3     3585    3899    3792
    7418  3  3     3805    3806    3900
    7419  3  3     3805    3900    3887
    7420  3  3     3842    3626    3901
    7421  3  3     3901    3626    3834
    7422  3  3     3806    3611    3902
    7423  3  3     3902    3611    3765
    7424  3  3     3818    3819    3903
    7425  3  3     3818    3903    3885
    7426  3  3     3819    3820    3904
    7427  3  3     3819    3904    3903
    7428  3  3     3848    3642    3905
    7429  3  3     3905    3642    3755
    7430  3  3     3755    3801    3906
    7431  3  3     3755    3906    3905
    7432  3  3     3794    3766    3907
    7433  3  3     3907    3766    3871
    7434  3  3     3801    3802    3908
    7435  3  3     3801    3908    3906
    7436  3  3     3802    3589    3909
    7437  3  3     3802    3909    3908
    7438  3  3     3589    3810    3909
    7439  3  3     3795    3627    3910
    7440  3  3     3910    3627    3762
    7441  3  3     3862    3795    3911
    7442  3  3     3911    3795    3910
    7443  3  3     3780    3553    3912
    7444  3  3     3912    3553    3758
    7445  3  3     3656    3857    3913
    7446  3  3     3656    3913    3834
    7447  3  3     3606    3780    3914
    7448  3  3     3606    3914    3783
    7449  3  3     3607    3797    3915
    7450  3  3     3607    3915    3772
    7451  3  3     3787    3772    3916
    7452  3  3     3916    3772    3915
    7453  3  3     3781    3651    3917
    7454  3  3     3917    3651    3859
    7455  3  3     3653    3844    3918
    7456  3  3     3653    3918    3855
    7457  3  3     3843    3623    3919
    7458  3  3     3919    3623    3827
    7459  3  3     3644    3787    3920
    7460  3  3     3644    3920    3863
    7461  3  3     3775    3561    3921
    7462  3  3     3921    3561    3767
    7463  3  3     3776    3775    3922
    7464  3  3     3922    3775    3921
    7465  3  3     3807    3568    3923
    7466  3  3     3923    3568    3759
    7467  3  3     3587    3824    3924
    7468  3  3     3587    3924    3647
    7469  3  3     3849    3647    3925
    7470  3  3     3925    3647    3924
    7471  3  3     3828    3821    3926
    7472  3  3     3926    3821    3822
    7473  3  3     3822    3839    3927
    7474  3  3     3822    3927    3926
    7475  3  3     3844    3843    3928
    7476  3  3     3928    3843    3919
    7477  3  3     3800    3630    3929
    7478  3  3     3929    3630    3803
    7479  3  3     3803    3804    3930
    7480  3  3     3803    3930    3929
    7481  3  3     3631    3763    3931
    7482  3  3     3631    3931    3811
    7483  3  3     3763    3764    3932
    7484  3  3     3763    3932    3931
    7485  3  3     3812    3811    3933
    7486  3  3     3933    3811    3931
    7487  3  3     3813    3812    3934
    7488  3  3     3934    3812    3933
    7489  3  3     3814    3813    3935
    7490  3  3     3935    3813    3934
    7491  3  3     3815    3814    3936
    7492  3  3     3936    3814    3935
    7493  3  3     3797    3768    3937
    7494  3  3     3937    3768    3887
    7495  3  3     3847    3628    3938
    7496  3  3     3938    3628    3838
    7497  3  3     3829    3828    3939
    7498  3  3     3939    3828    3926
    7499  3  3     3830    3829    3940
    7500  3  3     3940    3829    3939
    7501  3  3     3831    3830    3941
    7502  3  3     3941    3830    3940
    7503  3  3     3832    3831    3942
    7504  3  3     3942    3831    3941
    7505  3  3     3833    3832    3943
    7506  3  3     3943    3832    3942
    7507  3  3     3816    3815    3944
    7508  3  3     3944    3815    3936
    7509  3  3     3817    3816    3945
    7510  3  3     3945    3816    3944
    7511  3  3     3827    3817    3946
    7512  3  3     3946    3817    3945
    7513  3  3     3562    3773    3947
    7514  3  3     3562    3947    3786
    7515  3  3     3773    3774    3948
    7516  3  3     3773    3948    3947
    7517  3  3     3838    3837    3949
    7518  3  3     3949    3837    3864
    7519  3  3     3769    3583    3950
    7520  3  3     3769    3950    3888
    7521  3  3     3583    3782    3950
    7522  3  3     3782    3856    3951
    7523  3  3     3782    3951    3950
    7524  3  3     3632    3798    3952
    7525  3  3     3632    3952    3764
    7526  3  3     3798    3799    3953
    7527  3  3     3798    3953    3952
    7528  3  3     3799    3800    3954
    7529  3  3     3799    3954    3953
    7530  3  3     3839    3840    3955
    7531  3  3     3839    3955    3927
    7532  3  3     3840    3841    3956
    7533  3  3     3840    3956    3955
    7534  3  3     3841    3842    3956
    7535  3  3     3655    3779    3957
    7536  3  3     3957    3779    3878
    7537  3  3     3865    3655    3958
    7538  3  3     3958    3655    3957
    7539  3  3     3777    3633    3959
    7540  3  3     3959    3633    3786
    7541  3  3     3762    3848    3960
    7542  3  3     3762    3960    3910
    7543  3  3     3793    3760    3961
    7544  3  3     3961    3760    3835
    7545  3  3     3835    3836    3962
    7546  3  3     3835    3962    3961
    7547  3  3     3851    3852    3963
    7548  3  3     3851    3963    3872
    7549  3  3     3638    3777    3964
    7550  3  3     3638    3964    3965
    7551  3  3     3638    3965    3810
    7552  3  3     3859    3860    3966
    7553  3  3     3966    3860    3874
    7554  3  3     3637    3794    3967
    7555  3  3     3637    3967    3968
    7556  3  3     3637    3968    3853
    7557  3  3     3854    3853    3969
    7558  3  3     3969    3853    3968
    7559  3  3     3850    3849    3970
    7560  3  3     3970    3849    3971
    7561  3  3     3971    3849    3925
    7562  3  3     3866    3865    3972
    7563  3  3     3972    3865    3973
    7564  3  3     3973    3865    3958
    7565  3  3     3856    3855    3974
    7566  3  3     3974    3855    3975
    7567  3  3     3975    3855    3918
    7568  3  3     3857    3858    3976
    7569  3  3     3857    3976    3977
    7570  3  3     3857    3977    3913
    7571  3  3     3861    3862    3978
    7572  3  3     3978    3862    3979
    7573  3  3     3979    3862    3911
    7574  3  3     3864    3863    3980
    7575  3  3     3864    3980    3981
    7576  3  3     3864    3981    3949
    7577  3  3     3343    3698    3707
    7578  3  3     3662    3345    3659
    7579  3  3     3351    3667    3973
    7580  3  3     3351    3973    3724
    7581  3  3     3721    3406    3982
    7582  3  3     3982    3406    3660
    7583  3  3     3684    3353    3983
    7584  3  3     3983    3353    3729
    7585  3  3     3430    3747    3984
    7586  3  3     3430    3984    3665
    7587  3  3     3693    3398    3985
    7588  3  3     3985    3398    3714
    7589  3  3     3386    3673    3986
    7590  3  3     3386    3986    3686
    7591  3  3     3367    3666    3987
    7592  3  3     3367    3987    3709
    7593  3  3     3346    3665    3988
    7594  3  3     3346    3988    3674
    7595  3  3     3667    3365    3989
    7596  3  3     3989    3365    3690
    7597  3  3     3358    3686    3990
    7598  3  3     3358    3990    3730
    7599  3  3     3356    3668    3991
    7600  3  3     3356    3991    3685
    7601  3  3     3749    3685    3992
    7602  3  3     3992    3685    3991
    7603  3  3     3663    3380    3993
    7604  3  3     3993    3380    3722
    7605  3  3     3375    3679    3994
    7606  3  3     3375    3994    3688
    7607  3  3     3676    3388    3995
    7608  3  3     3995    3388    3684
    7609  3  3     3357    3675    3996
    7610  3  3     3357    3996    3712
    7611  3  3     3675    3676    3997
    7612  3  3     3675    3997    3996
    7613  3  3     3390    3670    3998
    7614  3  3     3390    3998    3408
    7615  3  3     3713    3408    3998
    7616  3  3     3372    3704    3999
    7617  3  3     3372    3999    3658
    7618  3  3     3704    3705    4000
    7619  3  3     3704    4000    3999
    7620  3  3     3383    3703    4001
    7621  3  3     3383    4001    3694
    7622  3  3     3679    3710    4002
    7623  3  3     3679    4002    3994
    7624  3  3     3744    3433    4003
    7625  3  3     4003    3433    3680
    7626  3  3     3680    3368    4004
    7627  3  3     4004    3368    3687
    7628  3  3     3687    3688    4005
    7629  3  3     3687    4005    4004
    7630  3  3     3392    3697    4006
    7631  3  3     3392    4006    3660
    7632  3  3     3708    3709    4007
    7633  3  3     3708    4007    3711
    7634  3  3     3677    3394    4008
    7635  3  3     4008    3394    3711
    7636  3  3     3678    3677    4009
    7637  3  3     4009    3677    4008
    7638  3  3     3722    3723    4010
    7639  3  3     3722    4010    3993
    7640  3  3     3723    3414    4011
    7641  3  3     4011    3414    3726
    7642  3  3     3435    3752    4012
    7643  3  3     3435    4012    3710
    7644  3  3     3373    3658    4013
    7645  3  3     3373    4013    3689
    7646  3  3     3690    3689    4014
    7647  3  3     4014    3689    4013
    7648  3  3     3416    3748    4015
    7649  3  3     3416    4015    3692
    7650  3  3     3750    3418    4016
    7651  3  3     4016    3418    3701
    7652  3  3     3370    3678    4017
    7653  3  3     3370    4017    3700
    7654  3  3     3701    3700    4018
    7655  3  3     4018    3700    4017
    7656  3  3     3753    3694    4019
    7657  3  3     4019    3694    4001
    7658  3  3     3420    3732    4020
    7659  3  3     3420    4020    3705
    7660  3  3     3696    3412    4021
    7661  3  3     4021    3412    3734
    7662  3  3     3669    3350    4022
    7663  3  3     4022    3350    3695
    7664  3  3     3695    3696    4023
    7665  3  3     3695    4023    4022
    7666  3  3     3670    3669    4024
    7667  3  3     4024    3669    4022
    7668  3  3     3671    3682    4025
    7669  3  3     3671    4025    3735
    7670  3  3     3682    3683    4026
    7671  3  3     3682    4026    4025
    7672  3  3     3683    3693    4027
    7673  3  3     3683    4027    4026
    7674  3  3     3699    3384    4028
    7675  3  3     4028    3384    3691
    7676  3  3     3691    3692    4029
    7677  3  3     3691    4029    4028
    7678  3  3     3681    3362    4030
    7679  3  3     4030    3362    3674
    7680  3  3     3664    3396    4031
    7681  3  3     4031    3396    3661
    7682  3  3     3661    3663    4032
    7683  3  3     3661    4032    4031
    7684  3  3     3363    3681    4033
    7685  3  3     3363    4033    3672
    7686  3  3     3673    3672    4034
    7687  3  3     4034    3672    4033
    7688  3  3     3702    3712    4035
    7689  3  3     3702    4035    3703
    7690  3  3     3410    3713    4036
    7691  3  3     3410    4036    3727
    7692  3  3     3666    3727    4037
    7693  3  3     3666    4037    3987
    7694  3  3     3714    3715    4038
    7695  3  3     3714    4038    3985
    7696  3  3     3715    3716    4039
    7697  3  3     3715    4039    4038
    7698  3  3     3716    3717    4040
    7699  3  3     3716    4040    4039
    7700  3  3     3717    3718    4041
    7701  3  3     3717    4041    4040
    7702  3  3     3718    3719    4042
    7703  3  3     3718    4042    4041
    7704  3  3     3719    3720    4043
    7705  3  3     3719    4043    4042
    7706  3  3     3720    3721    4044
    7707  3  3     3720    4044    4043
    7708  3  3     3668    3662    4045
    7709  3  3     4045    3662    3659
    7710  3  3     3659    3664    4046
    7711  3  3     3659    4046    4045
    7712  3  3     3349    3706    4047
    7713  3  3     3349    4047    3697
    7714  3  3     3706    3707    4048
    7715  3  3     3706    4048    4047
    7716  3  3     3698    3699    4049
    7717  3  3     3698    4049    3707
    7718  3  3     3731    3730    4050
    7719  3  3     4050    3730    3990
    7720  3  3     3733    3731    4051
    7721  3  3     4051    3731    4050
    7722  3  3     3725    3724    3958
    7723  3  3     3958    3724    3973
    7724  3  3     3726    3725    3883
    7725  3  3     3883    3725    3957
    7726  3  3     3957    3725    3958
    7727  3  3     3728    3751    4052
    7728  3  3     3728    4052    3729
    7729  3  3     3732    3733    4054
    7730  3  3     3732    4054    4055
    7731  3  3     3732    4055    4020
    7732  3  3     3734    3735    4056
    7733  3  3     3734    4056    4057
    7734  3  3     3734    4057    4021
    7735  3  3     3748    3749    4058
    7736  3  3     3748    4058    4059
    7737  3  3     3748    4059    4015
    7738  3  3     3751    3750    4060
    7739  3  3     4060    3750    4061
    7740  3  3     4061    3750    4016
    7741  3  3     3736    3737    4062
    7742  3  3     3736    4062    4063
    7743  3  3     3736    4063    3745
    7744  3  3     3746    3745    4064
    7745  3  3     4064    3745    4063
    7746  3  3     3747    3746    4065
    7747  3  3     4065    3746    4064
    7748  3  3     3737    3738    4066
    7749  3  3     3737    4066    4062
    7750  3  3     3738    3739    4067
    7751  3  3     3738    4067    4066
    7752  3  3     3739    3740    4068
    7753  3  3     3739    4068    4067
    7754  3  3     3740    3741    4069
    7755  3  3     3740    4069    4068
    7756  3  3     3741    3742    4070
    7757  3  3     3741    4070    4069
    7758  3  3     3742    3743    4071
    7759  3  3     3742    4071    4070
    7760  3  3     3743    3744    4072
    7761  3  3     3743    4072    4071
    7762  3  3     3752    3753    4073
    7763  3  3     3752    4073    4074
    7764  3  3     3752    4074    4012
    7765  3  3     3972    3973    3667
    7766  3  3     3764    3952    3932
    7767  3  3     3754    3873    3869
    7768  3  3     3778    3880    3898
    7769  3  3     3820    3894    4075
    7770  3  3     3820    4075    3904
    7771  3  3     3756    3867    4076
    7772  3  3     3756    4076    3879
    7773  3  3     3957    3878    4077
    7774  3  3     3957    4077    3883
    7775  3  3     3785    3870    4078
    7776  3  3     3785    4078    3873
    7777  3  3     3783    3914    4079
    7778  3  3     3783    4079    3882
    7779  3  3     3920    3787    4080
    7780  3  3     4080    3787    3916
    7781  3  3     3900    3806    4081
    7782  3  3     4081    3806    3902
    7783  3  3     3854    3969    4082
    7784  3  3     3854    4082    3877
    7785  3  3     3881    3877    4083
    7786  3  3     4083    3877    4082
    7787  3  3     3871    3826    4084
    7788  3  3     4084    3826    3891
    7789  3  3     3777    3959    4085
    7790  3  3     3777    4085    3964
    7791  3  3     3907    3871    4086
    7792  3  3     4086    3871    4084
    7793  3  3     3838    3949    4087
    7794  3  3     3838    4087    3938
    7795  3  3     3948    3774    4088
    7796  3  3     4088    3774    3879
    7797  3  3     3866    3972    3989
    7798  3  3     3866    3989    3893
    7799  3  3     3878    3776    4089
    7800  3  3     4089    3776    3922
    7801  3  3     3780    3912    4090
    7802  3  3     3780    4090    3914
    7803  3  3     3870    3807    4091
    7804  3  3     4091    3807    3923
    7805  3  3     3143    3881    4092
    7806  3  3     3143    4092    3767
    7807  3  3     3921    3767    4092
    7808  3  3     3793    3961    4093
    7809  3  3     3793    4093    3875
    7810  3  3     3884    3882    4094
    7811  3  3     4094    3882    4079
    7812  3  3     3867    3761    4095
    7813  3  3     4095    3761    3886
    7814  3  3     3937    3887    4096
    7815  3  3     4096    3887    3900
    7816  3  3     3909    3810    4097
    7817  3  3     4097    3810    3965
    7818  3  3     3770    3875    4098
    7819  3  3     3770    4098    3880
    7820  3  3     3891    3833    4099
    7821  3  3     4099    3833    3943
    7822  3  3     3954    3800    4100
    7823  3  3     4100    3800    3929
    7824  3  3     3963    3852    4101
    7825  3  3     4101    3852    3868
    7826  3  3     3868    3861    4102
    7827  3  3     3868    4102    4101
    7828  3  3     3861    3978    4102
    7829  3  3     3850    3970    4103
    7830  3  3     3850    4103    3894
    7831  3  3     3959    3786    4104
    7832  3  3     4104    3786    3947
    7833  3  3     3889    3771    4105
    7834  3  3     4105    3771    3888
    7835  3  3     3759    3885    4106
    7836  3  3     3759    4106    3923
    7837  3  3     3933    3931    4107
    7838  3  3     4107    3931    3932
    7839  3  3     3874    3872    4108
    7840  3  3     4108    3872    3963
    7841  3  3     3794    3907    4109
    7842  3  3     3794    4109    3967
    7843  3  3     3962    3836    4110
    7844  3  3     4110    3836    3781
    7845  3  3     3781    3917    4111
    7846  3  3     3781    4111    4110
    7847  3  3     3824    3884    4112
    7848  3  3     3824    4112    3924
    7849  3  3     3976    3858    4113
    7850  3  3     4113    3858    3897
    7851  3  3     3917    3859    4114
    7852  3  3     4114    3859    3966
    7853  3  3     3895    3792    4115
    7854  3  3     4115    3792    3899
    7855  3  3     3896    3895    4116
    7856  3  3     4116    3895    4115
    7857  3  3     3897    3896    4117
    7858  3  3     4117    3896    4116
    7859  3  3     3930    3804    4118
    7860  3  3     4118    3804    3876
    7861  3  3     3890    3889    4119
    7862  3  3     4119    3889    4105
    7863  3  3     3765    3890    4120
    7864  3  3     4120    3890    4119
    7865  3  3     3902    3765    4120
    7866  3  3     3980    3863    4121
    7867  3  3     4121    3863    3920
    7868  3  3     3947    3948    4122
    7869  3  3     3947    4122    4104
    7870  3  3     3949    3981    4123
    7871  3  3     3949    4123    4087
    7872  3  3     3910    3960    4124
    7873  3  3     3910    4124    3911
    7874  3  3     3979    3911    4125
    7875  3  3     4125    3911    4124
    7876  3  3     3797    3937    4126
    7877  3  3     3797    4126    3915
    7878  3  3     3916    3915    4127
    7879  3  3     4127    3915    4126
    7880  3  3     3934    3933    4128
    7881  3  3     4128    3933    4107
    7882  3  3     3935    3934    4129
    7883  3  3     4129    3934    4128
    7884  3  3     3936    3935    4130
    7885  3  3     4130    3935    4129
    7886  3  3     3944    3936    4131
    7887  3  3     4131    3936    4130
    7888  3  3     3925    3924    4132
    7889  3  3     4132    3924    4112
    7890  3  3     3971    3925    4132
    7891  3  3     3951    3856    4133
    7892  3  3     4133    3856    3974
    7893  3  3     3908    3909    4134
    7894  3  3     4134    3909    4097
    7895  3  3     3906    3908    4135
    7896  3  3     4135    3908    4134
    7897  3  3     3905    3906    4136
    7898  3  3     4136    3906    4135
    7899  3  3     3848    3905    4137
    7900  3  3     4137    3905    4136
    7901  3  3     3960    3848    4138
    7902  3  3     4138    3848    4137
    7903  3  3     3876    3893    4139
    7904  3  3     3876    4139    4118
    7905  3  3     3922    3921    4140
    7906  3  3     4140    3921    4092
    7907  3  3     3912    3758    4141
    7908  3  3     4141    3758    3898
    7909  3  3     3846    3892    4142
    7910  3  3     3846    4142    3899
    7911  3  3     3929    3930    4143
    7912  3  3     3929    4143    4100
    7913  3  3     3926    3927    4144
    7914  3  3     3926    4144    3939
    7915  3  3     3927    3955    4145
    7916  3  3     3927    4145    4144
    7917  3  3     3955    3956    4146
    7918  3  3     3955    4146    4145
    7919  3  3     3827    3946    4147
    7920  3  3     3827    4147    3919
    7921  3  3     3928    3919    4148
    7922  3  3     4148    3919    4147
    7923  3  3     3885    3903    4149
    7924  3  3     3885    4149    4106
    7925  3  3     3903    3904    4150
    7926  3  3     3903    4150    4149
    7927  3  3     3844    3928    4151
    7928  3  3     3844    4151    3918
    7929  3  3     3975    3918    4152
    7930  3  3     4152    3918    4151
    7931  3  3     3834    3913    4153
    7932  3  3     3834    4153    3901
    7933  3  3     3913    3977    4154
    7934  3  3     3913    4154    4153
    7935  3  3     3940    3939    4155
    7936  3  3     4155    3939    4144
    7937  3  3     3941    3940    4156
    7938  3  3     4156    3940    4155
    7939  3  3     3942    3941    4157
    7940  3  3     4157    3941    4156
    7941  3  3     3943    3942    4158
    7942  3  3     4158    3942    4157
    7943  3  3     3945    3944    4159
    7944  3  3     4159    3944    4131
    7945  3  3     3946    3945    4160
    7946  3  3     4160    3945    4159
    7947  3  3     3892    3869    4161
    7948  3  3     4161    3869    3873
    7949  3  3     3847    3938    4162
    7950  3  3     3847    4162    3886
    7951  3  3     3888    3950    4163
    7952  3  3     3888    4163    4105
    7953  3  3     3950    3951    4164
    7954  3  3     3950    4164    4163
    7955  3  3     3956    3842    4165
    7956  3  3     3956    4165    4146
    7957  3  3     3842    3901    4166
    7958  3  3     3842    4166    4165
    7959  3  3     3961    3962    4167
    7960  3  3     3961    4167    4093
    7961  3  3     3966    3874    4168
    7962  3  3     4168    3874    4169
    7963  3  3     4169    3874    4108
    7964  3  3     3952    3953    4170
    7965  3  3     3952    4170    4171
    7966  3  3     3952    4171    3932
    7967  3  3     3953    3954    4172
    7968  3  3     3953    4172    4170
    7969  3  3     3965    3964    4173
    7970  3  3     4173    3964    4174
    7971  3  3     4174    3964    4085
    7972  3  3     3968    3967    4175
    7973  3  3     4175    3967    4176
    7974  3  3     4176    3967    4109
    7975  3  3     3969    3968    4177
    7976  3  3     4177    3968    4175
    7977  3  3     3970    3971    4178
    7978  3  3     3970    4178    4179
    7979  3  3     3970    4179    4103
    7980  3  3     3977    3976    4180
    7981  3  3     4180    3976    4181
    7982  3  3     4181    3976    4113
    7983  3  3     3978    3979    4182
    7984  3  3     3978    4182    4183
    7985  3  3     3978    4183    4102
    7986  3  3     3974    3975    4184
    7987  3  3     3974    4184    4185
    7988  3  3     3974    4185    4133
    7989  3  3     3981    3980    4186
    7990  3  3     4186    3980    4187
    7991  3  3     4187    3980    4121
    7992  3  3     3972    3667    3989
    7993  3  3     3878    4089    4077
    7994  3  3     4092    3881    4083
    7995  3  3     3883    4077    3726
    7996  3  3     3904    4075    4150
    7997  3  3     4107    3932    4171
    7998  3  3     4140    4092    4083
    7999  3  3     4161    3873    4188
    8000  3  3     4188    3873    4078
    8001  3  3     3914    4090    4189
    8002  3  3     3914    4189    4079
    8003  3  3     3886    4162    4190
    8004  3  3     3886    4190    4095
    8005  3  3     4096    3900    4191
    8006  3  3     4191    3900    4081
    8007  3  3     4094    4079    4192
    8008  3  3     4192    4079    4189
    8009  3  3     3893    3989    3306
    8010  3  3     3306    3989    3690
    8011  3  3     4139    3893    3306
    8012  3  3     4076    3867    4193
    8013  3  3     4193    3867    4095
    8014  3  3     3870    4091    4195
    8015  3  3     3870    4195    4078
    8016  3  3     3901    4153    4196
    8017  3  3     3901    4196    4166
    8018  3  3     4109    3907    4197
    8019  3  3     4197    3907    4086
    8020  3  3     4176    4109    4197
    8021  3  3     4081    3902    4198
    8022  3  3     4198    3902    4120
    8023  3  3     4101    4102    4199
    8024  3  3     4199    4102    4183
    8025  3  3     3963    4101    4199
    8026  3  3     4108    3963    4200
    8027  3  3     4200    3963    4199
    8028  3  3     4169    4108    4200
    8029  3  3     4097    3965    4201
    8030  3  3     4201    3965    4173
    8031  3  3     4134    4097    4202
    8032  3  3     4202    4097    4201
    8033  3  3     4111    3917    4203
    8034  3  3     4203    3917    4114
    8035  3  3     4080    3916    4204
    8036  3  3     4204    3916    4127
    8037  3  3     4122    3948    4205
    8038  3  3     4205    3948    4088
    8039  3  3     4153    4154    4206
    8040  3  3     4153    4206    4196
    8041  3  3     3879    4076    4207
    8042  3  3     3879    4207    4088
    8043  3  3     4135    4134    4208
    8044  3  3     4208    4134    4202
    8045  3  3     4121    3920    4209
    8046  3  3     4209    3920    4080
    8047  3  3     4187    4121    4210
    8048  3  3     4210    4121    4209
    8049  3  3     4090    3912    4211
    8050  3  3     4211    3912    4141
    8051  3  3     3930    4118    4212
    8052  3  3     3930    4212    4143
    8053  3  3     4118    4139    4213
    8054  3  3     4118    4213    4212
    8055  3  3     3923    4106    4214
    8056  3  3     3923    4214    4091
    8057  3  3     4106    4149    4215
    8058  3  3     4106    4215    4214
    8059  3  3     4089    3922    4216
    8060  3  3     4216    3922    4140
    8061  3  3     3875    4093    4217
    8062  3  3     3875    4217    4098
    8063  3  3     4093    4167    4218
    8064  3  3     4093    4218    4217
    8065  3  3     4084    3891    4219
    8066  3  3     4219    3891    4099
    8067  3  3     3892    4161    4220
    8068  3  3     3892    4220    4142
    8069  3  3     4105    4163    4221
    8070  3  3     4105    4221    4119
    8071  3  3     4120    4119    4222
    8072  3  3     4222    4119    4221
    8073  3  3     4115    3899    4223
    8074  3  3     4223    3899    4142
    8075  3  3     4116    4115    4224
    8076  3  3     4224    4115    4223
    8077  3  3     4117    4116    4225
    8078  3  3     4225    4116    4224
    8079  3  3     4086    4084    4226
    8080  3  3     4226    4084    4219
    8081  3  3     3977    4180    4227
    8082  3  3     3977    4227    4154
    8083  3  3     3884    4094    4228
    8084  3  3     3884    4228    4112
    8085  3  3     4132    4112    4229
    8086  3  3     4229    4112    4228
    8087  3  3     4075    3894    4230
    8088  3  3     4230    3894    4103
    8089  3  3     4103    4179    4231
    8090  3  3     4103    4231    4230
    8091  3  3     4172    3954    4232
    8092  3  3     4232    3954    4100
    8093  3  3     4100    4143    4233
    8094  3  3     4100    4233    4232
    8095  3  3     4128    4107    4234
    8096  3  3     4234    4107    4171
    8097  3  3     4129    4128    4235
    8098  3  3     4235    4128    4234
    8099  3  3     4130    4129    4236
    8100  3  3     4236    4129    4235
    8101  3  3     4131    4130    4237
    8102  3  3     4237    4130    4236
    8103  3  3     4159    4131    4238
    8104  3  3     4238    4131    4237
    8105  3  3     4160    4159    4239
    8106  3  3     4239    4159    4238
    8107  3  3     3979    4125    4240
    8108  3  3     3979    4240    4182
    8109  3  3     4136    4135    4241
    8110  3  3     4241    4135    4208
    8111  3  3     4137    4136    4242
    8112  3  3     4242    4136    4241
    8113  3  3     4138    4137    4243
    8114  3  3     4243    4137    4242
    8115  3  3     3960    4138    4244
    8116  3  3     4244    4138    4243
    8117  3  3     4124    3960    4244
    8118  3  3     4125    4124    4245
    8119  3  3     4245    4124    4244
    8120  3  3     4149    4150    4246
    8121  3  3     4149    4246    4215
    8122  3  3     3943    4158    4247
    8123  3  3     3943    4247    4099
    8124  3  3     4167    3962    4248
    8125  3  3     4248    3962    4110
    8126  3  3     4110    4111    4249
    8127  3  3     4110    4249    4248
    8128  3  3     4147    3946    4250
    8129  3  3     4250    3946    4160
    8130  3  3     4155    4144    4251
    8131  3  3     4251    4144    4145
    8132  3  3     4145    4146    4252
    8133  3  3     4145    4252    4251
    8134  3  3     4146    4165    4253
    8135  3  3     4146    4253    4252
    8136  3  3     4165    4166    4254
    8137  3  3     4165    4254    4253
    8138  3  3     4148    4147    4255
    8139  3  3     4255    4147    4250
    8140  3  3     3898    3880    4256
    8141  3  3     3898    4256    4141
    8142  3  3     3880    4098    4256
    8143  3  3     4164    3951    4257
    8144  3  3     4257    3951    4133
    8145  3  3     4133    4185    4258
    8146  3  3     4133    4258    4257
    8147  3  3     4162    3938    4259
    8148  3  3     4259    3938    4087
    8149  3  3     4087    4123    4260
    8150  3  3     4087    4260    4259
    8151  3  3     4123    3981    4261
    8152  3  3     4261    3981    4186
    8153  3  3     3975    4152    4262
    8154  3  3     3975    4262    4184
    8155  3  3     3928    4148    4263
    8156  3  3     3928    4263    4151
    8157  3  3     4171    4170    4264
    8158  3  3     4171    4264    4234
    8159  3  3     4170    4172    4264
    8160  3  3     3937    4096    4265
    8161  3  3     3937    4265    4126
    8162  3  3     4127    4126    4266
    8163  3  3     4266    4126    4265
    8164  3  3     4152    4151    4267
    8165  3  3     4267    4151    4263
    8166  3  3     3969    4177    4268
    8167  3  3     3969    4268    4082
    8168  3  3     4083    4082    4269
    8169  3  3     4269    4082    4268
    8170  3  3     4174    4085    4270
    8171  3  3     4270    4085    3959
    8172  3  3     3959    4104    4270
    8173  3  3     4104    4122    4271
    8174  3  3     4104    4271    4270
    8175  3  3     3897    4117    4272
    8176  3  3     3897    4272    4113
    8177  3  3     4181    4113    4273
    8178  3  3     4273    4113    4272
    8179  3  3     4156    4155    4274
    8180  3  3     4274    4155    4251
    8181  3  3     4157    4156    4275
    8182  3  3     4275    4156    4274
    8183  3  3     4158    4157    4276
    8184  3  3     4276    4157    4275
    8185  3  3     3971    4132    4277
    8186  3  3     4277    4132    4229
    8187  3  3     4178    3971    4277
    8188  3  3     4163    4164    4278
    8189  3  3     4163    4278    4221
    8190  3  3     3966    4168    4279
    8191  3  3     3966    4279    4114
    8192  3  3     4173    4174    4280
    8193  3  3     4173    4280    4201
    8194  3  3     4186    4187    4281
    8195  3  3     4281    4187    4282
    8196  3  3     4282    4187    4210
    8197  3  3     4168    4169    4283
    8198  3  3     4168    4283    4284
    8199  3  3     4168    4284    4279
    8200  3  3     4177    4175    4285
    8201  3  3     4285    4175    4286
    8202  3  3     4286    4175    4176
    8203  3  3     4180    4181    4287
    8204  3  3     4180    4287    4288
    8205  3  3     4180    4288    4227
    8206  3  3     4183    4182    4289
    8207  3  3     4289    4182    4290
    8208  3  3     4290    4182    4240
    8209  3  3     4185    4184    4291
    8210  3  3     4291    4184    4292
    8211  3  3     4292    4184    4262
    8212  3  3     4179    4178    4293
    8213  3  3     4179    4293    4294
    8214  3  3     4179    4294    4231
    8215  3  3     3690    4014    3306
    8216  3  3     3986    3673    4034
    8217  3  3     3664    4031    4046
    8218  3  3     3707    4049    4295
    8219  3  3     3707    4295    4048
    8220  3  3     3997    3676    3995
    8221  3  3     3990    3686    3986
    8222  3  3     3995    3684    4296
    8223  3  3     4296    3684    3983
    8224  3  3     3693    3985    4297
    8225  3  3     3693    4297    4027
    8226  3  3     3982    3660    4298
    8227  3  3     4298    3660    4006
    8228  3  3     4007    3709    4299
    8229  3  3     4299    3709    3987
    8230  3  3     4002    3710    4300
    8231  3  3     4300    3710    4012
    8232  3  3     4012    4074    4301
    8233  3  3     4012    4301    4300
    8234  3  3     3983    3729    4302
    8235  3  3     4302    3729    4052
    8236  3  3     4032    3663    4303
    8237  3  3     4303    3663    3993
    8238  3  3     3665    3984    4304
    8239  3  3     3665    4304    3988
    8240  3  3     4030    3674    4305
    8241  3  3     4305    3674    3988
    8242  3  3     4011    3726    4306
    8243  3  3     4306    3726    4077
    8244  3  3     3733    4051    4307
    8245  3  3     3733    4307    4054
    8246  3  3     3658    3999    4308
    8247  3  3     3658    4308    4013
    8248  3  3     4014    4013    4194
    8249  3  3     4194    4013    4308
    8250  3  3     3999    4000    4309
    8251  3  3     3999    4309    4308
    8252  3  3     3985    4038    4311
    8253  3  3     3985    4311    4297
    8254  3  3     4005    3688    4312
    8255  3  3     4312    3688    3994
    8256  3  3     3747    4065    4313
    8257  3  3     3747    4313    3984
    8258  3  3     3998    3670    4314
    8259  3  3     4314    3670    4024
    8260  3  3     3749    3992    4315
    8261  3  3     3749    4315    4058
    8262  3  3     3993    4010    4316
    8263  3  3     3993    4316    4303
    8264  3  3     3696    4021    4317
    8265  3  3     3696    4317    4023
    8266  3  3     4021    4057    4318
    8267  3  3     4021    4318    4317
    8268  3  3     3680    4004    4319
    8269  3  3     3680    4319    4003
    8270  3  3     4004    4005    4320
    8271  3  3     4004    4320    4319
    8272  3  3     3678    4009    4321
    8273  3  3     3678    4321    4017
    8274  3  3     4018    4017    4322
    8275  3  3     4322    4017    4321
    8276  3  3     3753    4019    4323
    8277  3  3     3753    4323    4073
    8278  3  3     4029    3692    4324
    8279  3  3     4324    3692    4015
    8280  3  3     4015    4059    4325
    8281  3  3     4015    4325    4324
    8282  3  3     3681    4030    4326
    8283  3  3     3681    4326    4033
    8284  3  3     4034    4033    4327
    8285  3  3     4327    4033    4326
    8286  3  3     4072    3744    4328
    8287  3  3     4328    3744    4003
    8288  3  3     3699    4028    4329
    8289  3  3     3699    4329    4049
    8290  3  3     4028    4029    4330
    8291  3  3     4028    4330    4329
    8292  3  3     3987    4037    4331
    8293  3  3     3987    4331    4299
    8294  3  3     4001    3703    4332
    8295  3  3     4332    3703    4035
    8296  3  3     4019    4001    4333
    8297  3  3     4333    4001    4332
    8298  3  3     4056    3735    4334
    8299  3  3     4334    3735    4025
    8300  3  3     3721    3982    4335
    8301  3  3     3721    4335    4044
    8302  3  3     4006    3697    4336
    8303  3  3     4336    3697    4047
    8304  3  3     3723    4011    4337
    8305  3  3     3723    4337    4010
    8306  3  3     4024    4022    4338
    8307  3  3     4338    4022    4023
    8308  3  3     3712    3996    4339
    8309  3  3     3712    4339    4035
    8310  3  3     3996    3997    4340
    8311  3  3     3996    4340    4339
    8312  3  3     4025    4026    4341
    8313  3  3     4025    4341    4334
    8314  3  3     4026    4027    4342
    8315  3  3     4026    4342    4341
    8316  3  3     4031    4032    4343
    8317  3  3     4031    4343    4046
    8318  3  3     4008    3711    4344
    8319  3  3     4344    3711    4007
    8320  3  3     4009    4008    4345
    8321  3  3     4345    4008    4344
    8322  3  3     3705    4020    4346
    8323  3  3     3705    4346    4000
    8324  3  3     4020    4055    4347
    8325  3  3     4020    4347    4346
    8326  3  3     3701    4018    4348
    8327  3  3     3701    4348    4016
    8328  3  3     4061    4016    4349
    8329  3  3     4349    4016    4348
    8330  3  3     4038    4039    4350
    8331  3  3     4038    4350    4311
    8332  3  3     4039    4040    4351
    8333  3  3     4039    4351    4350
    8334  3  3     4040    4041    4352
    8335  3  3     4040    4352    4351
    8336  3  3     4041    4042    4353
    8337  3  3     4041    4353    4352
    8338  3  3     4042    4043    4354
    8339  3  3     4042    4354    4353
    8340  3  3     4043    4044    4355
    8341  3  3     4043    4355    4354
    8342  3  3     3668    4045    4356
    8343  3  3     3668    4356    3991
    8344  3  3     3992    3991    4357
    8345  3  3     4357    3991    4356
    8346  3  3     4045    4046    4358
    8347  3  3     4045    4358    4356
    8348  3  3     3994    4002    4359
    8349  3  3     3994    4359    4312
    8350  3  3     3751    4060    4360
    8351  3  3     3751    4360    4052
    8352  3  3     3713    3998    4361
    8353  3  3     4361    3998    4314
    8354  3  3     4036    3713    4362
    8355  3  3     4362    3713    4361
    8356  3  3     4047    4048    4363
    8357  3  3     4047    4363    4336
    8358  3  3     4055    4054    4364
    8359  3  3     4364    4054    4365
    8360  3  3     4365    4054    4307
    8361  3  3     3727    4036    4366
    8362  3  3     3727    4366    4367
    8363  3  3     3727    4367    4037
    8364  3  3     4050    3990    4368
    8365  3  3     4368    3990    4369
    8366  3  3     4369    3990    3986
    8367  3  3     4051    4050    4370
    8368  3  3     4370    4050    4368
    8369  3  3     4059    4058    4371
    8370  3  3     4371    4058    4372
    8371  3  3     4372    4058    4315
    8372  3  3     4074    4073    4373
    8373  3  3     4074    4373    4374
    8374  3  3     4074    4374    4301
    8375  3  3     4057    4056    4375
    8376  3  3     4375    4056    4376
    8377  3  3     4376    4056    4334
    8378  3  3     4062    4066    4377
    8379  3  3     4062    4377    4378
    8380  3  3     4062    4378    4063
    8381  3  3     4066    4067    4379
    8382  3  3     4066    4379    4377
    8383  3  3     4064    4063    4380
    8384  3  3     4380    4063    4378
    8385  3  3     4065    4064    4381
    8386  3  3     4381    4064    4380
    8387  3  3     4067    4068    4382
    8388  3  3     4067    4382    4379
    8389  3  3     4068    4069    4383
    8390  3  3     4068    4383    4382
    8391  3  3     4069    4070    4384
    8392  3  3     4069    4384    4383
    8393  3  3     4070    4071    4385
    8394  3  3     4070    4385    4384
    8395  3  3     4071    4072    4386
    8396  3  3     4071    4386    4385
    8397  3  3     4060    4061    4387
    8398  3  3     4060    4387    4388
    8399  3  3     4060    4388    4360
    8400  3  3     4077    4089    4306
    8401  3  3     4089    4216    4306
    8402  3  3     4120    4222    4198
    8403  3  3     4139    3306    4014
    8404  3  3     4083    4269    4140
    8405  3  3     4216    4140    4389
    8406  3  3     4389    4140    4269
    8407  3  3     4096    4191    4265
    8408  3  3     4122    4205    4390
    8409  3  3     4122    4390    4271
    8410  3  3     4111    4203    4391
    8411  3  3     4111    4391    4249
    8412  3  3     4078    4195    4392
    8413  3  3     4078    4392    4188
    8414  3  3     4272    4117    4393
    8415  3  3     4393    4117    4225
    8416  3  3     4076    4193    4394
    8417  3  3     4076    4394    4207
    8418  3  3     4278    4164    4395
    8419  3  3     4395    4164    4257
    8420  3  3     4081    4198    4396
    8421  3  3     4081    4396    4191
    8422  3  3     4080    4204    4397
    8423  3  3     4080    4397    4209
    8424  3  3     4210    4209    4398
    8425  3  3     4398    4209    4397
    8426  3  3     4282    4210    4399
    8427  3  3     4399    4210    4398
    8428  3  3     4123    4261    4400
    8429  3  3     4123    4400    4260
    8430  3  3     4099    4247    4401
    8431  3  3     4099    4401    4219
    8432  3  3     4226    4219    4402
    8433  3  3     4402    4219    4401
    8434  3  3     4166    4196    4403
    8435  3  3     4166    4403    4254
    8436  3  3     4196    4206    4404
    8437  3  3     4196    4404    4403
    8438  3  3     4095    4190    4405
    8439  3  3     4095    4405    4193
    8440  3  3     4203    4114    4406
    8441  3  3     4406    4114    4279
    8442  3  3     4269    4268    4407
    8443  3  3     4269    4407    4389
    8444  3  3     4268    4177    4408
    8445  3  3     4268    4408    4407
    8446  3  3     4177    4285    4408
    8447  3  3     4213    4139    4194
    8448  3  3     4194    4139    4014
    8449  3  3     4273    4272    4409
    8450  3  3     4409    4272    4393
    8451  3  3     4205    4088    4410
    8452  3  3     4410    4088    4207
    8453  3  3     4262    4152    4411
    8454  3  3     4411    4152    4267
    8455  3  3     4222    4221    4412
    8456  3  3     4412    4221    4278
    8457  3  3     4160    4239    4413
    8458  3  3     4160    4413    4250
    8459  3  3     4195    4091    4414
    8460  3  3     4414    4091    4214
    8461  3  3     4214    4215    4415
    8462  3  3     4214    4415    4414
    8463  3  3     4215    4246    4416
    8464  3  3     4215    4416    4415
    8465  3  3     4178    4277    4417
    8466  3  3     4178    4417    4293
    8467  3  3     4233    4143    4418
    8468  3  3     4418    4143    4212
    8469  3  3     4228    4094    4419
    8470  3  3     4419    4094    4192
    8471  3  3     4204    4127    4420
    8472  3  3     4420    4127    4266
    8473  3  3     4246    4150    4421
    8474  3  3     4421    4150    4075
    8475  3  3     4075    4230    4421
    8476  3  3     4230    4231    4422
    8477  3  3     4230    4422    4421
    8478  3  3     4231    4294    4423
    8479  3  3     4231    4423    4422
    8480  3  3     4189    4090    4424
    8481  3  3     4424    4090    4211
    8482  3  3     4192    4189    4425
    8483  3  3     4425    4189    4424
    8484  3  3     4286    4176    4426
    8485  3  3     4426    4176    4197
    8486  3  3     4229    4228    4427
    8487  3  3     4427    4228    4419
    8488  3  3     4186    4281    4428
    8489  3  3     4186    4428    4261
    8490  3  3     4287    4181    4429
    8491  3  3     4429    4181    4273
    8492  3  3     4235    4234    4430
    8493  3  3     4430    4234    4264
    8494  3  3     4277    4229    4431
    8495  3  3     4431    4229    4427
    8496  3  3     4236    4235    4432
    8497  3  3     4432    4235    4430
    8498  3  3     4237    4236    4433
    8499  3  3     4433    4236    4432
    8500  3  3     4086    4226    4434
    8501  3  3     4086    4434    4197
    8502  3  3     4148    4255    4435
    8503  3  3     4148    4435    4263
    8504  3  3     4190    4162    4436
    8505  3  3     4436    4162    4259
    8506  3  3     4259    4260    4437
    8507  3  3     4259    4437    4436
    8508  3  3     4161    4188    4438
    8509  3  3     4161    4438    4220
    8510  3  3     4238    4237    4439
    8511  3  3     4439    4237    4433
    8512  3  3     4183    4289    4440
    8513  3  3     4183    4440    4199
    8514  3  3     4200    4199    4441
    8515  3  3     4441    4199    4440
    8516  3  3     4169    4200    4442
    8517  3  3     4442    4200    4441
    8518  3  3     4283    4169    4442
    8519  3  3     4257    4258    4443
    8520  3  3     4257    4443    4395
    8521  3  3     4154    4227    4444
    8522  3  3     4154    4444    4206
    8523  3  3     4227    4288    4445
    8524  3  3     4227    4445    4444
    8525  3  3     4255    4250    4446
    8526  3  3     4446    4250    4413
    8527  3  3     4239    4238    4447
    8528  3  3     4447    4238    4439
    8529  3  3     4274    4251    4448
    8530  3  3     4448    4251    4252
    8531  3  3     4252    4253    4449
    8532  3  3     4252    4449    4448
    8533  3  3     4253    4254    4450
    8534  3  3     4253    4450    4449
    8535  3  3     4223    4142    4451
    8536  3  3     4451    4142    4220
    8537  3  3     4224    4223    4452
    8538  3  3     4452    4223    4451
    8539  3  3     4225    4224    4453
    8540  3  3     4453    4224    4452
    8541  3  3     4279    4284    4454
    8542  3  3     4279    4454    4406
    8543  3  3     4185    4291    4455
    8544  3  3     4185    4455    4258
    8545  3  3     4292    4262    4456
    8546  3  3     4456    4262    4411
    8547  3  3     4125    4245    4457
    8548  3  3     4125    4457    4240
    8549  3  3     4290    4240    4458
    8550  3  3     4458    4240    4457
    8551  3  3     4247    4158    4310
    8552  3  3     4310    4158    4276
    8553  3  3     4267    4263    4459
    8554  3  3     4459    4263    4435
    8555  3  3     4212    4213    4309
    8556  3  3     4212    4309    4418
    8557  3  3     4141    4256    4461
    8558  3  3     4141    4461    4211
    8559  3  3     4202    4201    4462
    8560  3  3     4462    4201    4280
    8561  3  3     4208    4202    4463
    8562  3  3     4463    4202    4462
    8563  3  3     4241    4208    4464
    8564  3  3     4464    4208    4463
    8565  3  3     4242    4241    4465
    8566  3  3     4465    4241    4464
    8567  3  3     4243    4242    4466
    8568  3  3     4466    4242    4465
    8569  3  3     4244    4243    4467
    8570  3  3     4467    4243    4466
    8571  3  3     4245    4244    4467
    8572  3  3     4280    4174    4468
    8573  3  3     4468    4174    4270
    8574  3  3     4270    4271    4469
    8575  3  3     4270    4469    4468
    8576  3  3     4275    4274    4470
    8577  3  3     4470    4274    4448
    8578  3  3     4276    4275    4471
    8579  3  3     4471    4275    4470
    8580  3  3     4167    4248    4472
    8581  3  3     4167    4472    4218
    8582  3  3     4248    4249    4473
    8583  3  3     4248    4473    4472
    8584  3  3     4256    4098    4474
    8585  3  3     4474    4098    4217
    8586  3  3     4217    4218    4475
    8587  3  3     4217    4475    4474
    8588  3  3     4172    4232    4476
    8589  3  3     4172    4476    4477
    8590  3  3     4172    4477    4264
    8591  3  3     4232    4233    4478
    8592  3  3     4232    4478    4476
    8593  3  3     4266    4265    4479
    8594  3  3     4479    4265    4480
    8595  3  3     4480    4265    4191
    8596  3  3     4281    4282    4481
    8597  3  3     4281    4481    4482
    8598  3  3     4281    4482    4428
    8599  3  3     4285    4286    4460
    8600  3  3     4285    4460    4053
    8601  3  3     4285    4053    4408
    8602  3  3     4288    4287    4483
    8603  3  3     4483    4287    4486
    8604  3  3     4486    4287    4429
    8605  3  3     4294    4293    4487
    8606  3  3     4294    4487    4488
    8607  3  3     4294    4488    4423
    8608  3  3     4289    4290    4489
    8609  3  3     4489    4290    4490
    8610  3  3     4490    4290    4458
    8611  3  3     4284    4283    4491
    8612  3  3     4491    4283    4492
    8613  3  3     4492    4283    4442
    8614  3  3     4291    4292    4493
    8615  3  3     4493    4292    4494
    8616  3  3     4494    4292    4456
    8617  3  3     4309    4213    4308
    8618  3  3     4213    4194    4308
    8619  3  3     4191    4396    4480
    8620  3  3     4404    4206    4495
    8621  3  3     4495    4206    4444
    8622  3  3     4438    4188    4496
    8623  3  3     4496    4188    4392
    8624  3  3     4469    4271    4497
    8625  3  3     4497    4271    4390
    8626  3  3     4264    4477    4498
    8627  3  3     4264    4498    4430
    8628  3  3     4444    4445    4499
    8629  3  3     4444    4499    4495
    8630  3  3     4426    4197    4500
    8631  3  3     4500    4197    4434
    8632  3  3     4473    4249    4501
    8633  3  3     4501    4249    4391
    8634  3  3     4394    4193    4502
    8635  3  3     4502    4193    4405
    8636  3  3     4418    4309    4484
    8637  3  3     4484    4309    4000
    8638  3  3     4432    4430    4503
    8639  3  3     4503    4430    4498
    8640  3  3     4434    4226    4505
    8641  3  3     4505    4226    4402
    8642  3  3     4433    4432    4506
    8643  3  3     4506    4432    4503
    8644  3  3     4439    4433    4506
    8645  3  3     4405    4190    4507
    8646  3  3     4507    4190    4436
    8647  3  3     4233    4418    4508
    8648  3  3     4233    4508    4478
    8649  3  3     4436    4437    4509
    8650  3  3     4436    4509    4507
    8651  3  3     4266    4479    4510
    8652  3  3     4266    4510    4420
    8653  3  3     4481    4282    4511
    8654  3  3     4511    4282    4399
    8655  3  3     4256    4474    4512
    8656  3  3     4256    4512    4461
    8657  3  3     4417    4277    4513
    8658  3  3     4513    4277    4431
    8659  3  3     4392    4195    4514
    8660  3  3     4514    4195    4414
    8661  3  3     4414    4415    4515
    8662  3  3     4414    4515    4514
    8663  3  3     4415    4416    4516
    8664  3  3     4415    4516    4515
    8665  3  3     4218    4472    4517
    8666  3  3     4218    4517    4475
    8667  3  3     4424    4211    4518
    8668  3  3     4518    4211    4461
    8669  3  3     4425    4424    4519
    8670  3  3     4519    4424    4518
    8671  3  3     4396    4198    4520
    8672  3  3     4520    4198    4222
    8673  3  3     4222    4412    4520
    8674  3  3     4254    4403    4521
    8675  3  3     4254    4521    4450
    8676  3  3     4403    4404    4522
    8677  3  3     4403    4522    4521
    8678  3  3     4416    4246    4523
    8679  3  3     4523    4246    4421
    8680  3  3     4421    4422    4523
    8681  3  3     4443    4258    4524
    8682  3  3     4524    4258    4455
    8683  3  3     4260    4400    4525
    8684  3  3     4260    4525    4437
    8685  3  3     4220    4438    4526
    8686  3  3     4220    4526    4451
    8687  3  3     4192    4425    4527
    8688  3  3     4192    4527    4419
    8689  3  3     4452    4451    4528
    8690  3  3     4528    4451    4526
    8691  3  3     4203    4406    4529
    8692  3  3     4203    4529    4391
    8693  3  3     4406    4454    4530
    8694  3  3     4406    4530    4529
    8695  3  3     4457    4245    4531
    8696  3  3     4531    4245    4467
    8697  3  3     4306    4216    4504
    8698  3  3     4306    4504    4011
    8699  3  3     4216    4389    4504
    8700  3  3     4389    4407    4337
    8701  3  3     4389    4337    4504
    8702  3  3     4427    4419    4532
    8703  3  3     4532    4419    4527
    8704  3  3     4440    4289    4534
    8705  3  3     4534    4289    4489
    8706  3  3     4441    4440    4535
    8707  3  3     4535    4440    4534
    8708  3  3     4442    4441    4535
    8709  3  3     4492    4442    4536
    8710  3  3     4536    4442    4535
    8711  3  3     4407    4408    4533
    8712  3  3     4407    4533    4337
    8713  3  3     4408    4053    4533
    8714  3  3     4247    4310    4372
    8715  3  3     4247    4372    4401
    8716  3  3     4205    4410    4537
    8717  3  3     4205    4537    4390
    8718  3  3     4487    4293    4539
    8719  3  3     4539    4293    4417
    8720  3  3     4431    4427    4540
    8721  3  3     4540    4427    4532
    8722  3  3     4291    4493    4541
    8723  3  3     4291    4541    4455
    8724  3  3     4288    4483    4542
    8725  3  3     4288    4542    4445
    8726  3  3     4204    4420    4543
    8727  3  3     4204    4543    4397
    8728  3  3     4398    4397    4544
    8729  3  3     4544    4397    4543
    8730  3  3     4399    4398    4545
    8731  3  3     4545    4398    4544
    8732  3  3     4207    4394    4546
    8733  3  3     4207    4546    4410
    8734  3  3     4276    4471    4538
    8735  3  3     4276    4538    4310
    8736  3  3     4239    4447    4547
    8737  3  3     4239    4547    4413
    8738  3  3     4446    4413    4549
    8739  3  3     4549    4413    4547
    8740  3  3     4454    4284    4550
    8741  3  3     4550    4284    4491
    8742  3  3     4393    4225    4551
    8743  3  3     4551    4225    4453
    8744  3  3     4409    4393    4552
    8745  3  3     4552    4393    4551
    8746  3  3     4402    4401    4548
    8747  3  3     4548    4401    4372
    8748  3  3     4429    4273    4553
    8749  3  3     4553    4273    4409
    8750  3  3     4486    4429    4555
    8751  3  3     4555    4429    4553
    8752  3  3     4453    4452    4556
    8753  3  3     4556    4452    4528
    8754  3  3     4477    4476    4557
    8755  3  3     4477    4557    4498
    8756  3  3     4476    4478    4558
    8757  3  3     4476    4558    4557
    8758  3  3     4435    4255    4559
    8759  3  3     4559    4255    4446
    8760  3  3     4459    4435    4560
    8761  3  3     4560    4435    4559
    8762  3  3     4261    4428    4561
    8763  3  3     4261    4561    4400
    8764  3  3     4428    4482    4562
    8765  3  3     4428    4562    4561
    8766  3  3     4470    4448    4563
    8767  3  3     4563    4448    4449
    8768  3  3     4449    4450    4564
    8769  3  3     4449    4564    4563
    8770  3  3     4472    4473    4565
    8771  3  3     4472    4565    4517
    8772  3  3     4422    4423    4566
    8773  3  3     4422    4566    4523
    8774  3  3     4423    4488    4567
    8775  3  3     4423    4567    4566
    8776  3  3     4411    4267    4568
    8777  3  3     4568    4267    4459
    8778  3  3     4456    4411    4569
    8779  3  3     4569    4411    4568
    8780  3  3     4494    4456    4570
    8781  3  3     4570    4456    4569
    8782  3  3     4278    4395    4571
    8783  3  3     4278    4571    4412
    8784  3  3     4395    4443    4572
    8785  3  3     4395    4572    4571
    8786  3  3     4458    4457    4573
    8787  3  3     4573    4457    4531
    8788  3  3     4490    4458    4574
    8789  3  3     4574    4458    4573
    8790  3  3     4471    4470    4575
    8791  3  3     4575    4470    4563
    8792  3  3     4474    4475    4576
    8793  3  3     4474    4576    4512
    8794  3  3     4447    4439    4577
    8795  3  3     4577    4439    4506
    8796  3  3     4479    4480    4578
    8797  3  3     4479    4578    4510
    8798  3  3     4286    4426    4579
    8799  3  3     4286    4579    4460
    8800  3  3     4491    4492    4580
    8801  3  3     4580    4492    4536
    8802  3  3     4468    4469    4581
    8803  3  3     4581    4469    4497
    8804  3  3     4280    4468    4582
    8805  3  3     4582    4468    4581
    8806  3  3     4462    4280    4583
    8807  3  3     4583    4280    4582
    8808  3  3     4463    4462    4584
    8809  3  3     4584    4462    4583
    8810  3  3     4464    4463    4585
    8811  3  3     4585    4463    4584
    8812  3  3     4465    4464    4586
    8813  3  3     4586    4464    4585
    8814  3  3     4466    4465    4587
    8815  3  3     4587    4465    4586
    8816  3  3     4467    4466    4588
    8817  3  3     4588    4466    4587
    8818  3  3     4482    4481    4589
    8819  3  3     4589    4481    4590
    8820  3  3     4590    4481    4511
    8821  3  3     4053    4460    4303
    8822  3  3     4053    4303    4316
    8823  3  3     4053    4316    4533
    8824  3  3     4488    4487    4591
    8825  3  3     4591    4487    4592
    8826  3  3     4592    4487    4539
    8827  3  3     4489    4490    4593
    8828  3  3     4489    4593    4594
    8829  3  3     4489    4594    4534
    8830  3  3     4483    4486    4595
    8831  3  3     4483    4595    4596
    8832  3  3     4483    4596    4542
    8833  3  3     4493    4494    4597
    8834  3  3     4597    4494    4598
    8835  3  3     4598    4494    4570
    8836  3  3     4000    4346    4484
    8837  3  3     4372    4315    4548
    8838  3  3     4337    4011    4504
    8839  3  3     4010    4337    4533
    8840  3  3     4316    4010    4533
    8841  3  3     4371    4372    4310
    8842  3  3     4358    4046    4343
    8843  3  3     4296    3983    4302
    8844  3  3     4315    3992    4548
    8845  3  3     3992    4357    4548
    8846  3  3     4298    4006    4599
    8847  3  3     4599    4006    4336
    8848  3  3     4002    4300    4600
    8849  3  3     4002    4600    4359
    8850  3  3     4300    4301    4600
    8851  3  3     4344    4007    4601
    8852  3  3     4601    4007    4299
    8853  3  3     4342    4027    4602
    8854  3  3     4602    4027    4297
    8855  3  3     4345    4344    4603
    8856  3  3     4603    4344    4601
    8857  3  3     4048    4295    4604
    8858  3  3     4048    4604    4363
    8859  3  3     4386    4072    4605
    8860  3  3     4605    4072    4328
    8861  3  3     4297    4311    4606
    8862  3  3     4297    4606    4602
    8863  3  3     4311    4350    4607
    8864  3  3     4311    4607    4606
    8865  3  3     4335    3982    4608
    8866  3  3     4608    3982    4298
    8867  3  3     3988    4304    4609
    8868  3  3     3988    4609    4305
    8869  3  3     4065    4381    4610
    8870  3  3     4065    4610    4313
    8871  3  3     4304    3984    4611
    8872  3  3     4611    3984    4313
    8873  3  3     4044    4335    4612
    8874  3  3     4044    4612    4355
    8875  3  3     4336    4363    4613
    8876  3  3     4336    4613    4599
    8877  3  3     4348    4018    4614
    8878  3  3     4614    4018    4322
    8879  3  3     4009    4345    4615
    8880  3  3     4009    4615    4321
    8881  3  3     4322    4321    4616
    8882  3  3     4616    4321    4615
    8883  3  3     3986    4034    4617
    8884  3  3     3986    4617    4369
    8885  3  3     4034    4327    4617
    8886  3  3     4347    4055    4558
    8887  3  3     4558    4055    4364
    8888  3  3     4299    4331    4618
    8889  3  3     4299    4618    4601
    8890  3  3     4328    4003    4619
    8891  3  3     4619    4003    4319
    8892  3  3     4319    4320    4620
    8893  3  3     4319    4620    4619
    8894  3  3     4030    4305    4621
    8895  3  3     4030    4621    4326
    8896  3  3     4327    4326    4622
    8897  3  3     4622    4326    4621
    8898  3  3     4334    4341    4623
    8899  3  3     4334    4623    4376
    8900  3  3     4341    4342    4624
    8901  3  3     4341    4624    4623
    8902  3  3     4057    4375    4625
    8903  3  3     4057    4625    4318
    8904  3  3     4032    4303    4554
    8905  3  3     4554    4303    4460
    8906  3  3     4343    4032    4554
    8907  3  3     4037    4367    4626
    8908  3  3     4037    4626    4331
    8909  3  3     4350    4351    4628
    8910  3  3     4350    4628    4607
    8911  3  3     4351    4352    4629
    8912  3  3     4351    4629    4628
    8913  3  3     4320    4005    4630
    8914  3  3     4630    4005    4312
    8915  3  3     4312    4359    4631
    8916  3  3     4312    4631    4630
    8917  3  3     4023    4317    4632
    8918  3  3     4023    4632    4338
    8919  3  3     4317    4318    4633
    8920  3  3     4317    4633    4632
    8921  3  3     4059    4371    4538
    8922  3  3     4059    4538    4325
    8923  3  3     4373    4073    4634
    8924  3  3     4634    4073    4323
    8925  3  3     4307    4051    4635
    8926  3  3     4635    4051    4370
    8927  3  3     4365    4307    4636
    8928  3  3     4636    4307    4635
    8929  3  3     4049    4329    4637
    8930  3  3     4049    4637    4295
    8931  3  3     4329    4330    4638
    8932  3  3     4329    4638    4637
    8933  3  3     4019    4333    4639
    8934  3  3     4019    4639    4323
    8935  3  3     4352    4353    4640
    8936  3  3     4352    4640    4629
    8937  3  3     4024    4338    4641
    8938  3  3     4024    4641    4314
    8939  3  3     4361    4314    4642
    8940  3  3     4642    4314    4641
    8941  3  3     4353    4354    4643
    8942  3  3     4353    4643    4640
    8943  3  3     4354    4355    4644
    8944  3  3     4354    4644    4643
    8945  3  3     4366    4036    4645
    8946  3  3     4645    4036    4362
    8947  3  3     4332    4035    4646
    8948  3  3     4646    4035    4339
    8949  3  3     4333    4332    4647
    8950  3  3     4647    4332    4646
    8951  3  3     4339    4340    4648
    8952  3  3     4339    4648    4646
    8953  3  3     4301    4374    4649
    8954  3  3     4301    4649    4600
    8955  3  3     4346    4347    4508
    8956  3  3     4346    4508    4418
    8957  3  3     4346    4418    4484
    8958  3  3     4349    4348    4650
    8959  3  3     4650    4348    4614
    8960  3  3     4357    4356    4627
    8961  3  3     4627    4356    4358
    8962  3  3     4387    4061    4651
    8963  3  3     4651    4061    4349
    8964  3  3     3997    3995    4653
    8965  3  3     4653    3995    4296
    8966  3  3     4340    3997    4653
    8967  3  3     4029    4324    4654
    8968  3  3     4029    4654    4330
    8969  3  3     4324    4325    4655
    8970  3  3     4324    4655    4654
    8971  3  3     4362    4361    4656
    8972  3  3     4656    4361    4642
    8973  3  3     4052    4360    4657
    8974  3  3     4052    4657    4302
    8975  3  3     4360    4388    4658
    8976  3  3     4360    4658    4657
    8977  3  3     4368    4369    4659
    8978  3  3     4659    4369    4617
    8979  3  3     4370    4368    4660
    8980  3  3     4660    4368    4659
    8981  3  3     4381    4380    4661
    8982  3  3     4381    4661    4662
    8983  3  3     4381    4662    4610
    8984  3  3     4380    4378    4663
    8985  3  3     4380    4663    4661
    8986  3  3     4378    4377    4664
    8987  3  3     4378    4664    4663
    8988  3  3     4377    4379    4665
    8989  3  3     4377    4665    4664
    8990  3  3     4379    4382    4666
    8991  3  3     4379    4666    4665
    8992  3  3     4382    4383    4667
    8993  3  3     4382    4667    4666
    8994  3  3     4383    4384    4668
    8995  3  3     4383    4668    4667
    8996  3  3     4384    4385    4669
    8997  3  3     4384    4669    4668
    8998  3  3     4385    4386    4670
    8999  3  3     4385    4670    4669
    9000  3  3     4367    4366    4671
    9001  3  3     4671    4366    4672
    9002  3  3     4672    4366    4645
    9003  3  3     4364    4365    4557
    9004  3  3     4364    4557    4558
    9005  3  3     4374    4373    4673
    9006  3  3     4673    4373    4674
    9007  3  3     4674    4373    4634
    9008  3  3     4375    4376    4675
    9009  3  3     4375    4675    4676
    9010  3  3     4375    4676    4625
    9011  3  3     4388    4387    4677
    9012  3  3     4388    4677    4678
    9013  3  3     4388    4678    4658
    9014  3  3     4460    4579    4554
    9015  3  3     4310    4538    4371
    9016  3  3     4558    4478    4347
    9017  3  3     4478    4508    4347
    9018  3  3     4538    4471    4325
    9019  3  3     4471    4575    4325
    9020  3  3     4402    4548    4357
    9021  3  3     4505    4402    4357
    9022  3  3     4509    4437    4525
    9023  3  3     4535    4534    4594
    9024  3  3     4434    4505    4500
    9025  3  3     4497    4390    4679
    9026  3  3     4679    4390    4537
    9027  3  3     4498    4557    4680
    9028  3  3     4680    4557    4365
    9029  3  3     4503    4498    4680
    9030  3  3     4525    4400    4681
    9031  3  3     4681    4400    4561
    9032  3  3     4561    4562    4682
    9033  3  3     4561    4682    4681
    9034  3  3     4579    4426    4683
    9035  3  3     4683    4426    4500
    9036  3  3     4501    4391    4684
    9037  3  3     4684    4391    4529
    9038  3  3     4529    4530    4684
    9039  3  3     4496    4392    4685
    9040  3  3     4685    4392    4514
    9041  3  3     4543    4420    4686
    9042  3  3     4686    4420    4510
    9043  3  3     4438    4496    4687
    9044  3  3     4438    4687    4526
    9045  3  3     4528    4526    4688
    9046  3  3     4688    4526    4687
    9047  3  3     4556    4528    4689
    9048  3  3     4689    4528    4688
    9049  3  3     4531    4467    4690
    9050  3  3     4690    4467    4588
    9051  3  3     4514    4515    4691
    9052  3  3     4514    4691    4685
    9053  3  3     4515    4516    4691
    9054  3  3     4443    4524    4692
    9055  3  3     4443    4692    4572
    9056  3  3     4537    4410    4693
    9057  3  3     4693    4410    4546
    9058  3  3     4506    4503    4680
    9059  3  3     4544    4543    4694
    9060  3  3     4694    4543    4686
    9061  3  3     4545    4544    4695
    9062  3  3     4695    4544    4694
    9063  3  3     4453    4556    4696
    9064  3  3     4453    4696    4551
    9065  3  3     4417    4513    4697
    9066  3  3     4417    4697    4539
    9067  3  3     4592    4539    4698
    9068  3  3     4698    4539    4697
    9069  3  3     4409    4552    4699
    9070  3  3     4409    4699    4553
    9071  3  3     4555    4553    4700
    9072  3  3     4700    4553    4699
    9073  3  3     4573    4531    4701
    9074  3  3     4701    4531    4690
    9075  3  3     4502    4405    4702
    9076  3  3     4702    4405    4507
    9077  3  3     4473    4501    4703
    9078  3  3     4473    4703    4565
    9079  3  3     4516    4416    4704
    9080  3  3     4704    4416    4523
    9081  3  3     4523    4566    4704
    9082  3  3     4522    4404    4705
    9083  3  3     4705    4404    4495
    9084  3  3     4495    4499    4705
    9085  3  3     4536    4535    4706
    9086  3  3     4706    4535    4594
    9087  3  3     4520    4412    4707
    9088  3  3     4707    4412    4571
    9089  3  3     4396    4520    4708
    9090  3  3     4708    4520    4707
    9091  3  3     4480    4396    4708
    9092  3  3     4578    4480    4708
    9093  3  3     4571    4572    4709
    9094  3  3     4571    4709    4707
    9095  3  3     4546    4394    4710
    9096  3  3     4710    4394    4502
    9097  3  3     4445    4542    4711
    9098  3  3     4445    4711    4499
    9099  3  3     4542    4596    4712
    9100  3  3     4542    4712    4711
    9101  3  3     4530    4454    4713
    9102  3  3     4713    4454    4550
    9103  3  3     4431    4540    4714
    9104  3  3     4431    4714    4513
    9105  3  3     4482    4589    4715
    9106  3  3     4482    4715    4562
    9107  3  3     4552    4551    4716
    9108  3  3     4716    4551    4696
    9109  3  3     4507    4509    4717
    9110  3  3     4507    4717    4702
    9111  3  3     4491    4580    4718
    9112  3  3     4491    4718    4550
    9113  3  3     4580    4536    4719
    9114  3  3     4719    4536    4706
    9115  3  3     4475    4517    4720
    9116  3  3     4475    4720    4576
    9117  3  3     4517    4565    4721
    9118  3  3     4517    4721    4720
    9119  3  3     4493    4597    4722
    9120  3  3     4493    4722    4541
    9121  3  3     4425    4519    4723
    9122  3  3     4425    4723    4527
    9123  3  3     4532    4527    4724
    9124  3  3     4724    4527    4723
    9125  3  3     4540    4532    4725
    9126  3  3     4725    4532    4724
    9127  3  3     4595    4486    4726
    9128  3  3     4726    4486    4555
    9129  3  3     4450    4521    4727
    9130  3  3     4450    4727    4564
    9131  3  3     4521    4522    4728
    9132  3  3     4521    4728    4727
    9133  3  3     4461    4512    4729
    9134  3  3     4461    4729    4518
    9135  3  3     4512    4576    4730
    9136  3  3     4512    4730    4729
    9137  3  3     4519    4518    4731
    9138  3  3     4731    4518    4729
    9139  3  3     4581    4497    4732
    9140  3  3     4732    4497    4679
    9141  3  3     4399    4545    4733
    9142  3  3     4399    4733    4511
    9143  3  3     4590    4511    4734
    9144  3  3     4734    4511    4733
    9145  3  3     4446    4549    4735
    9146  3  3     4446    4735    4559
    9147  3  3     4510    4578    4736
    9148  3  3     4510    4736    4686
    9149  3  3     4560    4559    4737
    9150  3  3     4737    4559    4735
    9151  3  3     4563    4564    4738
    9152  3  3     4563    4738    4575
    9153  3  3     4524    4455    4739
    9154  3  3     4739    4455    4541
    9155  3  3     4568    4459    4740
    9156  3  3     4740    4459    4560
    9157  3  3     4447    4577    4741
    9158  3  3     4447    4741    4547
    9159  3  3     4549    4547    4742
    9160  3  3     4742    4547    4741
    9161  3  3     4574    4573    4743
    9162  3  3     4743    4573    4701
    9163  3  3     4490    4574    4744
    9164  3  3     4490    4744    4593
    9165  3  3     4569    4568    4745
    9166  3  3     4745    4568    4740
    9167  3  3     4570    4569    4746
    9168  3  3     4746    4569    4745
    9169  3  3     4598    4570    4747
    9170  3  3     4747    4570    4746
    9171  3  3     4566    4567    4748
    9172  3  3     4566    4748    4704
    9173  3  3     4488    4591    4749
    9174  3  3     4488    4749    4567
    9175  3  3     4577    4506    4636
    9176  3  3     4636    4506    4680
    9177  3  3     4582    4581    4750
    9178  3  3     4750    4581    4751
    9179  3  3     4751    4581    4732
    9180  3  3     4583    4582    4752
    9181  3  3     4752    4582    4750
    9182  3  3     4584    4583    4752
    9183  3  3     4585    4584    4753
    9184  3  3     4753    4584    4752
    9185  3  3     4586    4585    4754
    9186  3  3     4754    4585    4753
    9187  3  3     4587    4586    4755
    9188  3  3     4755    4586    4754
    9189  3  3     4588    4587    4756
    9190  3  3     4756    4587    4755
    9191  3  3     4594    4593    4757
    9192  3  3     4594    4757    4758
    9193  3  3     4594    4758    4706
    9194  3  3     4589    4590    4759
    9195  3  3     4589    4759    4760
    9196  3  3     4589    4760    4715
    9197  3  3     4596    4595    4612
    9198  3  3     4612    4595    4652
    9199  3  3     4652    4595    4726
    9200  3  3     4591    4592    4761
    9201  3  3     4591    4761    4763
    9202  3  3     4591    4763    4749
    9203  3  3     4597    4598    4764
    9204  3  3     4764    4598    4765
    9205  3  3     4765    4598    4747
    9206  3  3     4636    4680    4365
    9207  3  3     4505    4357    4627
    9208  3  3     4325    4575    4655
    9209  3  3     4612    4652    4355
    9210  3  3     4554    4579    4343
    9211  3  3     4579    4683    4343
    9212  3  3     4577    4636    4635
    9213  3  3     4500    4505    4627
    9214  3  3     4572    4692    4709
    9215  3  3     4575    4738    4766
    9216  3  3     4575    4766    4655
    9217  3  3     4728    4522    4705
    9218  3  3     4683    4500    4627
    9219  3  3     4679    4537    4693
    9220  3  3     4596    4612    4485
    9221  3  3     4485    4612    4335
    9222  3  3     4712    4596    4485
    9223  3  3     4719    4706    4767
    9224  3  3     4767    4706    4758
    9225  3  3     4496    4685    4769
    9226  3  3     4496    4769    4687
    9227  3  3     4513    4714    4770
    9228  3  3     4513    4770    4697
    9229  3  3     4698    4697    4770
    9230  3  3     4524    4739    4771
    9231  3  3     4524    4771    4692
    9232  3  3     4696    4556    4772
    9233  3  3     4772    4556    4689
    9234  3  3     4685    4691    4773
    9235  3  3     4685    4773    4769
    9236  3  3     4688    4687    4774
    9237  3  3     4774    4687    4769
    9238  3  3     4689    4688    4775
    9239  3  3     4775    4688    4774
    9240  3  3     4501    4684    4776
    9241  3  3     4501    4776    4703
    9242  3  3     4516    4704    4777
    9243  3  3     4777    4704    4748
    9244  3  3     4691    4516    4777
    9245  3  3     4545    4695    4778
    9246  3  3     4545    4778    4733
    9247  3  3     4546    4710    4779
    9248  3  3     4546    4779    4693
    9249  3  3     4552    4716    4780
    9250  3  3     4552    4780    4699
    9251  3  3     4708    4707    4781
    9252  3  3     4781    4707    4709
    9253  3  3     4578    4708    4781
    9254  3  3     4736    4578    4782
    9255  3  3     4782    4578    4781
    9256  3  3     4735    4549    4783
    9257  3  3     4783    4549    4742
    9258  3  3     4734    4733    4784
    9259  3  3     4784    4733    4778
    9260  3  3     4593    4744    4785
    9261  3  3     4593    4785    4757
    9262  3  3     4562    4715    4786
    9263  3  3     4562    4786    4682
    9264  3  3     4715    4760    4787
    9265  3  3     4715    4787    4786
    9266  3  3     4729    4730    4788
    9267  3  3     4729    4788    4731
    9268  3  3     4564    4727    4789
    9269  3  3     4564    4789    4738
    9270  3  3     4727    4728    4790
    9271  3  3     4727    4790    4789
    9272  3  3     4574    4743    4791
    9273  3  3     4574    4791    4744
    9274  3  3     4721    4565    4792
    9275  3  3     4792    4565    4703
    9276  3  3     4761    4592    4793
    9277  3  3     4793    4592    4698
    9278  3  3     4716    4696    4794
    9279  3  3     4794    4696    4772
    9280  3  3     4726    4555    4795
    9281  3  3     4795    4555    4700
    9282  3  3     4741    4577    4796
    9283  3  3     4796    4577    4635
    9284  3  3     4597    4764    4797
    9285  3  3     4597    4797    4722
    9286  3  3     4560    4737    4798
    9287  3  3     4560    4798    4740
    9288  3  3     4714    4540    4799
    9289  3  3     4799    4540    4725
    9290  3  3     4700    4699    4800
    9291  3  3     4800    4699    4780
    9292  3  3     4588    4756    4801
    9293  3  3     4588    4801    4690
    9294  3  3     4701    4690    4801
    9295  3  3     4541    4722    4802
    9296  3  3     4541    4802    4739
    9297  3  3     4550    4718    4803
    9298  3  3     4550    4803    4713
    9299  3  3     4743    4701    4804
    9300  3  3     4804    4701    4801
    9301  3  3     4686    4736    4805
    9302  3  3     4686    4805    4694
    9303  3  3     4695    4694    4806
    9304  3  3     4806    4694    4805
    9305  3  3     4737    4735    4807
    9306  3  3     4807    4735    4783
    9307  3  3     4652    4726    4644
    9308  3  3     4644    4726    4795
    9309  3  3     4590    4734    4808
    9310  3  3     4590    4808    4759
    9311  3  3     4723    4519    4809
    9312  3  3     4809    4519    4731
    9313  3  3     4724    4723    4810
    9314  3  3     4810    4723    4809
    9315  3  3     4725    4724    4811
    9316  3  3     4811    4724    4810
    9317  3  3     4502    4702    4812
    9318  3  3     4502    4812    4710
    9319  3  3     4702    4717    4813
    9320  3  3     4702    4813    4812
    9321  3  3     4730    4576    4814
    9322  3  3     4730    4814    4788
    9323  3  3     4576    4720    4814
    9324  3  3     4720    4721    4815
    9325  3  3     4720    4815    4814
    9326  3  3     4745    4740    4816
    9327  3  3     4816    4740    4798
    9328  3  3     4742    4741    4817
    9329  3  3     4817    4741    4796
    9330  3  3     4509    4525    4818
    9331  3  3     4818    4525    4681
    9332  3  3     4717    4509    4819
    9333  3  3     4819    4509    4818
    9334  3  3     4681    4682    4820
    9335  3  3     4681    4820    4818
    9336  3  3     4567    4749    4821
    9337  3  3     4567    4821    4748
    9338  3  3     4746    4745    4822
    9339  3  3     4822    4745    4816
    9340  3  3     4747    4746    4823
    9341  3  3     4823    4746    4822
    9342  3  3     4765    4747    4824
    9343  3  3     4824    4747    4823
    9344  3  3     4684    4530    4825
    9345  3  3     4684    4825    4776
    9346  3  3     4530    4713    4826
    9347  3  3     4530    4826    4825
    9348  3  3     4749    4763    4827
    9349  3  3     4749    4827    4821
    9350  3  3     4705    4499    4828
    9351  3  3     4828    4499    4711
    9352  3  3     4711    4712    4829
    9353  3  3     4711    4829    4828
    9354  3  3     4752    4750    4830
    9355  3  3     4830    4750    4751
    9356  3  3     4753    4752    4831
    9357  3  3     4831    4752    4830
    9358  3  3     4754    4753    4832
    9359  3  3     4832    4753    4831
    9360  3  3     4755    4754    4833
    9361  3  3     4833    4754    4832
    9362  3  3     4756    4755    4834
    9363  3  3     4834    4755    4833
    9364  3  3     4580    4719    4835
    9365  3  3     4835    4719    4836
    9366  3  3     4836    4719    4767
    9367  3  3     4718    4580    4837
    9368  3  3     4837    4580    4835
    9369  3  3     4732    4679    4838
    9370  3  3     4838    4679    4839
    9371  3  3     4839    4679    4693
    9372  3  3     4751    4732    4840
    9373  3  3     4840    4732    4838
    9374  3  3     4758    4757    4841
    9375  3  3     4841    4757    4842
    9376  3  3     4842    4757    4785
    9377  3  3     4760    4759    4843
    9378  3  3     4843    4759    4844
    9379  3  3     4844    4759    4808
    9380  3  3     4763    4761    4845
    9381  3  3     4763    4845    4846
    9382  3  3     4763    4846    4827
    9383  3  3     4764    4765    4847
    9384  3  3     4847    4765    4848
    9385  3  3     4848    4765    4824
    9386  3  3     4627    4358    4683
    9387  3  3     4358    4343    4683
    9388  3  3     4654    4655    4766
    9389  3  3     4644    4355    4652
    9390  3  3     4335    4608    4485
    9391  3  3     4643    4644    4795
    9392  3  3     4635    4370    4796
    9393  3  3     4370    4660    4796
    9394  3  3     4604    4295    4637
    9395  3  3     4313    4610    4849
    9396  3  3     4313    4849    4611
    9397  3  3     4608    4298    4599
    9398  3  3     4645    4362    4850
    9399  3  3     4850    4362    4656
    9400  3  3     4672    4645    4851
    9401  3  3     4851    4645    4850
    9402  3  3     4345    4603    4852
    9403  3  3     4345    4852    4615
    9404  3  3     4603    4601    4853
    9405  3  3     4853    4601    4618
    9406  3  3     4614    4322    4854
    9407  3  3     4854    4322    4616
    9408  3  3     4650    4614    4855
    9409  3  3     4855    4614    4854
    9410  3  3     4605    4328    4856
    9411  3  3     4856    4328    4619
    9412  3  3     4619    4620    4856
    9413  3  3     4609    4304    4857
    9414  3  3     4857    4304    4611
    9415  3  3     4610    4662    4858
    9416  3  3     4610    4858    4849
    9417  3  3     4349    4650    4859
    9418  3  3     4349    4859    4651
    9419  3  3     4626    4367    4860
    9420  3  3     4860    4367    4671
    9421  3  3     4616    4615    4861
    9422  3  3     4861    4615    4852
    9423  3  3     4639    4333    4862
    9424  3  3     4862    4333    4647
    9425  3  3     4330    4654    4863
    9426  3  3     4330    4863    4638
    9427  3  3     4620    4320    4864
    9428  3  3     4864    4320    4630
    9429  3  3     4305    4609    4865
    9430  3  3     4305    4865    4621
    9431  3  3     4622    4621    4866
    9432  3  3     4866    4621    4865
    9433  3  3     4624    4342    4867
    9434  3  3     4867    4342    4602
    9435  3  3     4602    4606    4868
    9436  3  3     4602    4868    4867
    9437  3  3     4387    4651    4842
    9438  3  3     4387    4842    4677
    9439  3  3     4630    4631    4869
    9440  3  3     4630    4869    4864
    9441  3  3     4606    4607    4870
    9442  3  3     4606    4870    4868
    9443  3  3     4618    4331    4871
    9444  3  3     4871    4331    4626
    9445  3  3     4634    4323    4872
    9446  3  3     4872    4323    4639
    9447  3  3     4674    4634    4873
    9448  3  3     4873    4634    4872
    9449  3  3     4631    4359    4874
    9450  3  3     4874    4359    4600
    9451  3  3     4600    4649    4874
    9452  3  3     4670    4386    4875
    9453  3  3     4875    4386    4605
    9454  3  3     4617    4327    4876
    9455  3  3     4617    4876    4659
    9456  3  3     4327    4622    4876
    9457  3  3     4640    4643    4877
    9458  3  3     4877    4643    4795
    9459  3  3     4607    4628    4878
    9460  3  3     4607    4878    4870
    9461  3  3     4628    4629    4879
    9462  3  3     4628    4879    4878
    9463  3  3     4629    4640    4880
    9464  3  3     4629    4880    4879
    9465  3  3     4633    4318    4881
    9466  3  3     4881    4318    4625
    9467  3  3     4625    4676    4882
    9468  3  3     4625    4882    4881
    9469  3  3     4363    4604    4883
    9470  3  3     4363    4883    4613
    9471  3  3     4647    4646    4884
    9472  3  3     4884    4646    4648
    9473  3  3     4338    4632    4885
    9474  3  3     4338    4885    4641
    9475  3  3     4632    4633    4886
    9476  3  3     4632    4886    4885
    9477  3  3     4642    4641    4887
    9478  3  3     4887    4641    4885
    9479  3  3     4656    4642    4888
    9480  3  3     4888    4642    4887
    9481  3  3     4340    4653    4889
    9482  3  3     4340    4889    4648
    9483  3  3     4675    4376    4890
    9484  3  3     4890    4376    4623
    9485  3  3     4623    4624    4891
    9486  3  3     4623    4891    4890
    9487  3  3     4637    4638    4892
    9488  3  3     4637    4892    4604
    9489  3  3     4374    4673    4893
    9490  3  3     4374    4893    4649
    9491  3  3     4660    4659    4894
    9492  3  3     4660    4894    4796
    9493  3  3     4296    4302    4895
    9494  3  3     4895    4302    4896
    9495  3  3     4896    4302    4657
    9496  3  3     4653    4296    4897
    9497  3  3     4897    4296    4895
    9498  3  3     4657    4658    4898
    9499  3  3     4657    4898    4896
    9500  3  3     4658    4678    4899
    9501  3  3     4658    4899    4898
    9502  3  3     4599    4613    4829
    9503  3  3     4599    4829    4608
    9504  3  3     4671    4672    4900
    9505  3  3     4671    4900    4901
    9506  3  3     4671    4901    4860
    9507  3  3     4678    4677    4902
    9508  3  3     4902    4677    4785
    9509  3  3     4785    4677    4842
    9510  3  3     4661    4663    4903
    9511  3  3     4661    4903    4904
    9512  3  3     4661    4904    4662
    9513  3  3     4663    4664    4905
    9514  3  3     4663    4905    4903
    9515  3  3     4664    4665    4906
    9516  3  3     4664    4906    4905
    9517  3  3     4665    4666    4907
    9518  3  3     4665    4907    4906
    9519  3  3     4666    4667    4908
    9520  3  3     4666    4908    4907
    9521  3  3     4667    4668    4909
    9522  3  3     4667    4909    4908
    9523  3  3     4668    4669    4910
    9524  3  3     4668    4910    4909
    9525  3  3     4669    4670    4911
    9526  3  3     4669    4911    4910
    9527  3  3     4676    4675    4912
    9528  3  3     4912    4675    4913
    9529  3  3     4913    4675    4890
    9530  3  3     4673    4674    4914
    9531  3  3     4673    4914    4915
    9532  3  3     4673    4915    4893
    9533  3  3     4829    4712    4608
    9534  3  3     4817    4796    4894
    9535  3  3     4712    4485    4608
    9536  3  3     4785    4744    4902
    9537  3  3     4841    4842    4651
    9538  3  3     4795    4700    4877
    9539  3  3     4700    4800    4877
    9540  3  3     4744    4791    4902
    9541  3  3     4693    4779    4839
    9542  3  3     4813    4717    4819
    9543  3  3     4769    4773    4916
    9544  3  3     4769    4916    4774
    9545  3  3     4689    4775    4917
    9546  3  3     4689    4917    4772
    9547  3  3     4828    4829    4918
    9548  3  3     4918    4829    4613
    9549  3  3     4770    4714    4919
    9550  3  3     4919    4714    4799
    9551  3  3     4713    4803    4920
    9552  3  3     4713    4920    4826
    9553  3  3     4803    4718    4921
    9554  3  3     4921    4718    4837
    9555  3  3     4775    4774    4922
    9556  3  3     4922    4774    4916
    9557  3  3     4773    4691    4923
    9558  3  3     4923    4691    4777
    9559  3  3     4815    4721    4924
    9560  3  3     4924    4721    4792
    9561  3  3     4705    4828    4925
    9562  3  3     4925    4828    4918
    9563  3  3     4728    4705    4925
    9564  3  3     4790    4728    4926
    9565  3  3     4926    4728    4925
    9566  3  3     4767    4758    4927
    9567  3  3     4927    4758    4841
    9568  3  3     4836    4767    4927
    9569  3  3     4781    4709    4928
    9570  3  3     4781    4928    4782
    9571  3  3     4709    4692    4928
    9572  3  3     4692    4771    4929
    9573  3  3     4692    4929    4928
    9574  3  3     4779    4710    4930
    9575  3  3     4930    4710    4812
    9576  3  3     4809    4731    4931
    9577  3  3     4931    4731    4788
    9578  3  3     4812    4813    4932
    9579  3  3     4812    4932    4930
    9580  3  3     4738    4789    4768
    9581  3  3     4738    4768    4766
    9582  3  3     4830    4751    4933
    9583  3  3     4933    4751    4840
    9584  3  3     4794    4772    4935
    9585  3  3     4935    4772    4917
    9586  3  3     4780    4716    4936
    9587  3  3     4936    4716    4794
    9588  3  3     4800    4780    4937
    9589  3  3     4937    4780    4936
    9590  3  3     4698    4770    4938
    9591  3  3     4938    4770    4919
    9592  3  3     4793    4698    4938
    9593  3  3     4789    4790    4762
    9594  3  3     4789    4762    4768
    9595  3  3     4787    4760    4939
    9596  3  3     4939    4760    4843
    9597  3  3     4810    4809    4941
    9598  3  3     4941    4809    4931
    9599  3  3     4761    4793    4942
    9600  3  3     4761    4942    4845
    9601  3  3     4799    4725    4943
    9602  3  3     4943    4725    4811
    9603  3  3     4802    4722    4944
    9604  3  3     4944    4722    4797
    9605  3  3     4739    4802    4945
    9606  3  3     4739    4945    4771
    9607  3  3     4703    4776    4946
    9608  3  3     4703    4946    4792
    9609  3  3     4764    4847    4947
    9610  3  3     4764    4947    4797
    9611  3  3     4734    4784    4948
    9612  3  3     4734    4948    4808
    9613  3  3     4844    4808    4949
    9614  3  3     4949    4808    4948
    9615  3  3     4695    4806    4950
    9616  3  3     4695    4950    4778
    9617  3  3     4818    4820    4951
    9618  3  3     4818    4951    4819
    9619  3  3     4736    4782    4952
    9620  3  3     4736    4952    4805
    9621  3  3     4806    4805    4953
    9622  3  3     4953    4805    4952
    9623  3  3     4801    4756    4954
    9624  3  3     4954    4756    4834
    9625  3  3     4804    4801    4955
    9626  3  3     4955    4801    4954
    9627  3  3     4811    4810    4956
    9628  3  3     4956    4810    4941
    9629  3  3     4783    4742    4957
    9630  3  3     4957    4742    4817
    9631  3  3     4807    4783    4958
    9632  3  3     4958    4783    4957
    9633  3  3     4798    4737    4959
    9634  3  3     4959    4737    4807
    9635  3  3     4816    4798    4960
    9636  3  3     4960    4798    4959
    9637  3  3     4682    4786    4961
    9638  3  3     4682    4961    4820
    9639  3  3     4786    4787    4962
    9640  3  3     4786    4962    4961
    9641  3  3     4777    4748    4963
    9642  3  3     4963    4748    4821
    9643  3  3     4788    4814    4964
    9644  3  3     4788    4964    4931
    9645  3  3     4814    4815    4965
    9646  3  3     4814    4965    4964
    9647  3  3     4822    4816    4966
    9648  3  3     4966    4816    4960
    9649  3  3     4784    4778    4967
    9650  3  3     4967    4778    4950
    9651  3  3     4743    4804    4968
    9652  3  3     4743    4968    4791
    9653  3  3     4823    4822    4934
    9654  3  3     4934    4822    4858
    9655  3  3     4858    4822    4966
    9656  3  3     4824    4823    4904
    9657  3  3     4904    4823    4934
    9658  3  3     4848    4824    4903
    9659  3  3     4903    4824    4904
    9660  3  3     4837    4835    4969
    9661  3  3     4969    4835    4836
    9662  3  3     4821    4827    4971
    9663  3  3     4821    4971    4963
    9664  3  3     4831    4830    4972
    9665  3  3     4972    4830    4933
    9666  3  3     4832    4831    4973
    9667  3  3     4973    4831    4972
    9668  3  3     4833    4832    4974
    9669  3  3     4974    4832    4973
    9670  3  3     4834    4833    4975
    9671  3  3     4975    4833    4974
    9672  3  3     4776    4825    4976
    9673  3  3     4776    4976    4977
    9674  3  3     4776    4977    4946
    9675  3  3     4825    4826    4978
    9676  3  3     4825    4978    4976
    9677  3  3     4827    4846    4979
    9678  3  3     4827    4979    4980
    9679  3  3     4827    4980    4971
    9680  3  3     4838    4839    4981
    9681  3  3     4838    4981    4840
    9682  3  3     4843    4844    4982
    9683  3  3     4843    4982    4983
    9684  3  3     4843    4983    4939
    9685  3  3     4846    4845    4984
    9686  3  3     4846    4984    4985
    9687  3  3     4846    4985    4979
    9688  3  3     4847    4848    4986
    9689  3  3     4847    4986    4987
    9690  3  3     4847    4987    4947
    9691  3  3     4918    4613    4883
    9692  3  3     4848    4903    4905
    9693  3  3     4986    4848    4905
    9694  3  3     4904    4934    4662
    9695  3  3     4934    4858    4662
    9696  3  3     4782    4928    4952
    9697  3  3     4777    4963    4923
    9698  3  3     4928    4929    4952
    9699  3  3     4858    4966    4849
    9700  3  3     4841    4651    4927
    9701  3  3     4920    4803    4921
    9702  3  3     4917    4775    4922
    9703  3  3     4925    4918    4883
    9704  3  3     4926    4925    4988
    9705  3  3     4988    4925    4883
    9706  3  3     4953    4952    4989
    9707  3  3     4989    4952    4929
    9708  3  3     4978    4826    4990
    9709  3  3     4990    4826    4920
    9710  3  3     4916    4773    4991
    9711  3  3     4991    4773    4923
    9712  3  3     4922    4916    4991
    9713  3  3     4957    4817    4992
    9714  3  3     4992    4817    4894
    9715  3  3     4958    4957    4993
    9716  3  3     4993    4957    4992
    9717  3  3     4924    4792    4994
    9718  3  3     4994    4792    4946
    9719  3  3     4946    4977    4994
    9720  3  3     4919    4799    4995
    9721  3  3     4995    4799    4943
    9722  3  3     4771    4945    4996
    9723  3  3     4771    4996    4929
    9724  3  3     4968    4804    4997
    9725  3  3     4997    4804    4955
    9726  3  3     4815    4924    4998
    9727  3  3     4815    4998    4965
    9728  3  3     4936    4794    4999
    9729  3  3     4999    4794    4935
    9730  3  3     4800    4937    4880
    9731  3  3     4800    4880    4877
    9732  3  3     4938    4919    5000
    9733  3  3     5000    4919    4995
    9734  3  3     4921    4837    5001
    9735  3  3     5001    4837    4969
    9736  3  3     4937    4936    5002
    9737  3  3     5002    4936    4999
    9738  3  3     4902    4791    5003
    9739  3  3     4902    5003    4678
    9740  3  3     4791    4968    5003
    9741  3  3     4787    4939    5004
    9742  3  3     4787    5004    4962
    9743  3  3     4939    4983    5004
    9744  3  3     4784    4967    5005
    9745  3  3     4784    5005    4948
    9746  3  3     4807    4958    5006
    9747  3  3     4807    5006    4959
    9748  3  3     4951    4820    5007
    9749  3  3     5007    4820    4961
    9750  3  3     4961    4962    5008
    9751  3  3     4961    5008    5007
    9752  3  3     4793    4938    5009
    9753  3  3     5009    4938    5000
    9754  3  3     4942    4793    5009
    9755  3  3     4766    4768    4863
    9756  3  3     4766    4863    4654
    9757  3  3     4768    4762    4863
    9758  3  3     4945    4802    5010
    9759  3  3     5010    4802    4944
    9760  3  3     4949    4948    5011
    9761  3  3     5011    4948    5005
    9762  3  3     4966    4960    5012
    9763  3  3     4966    5012    4849
    9764  3  3     4797    4947    5013
    9765  3  3     4797    5013    4944
    9766  3  3     4947    4987    5014
    9767  3  3     4947    5014    5013
    9768  3  3     4845    4942    5015
    9769  3  3     4845    5015    4984
    9770  3  3     4943    4811    5016
    9771  3  3     5016    4811    4956
    9772  3  3     4981    4839    5017
    9773  3  3     5017    4839    4779
    9774  3  3     4779    4930    5018
    9775  3  3     4779    5018    5017
    9776  3  3     4930    4932    5019
    9777  3  3     4930    5019    5018
    9778  3  3     4806    4953    5020
    9779  3  3     4806    5020    4950
    9780  3  3     4960    4959    5021
    9781  3  3     4960    5021    5012
    9782  3  3     4762    4790    4970
    9783  3  3     4970    4790    4926
    9784  3  3     4967    4950    5022
    9785  3  3     5022    4950    5020
    9786  3  3     4954    4834    5024
    9787  3  3     5024    4834    4975
    9788  3  3     4955    4954    5025
    9789  3  3     5025    4954    5024
    9790  3  3     4964    4965    5026
    9791  3  3     5026    4965    4998
    9792  3  3     4931    4964    5027
    9793  3  3     5027    4964    5026
    9794  3  3     4941    4931    5027
    9795  3  3     4956    4941    5028
    9796  3  3     5028    4941    5027
    9797  3  3     4819    4951    5029
    9798  3  3     4819    5029    4813
    9799  3  3     4932    4813    5030
    9800  3  3     5030    4813    5029
    9801  3  3     4982    4844    5031
    9802  3  3     5031    4844    4949
    9803  3  3     4963    4971    5032
    9804  3  3     4963    5032    4923
    9805  3  3     4971    4980    5033
    9806  3  3     4971    5033    5032
    9807  3  3     4969    4836    5034
    9808  3  3     5034    4836    4927
    9809  3  3     4979    4985    5035
    9810  3  3     4979    5035    4980
    9811  3  3     4935    4917    5036
    9812  3  3     5036    4917    5037
    9813  3  3     5037    4917    4922
    9814  3  3     4840    4981    5038
    9815  3  3     4840    5038    5039
    9816  3  3     4840    5039    4933
    9817  3  3     4972    4933    5040
    9818  3  3     5040    4933    5039
    9819  3  3     4973    4972    5041
    9820  3  3     5041    4972    5040
    9821  3  3     4974    4973    5042
    9822  3  3     5042    4973    5041
    9823  3  3     4975    4974    5043
    9824  3  3     5043    4974    5042
    9825  3  3     4976    4978    5044
    9826  3  3     5044    4978    5045
    9827  3  3     5045    4978    4990
    9828  3  3     4977    4976    5046
    9829  3  3     5046    4976    5044
    9830  3  3     4985    4984    5047
    9831  3  3     5047    4984    5048
    9832  3  3     5048    4984    5015
    9833  3  3     4983    4982    5049
    9834  3  3     5049    4982    5050
    9835  3  3     5050    4982    5031
    9836  3  3     4987    4986    5051
    9837  3  3     4987    5051    5052
    9838  3  3     4987    5052    5014
    9839  3  3     4651    4859    4927
    9840  3  3     4899    4678    5003
    9841  3  3     4883    4604    4988
    9842  3  3     4604    4892    4988
    9843  3  3     4905    4906    4986
    9844  3  3     4640    4877    4880
    9845  3  3     4611    4849    5012
    9846  3  3     4857    4611    5012
    9847  3  3     4638    4863    4762
    9848  3  3     4892    4638    4970
    9849  3  3     4970    4638    4762
    9850  3  3     4894    4659    5023
    9851  3  3     5023    4659    4876
    9852  3  3     4889    4653    5053
    9853  3  3     5053    4653    4897
    9854  3  3     4879    4880    5055
    9855  3  3     5055    4880    4937
    9856  3  3     4878    4879    5055
    9857  3  3     4852    4603    5056
    9858  3  3     5056    4603    4853
    9859  3  3     4618    4871    5057
    9860  3  3     4618    5057    4853
    9861  3  3     4861    4852    5058
    9862  3  3     5058    4852    5056
    9863  3  3     4871    4626    5059
    9864  3  3     5059    4626    4860
    9865  3  3     4860    4901    5060
    9866  3  3     4860    5060    5059
    9867  3  3     4672    4851    5061
    9868  3  3     4672    5061    4900
    9869  3  3     4869    4631    5062
    9870  3  3     5062    4631    4874
    9871  3  3     4906    4907    5051
    9872  3  3     4906    5051    4986
    9873  3  3     4907    4908    5063
    9874  3  3     4907    5063    5051
    9875  3  3     4908    4909    5064
    9876  3  3     4908    5064    5063
    9877  3  3     4909    4910    5065
    9878  3  3     4909    5065    5064
    9879  3  3     4910    4911    5066
    9880  3  3     4910    5066    5065
    9881  3  3     4624    4867    5067
    9882  3  3     4624    5067    4891
    9883  3  3     4867    4868    5068
    9884  3  3     4867    5068    5067
    9885  3  3     4868    4870    5069
    9886  3  3     4868    5069    5068
    9887  3  3     4870    4878    5070
    9888  3  3     4870    5070    5069
    9889  3  3     4887    4885    5071
    9890  3  3     5071    4885    4886
    9891  3  3     4633    4881    5072
    9892  3  3     4633    5072    4886
    9893  3  3     4881    4882    5073
    9894  3  3     4881    5073    5072
    9895  3  3     4854    4616    5074
    9896  3  3     5074    4616    4861
    9897  3  3     4855    4854    5075
    9898  3  3     5075    4854    5074
    9899  3  3     4859    4650    5034
    9900  3  3     5034    4650    4855
    9901  3  3     4605    4856    5076
    9902  3  3     4605    5076    4875
    9903  3  3     4874    4649    5077
    9904  3  3     4874    5077    5062
    9905  3  3     4649    4893    5078
    9906  3  3     4649    5078    5077
    9907  3  3     4911    4670    5079
    9908  3  3     5079    4670    4875
    9909  3  3     4674    4873    5080
    9910  3  3     4674    5080    4914
    9911  3  3     4893    4915    5081
    9912  3  3     4893    5081    5078
    9913  3  3     4872    4639    5082
    9914  3  3     5082    4639    4862
    9915  3  3     4873    4872    5083
    9916  3  3     5083    4872    5082
    9917  3  3     4647    4884    5084
    9918  3  3     4647    5084    4862
    9919  3  3     4676    4912    5085
    9920  3  3     4676    5085    4882
    9921  3  3     4622    4866    4993
    9922  3  3     4622    4993    5054
    9923  3  3     4622    5054    4876
    9924  3  3     4656    4888    5086
    9925  3  3     4656    5086    4850
    9926  3  3     4851    4850    5088
    9927  3  3     5088    4850    5086
    9928  3  3     4865    4609    5089
    9929  3  3     5089    4609    4857
    9930  3  3     4866    4865    5090
    9931  3  3     5090    4865    5089
    9932  3  3     4888    4887    5091
    9933  3  3     5091    4887    5071
    9934  3  3     4884    4648    5092
    9935  3  3     5092    4648    4889
    9936  3  3     4890    4891    5093
    9937  3  3     4890    5093    4913
    9938  3  3     4895    4896    5094
    9939  3  3     4895    5094    4897
    9940  3  3     4896    4898    5095
    9941  3  3     4896    5095    5094
    9942  3  3     4898    4899    5096
    9943  3  3     4898    5096    5095
    9944  3  3     4856    4620    5097
    9945  3  3     5097    4620    5098
    9946  3  3     5098    4620    4864
    9947  3  3     4864    4869    5099
    9948  3  3     4864    5099    5098
    9949  3  3     4901    4900    5100
    9950  3  3     5100    4900    5061
    9951  3  3     4915    4914    5101
    9952  3  3     4915    5101    5102
    9953  3  3     4915    5102    5081
    9954  3  3     4912    4913    5103
    9955  3  3     5103    4913    5104
    9956  3  3     5104    4913    5093
    9957  3  3     4929    4996    4989
    9958  3  3     4937    5002    5055
    9959  3  3     5034    4927    4859
    9960  3  3     5052    5051    5063
    9961  3  3     4970    4926    4892
    9962  3  3     4926    4988    4892
    9963  3  3     4993    4992    5054
    9964  3  3     4991    4923    5032
    9965  3  3     5012    5021    4857
    9966  3  3     5021    4959    5006
    9967  3  3     4992    4894    5023
    9968  3  3     5019    4932    5030
    9969  3  3     4997    4955    5025
    9970  3  3     5003    4968    5105
    9971  3  3     5003    5105    4899
    9972  3  3     4968    4997    5105
    9973  3  3     4996    4945    5106
    9974  3  3     5106    4945    5010
    9975  3  3     4935    5036    5107
    9976  3  3     4935    5107    4999
    9977  3  3     4995    4943    5108
    9978  3  3     5108    4943    5016
    9979  3  3     5020    4953    5109
    9980  3  3     5109    4953    4989
    9981  3  3     4998    4924    5110
    9982  3  3     5110    4924    4994
    9983  3  3     5022    5020    5111
    9984  3  3     5111    5020    5109
    9985  3  3     5008    4962    5112
    9986  3  3     5112    4962    5004
    9987  3  3     5000    4995    5113
    9988  3  3     5113    4995    5108
    9989  3  3     4975    5043    5114
    9990  3  3     4975    5114    5024
    9991  3  3     5002    4999    5115
    9992  3  3     5115    4999    5107
    9993  3  3     5037    4922    5116
    9994  3  3     5116    4922    4991
    9995  3  3     5025    5024    5117
    9996  3  3     5117    5024    5114
    9997  3  3     4958    4993    5090
    9998  3  3     5090    4993    4866
    9999  3  3     5006    4958    5090
   10000  3  3     4969    5034    5075
   10001  3  3     5075    5034    4855
   10002  3  3     5001    4969    5075
   10003  3  3     5031    4949    5118
   10004  3  3     5118    4949    5011
   10005  3  3     4994    4977    5119
   10006  3  3     5119    4977    5046
   10007  3  3     4980    5035    5120
   10008  3  3     4980    5120    5033
   10009  3  3     4944    5013    5121
   10010  3  3     4944    5121    5010
   10011  3  3     5013    5014    5122
   10012  3  3     5013    5122    5121
   10013  3  3     5014    5052    5123
   10014  3  3     5014    5123    5122
   10015  3  3     5009    5000    5124
   10016  3  3     5124    5000    5113
   10017  3  3     5015    4942    5125
   10018  3  3     5125    4942    5009
   10019  3  3     5048    5015    5126
   10020  3  3     5126    5015    5125
   10021  3  3     5026    4998    5127
   10022  3  3     5127    4998    5110
   10023  3  3     4990    4920    5128
   10024  3  3     5128    4920    4921
   10025  3  3     4921    5001    5128
   10026  3  3     5045    4990    5129
   10027  3  3     5129    4990    5128
   10028  3  3     5029    4951    5130
   10029  3  3     5130    4951    5007
   10030  3  3     5007    5008    5131
   10031  3  3     5007    5131    5130
   10032  3  3     5030    5029    5132
   10033  3  3     5132    5029    5130
   10034  3  3     5016    4956    5133
   10035  3  3     5133    4956    5028
   10036  3  3     5035    4985    5103
   10037  3  3     5103    4985    5047
   10038  3  3     5050    5031    5134
   10039  3  3     5134    5031    5118
   10040  3  3     5027    5026    5135
   10041  3  3     5135    5026    5127
   10042  3  3     5028    5027    5136
   10043  3  3     5136    5027    5135
   10044  3  3     5032    5033    4940
   10045  3  3     5032    4940    4991
   10046  3  3     5005    4967    5137
   10047  3  3     5137    4967    5022
   10048  3  3     5011    5005    5139
   10049  3  3     5139    5005    5137
   10050  3  3     4981    5017    5140
   10051  3  3     4981    5140    5038
   10052  3  3     5017    5018    5141
   10053  3  3     5017    5141    5140
   10054  3  3     5018    5019    5141
   10055  3  3     5036    5037    5142
   10056  3  3     5036    5142    5107
   10057  3  3     5044    5045    5143
   10058  3  3     5044    5143    5046
   10059  3  3     5004    4983    5144
   10060  3  3     5004    5144    5112
   10061  3  3     4983    5049    5145
   10062  3  3     4983    5145    5144
   10063  3  3     5039    5038    5146
   10064  3  3     5146    5038    5147
   10065  3  3     5147    5038    5140
   10066  3  3     5040    5039    5148
   10067  3  3     5148    5039    5146
   10068  3  3     5041    5040    5149
   10069  3  3     5149    5040    5148
   10070  3  3     5042    5041    5150
   10071  3  3     5150    5041    5149
   10072  3  3     5043    5042    5151
   10073  3  3     5151    5042    5150
   10074  3  3     5049    5050    5152
   10075  3  3     5049    5152    5153
   10076  3  3     5049    5153    5145
   10077  3  3     5047    5048    5085
   10078  3  3     5085    5048    5154
   10079  3  3     5154    5048    5126
   10080  3  3     4991    4940    5116
   10081  3  3     4857    5021    5089
   10082  3  3     4899    5105    5096
   10083  3  3     5035    5103    5104
   10084  3  3     5085    5154    4882
   10085  3  3     5103    5047    4912
   10086  3  3     5047    5085    4912
   10087  3  3     5021    5006    5089
   10088  3  3     5006    5090    5089
   10089  3  3     5110    4994    5119
   10090  3  3     5054    4992    5023
   10091  3  3     5120    5035    5104
   10092  3  3     5009    5124    5155
   10093  3  3     5009    5155    5125
   10094  3  3     4989    4996    5109
   10095  3  3     4996    5106    5109
   10096  3  3     5111    5109    5156
   10097  3  3     5156    5109    5106
   10098  3  3     5106    5010    5156
   10099  3  3     5010    5121    5156
   10100  3  3     5037    5116    5157
   10101  3  3     5037    5157    5142
   10102  3  3     5126    5125    5158
   10103  3  3     5158    5125    5155
   10104  3  3     5133    5028    5159
   10105  3  3     5159    5028    5136
   10106  3  3     5016    5133    5160
   10107  3  3     5016    5160    5108
   10108  3  3     5130    5131    5161
   10109  3  3     5130    5161    5132
   10110  3  3     5113    5108    5162
   10111  3  3     5162    5108    5160
   10112  3  3     5121    5122    5163
   10113  3  3     5121    5163    5156
   10114  3  3     5122    5123    5164
   10115  3  3     5122    5164    5163
   10116  3  3     5154    5126    5165
   10117  3  3     5165    5126    5158
   10118  3  3     5105    4997    5166
   10119  3  3     5105    5166    5096
   10120  3  3     4997    5025    5166
   10121  3  3     5025    5117    5167
   10122  3  3     5025    5167    5166
   10123  3  3     5043    5151    5168
   10124  3  3     5043    5168    5114
   10125  3  3     5117    5114    5168
   10126  3  3     5131    5008    5169
   10127  3  3     5169    5008    5112
   10128  3  3     5152    5050    5138
   10129  3  3     5138    5050    5134
   10130  3  3     5137    5022    5170
   10131  3  3     5170    5022    5111
   10132  3  3     5052    5063    5172
   10133  3  3     5172    5063    5064
   10134  3  3     5123    5052    5172
   10135  3  3     5001    5075    5173
   10136  3  3     5173    5075    5074
   10137  3  3     5128    5001    5174
   10138  3  3     5174    5001    5173
   10139  3  3     5129    5128    5174
   10140  3  3     5147    5140    5175
   10141  3  3     5175    5140    5141
   10142  3  3     5118    5011    5176
   10143  3  3     5176    5011    5139
   10144  3  3     5134    5118    5177
   10145  3  3     5177    5118    5176
   10146  3  3     5055    5002    5070
   10147  3  3     5055    5070    4878
   10148  3  3     5002    5115    5070
   10149  3  3     5124    5113    5178
   10150  3  3     5178    5113    5162
   10151  3  3     5112    5144    5179
   10152  3  3     5112    5179    5169
   10153  3  3     5033    5120    5180
   10154  3  3     5033    5180    4940
   10155  3  3     5046    5143    5181
   10156  3  3     5046    5181    5119
   10157  3  3     5144    5145    5182
   10158  3  3     5144    5182    5179
   10159  3  3     5145    5153    5099
   10160  3  3     5145    5099    5182
   10161  3  3     5115    5107    5183
   10162  3  3     5183    5107    5142
   10163  3  3     5030    5132    5184
   10164  3  3     5030    5184    5019
   10165  3  3     5141    5019    5185
   10166  3  3     5185    5019    5184
   10167  3  3     5143    5045    5186
   10168  3  3     5186    5045    5129
   10169  3  3     5139    5137    5187
   10170  3  3     5187    5137    5170
   10171  3  3     5127    5110    5188
   10172  3  3     5188    5110    5119
   10173  3  3     5135    5127    5189
   10174  3  3     5189    5127    5188
   10175  3  3     5136    5135    5190
   10176  3  3     5190    5135    5189
   10177  3  3     5148    5146    5191
   10178  3  3     5191    5146    5192
   10179  3  3     5192    5146    5147
   10180  3  3     5149    5148    5193
   10181  3  3     5193    5148    5191
   10182  3  3     5150    5149    5194
   10183  3  3     5194    5149    5193
   10184  3  3     5151    5150    5195
   10185  3  3     5195    5150    5194
   10186  3  3     5153    5152    5097
   10187  3  3     5097    5152    5087
   10188  3  3     5087    5152    5138
   10189  3  3     5098    5099    5153
   10190  3  3     5097    5098    5153
   10191  3  3     5023    4876    5054
   10192  3  3     5073    4882    5154
   10193  3  3     4856    5097    5087
   10194  3  3     5076    4856    5087
   10195  3  3     4871    5059    5196
   10196  3  3     4871    5196    5057
   10197  3  3     5099    4869    5062
   10198  3  3     5059    5060    5198
   10199  3  3     5059    5198    5196
   10200  3  3     4851    5088    5199
   10201  3  3     4851    5199    5061
   10202  3  3     4853    5057    5200
   10203  3  3     4853    5200    5056
   10204  3  3     5058    5056    5201
   10205  3  3     5201    5056    5200
   10206  3  3     4861    5058    5074
   10207  3  3     5053    4897    5202
   10208  3  3     5202    4897    5094
   10209  3  3     4911    5079    5203
   10210  3  3     4911    5203    5066
   10211  3  3     5093    4891    5204
   10212  3  3     5204    4891    5067
   10213  3  3     5060    4901    5205
   10214  3  3     5205    4901    5100
   10215  3  3     5069    5070    5183
   10216  3  3     5183    5070    5115
   10217  3  3     5068    5069    5206
   10218  3  3     5206    5069    5183
   10219  3  3     5067    5068    5207
   10220  3  3     5207    5068    5206
   10221  3  3     4862    5084    5208
   10222  3  3     4862    5208    5082
   10223  3  3     5083    5082    5209
   10224  3  3     5209    5082    5208
   10225  3  3     5064    5065    5210
   10226  3  3     5064    5210    5172
   10227  3  3     5065    5066    5211
   10228  3  3     5065    5211    5210
   10229  3  3     5101    4914    5212
   10230  3  3     5212    4914    5080
   10231  3  3     5104    5093    5213
   10232  3  3     5104    5213    5120
   10233  3  3     4888    5091    5214
   10234  3  3     4888    5214    5086
   10235  3  3     5088    5086    5215
   10236  3  3     5215    5086    5214
   10237  3  3     5080    4873    5216
   10238  3  3     5216    4873    5083
   10239  3  3     4889    5053    5217
   10240  3  3     5217    5053    5202
   10241  3  3     5092    4889    5217
   10242  3  3     5079    4875    5218
   10243  3  3     5218    4875    5076
   10244  3  3     5084    4884    5219
   10245  3  3     5219    4884    5092
   10246  3  3     4886    5072    5220
   10247  3  3     4886    5220    5071
   10248  3  3     5072    5073    5221
   10249  3  3     5072    5221    5220
   10250  3  3     5091    5071    5222
   10251  3  3     5222    5071    5220
   10252  3  3     5095    5096    5197
   10253  3  3     5197    5096    5166
   10254  3  3     5094    5095    5223
   10255  3  3     5094    5223    5202
   10256  3  3     5100    5061    5225
   10257  3  3     5225    5061    5199
   10258  3  3     5077    5078    5226
   10259  3  3     5077    5226    5227
   10260  3  3     5077    5227    5062
   10261  3  3     5078    5081    5228
   10262  3  3     5078    5228    5226
   10263  3  3     5081    5102    5229
   10264  3  3     5081    5229    5228
   10265  3  3     5102    5101    5230
   10266  3  3     5230    5101    5231
   10267  3  3     5231    5101    5212
   10268  3  3     5166    5167    5197
   10269  3  3     5154    5165    5073
   10270  3  3     5087    5138    5076
   10271  3  3     5173    5074    5058
   10272  3  3     5182    5099    5171
   10273  3  3     5171    5099    5062
   10274  3  3     5180    5120    5213
   10275  3  3     5175    5141    5185
   10276  3  3     5188    5119    5232
   10277  3  3     5232    5119    5181
   10278  3  3     5159    5136    5190
   10279  3  3     5111    5156    5163
   10280  3  3     5170    5111    5163
   10281  3  3     5157    5116    4940
   10282  3  3     4940    5180    5157
   10283  3  3     5183    5142    5234
   10284  3  3     5183    5234    5206
   10285  3  3     5142    5157    5234
   10286  3  3     5163    5164    5233
   10287  3  3     5163    5233    5170
   10288  3  3     5187    5170    5233
   10289  3  3     5161    5131    5235
   10290  3  3     5235    5131    5169
   10291  3  3     5174    5173    5237
   10292  3  3     5237    5173    5058
   10293  3  3     5129    5174    5237
   10294  3  3     5186    5129    5238
   10295  3  3     5238    5129    5237
   10296  3  3     5160    5133    5239
   10297  3  3     5239    5133    5159
   10298  3  3     5164    5123    5172
   10299  3  3     5162    5160    5240
   10300  3  3     5240    5160    5239
   10301  3  3     5155    5124    5241
   10302  3  3     5241    5124    5178
   10303  3  3     5158    5155    5241
   10304  3  3     5132    5161    5242
   10305  3  3     5132    5242    5184
   10306  3  3     5147    5175    5243
   10307  3  3     5147    5243    5192
   10308  3  3     5117    5168    5244
   10309  3  3     5117    5244    5167
   10310  3  3     5151    5195    5245
   10311  3  3     5151    5245    5168
   10312  3  3     5138    5134    5218
   10313  3  3     5138    5218    5076
   10314  3  3     5134    5177    5218
   10315  3  3     5139    5187    5224
   10316  3  3     5139    5224    5176
   10317  3  3     5179    5182    5227
   10318  3  3     5227    5182    5171
   10319  3  3     5178    5162    5246
   10320  3  3     5246    5162    5240
   10321  3  3     5185    5184    5247
   10322  3  3     5247    5184    5242
   10323  3  3     5169    5179    5228
   10324  3  3     5169    5228    5235
   10325  3  3     5189    5188    5248
   10326  3  3     5248    5188    5232
   10327  3  3     5190    5189    5250
   10328  3  3     5250    5189    5248
   10329  3  3     5165    5158    5221
   10330  3  3     5221    5158    5251
   10331  3  3     5251    5158    5241
   10332  3  3     5177    5176    5203
   10333  3  3     5203    5176    5249
   10334  3  3     5249    5176    5224
   10335  3  3     5181    5143    5252
   10336  3  3     5252    5143    5254
   10337  3  3     5254    5143    5186
   10338  3  3     5193    5191    5255
   10339  3  3     5255    5191    5256
   10340  3  3     5256    5191    5192
   10341  3  3     5194    5193    5257
   10342  3  3     5257    5193    5255
   10343  3  3     5195    5194    5258
   10344  3  3     5258    5194    5257
   10345  3  3     5235    5228    5229
   10346  3  3     5237    5058    5201
   10347  3  3     5171    5062    5227
   10348  3  3     5164    5172    5210
   10349  3  3     5073    5165    5221
   10350  3  3     5228    5179    5226
   10351  3  3     5179    5227    5226
   10352  3  3     5218    5177    5079
   10353  3  3     5177    5203    5079
   10354  3  3     5238    5237    5201
   10355  3  3     5203    5249    5066
   10356  3  3     5256    5192    5243
   10357  3  3     5157    5180    5259
   10358  3  3     5157    5259    5234
   10359  3  3     5180    5213    5259
   10360  3  3     5244    5168    5260
   10361  3  3     5260    5168    5245
   10362  3  3     5161    5235    5229
   10363  3  3     5161    5229    5242
   10364  3  3     5233    5164    5210
   10365  3  3     5187    5233    5210
   10366  3  3     5206    5234    5207
   10367  3  3     5224    5187    5211
   10368  3  3     5211    5187    5210
   10369  3  3     5249    5224    5211
   10370  3  3     5178    5246    5261
   10371  3  3     5178    5261    5241
   10372  3  3     5251    5241    5261
   10373  3  3     5181    5252    5262
   10374  3  3     5181    5262    5232
   10375  3  3     5248    5232    5262
   10376  3  3     5254    5186    5263
   10377  3  3     5263    5186    5238
   10378  3  3     5243    5175    5264
   10379  3  3     5264    5175    5185
   10380  3  3     5185    5247    5231
   10381  3  3     5185    5231    5264
   10382  3  3     5221    5251    5265
   10383  3  3     5221    5265    5220
   10384  3  3     5247    5242    5230
   10385  3  3     5247    5230    5231
   10386  3  3     5197    5167    5223
   10387  3  3     5223    5167    5244
   10388  3  3     5195    5258    5266
   10389  3  3     5195    5266    5245
   10390  3  3     5159    5190    5267
   10391  3  3     5159    5267    5239
   10392  3  3     5190    5250    5268
   10393  3  3     5190    5268    5267
   10394  3  3     5240    5239    5269
   10395  3  3     5269    5239    5267
   10396  3  3     5246    5240    5270
   10397  3  3     5270    5240    5269
   10398  3  3     5250    5248    5236
   10399  3  3     5236    5248    5271
   10400  3  3     5271    5248    5262
   10401  3  3     5252    5254    5205
   10402  3  3     5252    5205    5262
   10403  3  3     5255    5256    5209
   10404  3  3     5255    5209    5257
   10405  3  3     5258    5257    5272
   10406  3  3     5272    5257    5209
   10407  3  3     5209    5208    5272
   10408  3  3     5223    5095    5197
   10409  3  3     5222    5220    5265
   10410  3  3     5067    5207    5204
   10411  3  3     5093    5204    5213
   10412  3  3     5229    5102    5242
   10413  3  3     5102    5230    5242
   10414  3  3     5211    5066    5249
   10415  3  3     5060    5205    5254
   10416  3  3     5198    5060    5254
   10417  3  3     5231    5212    5264
   10418  3  3     5083    5209    5256
   10419  3  3     5216    5083    5256
   10420  3  3     5201    5200    5238
   10421  3  3     5057    5196    5200
   10422  3  3     5205    5100    5253
   10423  3  3     5205    5253    5262
   10424  3  3     5208    5084    5272
   10425  3  3     5084    5219    5272
   10426  3  3     5100    5225    5271
   10427  3  3     5100    5271    5253
   10428  3  3     5088    5215    5273
   10429  3  3     5088    5273    5199
   10430  3  3     5225    5199    5275
   10431  3  3     5275    5199    5273
   10432  3  3     5212    5080    5276
   10433  3  3     5276    5080    5216
   10434  3  3     5202    5223    5274
   10435  3  3     5274    5223    5244
   10436  3  3     5217    5202    5277
   10437  3  3     5277    5202    5274
   10438  3  3     5092    5217    5279
   10439  3  3     5279    5217    5277
   10440  3  3     5219    5092    5279
   10441  3  3     5196    5198    5263
   10442  3  3     5196    5263    5200
   10443  3  3     5214    5091    5280
   10444  3  3     5280    5091    5222
   10445  3  3     5215    5214    5281
   10446  3  3     5281    5214    5280
   10447  3  3     5254    5263    5198
   10448  3  3     5244    5260    5274
   10449  3  3     5271    5262    5253
   10450  3  3     5236    5271    5225
   10451  3  3     5263    5238    5200
   10452  3  3     5234    5259    5207
   10453  3  3     5258    5272    5219
   10454  3  3     5266    5258    5219
   10455  3  3     5259    5213    5204
   10456  3  3     5265    5251    5261
   10457  3  3     5256    5243    5276
   10458  3  3     5256    5276    5216
   10459  3  3     5243    5264    5276
   10460  3  3     5261    5246    5282
   10461  3  3     5282    5246    5270
   10462  3  3     5267    5268    5283
   10463  3  3     5267    5283    5269
   10464  3  3     5268    5250    5275
   10465  3  3     5275    5250    5236
   10466  3  3     5245    5266    5277
   10467  3  3     5245    5277    5260
   10468  3  3     5270    5269    5278
   10469  3  3     5278    5269    5283
   10470  3  3     5277    5266    5279
   10471  3  3     5266    5219    5279
   10472  3  3     5207    5259    5204
   10473  3  3     5260    5277    5274
   10474  3  3     5236    5225    5275
   10475  3  3     5276    5264    5212
   10476  3  3     5268    5275    5283
   10477  3  3     5265    5261    5282
   10478  3  3     5270    5278    5281
   10479  3  3     5270    5281    5282
   10480  3  3     5278    5283    5284
   10481  3  3     5278    5284    5281
   10482  3  3     5215    5281    5284
   10483  3  3     5273    5215    5284
   10484  3  3     5281    5280    5282
   10485  3  3     5275    5273    5283
   10486  3  3     5222    5265    5282
   10487  3  3     5280    5222    5282
   10488  3  3     5284    5283    5273