1   0.0000000000e+000   0.0000000000e+000
         2   1.0000000000e+000   0.0000000000e+000
         3   1.0000000000e+001   0.0000000000e+000
         4   9.7815819538e+000   2.0786184068e+000
         5   9.1357798900e+000   4.0666356860e+000
         6   8.0907020032e+000   5.8771201362e+000
         7   6.6919450337e+000   7.4308728738e+000
         8   5.0006040494e+000   8.6599052617e+000
         9   3.0905996322e+000   9.5104255380e+000
        10   1.0454399250e+000   9.9452026306e+000
        11  -1.0454399250e+000   9.9452026306e+000
        12  -3.0905996322e+000   9.5104255380e+000
        13  -5.0006040494e+000   8.6599052617e+000
        14  -6.6919450337e+000   7.4308728738e+000
        15  -8.0907020032e+000   5.8771201362e+000
        16  -9.1357798900e+000   4.0666356860e+000
        17  -9.7815819538e+000   2.0786184068e+000
        18  -1.0000000000e+001  -1.2098069942e-014
        19  -9.7815819538e+000  -2.0786184068e+000
        20  -9.1357798900e+000  -4.0666356860e+000
        21  -8.0907020032e+000  -5.8771201362e+000
        22  -6.6919450337e+000  -7.4308728738e+000
        23  -5.0006040494e+000  -8.6599052617e+000
        24  -3.0905996322e+000  -9.5104255380e+000
        25  -1.0454399250e+000  -9.9452026306e+000
        26   1.0454399250e+000  -9.9452026306e+000
        27   3.0905996322e+000  -9.5104255380e+000
        28   5.0006040494e+000  -8.6599052617e+000
        29   6.6919450337e+000  -7.4308728738e+000
        30   8.0907020032e+000  -5.8771201362e+000
        31   9.1357798900e+000  -4.0666356860e+000
        32   9.7815819538e+000  -2.0786184068e+000
        33   2.8654873850e-002   2.6557455111e-002
        34   6.7397954355e-002   3.8987248626e-002
        35   1.0737107540e-001   4.6768498231e-002
        36   1.4776780069e-001   5.1961285164e-002
        37   1.8835392855e-001   5.5389386449e-002
        38   2.2903090722e-001   5.7496693773e-002
        39   2.6974924979e-001   5.8543277297e-002
        40   3.1048079674e-001   5.8732505404e-002
        41   3.5120936631e-001   5.8196061476e-002
        42   3.9192566671e-001   5.7059504679e-002
        43   4.3262417331e-001   5.5402675301e-002
        44   4.7330129165e-001   5.3284374444e-002
        45   5.1395624795e-001   5.0776463553e-002
        46   5.5458854561e-001   4.7924195529e-002
        47   5.9519832164e-001   4.4767631074e-002
        48   6.3578563422e-001   4.1334222297e-002
        49   6.7635002807e-001   3.7639780180e-002
        50   7.1689260142e-001   3.3713069941e-002
        51   7.5741371488e-001   2.9570908985e-002
        52   7.9791156484e-001   2.5207038300e-002
        53   8.3838496151e-001   2.0622018792e-002
        54   8.7883364764e-001   1.5823806819e-002
        55   9.1925369248e-001   1.0790130343e-002
        56   9.5964418730e-001   5.5248387175e-003
        57   9.5964418730e-001  -5.5248387175e-003
        58   9.1925369248e-001  -1.0790130343e-002
        59   8.7883364764e-001  -1.5823806819e-002
        60   8.3838496151e-001  -2.0622018792e-002
        61   7.9791156484e-001  -2.5207038300e-002
        62   7.5741371488e-001  -2.9570908985e-002
        63   7.1689260142e-001  -3.3713069941e-002
        64   6.7635002807e-001  -3.7639780180e-002
        65   6.3578563422e-001  -4.1334222297e-002
        66   5.9519832164e-001  -4.4767631074e-002
        67   5.5458854561e-001  -4.7924195529e-002
        68   5.1395624795e-001  -5.0776463553e-002
        69   4.7330129165e-001  -5.3284374444e-002
        70   4.3262417331e-001  -5.5402675301e-002
        71   3.9192566671e-001  -5.7059504679e-002
        72   3.5120936631e-001  -5.8196061476e-002
        73   3.1048079674e-001  -5.8732505404e-002
        74   2.6974924979e-001  -5.8543277297e-002
        75   2.2903090722e-001  -5.7496693773e-002
        76   1.8835392855e-001  -5.5389386449e-002
        77   1.4776780069e-001  -5.1961285164e-002
        78   1.0737107540e-001  -4.6768498231e-002
        79   6.7397954355e-002  -3.8987248626e-002
        80   2.8654873850e-002  -2.6557455111e-002
        81   8.1867517244e-001   7.0784389960e-002
        82   2.8253541640e+000   2.6720976329e-001
        83  -1.0243221097e+000  -3.7209769199e+000
        84   8.6281117263e-001   6.6941136451e-002
        85   9.0859200564e-001   6.3040821077e-002
        86   9.5680519865e-001   5.8459662769e-002
        87   1.0040859181e+000   4.6310090337e-002
        88   7.7549240165e-001   7.4617275681e-002
        89   7.3283484322e-001   7.8323560076e-002
        90   6.9051802987e-001   8.1829784237e-002
        91   6.4840221985e-001   8.5135867215e-002
        92   6.0639775252e-001   8.8224880976e-002
        93   5.6447723272e-001   9.1057946125e-002
        94   5.2261138444e-001   9.3646254985e-002
        95   4.8079273290e-001   9.5947244343e-002
        96   4.3898513711e-001   9.7829940666e-002
        97   3.9703290290e-001   9.9262694721e-002
        98   3.5469418609e-001   9.9993218362e-002
        99   3.1092905634e-001   9.9628293195e-002
       100   2.6315520727e-001   9.5457151558e-002
       101   2.1868071021e-001   1.0553703112e-001
       102   1.8480369462e-001   9.6981686753e-002
       103   1.4467280641e-001   9.1700302451e-002
       104   1.0334288211e-001   8.4450013682e-002
       105   6.1979594431e-002   7.3902833276e-002
       106   2.1574413448e-002   5.8257387300e-002
       107  -1.5324627698e-002   3.4091386696e-002
       108   8.6682027843e-001  -6.5191208945e-002
       109   8.2283529274e-001  -6.9774078693e-002
       110   7.7957135500e-001  -7.3878039700e-002
       111   7.3675069996e-001  -7.7696880429e-002
       112   6.9420004282e-001  -8.1320348062e-002
       113   6.5182845353e-001  -8.4719152518e-002
       114   6.0959013250e-001  -8.7868925640e-002
       115   5.6744887825e-001  -9.0759128646e-002
       116   5.2538185183e-001  -9.3375294646e-002
       117   4.8337721237e-001  -9.5687773964e-002
       118   4.4144352374e-001  -9.7632238261e-002
       119   3.9962350179e-001  -9.9109257770e-002
       120   3.5773832174e-001  -1.0011925777e-001
       121   3.1575812545e-001  -1.0052161783e-001
       122   2.7365526794e-001  -1.0016440890e-001
       123   2.3142532221e-001  -9.8792821626e-002
       124   1.8907526934e-001  -9.6085928405e-002
       125   1.4666842851e-001  -9.1580466656e-002
       126   1.0434759655e-001  -8.4593047123e-002
       127   6.2419837070e-002  -7.4076726354e-002
       128   2.1677899128e-002  -5.8274654667e-002
       129   9.1156327725e-001  -5.9794228711e-002
       130   9.5001178491e-001  -4.8594907983e-002
       131   9.9876580219e-001  -5.7540331186e-002
       132  -1.5382386680e-002  -3.3788595397e-002
       133   5.1360033019e+000   6.9162291011e+000
       134   3.6482560613e+000   7.7578649937e+000
       135   6.3875471833e+000   5.7521860082e+000
       136   2.0245357827e+000   8.2698576096e+000
       137   7.4021135108e+000   4.4138844481e+000
       138   2.5486563332e-001   8.3686935163e+000
       139  -1.6073402506e+000   8.2386179714e+000
       140  -3.3676482082e+000   7.6599902697e+000
       141  -5.0006287932e+000   6.8958297793e+000
       142  -6.2947170253e+000   5.7318414106e+000
       143  -7.3163696440e+000   4.3135287652e+000
       144  -8.0258566442e+000   2.7088658897e+000
       145  -8.3959195006e+000   9.8344887039e-001
       146  -8.4140484983e+000  -7.8356579242e-001
       147  -8.0766663931e+000  -2.5204676561e+000
       148  -7.3903888665e+000  -4.1454543023e+000
       149  -6.3789705088e+000  -5.5891557575e+000
       150  -5.0940854622e+000  -6.7873787676e+000
       151  -3.6007580118e+000  -7.6878672667e+000
       152  -1.9708643467e+000  -8.2592469441e+000
       153  -2.0211956853e-001  -8.3836453984e+000
       154   1.6369314952e+000  -8.3048596756e+000
       155   3.3621060702e+000  -7.8136908615e+000
       156   4.9110175882e+000  -6.9504347033e+000
       157   6.2268592565e+000  -5.7819456913e+000
       158   7.2696349380e+000  -4.4022776042e+000
       159   8.0224254671e+000   2.8182422984e+000
       160   8.0239489117e+000  -2.9869618328e+000
       161   8.4369162233e+000   1.1012555050e+000
       162   8.5497432300e+000  -5.2023247641e-001
       163   7.9705565357e+000  -1.6850765000e+000
       164   7.7330771484e+000   2.4857894596e-001
       165   7.3392142769e+000  -6.3014458155e-001
       166   7.5036228477e+000   1.8849872325e+000
       167   7.3157060270e+000   1.0619620792e+000
       168   6.8667695640e+000   3.5421326531e+000
       169   6.8738131456e+000   2.6389532736e+000
       170   5.9890826634e+000   4.4461350134e+000
       171   5.1138722862e+000   5.5783819936e+000
       172   4.0153672182e+000   6.4187802081e+000
       173   2.7116498351e+000   6.9066936244e+000
       174   1.4116116791e+000   7.3366302845e+000
       175  -5.1847474249e-001   7.5877899727e+000
       176   3.9057884754e-001   7.2101986358e+000
       177  -2.1837970001e+000   7.2438990394e+000
       178  -1.2439467646e+000   7.1269725233e+000
       179  -3.8682959813e+000   6.3639102156e+000
       180  -2.7835192868e+000   6.5548929722e+000
       181  -4.9138213961e+000   5.5292610445e+000
       182  -5.8799427777e+000   4.4299829303e+000
       183  -6.6313005135e+000   3.1319256745e+000
       184  -7.1147194958e+000   1.6945143745e+000
       185  -7.3020864261e+000   1.8196886849e-001
       186  -7.1820314753e+000  -1.3397805339e+000
       187  -6.7559840526e+000  -2.8035477042e+000
       188  -6.0416380211e+000  -4.1442434330e+000
       189  -5.0722897219e+000  -5.3036741032e+000
       190  -3.8959014200e+000  -6.2285769945e+000
       191  -2.5821416576e+000  -6.8811650412e+000
       192  -1.3005109225e+000  -7.3290980042e+000
       193   5.9865807485e-001  -7.6281162519e+000
       194  -2.7353500939e-001  -7.2174137671e+000
       195   2.2314281393e+000  -7.3956205635e+000
       196   1.3343072584e+000  -7.2124192521e+000
       197   3.7231660916e+000  -6.7917934576e+000
       198   2.8215276924e+000  -6.8207920641e+000
       199   5.0239981582e+000  -5.8662640822e+000
       200   4.1543533952e+000  -6.0943389273e+000
       201   6.0961414386e+000  -4.6941235393e+000
       202   5.2831855575e+000  -5.0877000911e+000
       203   6.9399925045e+000  -3.3325238162e+000
       204   6.2034478812e+000  -3.8719334464e+000
       205  -4.4592159782e-002   3.7255829370e-004
       206   7.5869758056e-001  -1.2197388617e-001
       207   8.0395615453e-001  -1.1847176581e-001
       208   8.5022023367e-001  -1.1445901028e-001
       209   8.9881250858e-001  -1.0942220393e-001
       210   9.5470179349e-001  -1.0227104646e-001
       211   7.1411914803e-001  -1.2528260543e-001
       212   6.6993755851e-001  -1.2835587617e-001
       213   6.2605130715e-001  -1.3122596705e-001
       214   5.8238615319e-001  -1.3388142762e-001
       215   5.3889366212e-001  -1.3629857265e-001
       216   4.9554636665e-001  -1.3844813380e-001
       217   4.5233113603e-001  -1.4028599272e-001
       218   4.0928527470e-001  -1.4170125010e-001
       219   3.6626563207e-001  -1.4264585904e-001
       220   3.2307666406e-001  -1.4303409984e-001
       221   2.7968496404e-001  -1.4265343678e-001
       222   2.3600490108e-001  -1.4124091333e-001
       223   1.9199567402e-001  -1.3841290428e-001
       224   1.4771135432e-001  -1.3361817656e-001
       225   1.0329301389e-001  -1.2606167892e-001
       226   5.9044800923e-002  -1.1462578081e-001
       227   1.5515625650e-002  -9.7822498476e-002
       228  -2.6275858209e-002  -7.3733695678e-002
       229   8.8981457484e-001   1.1379800334e-001
       230   9.4188713530e-001   1.1103985579e-001
       231   1.0024968288e+000   1.0754646690e-001
       232   8.4173754090e-001   1.1684002162e-001
       233   7.9564541157e-001   1.1999562148e-001
       234   7.5072058894e-001   1.2318035228e-001
       235   7.0652438054e-001   1.2627926532e-001
       236   6.6279264269e-001   1.2922849262e-001
       237   6.1934611510e-001   1.3200982185e-001
       238   5.7608143243e-001   1.3460965691e-001
       239   5.3297478789e-001   1.3697339755e-001
       240   4.9001786572e-001   1.3905927364e-001
       241   4.4715628426e-001   1.4077580708e-001
       242   4.0426063717e-001   1.4207618662e-001
       243   3.6103695509e-001   1.4280470813e-001
       244   3.1725542773e-001   1.4269151940e-001
       245   2.7234977216e-001   1.4150338062e-001
       246   2.2788014546e-001   1.4195061327e-001
       247   1.8431343982e-001   1.4076635894e-001
       248   1.4318478693e-001   1.3417405373e-001
       249   1.0078609945e-001   1.2586783576e-001
       250   5.7866282536e-002   1.1414503064e-001
       251   1.5187600649e-002   9.7489530776e-002
       252  -2.6144089311e-002   7.3947820372e-002
       253   1.0515796903e+000   2.1726019996e-002
       254   1.0514794023e+000  -3.1091619174e-002
       255   6.9528195527e+000  -2.3739048321e+000
       256   7.0568701899e+000  -1.4821972480e+000
       257   6.7299270582e+000   1.7883162671e+000
       258   6.9577734560e+000   3.0006486772e-001
       259   5.3777264898e+000  -4.2742185317e+000
       260   6.1917326847e+000  -3.0395297936e+000
       261   5.0584524416e-001  -6.8389057595e+000
       262   4.4140653237e+000  -5.3242892902e+000
       263   3.2606821974e+000  -6.1406248897e+000
       264  -3.7023928830e-001   6.8081941392e+000
       265   1.9375587949e+000  -6.6561235550e+000
       266  -1.8224362510e+000   6.4885301606e+000
       267   6.0786207455e+000   3.3024018626e+000
       268   4.9043613402e+000   4.6493482963e+000
       269   5.3131161309e+000   3.7823396644e+000
       270   4.1850837510e+000   5.4037910174e+000
       271   3.3397923385e+000   5.9347701418e+000
       272   1.8860398676e+000   6.4995511525e+000
       273   2.5591000219e+000   6.0297878683e+000
       274   1.0652909651e+000   6.6212617890e+000
       275  -3.9376354206e+000   5.5671992573e+000
       276  -3.1494193127e+000   5.7834192254e+000
       277  -4.9329029156e+000   4.6537412155e+000
       278  -4.2275813514e+000   4.9469244167e+000
       279  -5.7423795938e+000   3.5488161327e+000
       280  -5.1060614981e+000   3.9747213053e+000
       281  -6.3251585135e+000   2.2897345188e+000
       282  -5.7822952377e+000   2.8402333599e+000
       283  -6.6490006974e+000   9.2998400252e-001
       284  -6.2257664511e+000   1.5834054311e+000
       285  -6.6948502576e+000  -4.7140693829e-001
       286  -6.4120281980e+000   2.5720622344e-001
       287  -6.4561361159e+000  -1.8533304820e+000
       288  -6.3283332523e+000  -1.0807211643e+000
       289  -5.9420516090e+000  -3.1527738735e+000
       290  -5.9735838501e+000  -2.3719587071e+000
       291  -5.1793816438e+000  -4.3146543235e+000
       292  -5.3679577843e+000  -3.5575342491e+000
       293  -4.2031225971e+000  -5.2861930307e+000
       294  -4.5418992474e+000  -4.5885795437e+000
       295  -3.0588840954e+000  -6.0177037641e+000
       296  -3.5307974841e+000  -5.4137986043e+000
       297  -1.7301941602e+000  -6.4740477575e+000
       298  -2.3773980440e+000  -5.9881718064e+000
       299  -9.1146407362e-001  -6.6062633863e+000
       300  -2.2634503838e+000   5.8074304008e+000
       301  -1.8169134769e-001  -6.4349013087e+000
       302   3.4936164084e-001   6.4408554506e+000
       303   2.4467941463e+000  -6.1244203233e+000
       304   3.6182159139e+000  -5.5018512974e+000
       305  -9.8335786894e-001   6.3761552001e+000
       306   1.1494461694e+000  -6.4441670847e+000
       307  -6.0542392589e+000  -3.5268299707e-001
       308  -5.8539676963e+000  -1.6033113127e+000
       309  -2.8567936781e+000  -5.3948431637e+000
       310  -4.4033199110e+000   4.2693858148e+000
       311  -5.9954401357e+000   9.1244712324e-001
       312  -4.7347816862e+000  -3.8377224045e+000
       313  -5.6872814894e+000   2.1378586178e+000
       314  -5.1478989768e+000   3.2709562752e+000
       315  -5.4048041993e+000  -2.7809934553e+000
       316  -3.8734166053e+000  -4.7261809742e+000
       317   5.4344991216e+000  -3.5071077446e+000
       318   6.5592818436e+000   1.0403296296e+000
       319   6.1218257533e+000   2.4167396380e+000
       320   5.4306708813e+000   2.8952693864e+000
       321   4.6060351553e+000  -4.6120193219e+000
       322  -3.4688922330e+000   5.1142358575e+000
       323   6.0813250741e+000  -2.3439583925e+000
       324   6.4036677657e+000  -1.7161321109e+000
       325   6.5629879953e+000  -9.8911766350e-001
       326   6.5373965705e+000  -2.6785740694e-001
       327  -1.2755019053e+000  -6.0892584212e+000
       328  -7.2187942834e-001  -5.9899122504e+000
       329  -1.7700994501e+000  -5.7716753641e+000
       330   4.5717947542e+000   4.0324524936e+000
       331   4.1091132678e+000   4.6557087859e+000
       332   3.5265961538e+000   5.1764624544e+000
       333   2.9698472039e+000   5.5037305097e+000
       334   1.4538045683e+000   6.1191148554e+000
       335   1.9597157166e+000   5.8124617269e+000
       336   1.0537109415e+000   7.5130920195e-002
       337  -6.4600865828e-002  -4.0860715483e-002
       338  -6.4363581916e-002   4.1882495494e-002
       339   1.0570306449e+000  -8.6706254811e-002
       340   1.0132431117e+000  -1.2065433642e-001
       341   9.2719263873e-001  -1.5497626188e-001
       342   9.7721361134e-001  -1.6100308257e-001
       343   8.7824422466e-001  -1.5982541453e-001
       344   8.2989738657e-001  -1.6362243613e-001
       345   7.8246697328e-001  -1.6675158437e-001
       346   7.3586924199e-001  -1.6960878833e-001
       347   6.8991173504e-001  -1.7231623440e-001
       348   6.4442574392e-001  -1.7487842001e-001
       349   5.9929457818e-001  -1.7727904940e-001
       350   5.5442465655e-001  -1.7951249982e-001
       351   5.0976516230e-001  -1.8155168952e-001
       352   4.6530602316e-001  -1.8332482575e-001
       353   4.2105528516e-001  -1.8473124344e-001
       354   3.7690730662e-001  -1.8569952227e-001
       355   3.3259790807e-001  -1.8614871628e-001
       356   2.8800261433e-001  -1.8587472701e-001
       357   2.4298537287e-001  -1.8461638917e-001
       358   1.9743135939e-001  -1.8199414261e-001
       359   1.5133312430e-001  -1.7744867711e-001
       360   1.0477062802e-001  -1.7019653847e-001
       361   5.8118333971e-002  -1.5907004848e-001
       362   1.1904859164e-002  -1.4265095893e-001
       363  -3.3292055339e-002  -1.1949268278e-001
       364   9.1664002633e-001   1.6182372657e-001
       365   8.6579046594e-001   1.6354947240e-001
       366   8.1721342310e-001   1.6584234728e-001
       367   7.7016959359e-001   1.6840072527e-001
       368   7.2415530527e-001   1.7103061036e-001
       369   6.7882116528e-001   1.7362636896e-001
       370   6.3392974714e-001   1.7613996880e-001
       371   5.8936987489e-001   1.7848630208e-001
       372   5.4506932798e-001   1.8062504136e-001
       373   5.0099559865e-001   1.8252675596e-001
       374   4.5710725499e-001   1.8411594651e-001
       375   4.1332255149e-001   1.8533376183e-001
       376   3.6936496288e-001   1.8611936738e-001
       377   3.2504155195e-001   1.8628961536e-001
       378   2.8024556543e-001   1.8575734671e-001
       379   2.3506884846e-001   1.8490542686e-001
       380   1.8992736475e-001   1.8305272176e-001
       381   1.4503100945e-001   1.7835477571e-001
       382   1.0064704114e-001   1.7003394905e-001
       383   5.5936324543e-002   1.5825366368e-001
       384   1.1195453240e-002   1.4176786062e-001
       385  -3.3068953854e-002   1.1923510091e-001
       386   9.7099688695e-001   1.6188508711e-001
       387   1.1015717825e+000  -4.3717930366e-003
       388   1.1051661518e+000  -5.7233984557e-002
       389   9.1081411876e-001   6.0186884247e+000
       390  -2.2491611676e+000  -5.3301087142e+000
       391   2.4495432533e+000   5.3911841136e+000
       392  -2.7535211959e+000   5.2171450731e+000
       393  -1.4553620464e+000   5.8984499828e+000
       394   6.2945783697e+000   4.2145703449e-001
       395   5.5853236391e+000  -2.8190881726e+000
       396  -5.6969374953e+000  -9.0250998920e-001
       397  -5.3916967271e+000  -2.0642007912e+000
       398  -5.5718949152e+000   1.4888248298e+000
       399  -3.2544684715e+000  -4.8194354622e+000
       400  -5.7556408049e+000   2.9973784448e-001
       401   4.8390663231e+000   3.3778232242e+000
       402   6.0947421477e+000   1.6525805774e+000
       403  -4.8630141764e+000  -3.1331921029e+000
       404  -5.1603632691e+000   2.6138429468e+000
       405  -4.1422274294e+000  -4.0683296723e+000
       406  -3.7406120706e+000   4.5053687170e+000
       407   4.7418140429e+000  -3.9535717524e+000
       408  -4.5415750881e+000   3.6296592762e+000
       409  -1.2113651527e+000  -5.5858836904e+000
       410   1.4126572414e+000   5.6274162739e+000
       411   4.5434325487e-001  -6.1489436901e+000
       412  -1.4131611022e-001  -5.8049830187e+000
       413   2.8564562116e+000  -5.5785594218e+000
       414  -2.5988265169e-001   6.1378634794e+000
       415   3.8712982855e+000  -4.8626979106e+000
       416   1.6923280960e+000  -6.0101060590e+000
       417   2.9530926019e+000   4.9912138085e+000
       418   3.4755893780e+000   4.6003465005e+000
       419   3.9114452069e+000   4.0912558269e+000
       420   5.5983893775e+000   2.1250139939e+000
       421   5.7901999563e+000  -1.8041074718e+000
       422   5.4821194215e+000  -2.2749327484e+000
       423   5.9843732377e+000  -1.2426233833e+000
       424   6.0442100865e+000  -6.4324327842e-001
       425   3.4927216877e-001   5.8321857706e+000
       426  -2.6659848151e+000  -4.8386044475e+000
       427   4.2992207977e+000   3.6019944484e+000
       428   5.9638925514e+000  -5.2697262141e-002
       429  -7.6678899287e-001   5.7847286694e+000
       430   1.8987491042e+000   5.2570229592e+000
       431   2.1472732470e+000  -5.5643721947e+000
       432   3.1750064325e+000  -5.0439806610e+000
       433  -6.6523525600e-001  -5.4437786002e+000
       434   1.0108967017e+000  -5.8231677173e+000
       435   4.0323654596e-001  -5.5707261146e+000
       436  -1.6828758713e+000  -5.2086125324e+000
       437  -5.4744783833e+000  -2.5873949311e-001
       438  -5.3067415295e+000  -1.3895791787e+000
       439   8.7551110712e-001   5.4929045074e+000
       440  -5.4052658591e+000   8.8284204572e-001
       441  -4.6159683366e+000   3.0081535314e+000
       442  -3.9368213921e+000   3.9078073999e+000
       443  -4.3224728957e+000  -3.4155339206e+000
       444  -5.1141491861e+000   1.9873945943e+000
       445  -3.5661139266e+000  -4.2293692682e+000
       446  -4.9108555531e+000  -2.4551489540e+000
       447   4.8563671114e+000   2.8273460867e+000
       448   5.1275199993e+000   2.3683753200e+000
       449  -3.0937952962e+000   4.6578185077e+000
       450   5.1324941353e+000  -3.0710687834e+000
       451   4.7764698317e+000  -3.4062601094e+000
       452   5.1072173153e+000  -2.6332440678e+000
       453   5.9692617970e+000   1.0131247897e+000
       454   5.5912072982e+000   1.4912426449e+000
       455   4.0199143429e+000  -4.2190406354e+000
       456   2.3818216616e+000   4.8293963736e+000
       457   2.9343396846e+000   4.5192545713e+000
       458   3.3529685644e+000   4.1795623336e+000
       459  -1.7102300038e+000   5.4707799801e+000
       460  -2.1156992796e+000   5.1566647348e+000
       461   5.2840767417e+000  -1.8354088088e+000
       462   5.4874740278e+000  -1.3920488139e+000
       463   5.5965719036e+000  -9.0293681360e-001
       464   1.1003171648e+000   4.6196424726e-002
       465  -7.6257089305e-002   8.9439327542e-002
       466  -7.6900159969e-002  -8.8503344541e-002
       467  -9.7666878250e-002   9.5062935316e-004
       468   1.0645644417e+000   1.2935984402e-001
       469   1.0269539098e+000   1.6934817840e-001
       470   9.4855243354e-001  -1.9993101445e-001
       471   9.0640573508e-001  -2.0684117079e-001
       472   8.5686744583e-001  -2.0981746368e-001
       473   8.0749318670e-001  -2.1222452459e-001
       474   7.5905517638e-001  -2.1449230020e-001
       475   7.1144156314e-001  -2.1672239194e-001
       476   6.6445933940e-001  -2.1891113836e-001
       477   6.1793865602e-001  -2.2104289891e-001
       478   5.7176134747e-001  -2.2309417241e-001
       479   5.2587239924e-001  -2.2500437174e-001
       480   4.8023507949e-001  -2.2672315897e-001
       481   4.3482465391e-001  -2.2817728460e-001
       482   3.8959345594e-001  -2.2923324942e-001
       483   3.4425790522e-001  -2.2979476744e-001
       484   2.9858396611e-001  -2.2970771989e-001
       485   2.5239152715e-001  -2.2872123071e-001
       486   2.0552134577e-001  -2.2647466585e-001
       487   1.5782473991e-001  -2.2249189015e-001
       488   1.0928025242e-001  -2.1605848488e-001
       489   6.0150683233e-002  -2.0613904187e-001
       490   1.1123800043e-002  -1.9121046175e-001
       491  -3.6988308262e-002  -1.6969725928e-001
       492   1.0682617519e+000  -1.4403091382e-001
       493   1.0280278702e+000  -1.7978771969e-001
       494   1.1124954794e+000  -1.1179888890e-001
       495   1.1534078651e+000  -2.7780468576e-002
       496   1.1589462284e+000  -8.1236589736e-002
       497   9.4115426902e-001   2.1173058114e-001
       498   9.9457867158e-001   2.1605509310e-001
       499   8.8946393342e-001   2.1130931177e-001
       500   8.3937338809e-001   2.1236864443e-001
       501   7.9069764852e-001   2.1411357590e-001
       502   7.4311337275e-001   2.1617293911e-001
       503   6.9630102677e-001   2.1837563814e-001
       504   6.5007010015e-001   2.2055957969e-001
       505   6.0428107809e-001   2.2263816577e-001
       506   5.5883236428e-001   2.2457980360e-001
       507   5.1369616865e-001   2.2631483684e-001
       508   4.6881101642e-001   2.2780125490e-001
       509   4.2412300877e-001   2.2898274301e-001
       510   3.7943233646e-001   2.2982537600e-001
       511   3.3441396394e-001   2.3026294447e-001
       512   2.8902524091e-001   2.3010144138e-001
       513   2.4320491327e-001   2.2922224839e-001
       514   1.9692861025e-001   2.2721158008e-001
       515   1.5033344428e-001   2.2311818261e-001
       516   1.0350349051e-001   2.1598730411e-001
       517   5.6646865069e-002   2.0507365701e-001
       518   9.8327122464e-003   1.8960398123e-001
       519  -3.6654075469e-002   1.6855658519e-001
       520  -2.4858832518e+000   4.7162863075e+000
       521  -1.1643642257e+000   5.4063356665e+000
       522   4.2665851995e+000  -3.6654045899e+000
       523   5.0088724092e+000  -2.2081773129e+000
       524   5.7646063234e+000   4.9321214703e-001
       525  -1.6254490981e-001   5.5825616997e+000
       526  -3.0164656336e+000  -4.3315709018e+000
       527   4.4405192943e+000   3.1125466300e+000
       528  -5.1674066611e+000  -7.6441532526e-001
       529  -4.8992822331e+000  -1.8150597402e+000
       530  -5.0252140630e+000   1.3975935898e+000
       531  -5.2052350069e+000   3.2350887147e-001
       532  -4.4306868763e+000  -2.7847141705e+000
       533  -4.6430092445e+000   2.4136885920e+000
       534  -3.7992230909e+000  -3.6415504760e+000
       535  -3.3526111943e+000   4.1165641964e+000
       536  -4.0732836328e+000   3.3291657451e+000
       537   4.7316557637e+000  -2.9357997814e+000
       538   5.6018972793e+000  -4.0108043046e-001
       539   5.1962341312e+000   1.8333240769e+000
       540  -1.1468250437e+000  -5.0862238294e+000
       541  -2.1126398771e+000  -4.8006045981e+000
       542   1.3480499622e+000   5.1450750188e+000
       543   1.7806625609e+000   4.8111108748e+000
       544   3.3930736036e+000  -4.5318448298e+000
       545  -1.5346093293e+000   5.0342870900e+000
       546   2.5152098265e+000  -5.1136064068e+000
       547   1.4935928339e+000  -5.4686564190e+000
       548   8.9902945242e-001  -5.3080347932e+000
       549   3.8751039101e+000   3.6114499765e+000
       550   3.5855656287e+000   3.8559694105e+000
       551  -1.3761232343e-001  -5.2695805770e+000
       552   5.4916659428e+000   9.6197722327e-001
       553   3.6912000809e-001   5.3274440883e+000
       554   2.9387140667e+000   4.1029406777e+000
       555   3.2469269973e+000   3.8200526694e+000
       556   2.5451153529e+000   4.3485345085e+000
       557   4.7477859102e+000   2.4440121059e+000
       558   4.4467423438e+000   2.6849617180e+000
       559   5.0599455739e+000  -1.4789256431e+000
       560   4.8610795144e+000  -1.8370630758e+000
       561   5.1924315703e+000  -1.0765860019e+000
       562   4.8122540270e+000   2.0579259287e+000
       563  -6.0635590615e-001   5.2881262726e+000
       564  -8.8816335946e-002   5.1196326151e+000
       565   4.0937463218e+000   3.2883521477e+000
       566   4.0573200357e+000   2.9059042113e+000
       567   4.3513402449e+000  -3.1944680422e+000
       568   2.1047883843e+000   4.4695470204e+000
       569   5.5083318195e+000   8.3203577158e-002
       570   5.3332960701e+000   5.2291999809e-001
       571   3.6026137581e-001  -5.0864020859e+000
       572   5.2486807115e+000  -6.5295940084e-001
       573  -2.4919582650e+000  -4.3717261870e+000
       574  -1.9126393922e+000   4.6848446519e+000
       575   1.9011724367e+000  -5.0964943721e+000
       576   2.7979289384e+000  -4.6774369629e+000
       577  -6.3315441361e-001  -4.9604785141e+000
       578  -4.9737520527e+000  -1.8939869655e-001
       579  -1.5886364461e+000  -4.7181342912e+000
       580   5.1721926269e+000   1.3366784330e+000
       581  -4.8327486249e+000  -1.2140265855e+000
       582  -9.9500648525e-001   4.9596758154e+000
       583  -3.2936558518e+000  -3.8118410840e+000
       584  -4.8945902034e+000   8.4491484686e-001
       585  -4.1600095515e+000   2.7707708988e+000
       586  -3.9559486239e+000  -3.0590961924e+000
       587  -2.7937873427e+000   4.2515831459e+000
       588  -3.5399175773e+000   3.5827845367e+000
       589  -4.6215000042e+000   1.8458165704e+000
       590  -4.4758610844e+000  -2.1796476764e+000
       591   4.6945843839e+000  -2.5199477023e+000
       592   4.6150772790e+000  -2.1474864816e+000
       593   8.3878572418e-001   5.0330869349e+000
       594   3.4506941521e+000  -4.0969534438e+000
       595   3.7714674101e+000  -3.7615496215e+000
       596   1.2559568414e+000   4.6931420478e+000
       597   4.4698720578e+000   2.2754612370e+000
       598   1.3336709012e+000  -5.0123058351e+000
       599   3.5195249676e+000   3.5361435335e+000
       600   2.6176256050e+000   3.9640337081e+000
       601   2.9204620016e+000   3.7423745501e+000
       602   4.8312273298e+000  -1.1903045994e+000
       603   4.6893302263e+000  -1.5225250984e+000
       604   9.8969827845e-001  -2.1834933537e-001
       605   1.1506384640e+000   2.4127881694e-002
       606  -8.3735734500e-002  -1.4093160646e-001
       607  -8.2516366017e-002   1.4133121559e-001
       608   1.1069881828e+000   9.6150503840e-002
       609  -1.1897998592e-001  -4.8860228081e-002
       610  -1.1840411286e-001   5.1303384283e-002
       611   9.4350814497e-001  -2.5513081981e-001
       612   8.8572700536e-001  -2.5738384193e-001
       613   8.3343982495e-001  -2.5867330753e-001
       614   7.8322076505e-001  -2.6012058924e-001
       615   7.3414711994e-001  -2.6173722516e-001
       616   6.8583238868e-001  -2.6345877203e-001
       617   6.3805480214e-001  -2.6524641301e-001
       618   5.9068681194e-001  -2.6704041010e-001
       619   5.4365750505e-001  -2.6879204230e-001
       620   4.9691036874e-001  -2.7045743120e-001
       621   4.5041948546e-001  -2.7194406462e-001
       622   4.0416871071e-001  -2.7310229468e-001
       623   3.5789597793e-001  -2.7382528833e-001
       624   3.1127665614e-001  -2.7397623883e-001
       625   2.6410519491e-001  -2.7332628761e-001
       626   2.1618080581e-001  -2.7156100229e-001
       627   1.6727317955e-001  -2.6825935662e-001
       628   1.1719209913e-001  -2.6285910482e-001
       629   6.5850759784e-002  -2.5459542818e-001
       630   1.3562896313e-002  -2.4223872164e-001
       631  -3.7980571150e-002  -2.2337690602e-001
       632   1.1224674815e+000  -1.6725623009e-001
       633   1.0805532816e+000  -2.0094292889e-001
       634   1.1670480339e+000  -1.3549349392e-001
       635   1.0841915975e+000   1.8380777722e-001
       636   1.1227201985e+000   1.4615556910e-001
       637   1.0491510145e+000   2.2513366180e-001
       638   9.6380156046e-001   2.6295683095e-001
       639   1.0167313446e+000   2.6922754093e-001
       640   9.1224981558e-001   2.6021630225e-001
       641   8.6157335404e-001   2.5970560402e-001
       642   8.1189666926e-001   2.6041314524e-001
       643   7.6312428660e-001   2.6178613055e-001
       644   7.1509775801e-001   2.6349405986e-001
       645   6.6768924983e-001   2.6530942330e-001
       646   6.2076590347e-001   2.6713453794e-001
       647   5.7426512575e-001   2.6886431240e-001
       648   5.2813447203e-001   2.7043978719e-001
       649   4.8229678817e-001   2.7184059945e-001
       650   4.3670729817e-001   2.7301291260e-001
       651   3.9123777642e-001   2.7392957286e-001
       652   3.4553306817e-001   2.7456708450e-001
       653   2.9942515608e-001   2.7475446666e-001
       654   2.5288143076e-001   2.7419920318e-001
       655   2.0576379478e-001   2.7247679425e-001
       656   1.5794416721e-001   2.6895949528e-001
       657   1.0942776204e-001   2.6290508132e-001
       658   6.0330684652e-002   2.5355529956e-001
       659   1.1163683629e-002   2.3986707872e-001
       660  -3.7587053510e-002   2.2071970744e-001
       661   1.2057537119e+000  -5.0798584777e-002
       662   1.2015232820e+000   3.4479347176e-003
       663   3.7748350188e+000   3.2426037064e+000
       664   3.9439653324e+000  -3.3610620523e+000
       665  -2.2665026355e+000   4.3101302373e+000
       666   4.1494226265e+000   2.4971123850e+000
       667   4.8375558834e+000   1.6285745662e+000
       668  -2.8092515437e+000  -3.9256628856e+000
       669  -4.8702097836e-001   4.8709224890e+000
       670   4.5012966951e+000  -1.8213510982e+000
       671   2.2837405124e+000   4.1246913265e+000
       672   3.6859293766e-001   4.9046642971e+000
       673   8.1921919129e-001  -4.8838981276e+000
       674   2.9832211904e+000  -4.2801119325e+000
       675  -4.7141417002e+000  -6.5518339396e-001
       676   1.6771261111e+000   4.4481376917e+000
       677   5.2264074021e+000  -2.3103399980e-001
       678   5.1319677079e+000   1.6798052633e-001
       679  -4.7312078592e+000   3.3168412053e-001
       680   3.1906914237e+000   3.4913788538e+000
       681   4.9161493077e+000  -8.3113656918e-001
       682  -4.4727729851e+000  -1.6065258336e+000
       683  -4.5563385267e+000   1.3078311308e+000
       684  -4.0482934999e+000  -2.4910599209e+000
       685  -4.2031738915e+000   2.2322856918e+000
       686  -3.4952124573e+000  -3.2857901634e+000
       687  -3.0281683832e+000   3.7778842825e+000
       688  -3.6702446717e+000   3.0605500080e+000
       689   4.3653637021e+000  -2.7788820724e+000
       690   4.3408594089e+000  -2.4097654230e+000
       691   7.5359553483e-001   4.6534879767e+000
       692  -1.0931545768e+000  -4.6350637614e+000
       693   2.2313217679e+000  -4.7152826621e+000
       694   1.7014743346e+000  -4.6982093343e+000
       695  -1.9920495374e+000  -4.3510299722e+000
       696  -1.3507847961e+000   4.5867095703e+000
       697   4.4753486381e+000   1.8646102727e+000
       698   5.0973153447e+000   8.9777736392e-001
       699  -1.3297158713e-001  -4.7883330525e+000
       700   3.3446494559e+000  -3.7379593231e+000
       701   3.5517890486e+000  -3.4341753357e+000
       702   2.6326189272e+000   3.6368216651e+000
       703   2.3519403259e+000   3.8052443657e+000
       704   4.5091220572e+000  -1.2590199796e+000
       705   4.3670012628e+000  -1.5392401988e+000
       706   4.0260405544e+000  -2.9762062823e+000
       707   3.0878423613e+000  -3.9677433907e+000
       708   3.6837058842e+000  -3.1037333153e+000
       709   1.9429336639e+000   4.1783212534e+000
       710   2.1025088832e+000   3.9330881787e+000
       711   4.9780946914e+000   5.2282625977e-001
       712   4.0512415211e+000  -2.6216618966e+000
       713   4.9398370495e+000  -4.6514370345e-001
       714   4.6086699152e+000  -9.5345945410e-001
       715   3.7220231818e-001  -4.7029664801e+000
       716  -2.3510026149e+000  -3.9786587916e+000
       717  -1.7804240099e+000   4.2937228709e+000
       718   4.9036132019e+000  -1.0901900642e-001
       719  -2.5426356030e+000   3.9108564923e+000
       720   2.4966353767e+000  -4.3523249423e+000
       721   3.4360486585e+000   3.2232211701e+000
       722   3.6600337598e+000   2.9360165780e+000
       723   3.8180805841e+000   2.6249377192e+000
       724  -3.7743111858e-002   4.7293428117e+000
       725   3.4449038294e-001   4.5450766245e+000
       726   4.8091037087e+000   1.1998156207e+000
       727   4.5506550512e+000   1.4811724132e+000
       728   4.2796440728e+000  -2.0810832988e+000
       729   4.1906189355e+000  -1.7909472771e+000
       730  -3.0509917338e+000  -3.4656025983e+000
       731  -4.5424845078e+000  -1.4160094045e-001
       732  -4.4257781674e+000  -1.0678440376e+000
       733  -4.4502282420e+000   7.9983354830e-001
       734  -6.3220630621e-001  -4.5565149163e+000
       735  -8.1988664432e-001   4.5922456900e+000
       736  -1.5060413863e+000  -4.2624112187e+000
       737  -4.0900894705e+000  -1.9418357868e+000
       738  -4.1965764479e+000   1.7147492511e+000
       739  -3.7727962321e+000   2.5582757600e+000
       740  -3.6243031983e+000  -2.7598618872e+000
       741  -3.1915922908e+000   3.2990556278e+000
       742   2.8904357245e+000   3.4297561756e+000
       743   1.1981298418e+000  -4.6156027673e+000
       744   4.1929632193e+000   2.1433298561e+000
       745   1.3616155113e+000   4.3198270156e+000
       746   1.0097974166e+000   4.3773287584e+000
       747   1.9984668152e+000  -4.3491091316e+000
       748   3.1915907769e+000  -3.4518488391e+000
       749   2.9715489723e+000  -3.7094774574e+000
       750   4.2223709838e+000  -1.2970465471e+000
       751   4.3286482731e+000  -1.0345882804e+000
       752   2.3710817452e+000   3.5238129639e+000
       753   2.6206405150e+000   3.3518608018e+000
       754   1.0405226909e+000  -2.3690228915e-001
       755   1.1447483610e+000   6.7446864202e-002
       756   1.1993244480e+000   6.2512778212e-002
       757   1.1627946163e+000   1.0901282187e-001
       758  -8.5618748979e-002   1.9565048935e-001
       759  -8.7616434169e-002  -1.9650777415e-001
       760   1.2130662171e+000  -1.0442464732e-001
       761  -1.2777765690e-001   1.0798360501e-001
       762  -1.2920390580e-001  -1.0549026037e-001
       763   1.0004096805e+000  -2.7432614424e-001
       764  -1.6197588984e-001   2.0760589628e-003
       765   9.1151972816e-001  -3.0737313132e-001
       766   9.6429122703e-001  -3.1511203725e-001
       767   8.5888040066e-001  -3.0640663026e-001
       768   8.0769796057e-001  -3.0667572333e-001
       769   7.5758999308e-001  -3.0749720207e-001
       770   7.0822084146e-001  -3.0864256237e-001
       771   6.5938363835e-001  -3.0998047018e-001
       772   6.1096818886e-001  -3.1144053032e-001
       773   5.6290297438e-001  -3.1297439200e-001
       774   5.1513094822e-001  -3.1453931296e-001
       775   4.6764370898e-001  -3.1601737875e-001
       776   4.2042457053e-001  -3.1726177337e-001
       777   3.7328803908e-001  -3.1814730631e-001
       778   3.2585399504e-001  -3.1854905711e-001
       779   2.7788090427e-001  -3.1826536047e-001
       780   2.2916267623e-001  -3.1701142229e-001
       781   1.7945168225e-001  -3.1443754628e-001
       782   1.2844677159e-001  -3.1011696630e-001
       783   7.5788136415e-002  -3.0350477737e-001
       784   2.1040067697e-002  -2.9388942153e-001
       785  -3.5816270653e-002  -2.7993169310e-001
       786   1.1045651031e+000   2.3746137989e-001
       787   1.1411986315e+000   1.9835235023e-001
       788   1.0705041833e+000   2.7870200676e-001
       789   1.1335543110e+000  -2.2291499145e-001
       790   1.1766661580e+000  -1.9042064725e-001
       791   9.8584967015e-001   3.1413534607e-001
       792   9.3449733127e-001   3.0980826432e-001
       793   8.8373403310e-001   3.0776247111e-001
       794   8.3358211564e-001   3.0731913272e-001
       795   7.8405554854e-001   3.0788356994e-001
       796   7.3513631739e-001   3.0902010089e-001
       797   6.8676699932e-001   3.1045956330e-001
       798   6.3888322875e-001   3.1201285089e-001
       799   5.9144290993e-001   3.1354311278e-001
       800   5.4438571181e-001   3.1498810407e-001
       801   4.9764759078e-001   3.1631057634e-001
       802   4.5118652591e-001   3.1746425088e-001
       803   4.0492236381e-001   3.1841532600e-001
       804   3.5853155085e-001   3.1918685157e-001
       805   3.1171325429e-001   3.1970908357e-001
       806   2.6443862391e-001   3.1964000959e-001
       807   2.1658271531e-001   3.1848578313e-001
       808   1.6791019739e-001   3.1566581332e-001
       809   1.1824130503e-001   3.1058427839e-001
       810   6.7429156205e-002   3.0276280443e-001
       811   1.5560134119e-002   2.9156993092e-001
       812  -3.6088920583e-002   2.7513694502e-001
       813   1.2522184437e+000  -2.1504485540e-002
       814   1.2599856410e+000  -7.3322622754e-002
       815   3.9028897036e+000   2.3076929781e+000
       816   3.7547637897e+000  -2.7795889413e+000
       817   3.3544674688e+000  -3.1723198891e+000
       818   4.8130424736e+000   2.2128327544e-001
       819  -2.0914454155e+000   3.9707587719e+000
       820  -2.6293422779e+000  -3.5878517691e+000
       821   4.0360282435e+000  -2.2991894135e+000
       822   3.9888280405e+000  -2.0091513046e+000
       823   2.7030447244e+000  -3.9883775819e+000
       824  -3.7813466690e-001   4.5182211959e+000
       825   6.4577837756e-001   4.3298566655e+000
       826   4.0831438251e+000  -1.5357233456e+000
       827   7.4745651536e-001  -4.5500895846e+000
       828   1.6439033866e+000   4.1339852650e+000
       829   1.8519921380e+000   3.8987701878e+000
       830   2.3004669907e+000  -4.0701593021e+000
       831   2.0775371497e+000   3.6692053595e+000
       832  -4.3271593337e+000  -5.6940207258e-001
       833   4.6606431594e+000  -6.3568864122e-001
       834   4.3972538752e+000  -7.5737098996e-001
       835   4.6645385925e+000  -3.1971971677e-001
       836  -4.3194635309e+000   3.2258404060e-001
       837   1.5517159926e+000  -4.3854756533e+000
       838  -2.7407069171e+000   3.4997771360e+000
       839  -4.1054695829e+000  -1.4227977630e+000
       840  -4.1535790343e+000   1.2234312640e+000
       841  -3.2178735214e+000  -2.9978872268e+000
       842  -3.7046099379e+000  -2.2416369739e+000
       843  -3.8315363397e+000   2.0683676636e+000
       844  -3.3085102769e+000   2.8144592116e+000
       845   1.3066529779e-004   4.3931056415e+000
       846   3.1243753698e+000   3.1975507859e+000
       847   3.3318763461e+000   2.9471119260e+000
       848   3.4993048316e+000   2.6801773468e+000
       849  -1.0085286083e+000  -4.2536047152e+000
       850   2.8438787172e+000   3.1550369910e+000
       851  -1.9331374028e+000  -3.9648716722e+000
       852  -1.3914649221e+000   4.1887109751e+000
       853  -1.0269068155e+000   4.3009157086e+000
       854   4.7796894325e+000   8.1296364119e-001
       855   4.5285538482e+000   1.2069955068e+000
       856   4.5916353911e+000   9.9347807509e-001
       857   4.2749906156e+000   1.5971939405e+000
       858   4.1386204180e+000   1.8567980230e+000
       859  -2.9423557482e-001  -4.4139256380e+000
       860   7.5333769397e-002  -4.4632518067e+000
       861   2.8709206139e+000  -3.4365133497e+000
       862   3.0485374383e+000  -3.1984579826e+000
       863   1.1658839722e+000   4.1023202267e+000
       864   8.7058640893e-001   4.0979492612e+000
       865   4.0738104956e+000  -1.0868558626e+000
       866   3.9649769494e+000  -1.3120649240e+000
       867   2.3834795582e+000   3.2623110393e+000
       868   2.5929705484e+000   3.0971864100e+000
       869   3.6165957102e+000   2.3974762498e+000
       870   3.7802342374e+000  -2.4739859980e+000
       871   1.4132466484e+000   4.0594650178e+000
       872   3.7706597352e+000  -2.1916078729e+000
       873   4.2030509373e-001  -4.3823080286e+000
       874   1.5811931750e+000   3.8687800755e+000
       875   4.3284373103e+000   1.3164989393e+000
       876   3.9555860281e+000   2.0548368803e+000
       877   4.6785633623e+000   5.0979139724e-001
       878   4.4267299820e+000  -4.7623739183e-001
       879   4.1523963555e+000  -8.4340567094e-001
       880  -6.4029032104e-001   4.2829146319e+000
       881   2.1585142133e+000   3.4007379897e+000
       882  -2.2414745843e+000  -3.6437691146e+000
       883  -2.8389004580e-001   4.2106213073e+000
       884  -1.6933569419e+000   3.9528714983e+000
       885   4.6226254062e+000  -1.7208461232e-002
       886   3.4610412594e+000  -2.8856832499e+000
       887   3.1784963858e+000  -2.9484299249e+000
       888  -6.1177795801e-001  -4.2338406454e+000
       889   3.1673946781e-001   4.2308901084e+000
       890   5.7312000499e-001   4.0437589741e+000
       891  -2.3202430767e+000   3.6338672119e+000
       892   2.6542799686e+000  -3.6539131833e+000
       893   2.4407477487e+000  -3.8200876756e+000
       894  -2.8275152375e+000  -3.1884093909e+000
       895   4.4823859342e+000   7.4580463456e-001
       896  -4.0832263249e+000  -9.3805133000e-001
       897  -4.1738878359e+000  -1.2086546635e-001
       898  -4.0529362063e+000   7.4751032406e-001
       899  -3.4818340403e+000   2.3595534038e+000
       900  -3.8168525914e+000   1.5993588024e+000
       901  -3.3077266198e+000  -2.5174255493e+000
       902  -3.7409784460e+000  -1.7167491386e+000
       903  -2.8561382665e+000   3.0801043628e+000
       904  -1.2992826587e+000  -3.9838115563e+000
       905  -1.6205305893e+000  -3.8587548750e+000
       906   3.0418454376e+000   2.9391879328e+000
       907   3.2096501572e+000   2.7082659974e+000
       908   2.7823821645e+000   2.9126788007e+000
       909   3.9180018866e+000  -1.7495950338e+000
       910   3.8310078311e+000  -1.5177948038e+000
       911   1.2246815722e+000  -4.2904042172e+000
       912   9.7056931164e-001  -4.3812428856e+000
       913   1.9793003130e+000  -4.0115879966e+000
       914   1.7039965869e+000  -4.1228813288e+000
       915   4.3413947408e+000   1.0256068591e+000
       916   1.0509494670e+000   3.8666430656e+000
       917   1.3124368771e+000   3.8617491575e+000
       918   4.0066099481e+000   1.6304403532e+000
       919   4.1018288916e+000   1.3964988300e+000
       920  -8.7994528643e-002  -4.2283001121e+000
       921  -3.2829889655e-001  -4.1125044456e+000
       922  -1.1211090839e+000   4.0355701920e+000
       923  -8.3125046475e-001   4.0333161656e+000
       924   3.8418122215e+000  -1.1163052307e+000
       925   3.9261240701e+000  -9.0324115676e-001
       926   2.3675918239e+000   3.0288880595e+000
       927   2.1714859919e+000   3.1671360128e+000
       928   2.7718695928e+000  -3.1938500599e+000
       929   2.5831379176e+000  -3.3916759961e+000
       930   1.1797601791e+000   1.6008197650e-001
       931   1.2216154397e+000  -1.5880316267e-001
       932   1.0927679401e+000  -2.5695157515e-001
       933   1.2680989449e+000  -1.2726358684e-001
       934   1.2511622325e+000   3.0741855934e-002
       935  -8.6575281271e-002   2.5203582764e-001
       936   1.0534800431e+000  -2.9249123390e-001
       937   1.0167327610e+000  -3.3001380873e-001
       938  -8.9709111659e-002  -2.5573017290e-001
       939  -1.3549585739e-001  -1.6316263377e-001
       940  -1.3296278024e-001   1.6538851148e-001
       941   1.0383557644e+000   3.2138288218e-001
       942  -1.7444508015e-001  -6.5047025033e-002
       943  -1.7333348858e-001   6.9716405114e-002
       944   1.1869230593e+000  -2.4570559416e-001
       945   1.1452324164e+000  -2.7838980512e-001
       946   9.3318008851e-001  -3.6039494420e-001
       947   8.8256594099e-001  -3.5581049379e-001
       948   8.3178606767e-001  -3.5439211836e-001
       949   7.8136885034e-001  -3.5420173396e-001
       950   7.3135746196e-001  -3.5461300772e-001
       951   6.8172628572e-001  -3.5539061317e-001
       952   6.3243107582e-001  -3.5642425305e-001
       953   5.8343875278e-001  -3.5766505495e-001
       954   5.3472720037e-001  -3.5904489337e-001
       955   4.8632083631e-001  -3.6044019040e-001
       956   4.3819426861e-001  -3.6172470194e-001
       957   3.9023072376e-001  -3.6275453543e-001
       958   3.4207204280e-001  -3.6339251610e-001
       959   2.9342159591e-001  -3.6346769130e-001
       960   2.4409391855e-001  -3.6272863274e-001
       961   1.9386811869e-001  -3.6087755999e-001
       962   1.4247237525e-001  -3.5757088180e-001
       963   8.9533510080e-002  -3.5242515406e-001
       964   3.4395929065e-002  -3.4509250458e-001
       965  -2.4336539123e-002  -3.3523166645e-001
       966   1.1603678389e+000   2.5118125002e-001
       967   1.1249219031e+000   2.9064286049e-001
       968   1.3074655217e+000  -4.0574273371e-002
       969   1.3159324887e+000  -9.4703683843e-002
       970   9.5661266947e-001   3.5945207669e-001
       971   1.0080111421e+000   3.6492419264e-001
       972   9.0606244464e-001   3.5625394054e-001
       973   8.5582062369e-001   3.5474245062e-001
       974   8.0592625022e-001   3.5445043985e-001
       975   7.5644291354e-001   3.5497570315e-001
       976   7.0737918927e-001   3.5600526081e-001
       977   6.5873590841e-001   3.5727697155e-001
       978   6.1048654373e-001   3.5862477017e-001
       979   5.6259145370e-001   3.5995075248e-001
       980   5.1500612040e-001   3.6120243797e-001
       981   4.6770881219e-001   3.6232804431e-001
       982   4.2062706639e-001   3.6329577287e-001
       983   3.7353610878e-001   3.6413249858e-001
       984   3.2606662616e-001   3.6487808733e-001
       985   2.7808838060e-001   3.6534969421e-001
       986   2.2951207563e-001   3.6502324258e-001
       987   1.8019362702e-001   3.6308748956e-001
       988   1.2984457373e-001   3.5893289223e-001
       989   7.8135770164e-002   3.5230001126e-001
       990   2.4543185168e-002   3.4315091283e-001
       991  -3.1515337050e-002   3.3128963143e-001
       992   4.1611147056e+000   1.1763774704e+000
       993   7.0709434080e-001  -4.2617631503e+000
       994  -1.3522995106e+000   3.8736062113e+000
       995  -5.1103343293e-001   4.0072494790e+000
       996   3.6932512221e+000   2.0974015612e+000
       997   1.7584820084e-001  -4.1779495179e+000
       998   3.7340761407e+000  -1.9344505538e+000
       999   4.5377430169e+000   2.5828599941e-001
      1000   4.4482819532e+000   4.8285893778e-001
      1001   3.8638421838e+000   1.8548918905e+000
      1002   2.3450262587e+000  -3.5691480690e+000
      1003   2.1785166260e+000  -3.8060477396e+000
      1004   4.4199833877e+000  -2.0169900094e-001
      1005   2.9152552024e+000  -2.9773189620e+000
      1006   7.8140657905e-001   3.8443631364e+000
      1007  -1.9367032215e+000   3.6854568598e+000
      1008   1.4358366248e+000  -4.1417493179e+000
      1009  -2.4656678593e+000  -3.3087271859e+000
      1010   3.3403800370e+000   2.4652674671e+000
      1011   3.5208766559e+000  -2.6051351526e+000
      1012   3.2645610178e+000  -2.6963404656e+000
      1013   3.5437986701e+000  -2.3379428664e+000
      1014   1.7582298572e+000   3.6418901990e+000
      1015   1.9468349893e+000   3.4835867851e+000
      1016   1.9696498406e+000   3.2814468934e+000
      1017  -1.9096908057e+000  -3.6252181426e+000
      1018   4.1980382439e+000  -5.9165152024e-001
      1019   3.9831995041e+000  -6.7852180270e-001
      1020  -3.9950619286e+000  -5.0603265687e-001
      1021  -2.4703527038e+000   3.2998295968e+000
      1022  -3.9649278261e+000   2.7103771745e-001
      1023   9.6715378712e-001  -4.1405323397e+000
      1024  -3.8173577402e+000  -1.2331345239e+000
      1025  -3.8402125112e+000   1.1568012809e+000
      1026  -2.9544618824e+000  -2.8038311068e+000
      1027  -3.4097448114e+000  -2.0481263750e+000
      1028   3.6773719277e+000  -1.7010688004e+000
      1029  -3.4959500943e+000   1.9542650302e+000
      1030   2.5482243676e+000   2.8712593340e+000
      1031  -2.9843158722e+000   2.7576713804e+000
      1032  -3.1552031656e+000   2.4949827637e+000
      1033   3.0234592090e-002   4.0968144892e+000
      1034   2.9788431847e-001   3.9524140468e+000
      1035   3.7337407870e+000  -1.3118285954e+000
      1036   2.9474972094e+000   2.7128251527e+000
      1037  -1.0214718137e+000  -3.9375136212e+000
      1038  -8.0282292790e-001  -4.0383872885e+000
      1039  -5.6902169614e-001  -3.9588891180e+000
      1040  -5.8038664866e-002  -3.9674022633e+000
      1041  -1.0202267357e+000   3.7744085403e+000
      1042   2.1620349955e+000   2.9554948325e+000
      1043   1.9763507497e+000   3.0754030832e+000
      1044   1.7430983584e+000  -3.8958438095e+000
      1045   1.4780851703e+000  -3.8940188771e+000
      1046  -1.4004737975e+000  -3.6941827153e+000
      1047  -1.6411670286e+000  -3.5438676417e+000
      1048   1.2119198956e+000   3.6455414984e+000
      1049   9.5615828940e-001   3.6434345727e+000
      1050   3.8758909417e+000   1.4263808335e+000
      1051   3.7672008931e+000   1.6380988433e+000
      1052   3.7177185138e+000  -9.4297809566e-001
      1053   3.6308399241e+000  -1.1287502740e+000
      1054   2.5267619101e+000  -3.1593295146e+000
      1055   2.6767109747e+000  -2.9794737356e+000
      1056  -1.1901994897e+000  -3.7772993312e+000
      1057   4.5948959961e-001  -4.1023382974e+000
      1058   1.2137350261e+000  -4.0189767103e+000
      1059   1.9158804717e+000  -3.7499728880e+000
      1060   3.6368321188e+000   1.8372956137e+000
      1061  -2.1204548172e-001   3.9383733956e+000
      1062  -1.5953904743e+000   3.6712449857e+000
      1063   3.9625402390e+000   1.2033276463e+000
      1064   3.4299622367e+000   2.2164904874e+000
      1065   4.2117491713e+000  -3.4079757079e-001
      1066   3.3141648309e+000  -2.4494298531e+000
      1067   2.3351733022e+000  -3.3083887176e+000
      1068  -3.3092666251e-001  -3.8642106428e+000
      1069   3.6062594062e+000  -1.4900764407e+000
      1070   3.0837101639e+000   2.5011819874e+000
      1071   3.0182386784e+000  -2.7537211863e+000
      1072   2.7877894360e+000  -2.7841388955e+000
      1073   4.0102892460e+000  -4.4738318643e-001
      1074   7.2376882437e-001  -4.0038677232e+000
      1075   3.7826990474e+000  -7.4402949142e-001
      1076   2.3350140145e+000   2.8197053072e+000
      1077   2.4188589748e-001  -3.9252429258e+000
      1078   5.3442895188e-002   3.8336252897e+000
      1079  -3.2639373334e+000   2.2110928642e+000
      1080  -2.1388566189e+000  -3.3606996841e+000
      1081  -1.8567825516e+000  -3.3406934824e+000
      1082  -6.9557077740e-001   3.7918624571e+000
      1083   4.3782294148e+000   6.0206676611e-002
      1084   4.2767905822e+000   3.1353258955e-001
      1085   1.4674011142e+000   3.6523810154e+000
      1086   3.5376552904e+000  -2.0889133100e+000
      1087   3.5089386736e+000  -1.8594175701e+000
      1088  -1.2947034689e+000   3.6158689264e+000
      1089  -2.1154152385e+000   3.4086140702e+000
      1090   2.7099345044e+000   2.6983314496e+000
      1091   1.7710946878e+000   3.3942820044e+000
      1092   1.5854365904e+000   3.4822797709e+000
      1093   1.7827479983e+000   3.1850168181e+000
      1094  -7.9449956003e-001  -3.7805662953e+000
      1095   5.2211701472e-001   3.7887078130e+000
      1096   7.1036000642e-001   3.6154359781e+000
      1097  -2.6089168769e+000  -2.9620894394e+000
      1098  -3.7934455638e+000  -8.2036944471e-001
      1099   3.5253093717e+000  -1.3002558240e+000
      1100  -3.8642773720e+000  -1.3882906069e-001
      1101  -3.7745819142e+000   5.9180596563e-001
      1102  -3.7584528585e+000   8.8200267697e-001
      1103  -3.4897545918e+000   1.6268578456e+000
      1104  -3.6268581345e+000   1.3710946390e+000
      1105  -3.1632254207e+000  -2.2613298701e+000
      1106  -2.9748362431e+000  -2.4837325322e+000
      1107  -2.5079076638e+000   3.0125366308e+000
      1108  -2.7147910040e+000   2.7947288993e+000
      1109  -3.4303599117e+000  -1.6820549719e+000
      1110  -3.5574859576e+000  -1.3913154511e+000
      1111   4.2660077752e+000   5.8250165356e-001
      1112   4.2463733481e+000   8.0798860477e-001
      1113   4.0663691076e+000   9.6397510519e-001
      1114  -2.8534411908e+000   2.5254160300e+000
      1115   1.6634702859e+000  -3.6859955367e+000
      1116   3.6598191750e+000   1.4448109710e+000
      1117   3.7498534102e+000   1.2431269948e+000
      1118  -1.4158483836e+000  -3.4388594910e+000
      1119  -1.1815288829e+000  -3.5511454106e+000
      1120   1.9737854247e+000   2.8804565047e+000
      1121   2.1405031595e+000   2.7615302624e+000
      1122   1.1041269911e+000   3.4446292776e+000
      1123   1.3620853861e+000   3.4197964291e+000
      1124   2.4663718449e+000  -2.9616117456e+000
      1125   2.5750932226e+000  -2.7948466134e+000
      1126   3.5253638943e+000  -9.6531114372e-001
      1127   3.4379991985e+000  -1.1295999702e+000
      1128   1.1978169384e+000   2.1278534775e-001
      1129   9.8373751454e-001  -3.7014350733e-001
      1130   1.2309240207e+000  -2.1390301074e-001
      1131   1.2953034051e+000   3.8372708787e-003
      1132   1.0913612847e+000   3.3116801724e-001
      1133   1.1054453930e+000  -3.1208226419e-001
      1134   1.0679394584e+000  -3.4708772355e-001
      1135  -8.5826397951e-002   3.1120184822e-001
      1136  -1.3595244872e-001   2.2340894037e-001
      1137  -1.4013249393e-001  -2.2182972500e-001
      1138   1.2766225975e+000  -1.8234954094e-001
      1139   1.3239891085e+000  -1.5045519688e-001
      1140   1.0596520182e+000   3.7261141111e-001
      1141   1.2188989129e+000   1.2021392087e-001
      1142   1.2608425192e+000   8.2794083389e-002
      1143  -1.8006063030e-001   1.3157674427e-001
      1144  -1.8244210037e-001  -1.2647565924e-001
      1145  -9.0878917243e-002  -3.2238310347e-001
      1146  -2.2344245719e-001  -2.7739862803e-002
      1147  -2.2289176094e-001   3.4753308205e-002
      1148   1.1796684313e+000   3.0428559333e-001
      1149   1.2163805605e+000   2.6590843488e-001
      1150   9.0502861082e-001  -4.0617086856e-001
      1151   9.5427526343e-001  -4.1225881793e-001
      1152   8.5542256637e-001  -4.0317395163e-001
      1153   8.0533303949e-001  -4.0187825659e-001
      1154   7.5511911827e-001  -4.0146655418e-001
      1155   7.0495993799e-001  -4.0158625025e-001
      1156   6.5496304391e-001  -4.0210409621e-001
      1157   6.0516470168e-001  -4.0294937704e-001
      1158   5.5560947141e-001  -4.0404167144e-001
      1159   5.0634387349e-001  -4.0527030556e-001
      1160   4.5734224734e-001  -4.0653312791e-001
      1161   4.0855842290e-001  -4.0766150529e-001
      1162   3.5972313826e-001  -4.0849740819e-001
      1163   3.1046508671e-001  -4.0889646034e-001
      1164   2.6061761257e-001  -4.0863670745e-001
      1165   2.1001263374e-001  -4.0745581849e-001
      1166   1.5844767474e-001  -4.0507231190e-001
      1167   1.0569969876e-001  -4.0121504541e-001
      1168   5.1466705198e-002  -3.9571077554e-001
      1169  -4.6548072401e-003  -3.8874410704e-001
      1170   1.1976154651e+000  -3.0119920393e-001
      1171   1.2406091618e+000  -2.6947926997e-001
      1172   9.2880856137e-001   4.0473097458e-001
      1173   8.7878595691e-001   4.0236258115e-001
      1174   8.2883551487e-001   4.0129993549e-001
      1175   7.7907920832e-001   4.0123922779e-001
      1176   7.2958240227e-001   4.0186883076e-001
      1177   6.8038997053e-001   4.0289048818e-001
      1178   6.3148943639e-001   4.0408827069e-001
      1179   5.8286283652e-001   4.0531567667e-001
      1180   5.3449802321e-001   4.0650653794e-001
      1181   4.8637014025e-001   4.0761831257e-001
      1182   4.3844385001e-001   4.0862284777e-001
      1183   3.9062936900e-001   4.0948959647e-001
      1184   3.4259731513e-001   4.1024758210e-001
      1185   2.9398097302e-001   4.1110695058e-001
      1186   2.4470479626e-001   4.1181707677e-001
      1187   1.9475904339e-001   4.1118906690e-001
      1188   9.7948902803e-001   4.0895479648e-001
      1189   1.4386356114e-001   4.0810189389e-001
      1190   9.1831600950e-002   4.0235886805e-001
      1191   3.8306541163e-002   3.9435962167e-001
      1192  -1.8321378411e-002   3.8487376098e-001
      1193   1.3646254117e+000  -5.9249254991e-002
      1194   1.3539721371e+000   2.9788018057e-003
      1195  -2.9910647984e+000   2.2579356169e+000
      1196   3.4618359611e+000   1.9827017874e+000
      1197  -1.7106842154e+000  -1.4894124990e+000
      1198  -3.5397390072e+000   1.1021275342e+000
      1199   3.3341281433e+000  -2.2134051887e+000
      1200   2.0827485990e+000  -3.6049135136e+000
      1201   2.1113182149e+000  -3.4096702311e+000
      1202   4.2033616899e+000  -1.0200417597e-001
      1203   4.0099231610e+000  -2.1464406146e-001
      1204   4.1847776047e+000   1.0593680746e-001
      1205   2.8325486504e-001   3.7043460172e+000
      1206   3.3302373953e+000  -1.9919622945e+000
      1207   2.3144623620e+000  -3.0961469854e+000
      1208  -1.7903076021e+000   3.4443648364e+000
      1209  -1.4987625420e+000   3.4284693490e+000
      1210   3.5950667713e+000  -7.8907292891e-001
      1211  -1.6110423365e+000  -3.2797464325e+000
      1212   8.6769751255e-001   3.4389561713e+000
      1213   1.5814894386e+000   3.2898499786e+000
      1214  -3.5776034058e+000  -1.0539572298e+000
      1215   3.1867783089e+000   2.2825800980e+000
      1216  -2.7245862506e+000  -2.6553741216e+000
      1217   4.8009056942e-001   3.5599376309e+000
      1218  -2.3040363774e+000  -3.0941627739e+000
      1219  -2.0334078611e+000  -3.1174710146e+000
      1220   3.5510430405e+000   1.6310877323e+000
      1221  -4.1157117221e-001   3.7653469195e+000
      1222   9.7150854133e-001  -3.8950719504e+000
      1223   1.8567111687e+000  -3.5019146884e+000
      1224   3.8287386692e+000   1.0299754013e+000
      1225   1.7946134265e+000   2.9873242648e+000
      1226   3.0875080945e+000  -2.5294323971e+000
      1227   2.8693533780e+000  -2.5829230660e+000
      1228   2.6621003282e+000  -2.6159676737e+000
      1229   5.0374129125e-001  -3.8545373244e+000
      1230   1.2076492100e+000  -3.7765930951e+000
      1231   1.4136575199e+000  -3.6311904867e+000
      1232   4.0674366879e+000   7.0280517088e-001
      1233   4.0739295299e+000   4.6242731247e-001
      1234   3.4629189737e+000  -1.6485216547e+000
      1235   3.4038765066e+000  -1.4558793730e+000
      1236   3.3353753013e+000  -1.2808253596e+000
      1237  -3.6943097273e+000  -4.5477322796e-001
      1238  -2.2218553973e+000   3.1409522346e+000
      1239  -3.5455054856e+000   7.9010212822e-001
      1240  -3.7044246670e+000   3.4506544822e-001
      1241  -3.5296705490e+000   5.1160105112e-001
      1242  -3.7272011921e+000   1.0859216351e-001
      1243  -3.3971350142e+000   1.3762427886e+000
      1244  -3.2903683405e+000   1.7994633018e+000
      1245  -3.2329488967e+000   1.5880433718e+000
      1246  -3.1577130234e+000   2.0059606183e+000
      1247  -1.5730415518e-001   3.6965356160e+000
      1248   3.8231325314e+000  -5.3721334954e-001
      1249  -3.2458195120e+000  -1.8340918907e+000
      1250  -3.1146029482e+000  -2.0253792095e+000
      1251  -5.4281010254e-001  -3.7224816905e+000
      1252   2.8482394749e+000   2.5130330132e+000
      1253   2.4928229870e+000   2.6694597410e+000
      1254   2.2939649254e+000   2.6300306521e+000
      1255  -2.9280579225e+000  -2.2163586887e+000
      1256  -1.5604468840e-001  -3.7216656397e+000
      1257   7.7087797051e-002  -3.7410371672e+000
      1258  -1.0565824990e+000   3.4983703274e+000
      1259  -8.1245156492e-001   3.5684797249e+000
      1260   2.3792231782e+000  -2.7962399067e+000
      1261   2.4650572099e+000  -2.6362199534e+000
      1262  -3.3323574933e+000  -1.4415475429e+000
      1263  -3.3506728469e+000  -1.2000693852e+000
      1264  -2.4758955409e+000   2.7825842768e+000
      1265  -2.2673233046e+000   2.8895580545e+000
      1266  -2.5841104920e+000   2.5687990493e+000
      1267   3.5469951750e+000   1.2740678126e+000
      1268   3.4565606990e+000   1.4565562915e+000
      1269  -1.2396666823e+000  -3.3381128728e+000
      1270  -1.3892093328e+000  -3.2032368829e+000
      1271   1.2060994631e+000   3.2454595855e+000
      1272   9.9212516995e-001   3.2627874842e+000
      1273   1.9633977322e+000   2.6986362101e+000
      1274   1.8013834193e+000   2.8026919331e+000
      1275   3.3470044958e+000  -9.7512321954e-001
      1276   3.4190874257e+000  -8.1672560633e-001
      1277   4.0124201363e+000   1.0096882413e-002
      1278   3.2520572416e+000   2.0650317771e+000
      1279   2.1270223957e+000  -3.1919316338e+000
      1280  -2.7303409478e+000  -2.3887045431e+000
      1281  -3.1883156990e+000  -1.6046683782e+000
      1282   3.1285337636e+000  -2.3098317198e+000
      1283   1.4101825128e+000   3.1803416681e+000
      1284   3.8323126805e+000  -3.2147783951e-001
      1285   3.1496114718e-001  -3.6948921637e+000
      1286   4.0471066405e+000   2.3613022902e-001
      1287  -5.6364546267e-001   3.5843329920e+000
      1288   3.3073902854e+000  -1.7855836666e+000
      1289  -2.6972815751e+000   2.2937199400e+000
      1290   3.4522393722e+000   1.7865013461e+000
      1291   3.3299442557e+000   1.6341945726e+000
      1292   3.8761896819e+000   8.0900642696e-001
      1293  -3.4847879172e-001  -3.6614979944e+000
      1294   2.9598349651e+000   2.3192912159e+000
      1295   2.9258622826e+000  -2.3813178331e+000
      1296   2.7292003495e+000  -2.4322371994e+000
      1297   2.5389978338e+000  -2.4680115866e+000
      1298   2.2961609116e+000  -2.9321896423e+000
      1299  -3.3192203112e-001   3.5507804702e+000
      1300   2.1122815147e+000   2.5826876872e+000
      1301  -1.2657056734e+000   3.3965834753e+000
      1302   3.6457840282e+000  -6.0696266964e-001
      1303   3.4756982676e+000  -6.5155355623e-001
      1304   6.8663930398e-002   3.5980983662e+000
      1305   2.6849421699e-001   3.4813964708e+000
      1306   7.4641271158e-001  -3.7663310441e+000
      1307  -9.2912179177e-001  -3.5511923943e+000
      1308  -6.9952377345e-001  -3.5443425439e+000
      1309  -1.0492135963e+000  -3.3575425702e+000
      1310   3.1459067873e+000  -2.0995265013e+000
      1311  -3.0538746967e+000   1.7829801597e+000
      1312   1.6055316718e+000   3.0850752957e+000
      1313   1.6276412981e+000   2.8949610193e+000
      1314   1.5909388044e+000  -3.4623814137e+000
      1315   9.7365535008e-001  -3.6653519957e+000
      1316   1.1805056776e+000  -3.5478981888e+000
      1317   3.2603806133e+000  -1.1216577074e+000
      1318  -1.9335471929e+000   3.2133317061e+000
      1319  -1.6543312687e+000   3.2304301576e+000
      1320  -2.0265199912e+000   2.9841119839e+000
      1321   3.6231089092e+000   1.0821272395e+000
      1322  -1.7869539349e+000  -3.0955621292e+000
      1323  -1.5594353556e+000  -3.0479991118e+000
      1324   3.2695574891e+000  -1.5941014618e+000
      1325   3.2200095652e+000  -1.4176943151e+000
      1326   6.4710299990e-001   3.4067479188e+000
      1327   7.8588203643e-001   3.2494388902e+000
      1328   2.6317698157e+000   2.5068544547e+000
      1329   2.4318234670e+000   2.4869050452e+000
      1330   3.8901936066e+000   5.8243537230e-001
      1331  -3.5787227441e+000  -1.1388324628e-001
      1332  -2.5122347471e+000  -2.7371208698e+000
      1333  -2.3790185796e+000  -2.8754957287e+000
      1334  -2.1679048126e+000  -2.8934878965e+000
      1335  -3.5459465006e+000  -7.4672022585e-001
      1336  -3.3518258679e+000  -9.2609228426e-001
      1337  -3.4990021459e+000   2.1526705566e-001
      1338  -3.1181424315e+000  -1.3412562350e+000
      1339  -3.0362038844e+000  -1.7939929640e+000
      1340  -2.8804824252e+000  -1.9787988130e+000
      1341  -2.3100252351e+000   2.6356448525e+000
      1342  -1.1573417326e+000  -3.1429520496e+000
      1343   1.0835937603e+000   3.0919648169e+000
      1344   1.2662401079e+000   3.0482556079e+000
      1345  -4.1056330046e-002  -3.5693656521e+000
      1346  -2.3863015820e-001  -3.4954958170e+000
      1347  -8.7378685931e-001   3.3463084040e+000
      1348  -1.1031012391e+000   3.2497213019e+000
      1349   2.2756604187e+000  -2.6548007482e+000
      1350   2.1883792053e+000  -2.8150405250e+000
      1351  -3.2701444146e+000   1.1877189750e+000
      1352  -3.3248671829e+000   9.4166612171e-001
      1353  -3.1834835674e+000   1.3930700568e+000
      1354  -3.3346043714e+000   6.8410874645e-001
      1355   1.8021115360e+000   2.6305351388e+000
      1356   1.9467007867e+000   2.5289669154e+000
      1357   3.3536089155e+000   1.2948976268e+000
      1358   3.4319265944e+000   1.1210206368e+000
      1359   3.2542362496e+000  -8.3344585840e-001
      1360   3.3141928384e+000  -6.8076098465e-001
      1361   1.2855475972e+000  -2.3812862253e-001
      1362   1.3078454934e+000   4.7469278613e-002
      1363   1.3322402959e+000  -2.0677093775e-001
      1364   1.0300941505e+000   4.1502332257e-001
      1365   1.2364428199e+000   1.7440492966e-001
      1366   1.0335590217e+000  -3.8404304217e-001
      1367   1.0028585791e+000  -4.2294929682e-001
      1368   1.2545560143e+000   2.2788874235e-001
      1369   1.1569992131e+000  -3.3354407573e-001
      1370   1.3727535505e+000  -1.1763837634e-001
      1371   1.2763550673e+000   1.3665427865e-001
      1372   1.1183969430e+000  -3.6639064891e-001
      1373  -1.3781757887e-001   2.8251303607e-001
      1374   1.1448288182e+000   3.4336732846e-001
      1375   1.1116252268e+000   3.8281180089e-001
      1376  -2.2825050405e-001   9.7526315021e-002
      1377  -6.3057676287e-002  -3.8172132324e-001
      1378  -1.4517892726e-001  -2.8171715838e-001
      1379  -1.8457356001e-001   1.9171718145e-001
      1380  -1.8861761448e-001  -1.8606849509e-001
      1381  -2.3006632673e-001  -8.9880062376e-002
      1382  -8.3399794441e-002   3.7632643898e-001
      1383  -2.7757221271e-001   4.7732320808e-003
      1384  -2.8008187331e-001  -5.5723296261e-002
      1385   8.7933644616e-001  -4.5268397537e-001
      1386   9.2808997345e-001  -4.5614325974e-001
      1387   8.2979045877e-001  -4.5061223255e-001
      1388   7.7958259125e-001  -4.4943112611e-001
      1389   7.2909429460e-001  -4.4887023689e-001
      1390   6.7854147788e-001  -4.4878489481e-001
      1391   6.2803781161e-001  -4.4913083493e-001
      1392   5.7769908198e-001  -4.4983535811e-001
      1393   5.2758909796e-001  -4.5083294630e-001
      1394   4.7773056235e-001  -4.5199870722e-001
      1395   4.2811881144e-001  -4.5315025029e-001
      1396   3.7858639243e-001  -4.5413123082e-001
      1397   3.2874069699e-001  -4.5481451196e-001
      1398   2.7839887036e-001  -4.5498129694e-001
      1399   2.2742608694e-001  -4.5439341540e-001
      1400   1.7567291359e-001  -4.5281842414e-001
      1401   1.2304216005e-001  -4.5003551187e-001
      1402   6.9469538610e-002  -4.4592642113e-001
      1403   1.4959444553e-002  -4.4066561001e-001
      1404   1.2349089789e+000   3.1938612687e-001
      1405   1.1987038982e+000   3.5767802502e-001
      1406   9.5256187006e-001   4.5319801537e-001
      1407   9.0269275642e-001   4.5006889894e-001
      1408   8.5285406746e-001   4.4832583965e-001
      1409   8.0304415478e-001   4.4773007742e-001
      1410   7.5335211665e-001   4.4803734404e-001
      1411   7.0382481151e-001   4.4891746946e-001
      1412   6.5445324751e-001   4.5004532001e-001
      1413   6.0523545663e-001   4.5123385315e-001
      1414   5.5616301781e-001   4.5239124896e-001
      1415   5.0722954223e-001   4.5350736608e-001
      1416   4.5843806517e-001   4.5455586772e-001
      1417   4.0978685192e-001   4.5549763215e-001
      1418   3.6112290821e-001   4.5626558528e-001
      1419   3.1217786100e-001   4.5690401099e-001
      1420   2.6232816768e-001   4.5847900163e-001
      1421   2.1171804600e-001   4.6005648734e-001
      1422   1.6010953661e-001   4.5862820725e-001
      1423   1.0739885169e-001   4.5351745684e-001
      1424   5.4203297261e-002   4.4614047279e-001
      1425   6.4839780475e-004   4.3730988728e-001
      1426   1.2502474978e+000  -3.2540714510e-001
      1427   1.2082791008e+000  -3.5685014259e-001
      1428   1.4163390237e+000  -2.5532243235e-002
      1429   1.4230727614e+000  -8.4763617220e-002
      1430  -1.9368399083e+000  -2.8997232125e+000
      1431  -8.2964416924e-001  -3.3540898090e+000
      1432  -2.5172632887e+000  -2.5248818667e+000
      1433   2.1367496766e+000  -2.9914535064e+000
      1434  -1.7153179908e+000  -2.8779165024e+000
      1435   3.0427119103e+000   2.1218371112e+000
      1436   1.5153720272e-001  -3.5309561528e+000
      1437   1.4441529068e+000   2.9750476970e+000
      1438  -1.3793313824e+000   3.1993225189e+000
      1439   4.4208640777e-001   3.3518679775e+000
      1440   3.1437781594e+000  -1.9008164371e+000
      1441   3.1256513371e+000  -1.7138596032e+000
      1442   3.8076295430e+000  -8.7717206042e-002
      1443   3.2862451216e+000   1.8524889768e+000
      1444  -2.9910163012e+000   1.5289629003e+000
      1445   3.0944452130e+000  -1.5392272278e+000
      1446  -2.7047032630e+000  -2.1470072262e+000
      1447   2.3553019950e+000  -2.4946749708e+000
      1448   5.9024439951e-001   3.2143905470e+000
      1449   3.2870877500e+000   1.4492588016e+000
      1450  -9.5006714730e-001  -3.2007910291e+000
      1451  -3.1505405253e+000  -1.0657097752e+000
      1452   5.4593221184e-001  -3.6285575536e+000
      1453   1.9221193141e+000  -3.2726040086e+000
      1454   1.7270450896e+000  -3.3213287963e+000
      1455  -6.5299016603e-001   3.3844573409e+000
      1456  -4.6514488887e-001   3.4136116791e+000
      1457   3.1811423663e+000  -9.7594458232e-001
      1458  -4.7525745296e-001  -3.5118391926e+000
      1459  -3.3203785792e+000   4.3545744553e-001
      1460  -2.4383839303e+000   2.4071285488e+000
      1461   1.3638602508e+000  -3.4041153163e+000
      1462   8.9805251759e-001   3.0920358349e+000
      1463   3.6745890701e+000  -4.2369479526e-001
      1464   3.5172340543e+000  -4.8717718303e-001
      1465   3.3620110384e+000  -5.2183873012e-001
      1466  -2.0766368324e+000   2.7599244638e+000
      1467  -2.8637262648e+000   2.0093790256e+000
      1468  -1.3436305892e+000  -2.9910849291e+000
      1469   7.6535526862e-001  -3.5470538511e+000
      1470  -2.9709138369e+000  -1.5672678998e+000
      1471   3.1615852198e+000  -1.2560525424e+000
      1472   3.8844416880e+000   3.6317942847e-001
      1473  -1.7879176629e+000   3.0385409822e+000
      1474   9.6854949402e-001  -3.4524592792e+000
      1475  -2.8243841361e+000  -1.7574620670e+000
      1476   3.6802360910e+000   8.8302595529e-001
      1477   3.7129709970e+000   6.7959653477e-001
      1478   3.4954878273e+000   9.3947480004e-001
      1479   2.9604364292e+000  -2.1842223824e+000
      1480   2.7771738340e+000  -2.2490928071e+000
      1481   2.5973238143e+000  -2.2979121903e+000
      1482  -2.3007705887e+000  -2.6670571918e+000
      1483   1.6456216076e+000   2.7199021168e+000
      1484   2.2477358100e+000   2.4563286921e+000
      1485   2.0790155706e+000   2.4173184582e+000
      1486  -3.4941782804e+000  -3.4346519931e-001
      1487  -3.4796135377e+000  -5.3658753425e-001
      1488  -3.3210434147e+000  -6.7216193849e-001
      1489  -1.2131347958e-001   3.4763570975e+000
      1490   7.5826174525e-002   3.3849399322e+000
      1491   2.7486442752e+000   2.3350459470e+000
      1492   2.5515145820e+000   2.3345138800e+000
      1493  -2.4801502133e-002  -3.3723914204e+000
      1494  -3.3608336980e+000   1.5109668014e-002
      1495  -3.3532444117e+000  -2.1381915960e-001
      1496   1.1460734456e+000   2.9408724591e+000
      1497   9.9069746852e-001   2.9378404748e+000
      1498  -3.1335417763e+000   8.2101186675e-001
      1499  -3.0975599982e+000   1.0492946570e+000
      1500  -3.0381162951e+000   1.2749566372e+000
      1501  -9.0507490270e-001   3.1629164208e+000
      1502  -7.1436167908e-001   3.1870548773e+000
      1503   3.2494090011e+000   1.1505875711e+000
      1504   3.1551055558e+000   1.3271310425e+000
      1505   2.0918465469e+000  -2.6749078017e+000
      1506   2.1785784955e+000  -2.5157449322e+000
      1507   3.1611532296e+000  -7.0377766598e-001
      1508   3.0993908509e+000  -8.4235168313e-001
      1509   1.7957418685e+000   2.4695601050e+000
      1510   1.6566054214e+000   2.5566022441e+000
      1511   2.8417424474e+000   2.1576252205e+000
      1512   3.0988607975e+000   1.9239982149e+000
      1513  -6.1657977311e-001  -3.3367792830e+000
      1514  -1.5576468830e+000   3.0322852702e+000
      1515  -4.8278304861e-001   3.2176071939e+000
      1516  -2.5153435174e+000  -2.2933676464e+000
      1517   1.2881051457e+000   2.8512222377e+000
      1518   1.9505048349e+000  -3.0633147647e+000
      1519   1.7491160612e+000  -3.1382557331e+000
      1520   3.0527290912e+000  -1.3773327086e+000
      1521  -7.5272804198e-001  -3.1380618762e+000
      1522   1.5293602521e+000  -3.2263972659e+000
      1523  -2.3195266499e+000  -2.4216916247e+000
      1524  -3.2679936844e+000   2.2430640126e-001
      1525   1.4770676566e+000   2.7953973092e+000
      1526   2.5288816829e-001   3.2787576913e+000
      1527   4.0720851138e-001   3.1614653100e+000
      1528   2.9760126385e+000  -1.9951227233e+000
      1529   2.8074862167e+000  -2.0705483348e+000
      1530  -2.9370938283e-001   3.3450517155e+000
      1531   3.6598497010e+000  -2.3856637199e-001
      1532  -1.8625482710e+000   2.8401461839e+000
      1533  -1.5055556856e+000  -2.8392373158e+000
      1534   1.1503923266e+000  -3.3464109806e+000
      1535  -3.1388828635e+000   5.9300222032e-001
      1536   3.8571813035e+000   1.4440960278e-001
      1537   2.6512155939e+000   2.1756096108e+000
      1538   3.5465013122e+000  -3.4225501617e-001
      1539   3.4036550515e+000  -3.5972823925e-001
      1540   1.9245480214e+000   2.3714656976e+000
      1541   3.2118071111e+000  -5.5547369568e-001
      1542  -2.8322103703e+000   1.7396584594e+000
      1543  -1.0021888905e-001   3.2754969446e+000
      1544   3.6895044033e-001  -3.4838058936e+000
      1545   5.8063855507e-001  -3.4205429494e+000
      1546  -2.6685896374e+000  -1.9253565370e+000
      1547   2.9754773480e+000  -1.8151022202e+000
      1548   2.9613176191e+000  -1.6447543924e+000
      1549  -4.0158013368e-001  -3.3318378284e+000
      1550  -2.1850991866e-001  -3.3123765438e+000
      1551   3.5392963267e+000   7.5397908794e-001
      1552   7.8063064304e-001  -3.3428264528e+000
      1553  -3.1453981169e+000  -8.1104793475e-001
      1554   3.1375516414e+000   1.7255536379e+000
      1555   3.1487404190e+000   1.5317651922e+000
      1556   2.6397972084e+000  -2.1299192190e+000
      1557  -2.0647757158e+000  -2.7034674281e+000
      1558  -1.8524586838e+000  -2.6993882129e+000
      1559   2.3680011548e+000   2.3209923182e+000
      1560   2.1981825856e+000   2.2971052712e+000
      1561   3.0966602958e+000  -1.1078469786e+000
      1562   3.0271493704e+000  -9.7147592893e-001
      1563   1.9860563053e+000  -2.8516286880e+000
      1564   3.7228997822e+000   4.7654784460e-001
      1565   1.5095564732e+000   2.6307027524e+000
      1566   3.3207888741e+000   9.8107278861e-001
      1567   7.1487588286e-001   3.0729316300e+000
      1568   8.1961319698e-001   2.9309017116e+000
      1569  -1.2088498593e+000   3.0761608802e+000
      1570  -1.3610648939e+000   2.9656609762e+000
      1571  -1.0277420518e+000   3.0377711203e+000
      1572  -3.3134375917e+000  -4.4119311856e-001
      1573  -2.6375105853e+000   2.0771288264e+000
      1574  -2.6528834769e+000   1.8773086306e+000
      1575  -2.4695318495e+000   2.1942723972e+000
      1576   2.4218335586e+000  -2.3346134447e+000
      1577   2.2518981269e+000  -2.3622659072e+000
      1578  -8.1348870885e-001   2.9890407638e+000
      1579   2.0669664498e-001  -3.3365636233e+000
      1580   1.0919893871e+000   2.7878702670e+000
      1581  -2.9523869768e+000  -1.1616216956e+000
      1582  -2.8788262863e+000  -1.3715783994e+000
      1583  -2.7588977897e+000  -1.5573741535e+000
      1584  -1.1485186700e+000  -2.9189319083e+000
      1585  -9.6217493648e-001  -3.0245635417e+000
      1586  -2.2412477893e+000   2.4545680877e+000
      1587  -2.0844511044e+000   2.5582511352e+000
      1588  -3.1918951789e+000  -1.0401495428e-001
      1589  -3.1623677372e+000  -3.1335521196e-001
      1590  -2.9325525105e+000   9.2368261677e-001
      1591  -2.9559568337e+000   7.1279445594e-001
      1592  -2.8809431753e+000   1.1360699955e+000
      1593   3.0162272175e+000  -7.2071324367e-001
      1594   2.9545561608e+000  -8.4626194975e-001
      1595   3.0809087620e+000   1.1532558912e+000
      1596   3.1575909907e+000   1.0051501124e+000
      1597   1.6582361817e+000   2.4047663494e+000
      1598   1.5263703553e+000   2.4781351258e+000
      1599   2.0107621060e+000  -2.5269918567e+000
      1600   1.9210614076e+000  -2.6723894821e+000
      1601   9.7529752381e-001  -4.6179043920e-001
      1602   1.3185076196e+000   1.0000645900e-001
      1603  -2.7897631011e-001   6.5686583553e-002
      1604   1.2938136953e+000   1.9026549358e-001
      1605   1.1683809091e+000  -3.8834652499e-001
      1606   1.2945788724e+000  -2.9439818515e-001
      1607   1.3406047651e+000  -2.6346827895e-001
      1608   1.1639923045e+000   3.9585565005e-001
      1609   1.0028605328e+000   4.5821402206e-001
      1610   1.3804990727e+000  -1.7511998080e-001
      1611   1.4302382964e+000  -1.4330495548e-001
      1612   1.2729106453e+000   2.8143370416e-001
      1613   1.0824150531e+000  -4.0026903108e-001
      1614   1.0501103034e+000  -4.3689648651e-001
      1615  -4.0278820224e-002  -4.3520832880e-001
      1616  -1.8811307907e-001   2.5156218440e-001
      1617  -5.3416070947e-002   4.2940800389e-001
      1618   1.0804308318e+000   4.2286717237e-001
      1619  -1.3980301177e-001   3.4288811373e-001
      1620   1.3642652779e+000   6.3563298618e-002
      1621   1.4154090792e+000   3.2382037610e-002
      1622  -1.9484698138e-001  -2.4482969781e-001
      1623  -2.3319250005e-001   1.5890537315e-001
      1624  -2.3647741271e-001  -1.5023101509e-001
      1625  -2.8507021935e-001  -1.1568022578e-001
      1626  -1.2145358140e-001  -3.8295389982e-001
      1627  -1.5789839257e-001  -3.3924318194e-001
      1628  -3.3219908543e-001  -2.3829203527e-002
      1629  -3.3184392025e-001   3.5865329049e-002
      1630   1.4755704558e+000  -5.2757977050e-002
      1631   1.4723742465e+000   5.9293062297e-003
      1632   1.2595847619e+000  -3.8169809991e-001
      1633   1.3033884209e+000  -3.5107633622e-001
      1634   9.2752791625e-001   4.9785950553e-001
      1635   9.7745913199e-001   5.0147137671e-001
      1636   8.7798522973e-001   4.9556391634e-001
      1637   8.2832504259e-001   4.9443143709e-001
      1638   7.7864194763e-001   4.9445199512e-001
      1639   7.2898916674e-001   4.9530839419e-001
      1640   6.7935300301e-001   4.9652893067e-001
      1641   6.2968562772e-001   4.9778623249e-001
      1642   5.8001058258e-001   4.9897600029e-001
      1643   5.3033648204e-001   5.0010639809e-001
      1644   4.8068989269e-001   5.0121858644e-001
      1645   4.3109010469e-001   5.0229068783e-001
      1646   3.8151827632e-001   5.0321124722e-001
      1647   3.3188161637e-001   5.0380302263e-001
      1648   2.8264597734e-001   5.0380080884e-001
      1649   2.3161624054e-001   5.0861781414e-001
      1650   1.7934503723e-001   5.1141673142e-001
      1651   1.2447018643e-001   5.0631834967e-001
      1652   7.0032455038e-002   4.9905276520e-001
      1653   1.6440167058e-002   4.9037254858e-001
      1654   8.5542199042e-001  -5.0017816477e-001
      1655   9.0508576202e-001  -5.0227571582e-001
      1656   8.0511913318e-001  -4.9857809192e-001
      1657   7.5430346783e-001  -4.9743944999e-001
      1658   7.0322792668e-001  -4.9676012120e-001
      1659   6.5206164227e-001  -4.9654217993e-001
      1660   6.0095917292e-001  -4.9677394171e-001
      1661   5.5000867491e-001  -4.9742417677e-001
      1662   4.9929462169e-001  -4.9837220367e-001
      1663   4.4882218726e-001  -4.9946567709e-001
      1664   3.9852215924e-001  -5.0053958616e-001
      1665   3.4807054587e-001  -5.0143708703e-001
      1666   2.9722427080e-001  -5.0194284874e-001
      1667   2.4583924406e-001  -5.0185649005e-001
      1668   1.9380329968e-001  -5.0096865678e-001
      1669   1.4107514908e-001  -4.9907919522e-001
      1670   8.7670717172e-002  -4.9607139321e-001
      1671   3.3724482946e-002  -4.9198830657e-001
      1672   1.2531615527e+000   3.7350170055e-001
      1673   1.2910131275e+000   3.3552611124e-001
      1674  -2.2741979274e+000   2.2812944764e+000
      1675  -3.1909091749e+000   6.8801861179e-002
      1676   5.3947756536e-001   3.0369606135e+000
      1677  -2.4992750160e+000  -2.0736621566e+000
      1678   2.9114525191e+000   1.9777889956e+000
      1679   2.7303401609e+000   2.0131405645e+000
      1680  -1.8887761512e+000   2.6456107959e+000
      1681   3.5630274268e+000   5.6801570659e-001
      1682  -2.1544150109e+000  -2.5245392746e+000
      1683   2.8221429009e+000  -1.8987472787e+000
      1684  -1.6815691166e+000   2.8921038233e+000
      1685  -1.5141762143e+000   2.8261963872e+000
      1686   2.9357867377e+000  -1.4850369017e+000
      1687   6.5216874038e-001   2.9090400384e+000
      1688   2.6674004080e+000  -1.9666426648e+000
      1689   2.4741750710e+000  -2.1760854773e+000
      1690   1.2998248961e+000  -3.2113682703e+000
      1691  -1.9735669292e+000  -2.5160734825e+000
      1692   2.9605513313e+000   1.7969956665e+000
      1693   2.9889552695e+000   1.6176063227e+000
      1694  -2.9695719442e+000  -9.3834320114e-001
      1695  -1.6482258521e+000  -2.6797348062e+000
      1696   9.1111415316e-001   2.7909442187e+000
      1697   3.3725857036e+000   8.1038407405e-001
      1698   3.2538999148e+000  -3.9708196683e-001
      1699   1.7826604758e+000   2.3197537791e+000
      1700   3.0678944636e+000  -5.8660385675e-001
      1701  -1.3113431196e+000  -2.7870828550e+000
      1702  -3.1183136820e+000   3.8257863524e-001
      1703  -2.9562925868e+000   5.0984890869e-001
      1704   1.7906043371e+000  -2.9453204491e+000
      1705   1.8192665929e+000  -2.7906447441e+000
      1706  -3.1128694914e+000  -5.5350882424e-001
      1707  -5.2232999618e-001  -3.1597477348e+000
      1708  -3.1885417551e-001  -3.1667588290e+000
      1709   2.0887464645e+000  -2.3812490690e+000
      1710  -5.9518482642e-001   3.0293070824e+000
      1711   2.3122069201e+000  -2.2116497980e+000
      1712   2.8231469819e+000  -1.7343649416e+000
      1713  -2.6222720584e+000  -1.7216452749e+000
      1714   3.0025000602e+000  -1.2280580799e+000
      1715   9.6417709526e-001  -3.2554222403e+000
      1716   4.1545106562e-001  -3.2893114939e+000
      1717   6.1168076071e-001  -3.2272097478e+000
      1718   1.3584834722e+000   2.6875684861e+000
      1719   1.2209083876e+000   2.7108224430e+000
      1720   1.3901453134e+000   2.5379246386e+000
      1721   3.7133960471e+000   2.7800595215e-001
      1722   3.6814389474e+000   8.5991928995e-002
      1723   3.5938100467e+000  -7.4415729288e-002
      1724   3.4776873698e+000  -2.0769208116e-001
      1725  -2.3155138189e+000  -2.2047827639e+000
      1726   2.4713907117e+000   2.1787727990e+000
      1727   2.3030975169e+000   2.1698659574e+000
      1728  -2.6492947359e-001   3.1579426385e+000
      1729   2.9457407563e+000  -1.0904514520e+000
      1730   2.8841679285e+000  -9.6327666470e-001
      1731   7.8701970055e-002   3.1914988046e+000
      1732   2.3733682034e-001   3.0942272401e+000
      1733  -2.4668098385e+000   1.9882839379e+000
      1734  -1.1736610295e+000   2.8984658781e+000
      1735  -9.8621051704e-001   2.8540829146e+000
      1736   2.0418187598e+000   2.2648926896e+000
      1737   3.2148668235e+000   8.5049939064e-001
      1738   2.9986837078e+000   1.4402971980e+000
      1739   2.9771654531e+000   1.2759990753e+000
      1740  -2.0889294205e+000   2.3665861058e+000
      1741  -2.8246818743e+000   1.3519415596e+000
      1742  -2.7775746718e+000   1.5424401656e+000
      1743  -2.6282009023e+000   1.6626473543e+000
      1744   7.2701081767e-002  -3.1844945696e+000
      1745  -1.2158039952e-001  -3.1809523884e+000
      1746  -2.7626077108e+000  -1.2154810069e+000
      1747  -2.7953371763e+000  -1.0292017337e+000
      1748  -2.6759515330e+000  -1.3853300490e+000
      1749  -3.0208582615e+000  -1.7370198091e-001
      1750  -3.0443155576e+000   1.1951615943e-002
      1751  -9.7444532750e-001  -2.8298767811e+000
      1752  -1.1351150154e+000  -2.7220553018e+000
      1753   3.0067944955e+000   1.0098405436e+000
      1754   2.9267771360e+000   1.1285130972e+000
      1755  -2.7755581640e+000   8.0538881155e-001
      1756  -2.7405467363e+000   9.9900942148e-001
      1757   2.8800431834e+000  -7.3183601201e-001
      1758   2.9318183005e+000  -6.1015774190e-001
      1759   1.8495850331e+000  -2.5267623821e+000
      1760   1.7536076872e+000  -2.6607713160e+000
      1761   1.5330483068e+000   2.3361546317e+000
      1762   1.6523142715e+000   2.2632125510e+000
      1763  -2.4630989851e+000   1.7899895509e+000
      1764  -1.6902690677e+000   2.7197429102e+000
      1765  -3.0767394095e+000   1.9376932474e-001
      1766  -2.9382385934e+000   3.1811118948e-001
      1767   2.5569840967e+000   2.0322329560e+000
      1768  -1.3268477974e+000   2.7587512775e+000
      1769  -2.2901804508e+000   2.0918704526e+000
      1770   2.9004939223e+000  -1.3362930550e+000
      1771   3.7481734573e-001   2.9867890410e+000
      1772   2.6816632253e+000  -1.8089850966e+000
      1773  -2.6620975837e+000   1.2022600837e+000
      1774  -2.1091381254e+000  -2.3243034094e+000
      1775  -2.4734349763e+000  -1.8676881916e+000
      1776   3.0676527079e+000   8.7505806004e-001
      1777  -1.9090326553e+000   2.4549291776e+000
      1778  -2.5650916994e+000  -1.5375423088e+000
      1779   3.4060125845e+000   6.3899484399e-001
      1780   4.9285475097e-001   2.8731610184e+000
      1781   2.8568041631e+000  -1.1986348073e+000
      1782   3.2546845042e+000   6.9298040185e-001
      1783   1.1187512677e+000  -3.1832497808e+000
      1784   2.8062887889e+000  -1.0711548289e+000
      1785  -3.9886524852e-001   3.0252203803e+000
      1786  -1.4560107194e+000  -2.6452910224e+000
      1787  -1.2787185544e+000  -2.5983757651e+000
      1788   1.2536075815e+000   2.5814894939e+000
      1789   3.5685363207e+000   3.8559583181e-001
      1790   1.9322833091e+000  -2.3908613092e+000
      1791  -2.7910852683e+000   6.1312150538e-001
      1792  -1.1348458882e+000   2.7163239896e+000
      1793  -2.1107854297e+000   2.1829917989e+000
      1794   2.7897965531e+000   1.8489520881e+000
      1795   2.8303309017e+000   1.6850455517e+000
      1796   2.8523366610e+000   1.5241087233e+000
      1797   2.8529261477e+000   1.3703728241e+000
      1798   2.8302015276e+000   1.2274799707e+000
      1799   2.3926759312e+000   2.0376950408e+000
      1800   3.1096808059e+000  -4.4592766393e-001
      1801   2.9740612656e+000  -4.8322076893e-001
      1802   2.1466645848e+000   2.1512170327e+000
      1803   1.8976737107e+000   2.2258585441e+000
      1804   1.7642219924e+000   2.1811500130e+000
      1805   2.8192409224e+000  -8.4599150127e-001
      1806  -8.0499450011e-002   3.0933468716e+000
      1807   8.0986812546e-002   3.0157328819e+000
      1808   2.8125146129e+000  -1.5786431414e+000
      1809   7.9903307515e-001  -3.1506187861e+000
      1810   3.5566498244e+000   2.1125137143e-001
      1811   3.5273986533e+000   6.0848269371e-002
      1812   3.3999544441e+000  -4.3603680220e-002
      1813   3.2931105783e+000  -2.1608291667e-001
      1814  -2.9565992667e+000  -7.2238650387e-001
      1815  -2.7982731485e+000  -8.3868254096e-001
      1816   7.4806121361e-001   2.7806960269e+000
      1817   2.5126830436e+000  -2.0210120709e+000
      1818   2.3597750385e+000  -2.0641061706e+000
      1819   1.4085842207e+000   2.3974521533e+000
      1820  -2.6070642001e+000   1.4360944719e+000
      1821  -7.9537728076e-001  -2.9216414962e+000
      1822  -6.0536746370e-001  -2.9810149598e+000
      1823  -4.1069866458e-001  -3.0072908056e+000
      1824  -2.3153883010e+000  -1.9969959863e+000
      1825   2.1551622351e+000  -2.2380146890e+000
      1826  -1.7745511696e+000  -2.5139889912e+000
      1827   1.1168345312e+000   2.6239784441e+000
      1828   9.7636017005e-001   2.6527101804e+000
      1829   1.6453071150e+000  -2.8127026668e+000
      1830   1.5949072464e+000  -3.0086650812e+000
      1831   1.3969220196e+000  -3.0483023580e+000
      1832   2.7039985701e-001  -3.1547427202e+000
      1833   4.5860063873e-001  -3.1087375195e+000
      1834  -2.9800405785e+000  -3.6611660397e-001
      1835  -8.2062741733e-001   2.7927473537e+000
      1836  -6.6363124849e-001   2.8612077586e+000
      1837   2.8679347890e+000   9.9887001680e-001
      1838   2.9316401432e+000   8.8590410543e-001
      1839  -2.6045560304e+000  -1.2497749861e+000
      1840  -2.6298806540e+000  -1.0978690043e+000
      1841  -3.6274754524e-002  -3.0284012242e+000
      1842   1.4641095062e-001  -3.0171889617e+000
      1843  -2.5985768288e+000   8.7478796594e-001
      1844  -2.6258405987e+000   6.9643540173e-001
      1845  -9.7695427234e-001  -2.6475676735e+000
      1846  -8.2147211817e-001  -2.7359425457e+000
      1847   1.6953561393e+000  -2.5172167221e+000
      1848   1.7813593280e+000  -2.3913550156e+000
      1849  -2.8856352868e+000  -4.5228057028e-002
      1850  -2.8519611860e+000  -2.2174353507e-001
      1851   1.5324907229e+000   2.2032906634e+000
      1852   1.6407247964e+000   2.1318263768e+000
      1853   2.8039301873e+000  -6.2700360795e-001
      1854   2.7519295794e+000  -7.3788571193e-001
      1855   1.0523661551e+000   4.6479845438e-001
      1856   1.3334174634e+000   1.5330581190e-001
      1857   9.5291388765e-001  -5.0441058103e-001
      1858   1.0218127059e+000  -4.7567297881e-001
      1859   1.0273447104e+000   5.0775457587e-001
      1860   1.3489033620e+000  -3.2057278266e-001
      1861   1.3122907713e+000   2.4360152377e-001
      1862   1.3303221354e+000   2.9736945939e-001
      1863  -2.0390306154e-001  -3.0212095786e-001
      1864  -2.8276569490e-001   1.2670683863e-001
      1865  -3.3386439556e-001   9.5847546434e-002
      1866   1.3882537341e+000  -2.3247076106e-001
      1867   1.4374837768e+000  -2.0141732660e-001
      1868   1.3731197342e+000   1.1747807254e-001
      1869   1.4192422681e+000   8.7875195648e-002
      1870   1.4718961058e+000   6.4316203692e-002
      1871   1.1308667173e+000   4.3371800006e-001
      1872  -3.3518785815e-001  -8.3003334374e-002
      1873   1.4815008427e+000  -1.1174941991e-001
      1874  -3.4984042568e-002   4.8091470440e-001
      1875   1.1306822883e+000  -4.1966562223e-001
      1876   1.0959600022e+000  -4.5125356254e-001
      1877  -2.0396358678e-002  -4.8724444944e-001
      1878  -9.5543611326e-002  -4.3269277849e-001
      1879   1.2168140382e+000   4.1133354938e-001
      1880  -1.9178603352e-001   3.1156735657e-001
      1881   1.2179847328e+000  -4.1256716934e-001
      1882  -2.3756540826e-001   2.1948212359e-001
      1883  -2.4293420467e-001  -2.0919058598e-001
      1884  -2.9087320855e-001  -1.7462007555e-001
      1885  -1.4778622772e-001   4.0178435991e-001
      1886  -1.0746774316e-001   4.3695728493e-001
      1887   8.3219975646e-001  -5.4849789644e-001
      1888   8.8345785263e-001  -5.5002887881e-001
      1889   7.8081533505e-001  -5.4709500083e-001
      1890   7.2913180291e-001  -5.4595653977e-001
      1891   6.7728050719e-001  -5.4521105596e-001
      1892   6.2539324445e-001  -5.4493051527e-001
      1893   5.7359808458e-001  -5.4514585217e-001
      1894   5.2199169101e-001  -5.4578309614e-001
      1895   4.7062588731e-001  -5.4671691425e-001
      1896   4.1947567507e-001  -5.4778004611e-001
      1897   3.6837283738e-001  -5.4877528282e-001
      1898   3.1699302724e-001  -5.4951344714e-001
      1899   2.6514179489e-001  -5.4982679048e-001
      1900   2.1273921795e-001  -5.4948495609e-001
      1901   1.5973457394e-001  -5.4832106852e-001
      1902   1.0612118934e-001  -5.4620733004e-001
      1903   5.2001726323e-002  -5.4310592385e-001
      1904  -1.7812426603e-001  -3.9310074774e-001
      1905  -1.5001775853e-001  -4.3628243573e-001
      1906   1.5300298232e+000  -2.1126504762e-002
      1907   1.5341616629e+000  -8.0517994106e-002
      1908  -3.8519962589e-001   6.8775387188e-003
      1909  -3.8654525781e-001  -5.1888559226e-002
      1910   9.0420948552e-001   5.4287775051e-001
      1911   9.5379734356e-001   5.4531409362e-001
      1912   8.5483770928e-001   5.4110310889e-001
      1913   8.0534067096e-001   5.4072905368e-001
      1914   7.5581920996e-001   5.4171963681e-001
      1915   7.0614663727e-001   5.4327922925e-001
      1916   6.5619292679e-001   5.4478307037e-001
      1917   6.0601042840e-001   5.4609877108e-001
      1918   5.5569000641e-001   5.4727866615e-001
      1919   5.0526371486e-001   5.4841949212e-001
      1920   4.5473439859e-001   5.4963348375e-001
      1921   4.0409552582e-001   5.5083937555e-001
      1922   3.5310473357e-001   5.5176859465e-001
      1923   3.0184570339e-001   5.5200663017e-001
      1924   2.5597651822e-001   5.4780438489e-001
      1925   2.0534326586e-001   5.6905745253e-001
      1926   1.4329485954e-001   5.6119763860e-001
      1927   8.6130739790e-002   5.5323256340e-001
      1928   3.0539562613e-002   5.4436443538e-001
      1929   1.3114917014e+000  -4.0804633652e-001
      1930   1.2679000424e+000  -4.3839338531e-001
      1931   1.3088067729e+000   3.9027387506e-001
      1932   1.2707513783e+000   4.2827665375e-001
      1933  -2.9113519174e+000   1.3360874738e-001
      1934   1.1986642636e+000  -3.0521151330e+000
      1935  -2.6412944221e+000  -9.2621974742e-001
      1936   2.7918193480e+000  -1.4323918377e+000
      1937   2.5383730309e+000  -1.8702827356e+000
      1938   8.2604217374e-001   2.6533748088e+000
      1939  -2.2938158932e+000   1.9019419906e+000
      1940  -2.4782779155e+000  -1.3640055520e+000
      1941  -2.9045076090e+000  -5.3509798418e-001
      1942  -2.7790471439e+000  -6.6135707541e-001
      1943  -4.9417606361e-001   2.8767872397e+000
      1944   5.9413107033e-001   2.7566808778e+000
      1945   2.2174994943e-001   2.9254680223e+000
      1946  -1.1169509596e+000  -2.5417459021e+000
      1947   2.3952078054e+000  -1.9201321787e+000
      1948  -2.4352387718e+000  -1.6792006314e+000
      1949  -2.2953906135e+000  -1.8021074338e+000
      1950   2.6842221638e+000  -1.6581368896e+000
      1951  -1.7156513048e+000   2.5340990034e+000
      1952   2.8468605434e+000  -5.1064233797e-001
      1953   6.3709987907e-001  -3.0485765188e+000
      1954  -2.7901205453e+000   4.2698239725e-001
      1955  -2.6387907274e+000   5.1887647327e-001
      1956  -6.5463977756e-001  -2.8025930045e+000
      1957  -4.8110379075e-001  -2.8455838120e+000
      1958  -2.1457393173e+000  -2.1063082737e+000
      1959  -1.8889130016e+000  -2.3447389371e+000
      1960  -1.5843227579e+000  -2.4961564710e+000
      1961  -1.4072214063e+000  -2.4646490540e+000
      1962   1.4187603912e+000   2.2651243584e+000
      1963  -2.1254594060e+000   2.0010711796e+000
      1964   1.2811245544e+000   2.4467471822e+000
      1965  -2.5766334889e+000   1.0333621955e+000
      1966   2.7616090493e+000  -1.2959345368e+000
      1967   2.7223068200e+000  -1.1692973508e+000
      1968   1.1516461613e+000   2.4863202963e+000
      1969   1.4611447561e+000  -2.8765932500e+000
      1970  -9.5648698165e-001   2.6781552428e+000
      1971   1.0203921908e+000   2.5151258933e+000
      1972  -2.4448393099e+000   1.5929556278e+000
      1973   3.2443842674e-001  -2.9867276021e+000
      1974   9.8823126412e-001  -3.0589102022e+000
      1975   2.0037106347e+000  -2.2556254002e+000
      1976   1.8572141220e+000  -2.2647487827e+000
      1977  -2.2080686424e-001  -3.0220867876e+000
      1978  -1.4993834961e+000   2.6110883749e+000
      1979   2.2383199489e+000   2.0320844017e+000
      1980   2.2099926702e+000  -2.0975602795e+000
      1981   3.1401859174e+000  -2.9989543573e-001
      1982   3.0055780700e+000  -3.5362633408e-001
      1983  -2.1888959638e-001   2.9841258289e+000
      1984  -5.9062215850e-002   2.9272537706e+000
      1985   2.6247957821e+000   1.8831775512e+000
      1986   2.4664772803e+000   1.9021768553e+000
      1987   2.6752697426e+000   1.7333899000e+000
      1988   2.7088644413e+000   1.5856216848e+000
      1989   2.7252501780e+000   1.4428040720e+000
      1990   2.7233369410e+000   1.3074163988e+000
      1991   2.7895040148e+000   1.0965929933e+000
      1992   3.4231574458e+000   4.6954612225e-001
      1993   3.2794025794e+000   5.3538653340e-001
      1994   3.4260118060e+000   3.0392793465e-001
      1995   3.4136597081e+000   1.3932278604e-001
      1996   3.1115256156e+000   7.3275375122e-001
      1997   2.9778141949e+000   7.6078576761e-001
      1998   2.7508419306e+000  -9.5275008063e-001
      1999   2.6920237158e+000  -8.4273030268e-001
      2000   1.6009027256e+000  -2.6410087491e+000
      2001  -2.5016718518e+000   1.2909480384e+000
      2002  -2.4671459967e+000   1.1356767430e+000
      2003   2.0018170916e+000   2.1246856164e+000
      2004   1.8672184973e+000   2.0916401620e+000
      2005   1.7417600172e+000   2.0530392454e+000
      2006  -2.8038737793e+000  -3.8482043631e-001
      2007   3.4324866717e-001   2.8259256525e+000
      2008  -1.9335143446e+000   2.2684913634e+000
      2009  -1.2743909659e+000   2.5592999483e+000
      2010  -2.4776884208e+000  -1.1771904728e+000
      2011   3.2287449176e+000  -5.2782274596e-002
      2012   3.1370414581e+000  -1.5978515515e-001
      2013  -6.9403837577e-001   2.7166887322e+000
      2014  -7.9734187111e-001   2.6264779890e+000
      2015  -8.3542977941e-001  -2.5675557883e+000
      2016  -9.7033663655e-001  -2.4790686062e+000
      2017  -2.4616281860e+000   7.6581989566e-001
      2018  -2.4174331030e+000   9.5025864678e-001
      2019  -2.7273836434e+000  -9.8320774252e-002
      2020  -2.6875600782e+000  -2.6357223467e-001
      2021   2.8068298265e+000   8.8512626133e-001
      2022   2.7399347110e+000   9.7675804358e-001
      2023   1.6360725070e+000  -2.3840438909e+000
      2024   1.7152111799e+000  -2.2659937260e+000
      2025   2.6828044977e+000  -6.3833930586e-001
      2026   2.6307425594e+000  -7.4048107467e-001
      2027   3.9840802176e-002  -2.8802688776e+000
      2028  -1.3139424766e-001  -2.8816037651e+000
      2029   1.5264950283e+000   2.0790777377e+000
      2030   1.4224366528e+000   2.1405674404e+000
      2031  -2.7496926207e+000  -5.1741304421e-001
      2032   2.7015280140e+000   1.1804142008e+000
      2033  -2.4004356749e+000   1.4185693224e+000
      2034  -2.6357972657e+000  -7.5227384915e-001
      2035   1.5002986396e+000  -2.7381662321e+000
      2036  -3.3032717307e-001   2.8641375896e+000
      2037   2.6759196315e+000  -1.0514921318e+000
      2038   4.4830514329e-001   2.7210468452e+000
      2039   3.1408976813e+000   5.8686967845e-001
      2040   6.7989353646e-001   2.6393775005e+000
      2041  -5.6137232948e-001   2.7281187107e+000
      2042   3.0096673789e+000   6.2847339288e-001
      2043   8.8644532504e-001   2.5274807322e+000
      2044   3.2826807357e+000   8.3346061557e-002
      2045  -2.6389295101e+000  -4.2224269154e-001
      2046   2.3161495579e+000   1.9088125657e+000
      2047  -1.7555514897e+000   2.3469186944e+000
      2048  -1.5759399261e+000   2.4142356115e+000
      2049  -1.4158899306e+000   2.4510564792e+000
      2050  -2.2875380130e+000   1.7167026738e+000
      2051   2.2535818965e+000  -1.9601562582e+000
      2052   2.6767970193e+000  -1.5154442828e+000
      2053   1.2834854353e+000  -2.9016315556e+000
      2054  -3.0511341042e-001  -2.8697897960e+000
      2055  -1.7828579641e-001   2.8269472992e+000
      2056  -2.7764011855e+000   2.4684551409e-001
      2057  -2.6377017548e+000   3.4572433029e-001
      2058   3.0214387807e+000  -2.2691262833e-001
      2059   2.8552973750e+000   7.7939745737e-001
      2060   2.6648636788e+000   1.0622756749e+000
      2061   8.1670804321e-002   2.8557115780e+000
      2062   2.0372803377e-001   2.7702960447e+000
      2063  -1.2431783648e+000  -2.4234639812e+000
      2064  -1.0915786993e+000  -2.3748234964e+000
      2065  -2.4901660691e+000  -1.0071542166e+000
      2066   2.6606715534e+000  -1.3819137733e+000
      2067   2.6338774734e+000  -1.2574042962e+000
      2068  -1.9676692318e+000  -2.1704791492e+000
      2069   2.7266964247e+000  -5.3116270181e-001
      2070  -2.4050192778e+000  -1.5219312500e+000
      2071  -2.2557235029e+000  -1.6096481671e+000
      2072  -2.7547247175e+000   7.1271605748e-002
      2073   2.5246471349e+000   1.7649522492e+000
      2074   2.5676409288e+000   1.6284753483e+000
      2075   2.5959955089e+000   1.4954232167e+000
      2076   2.6101285889e+000   1.3684638747e+000
      2077   1.6250339231e+000   2.0097043560e+000
      2078   1.5479955384e+000  -2.5001885838e+000
      2079  -2.1564619395e+000  -1.9187632927e+000
      2080  -2.4872248986e+000   5.9466434395e-001
      2081  -2.1301796054e+000   1.8227206587e+000
      2082   3.2924312977e+000   3.8103749995e-001
      2083   3.2973004447e+000   2.3197110234e-001
      2084   2.5525096235e+000  -1.7245825525e+000
      2085   2.6252500612e+000  -9.4113614806e-001
      2086   2.5717682031e+000  -8.3742877564e-001
      2087   2.4194756052e+000  -1.7798453931e+000
      2088   2.0942650293e+000   2.0175802420e+000
      2089   8.0488170951e-001  -2.9755091601e+000
      2090  -1.9567367054e+000   2.0892933929e+000
      2091  -1.0789142124e+000   2.5528886557e+000
      2092  -9.1471807989e-001   2.5187222618e+000
      2093   4.9429628496e-001  -2.9415618032e+000
      2094   2.0801051829e-001  -2.8630725168e+000
      2095  -6.8777960894e-001  -2.6362684006e+000
      2096  -5.3226618877e-001  -2.6870733195e+000
      2097   1.3012944017e+000   2.3168303669e+000
      2098   1.3144860366e+000   2.1934587640e+000
      2099   1.1812288656e+000   2.3582321452e+000
      2100   1.0588883952e+000   2.3886018095e+000
      2101   2.8804998342e+000  -3.9118527712e-001
      2102   1.9600743833e+000   1.9958613482e+000
      2103   1.8344096961e+000   1.9679207045e+000
      2104   2.0643787648e+000  -2.1222966868e+000
      2105   1.9229974357e+000  -2.1388367555e+000
      2106   1.7852568710e+000  -2.1476760742e+000
      2107  -1.6973228975e+000  -2.3438415584e+000
      2108  -1.5217984829e+000  -2.3242101568e+000
      2109  -2.3314901389e+000  -1.2546561300e+000
      2110  -2.2963626917e+000  -1.4227298467e+000
      2111  -6.3335848844e-001   2.5784670251e+000
      2112  -2.3456491584e+000   1.2555895298e+000
      2113   3.0859319863e+000  -3.3490706643e-002
      2114   3.1462905174e+000   7.3873958036e-002
      2115   2.6884485041e+000   8.6348170634e-001
      2116   2.6210096279e+000   9.4989642653e-001
      2117  -2.3011080488e+000   8.0720605263e-001
      2118  -2.3384141647e+000   6.5174768299e-001
      2119   1.5781368244e+000  -2.2603053121e+000
      2120   1.4964991349e+000  -2.3697747379e+000
      2121  -8.3972113829e-001  -2.4146190026e+000
      2122  -7.0982038448e-001  -2.4815152559e+000
      2123  -2.5742975164e+000  -1.4834269337e-001
      2124  -2.6048517361e+000   1.2454204841e-002
      2125   2.5676697140e+000  -6.4563377689e-001
      2126   2.6122381384e+000  -5.4645281586e-001
      2127   1.4209857077e+000   2.0235009493e+000
      2128   1.3214843792e+000   2.0767593716e+000
      2129  -5.1288852472e-002  -2.7467161903e+000
      2130  -2.1153591783e-001  -2.7401438444e+000
      2131   9.9535847317e-001  -5.0588388295e-001
      2132   1.0028600288e+000   5.4877447928e-001
      2133  -2.3999783176e-002   5.3413715198e-001
      2134   1.0667921110e+000  -4.8960291995e-001
      2135   9.3430091441e-001  -5.5086481490e-001
      2136  -2.1708252419e-001  -3.5736086998e-001
      2137   1.5281163429e+000   3.8689727516e-002
      2138  -3.8611932298e-001   6.6036847039e-002
      2139   1.3568436826e+000  -3.7805825467e-001
      2140  -7.8778961476e-002   4.7249468910e-001
      2141   1.1782777621e+000  -4.4301770097e-001
      2142   1.1408049465e+000  -4.7194935426e-001
      2143   1.3959723336e+000  -2.9001893544e-001
      2144   1.4445938829e+000  -2.5943351548e-001
      2145   1.1002785002e+000   4.7174697685e-001
      2146   1.0760234158e+000   5.1498579820e-001
      2147   1.1815931554e+000   4.4848749887e-001
      2148   1.3524273271e+000   2.0605919891e-001
      2149   1.3716073868e+000   2.5906023544e-001
      2150   1.2259567864e+000  -4.6884362981e-001
      2151   1.3905185894e+000   1.6885849054e-001
      2152   1.4211621520e+000   1.3464883604e-001
      2153   1.4701209176e+000   1.2222799625e-001
      2154  -2.3099087389e-003  -5.3914125853e-001
      2155   1.3478286245e+000   3.5201582378e-001
      2156  -3.3971679410e-001  -1.4151893024e-001
      2157  -3.8986872036e-001  -1.1007849317e-001
      2158   1.4882212130e+000  -1.7048341400e-001
      2159   1.5402291866e+000  -1.3971807983e-001
      2160  -7.4127386579e-002  -4.8297733577e-001
      2161  -1.2767151264e-001  -4.8119799867e-001
      2162   1.2333107926e+000   4.6580526122e-001
      2163  -1.9752621219e-001   3.7126496342e-001
      2164  -2.5075791443e-001  -2.6688514636e-001
      2165  -2.4199662218e-001   2.7978008857e-001
      2166  -2.8704794187e-001   1.8732284030e-001
      2167  -3.3727327248e-001   1.5588565573e-001
      2168  -2.9768355087e-001  -2.3252989136e-001
      2169  -1.9650520504e-001  -4.3930531127e-001
      2170  -2.3145127008e-001  -4.1077192186e-001
      2171   1.5877646964e+000  -4.9461051959e-002
      2172   1.5856033320e+000   1.0325469749e-002
      2173  -4.3859025329e-001  -2.1776694205e-002
      2174  -4.3904867660e-001   3.6702274401e-002
      2175   1.3185728074e+000  -4.6547683930e-001
      2176   1.3640181971e+000  -4.3602203211e-001
      2177  -1.5946988728e-001   4.5910127365e-001
      2178  -2.0531080732e-001   4.2995415776e-001
      2179   8.0881912678e-001  -5.9753579273e-001
      2180   8.6138534820e-001  -5.9888729516e-001
      2181   7.5634427972e-001  -5.9620128737e-001
      2182   7.0370072693e-001  -5.9504350606e-001
      2183   6.5099950059e-001  -5.9429140246e-001
      2184   5.9832232814e-001  -5.9402668232e-001
      2185   5.4579406667e-001  -5.9428556706e-001
      2186   4.9348606159e-001  -5.9495646742e-001
      2187   4.4142456561e-001  -5.9589393232e-001
      2188   3.8957483129e-001  -5.9688264987e-001
      2189   3.3760171362e-001  -5.9777014189e-001
      2190   2.8525616295e-001  -5.9835533914e-001
      2191   2.3244292364e-001  -5.9839296398e-001
      2192   1.7906017197e-001  -5.9776949626e-001
      2193   1.2506491449e-001  -5.9636693410e-001
      2194   7.0472819785e-002  -5.9411460504e-001
      2195   8.8230370899e-001   5.8786411302e-001
      2196   9.3202240788e-001   5.9030382831e-001
      2197   8.3319119001e-001   5.8644226733e-001
      2198   7.8415895132e-001   5.8757961618e-001
      2199   7.3487486824e-001   5.8999814077e-001
      2200   6.8478148146e-001   5.9207593237e-001
      2201   6.3413782074e-001   5.9367169911e-001
      2202   5.8319728514e-001   5.9493484460e-001
      2203   5.3208453855e-001   5.9608065617e-001
      2204   4.8078123687e-001   5.9733693871e-001
      2205   4.2923022361e-001   5.9888119994e-001
      2206   3.7723848718e-001   6.0037522262e-001
      2207   3.2363405780e-001   6.0105210429e-001
      2208   2.6387616578e-001   6.0064009147e-001
      2209   1.5833710355e-001   6.1826569590e-001
      2210   2.1148462440e-001   6.3327100779e-001
      2211   1.0172718788e-001   6.0883316265e-001
      2212   4.5040185599e-002   5.9954755055e-001
      2213   1.3263896264e+000   4.4584543662e-001
      2214   1.2871273949e+000   4.8407539770e-001
      2215   3.1887741664e+000   1.7783109605e-001
      2216   1.3439107981e+000  -2.7380986121e+000
      2217   2.5565943626e+000  -1.5853772723e+000
      2218  -2.6208869629e+000  -5.8363694797e-001
      2219   2.8855600832e+000   6.6260407860e-001
      2220   2.2866085508e+000  -1.8256250461e+000
      2221   7.5090858127e-001   2.5226212234e+000
      2222   5.3945871451e-001   2.6136413276e+000
      2223  -2.2653135788e+000   1.5410354579e+000
      2224  -2.2293863519e+000   1.3761039889e+000
      2225   2.4337238040e+000  -1.6441705806e+000
      2226  -4.1635285257e-001   2.7379976665e+000
      2227   2.9038857037e+000  -2.7005659680e-001
      2228   9.3464847208e-001   2.4056199270e+000
      2229  -2.4928763030e+000  -8.3802527809e-001
      2230   2.1745271799e+000   1.9056225748e+000
      2231   2.3799799108e+000   1.7827965061e+000
      2232  -3.7227047789e-001  -2.7207041516e+000
      2233   2.4301615108e+000   1.6561675712e+000
      2234   2.4674367804e+000   1.5312412246e+000
      2235  -2.7558917470e-001   2.7203786998e+000
      2236   2.7510351637e+000   7.9107228901e-001
      2237  -2.0051207417e+000  -1.9960870022e+000
      2238   2.6095407450e+000   1.2496523312e+000
      2239   2.5836415024e+000   1.1371192286e+000
      2240   2.5491830384e+000   1.0315481912e+000
      2241  -7.6251610226e-001   2.4805025384e+000
      2242   2.5962034564e+000  -1.1418367354e+000
      2243   3.0208159966e+000  -1.1549283926e-001
      2244  -5.7015588319e-001  -2.5357618377e+000
      2245   2.1146355007e+000  -1.9914248922e+000
      2246  -2.4976403907e+000   4.2959531360e-001
      2247   2.4929230500e+000   1.4104973124e+000
      2248   1.5165766021e+000   1.9624929338e+000
      2249   2.7622638849e+000  -4.2047161167e-001
      2250   2.6493279802e+000  -4.4372804533e-001
      2251   6.5431397472e-001  -2.8835378838e+000
      2252  -2.3584915133e+000   4.9758114418e-001
      2253  -2.5304415617e+000  -3.0960012657e-001
      2254   3.1703974577e+000   2.9843048741e-001
      2255   3.1585774012e+000   4.4037119614e-001
      2256   3.0309421884e+000   4.9112959508e-001
      2257  -1.3579571239e+000  -2.2963167307e+000
      2258  -1.2028166441e+000  -2.2621471996e+000
      2259  -1.7908509029e+000  -2.1942751999e+000
      2260  -9.5314386944e-001  -2.3228118467e+000
      2261   1.4506536007e+000  -2.6121526453e+000
      2262   1.4072303723e+000  -2.4766610285e+000
      2263   1.0720364369e-001  -2.7396471838e+000
      2264  -2.6254085370e+000   1.7658283174e-001
      2265  -2.1318113626e+000  -1.7487192327e+000
      2266  -4.2479104286e-002   2.7780328911e+000
      2267   7.6125605518e-002   2.7099427699e+000
      2268   2.5527017227e+000  -1.0331044220e+000
      2269   2.5067975386e+000  -9.2911309459e-001
      2270   2.5524393957e+000  -1.4544414233e+000
      2271   2.5423806739e+000  -1.3343961685e+000
      2272  -1.9724792299e+000   1.9157702296e+000
      2273   2.0418967133e+000   1.8945728896e+000
      2274  -2.2994852497e+000   1.0954744160e+000
      2275  -2.2326374377e+000   9.4933427955e-001
      2276   3.6972318630e-001  -2.8312697065e+000
      2277   3.1021128157e-001   2.6764050476e+000
      2278   1.1073752739e+000  -2.9163919008e+000
      2279   9.4442398478e-001  -2.8856477821e+000
      2280   1.6514071865e+000  -2.1495059270e+000
      2281  -2.1231562505e+000   1.6506527191e+000
      2282  -1.6218432554e+000  -2.1825794751e+000
      2283  -1.7873433855e+000   2.1681477874e+000
      2284   2.5158981002e+000  -7.4030137632e-001
      2285   1.2038546078e+000   2.2370523522e+000
      2286   1.2194269597e+000   2.1219538304e+000
      2287   1.0908282879e+000   2.2703572960e+000
      2288   1.7166802322e+000   1.9342711880e+000
      2289  -1.6165181994e+000   2.2360838181e+000
      2290  -1.4467927152e+000   2.2907133826e+000
      2291  -1.2893211680e+000   2.3597873076e+000
      2292  -1.1619971602e+000   2.4283805468e+000
      2293  -1.0206109731e+000   2.3989673960e+000
      2294   1.9175186396e+000   1.8770012494e+000
      2295   1.9790254586e+000  -2.0145892272e+000
      2296   1.8462587200e+000  -2.0302047685e+000
      2297  -2.3461448576e+000  -1.0859870986e+000
      2298  -4.7643912418e-001   2.6008477271e+000
      2299   2.5032548733e+000  -5.5766314903e-001
      2300   2.5413421894e+000  -4.6202568741e-001
      2301  -2.1776711849e+000  -1.3140404948e+000
      2302  -2.2053777523e+000  -1.1556546390e+000
      2303   3.0316926872e+000   7.1694434908e-002
      2304   2.9460490154e+000  -1.5375125381e-002
      2305  -2.1946941495e+000   6.8899772581e-001
      2306  -2.1464561954e+000   8.2198269188e-001
      2307   2.5759695904e+000   8.3968969032e-001
      2308   2.6478958402e+000   7.3919246095e-001
      2309  -7.2590678042e-001  -2.3366422693e+000
      2310  -5.9902339341e-001  -2.3925667097e+000
      2311   1.4461476650e+000  -2.2484603414e+000
      2312   1.5219210921e+000  -2.1450997103e+000
      2313  -2.4619434757e+000  -4.1426931617e-002
      2314  -2.4834657687e+000   1.1166329492e-001
      2315   1.3233696907e+000   1.9663021719e+000
      2316   1.4157301063e+000   1.9124067743e+000
      2317  -1.2821296855e-001  -2.6160912374e+000
      2318  -2.7705258041e-001  -2.6021373162e+000
      2319   2.5151521358e+000  -1.2232355039e+000
      2320   2.7670020639e+000   6.9295511144e-001
      2321   2.9191836628e+000  -1.4743864278e-001
      2322  -2.4841896526e+000  -6.6661923796e-001
      2323   6.1787687683e-001   2.5054439428e+000
      2324   2.4754954215e+000  -1.1194816763e+000
      2325   1.7853023432e-001   2.6255191932e+000
      2326   3.0580864534e+000   1.9842352979e-001
      2327  -2.2223656004e+000   5.4928356505e-001
      2328  -1.0561127370e+000  -2.2192005696e+000
      2329  -1.4484258167e-001   2.6800235309e+000
      2330  -3.2309101866e-002   2.6524492685e+000
      2331   2.4364305619e+000  -1.0161755708e+000
      2332  -2.3540572157e+000  -9.2216342503e-001
      2333  -1.8498929541e+000  -2.0375894088e+000
      2334  -3.5446876218e-001   2.6232484419e+000
      2335   2.3099417081e+000  -1.6943633835e+000
      2336  -8.6670958558e-001   2.3730690838e+000
      2337   4.0498782618e-001   2.5785648713e+000
      2338   1.8003885503e+000   1.8533840235e+000
      2339   2.5082593068e+000   1.2972684483e+000
      2340   2.4582538639e+000  -8.3051027259e-001
      2341  -1.7087790475e+000  -2.0677656264e+000
      2342   1.1812185537e+000  -2.7786519001e+000
      2343   8.0940326392e-001   2.4080881605e+000
      2344   2.5159945367e+000   1.2000331050e+000
      2345   2.4605334154e+000   1.1067144167e+000
      2346  -8.3640277166e-001  -2.2846497214e+000
      2347  -2.4298814096e+000  -1.9145106967e-001
      2348   2.5082318963e+000   9.2611762701e-001
      2349   9.7537448528e-001   2.2911931977e+000
      2350  -2.1036291798e+000   1.4868323073e+000
      2351  -2.0256611144e+000  -1.8483239896e+000
      2352   1.3628372721e+000  -2.3499090562e+000
      2353   2.9096920120e+000   5.3818559507e-001
      2354  -2.4953646162e+000   2.6843432332e-001
      2355  -2.3656704784e+000   3.4622581541e-001
      2356   2.0494057156e-002  -2.6174040092e+000
      2357   2.4581759407e+000  -6.4973266465e-001
      2358   7.9992858551e-001  -2.8128178683e+000
      2359   1.0476466018e+000  -2.7927310339e+000
      2360   1.3125199292e+000  -2.5807950161e+000
      2361   3.0425411057e+000   3.4860294389e-001
      2362   2.1550537156e+000  -1.8628719487e+000
      2363   2.0257321431e+000  -1.8921026870e+000
      2364   1.6066851566e+000   1.8953859351e+000
      2365   1.5039897835e+000   1.8523289471e+000
      2366  -4.2463794841e-001  -2.5756336117e+000
      2367  -4.6595267553e-001  -2.4365121705e+000
      2368   2.7894620304e+000  -3.0705871486e-001
      2369   2.6789235104e+000  -3.3814300237e-001
      2370   2.5725799298e+000  -3.6358805227e-001
      2371  -1.9782163894e+000   1.7477257805e+000
      2372  -2.4705202542e+000  -4.8246357664e-001
      2373   2.4393515130e+000  -1.5141700438e+000
      2374   2.4385117769e+000  -1.3920749199e+000
      2375  -2.2195636612e+000  -9.9904340631e-001
      2376  -1.8133448896e+000   1.9974842941e+000
      2377   5.2333002367e-001  -2.7866180207e+000
      2378   2.2423409819e+000   1.7898889652e+000
      2379   2.1123353665e+000   1.7886187736e+000
      2380   2.2978237396e+000   1.6722547038e+000
      2381   2.3417388482e+000   1.5546389413e+000
      2382   2.3753520457e+000   1.4387883945e+000
      2383   1.9901174787e+000   1.7807050801e+000
      2384   2.6104232628e-001  -2.7192401384e+000
      2385   1.1154291714e+000   2.1583297863e+000
      2386  -2.1871090600e+000   1.2198889982e+000
      2387  -2.1375740417e+000   1.0750198814e+000
      2388  -2.0757526195e+000   9.4371744314e-001
      2389   1.2285823409e+000   2.0125670301e+000
      2390  -1.6518583964e+000   2.0679168715e+000
      2391  -1.4860038535e+000   2.1263898190e+000
      2392  -2.1358976989e+000  -1.4740873026e+000
      2393  -2.0881659650e+000  -1.6134001238e+000
      2394  -1.4631945743e+000  -2.1594958882e+000
      2395  -1.3061605534e+000  -2.1433366295e+000
      2396   1.7163927241e+000  -2.0387858231e+000
      2397   1.5899819971e+000  -2.0410052828e+000
      2398   1.8985550510e+000  -1.9138575058e+000
      2399  -1.3069970148e+000   2.1764635063e+000
      2400  -1.1373799971e+000   2.2706231657e+000
      2401   2.9322513550e+000   1.2746046325e-001
      2402  -2.0591232769e+000   7.1122146423e-001
      2403  -2.0915642263e+000   5.8690166689e-001
      2404  -6.3795283470e-001   2.4361059137e+000
      2405  -5.1545090022e-001   2.4628436435e+000
      2406   2.4382950676e+000  -4.7624175489e-001
      2407   2.3992711842e+000  -5.6543975488e-001
      2408  -6.2322130689e-001  -2.2574450976e+000
      2409  -7.5154934692e-001  -2.1916497972e+000
      2410   2.5225186953e+000   7.3865884817e-001
      2411   2.4638563151e+000   8.2882175040e-001
      2412  -2.0667055761e+000  -1.2126985138e+000
      2413  -2.0282417091e+000  -1.3630850443e+000
      2414   1.3214568361e+000   1.8606396300e+000
      2415   1.4077195925e+000   1.8065832070e+000
      2416  -2.3490724708e+000   5.2052849417e-002
      2417  -2.3261347271e+000  -8.9739385311e-002
      2418   1.3972117653e+000  -2.1352318357e+000
      2419   1.4676937064e+000  -2.0376549969e+000
      2420  -1.9217051404e-001  -2.4883499673e+000
      2421  -3.2969400678e-001  -2.4680170362e+000
      2422   9.1398788367e-001  -5.9946707036e-001
      2423   9.8507901499e-001  -5.4903756006e-001
      2424   1.5388218020e-002  -5.9098993869e-001
      2425   9.8125094442e-001   5.9194436318e-001
      2426  -7.6664453246e-002   5.2116290147e-001
      2427  -2.6092432934e-001  -3.2328896717e-001
      2428  -2.7266134997e-001  -3.7884789763e-001
      2429  -1.2141672918e-001   4.9474968921e-001
      2430   1.4144689135e+000   2.1993541806e-001
      2431   1.1849161201e+000  -4.9866223751e-001
      2432   1.5261912635e+000   1.0044453433e-001
      2433   1.5842217472e+000   7.1275440459e-002
      2434   1.0380276951e+000  -5.3542601527e-001
      2435   1.4518763462e+000   1.7603891170e-001
      2436  -1.8640226192e-001  -4.8834821622e-001
      2437   1.0533957243e+000   5.5902824161e-001
      2438   1.4948675195e+000  -2.2896356506e-001
      2439   1.5468147733e+000  -1.9868832389e-001
      2440   1.1478343699e+000   4.8422459684e-001
      2441   1.1177342184e+000   5.1585736580e-001
      2442   1.1959941387e+000   5.0237475676e-001
      2443   1.2475714346e+000   5.2149900783e-001
      2444   1.5928198640e+000  -1.0897300404e-001
      2445  -4.4083589101e-001  -7.9952675283e-002
      2446   1.3657589025e+000   4.0733555864e-001
      2447   1.1080733097e+000  -4.9575659690e-001
      2448  -3.8847991100e-001   1.2540538583e-001
      2449  -4.4072439078e-001   9.5632324952e-002
      2450  -3.0622766260e-001  -2.8953339867e-001
      2451  -1.1636687991e-002   5.8918117723e-001
      2452   1.4035198780e+000  -3.4790203091e-001
      2453   1.4107026737e+000  -4.0619992201e-001
      2454   1.4515282049e+000  -3.1760648864e-001
      2455   1.3882146218e+000   3.1344804452e-001
      2456  -5.6106155792e-002  -5.3453995783e-001
      2457  -1.0780805471e-001  -5.2933371262e-001
      2458   1.2747954098e+000  -4.9572763637e-001
      2459  -2.4744838368e-001   3.4019691010e-001
      2460  -2.5446590010e-001   4.0186511819e-001
      2461  -2.9161956630e-001   2.4755549799e-001
      2462  -3.4142972955e-001   2.1574433298e-001
      2463  -3.4513273063e-001  -1.9915907334e-001
      2464  -3.9402487338e-001  -1.6733150889e-001
      2465  -2.3842530478e-001  -4.6526537129e-001
      2466  -2.0731261413e-001   4.8131401754e-001
      2467  -1.7218740832e-001   5.1495635543e-001
      2468   2.5364020624e-001   6.5454953240e-001
      2469   2.9905006204e-001   6.5138802003e-001
      2470   3.5152482502e-001   6.5133381279e-001
      2471   4.0427408175e-001   6.4930056654e-001
      2472   4.5683603169e-001   6.4685627039e-001
      2473   5.0899848189e-001   6.4530792101e-001
      2474   5.6091341638e-001   6.4418840689e-001
      2475   6.1273477849e-001   6.4304995983e-001
      2476   6.6443278548e-001   6.4154510494e-001
      2477   7.1570639222e-001   6.3937880945e-001
      2478   7.6586576522e-001   6.3622533608e-001
      2479   8.1357375986e-001   6.3177233793e-001
      2480   8.6132088251e-001   6.3166303266e-001
      2481   9.1031958283e-001   6.3563388781e-001
      2482   1.7034167452e-001   6.7776349126e-001
      2483   1.1619207856e-001   6.6613560491e-001
      2484   5.9916950003e-002   6.5609233799e-001
      2485   1.6432673900e+000  -1.9551725753e-002
      2486   1.6446783804e+000  -7.8262470571e-002
      2487   3.5896131659e-001  -6.4667014815e-001
      2488   4.1159681664e-001  -6.4580281269e-001
      2489   4.6431919905e-001  -6.4490493113e-001
      2490   5.1734178715e-001  -6.4417959020e-001
      2491   5.7061800391e-001  -6.4383079800e-001
      2492   6.2411288594e-001  -6.4400676648e-001
      2493   6.7768549771e-001  -6.4471476106e-001
      2494   7.3129182500e-001  -6.4589475674e-001
      2495   3.0611885772e-001  -6.4743162204e-001
      2496   2.5285063136e-001  -6.4771148454e-001
      2497   1.9906694647e-001  -6.4744392527e-001
      2498   1.4469109393e-001  -6.4656673544e-001
      2499   8.9661405021e-002  -6.4505045568e-001
      2500   7.8486250055e-001  -6.4729427681e-001
      2501   8.3846963068e-001  -6.4859666021e-001
      2502  -4.9237868338e-001   7.0942717409e-003
      2503  -4.9134150561e-001  -5.0372896101e-002
      2504   1.3698714383e+000  -4.9500018512e-001
      2505   1.3241402138e+000  -5.2281312270e-001
      2506   1.3432173166e+000   5.0262158680e-001
      2507   1.3841226169e+000   4.6344618058e-001
      2508   2.3247122250e+000  -1.5667371769e+000
      2509   1.2168028548e+000  -2.6609437708e+000
      2510   1.0729612943e+000  -2.6568053477e+000
      2511  -2.0738677658e+000   1.3318984814e+000
      2512   9.3169787325e-001  -2.7323366972e+000
      2513  -1.1596699727e+000  -2.1143381758e+000
      2514  -2.3964161391e-001   2.5794556786e+000
      2515   2.4007486451e+000   1.3260427121e+000
      2516   2.4227957174e+000   1.2166898249e+000
      2517   4.9471184082e-002   2.5730490242e+000
      2518  -1.9566007202e+000  -1.7113451483e+000
      2519   8.5857938426e-001   2.2981118163e+000
      2520  -9.5991167455e-002   2.5341711282e+000
      2521  -2.2369615536e+000   4.0914477942e-001
      2522  -2.1107414442e+000   4.5863898179e-001
      2523  -9.0859387290e-001  -2.1717925030e+000
      2524   2.3956282959e+000  -9.1623821445e-001
      2525  -7.2014743968e-001   2.3411751291e+000
      2526  -1.9683495798e+000  -1.5236852961e+000
      2527   2.3322336145e+000  -1.4414664221e+000
      2528   2.9249361291e+000   4.0806223382e-001
      2529   1.1321950336e+000   2.0513500302e+000
      2530  -1.8853292892e+000  -1.8751793122e+000
      2531  -1.7287597587e+000  -1.9246750332e+000
      2532   2.7538197037e-001   2.5365294151e+000
      2533   6.8473436085e-001   2.3980228807e+000
      2534   4.8877000855e-001   2.4788027009e+000
      2535   2.4531795062e+000   1.0011654165e+000
      2536   2.3892307872e+000   9.1443970513e-001
      2537  -2.0356922831e+000   1.1871699449e+000
      2538  -1.9889923159e+000   1.0536146085e+000
      2539   2.8093998410e+000  -1.9086786491e-001
      2540   2.7015812606e+000  -2.2989416899e-001
      2541   1.7733159368e+000  -1.9286038044e+000
      2542   2.4707274022e+000  -3.8420643728e-001
      2543   2.5972811436e+000  -2.6255903489e-001
      2544   2.7928929060e+000   5.7911273162e-001
      2545   1.3195926372e+000  -2.2311577457e+000
      2546   6.6751290991e-001  -2.7303096357e+000
      2547  -2.3517809383e+000  -7.6035790066e-001
      2548  -2.2233276551e+000  -8.4545315676e-001
      2549   2.4430442425e+000  -1.2926616389e+000
      2550   2.3962291107e+000  -1.2043207385e+000
      2551   2.3600302542e+000  -1.1006415413e+000
      2552   2.1862361719e+000  -1.7367548435e+000
      2553  -5.3341103174e-002  -2.4968919394e+000
      2554  -2.3619745552e+000   1.9717885742e-001
      2555   1.0093985137e+000   2.1840571705e+000
      2556   1.2326818011e+000   1.9080111023e+000
      2557  -4.9829063927e-001  -2.3044669573e+000
      2558   1.6619830677e-001  -2.6065460470e+000
      2559  -1.9726305745e+000   1.5864459529e+000
      2560   2.0636285953e+000  -1.7713760646e+000
      2561   1.9424766119e+000  -1.7986402112e+000
      2562  -9.6529587923e-001   2.2603504163e+000
      2563  -1.8311542909e+000   1.8331363253e+000
      2564  -2.3852302254e+000  -3.3594344919e-001
      2565  -2.2954569910e+000  -2.2395553081e-001
      2566  -1.6819511207e+000   1.9068103497e+000
      2567   4.0833809705e-001  -2.6862863064e+000
      2568  -2.0888495742e+000  -1.0653085154e+000
      2569   2.9226627179e+000   2.6698935950e-001
      2570  -1.5667255720e+000  -2.0064128784e+000
      2571  -1.3969559236e+000  -2.0148955403e+000
      2572   2.1715334754e+000   1.6795951315e+000
      2573   2.2201648386e+000   1.5692163435e+000
      2574   2.0519163893e+000   1.6802259631e+000
      2575   2.2594895498e+000   1.4589281523e+000
      2576  -2.0059288586e+000   8.2684940800e-001
      2577  -3.6409871482e-001   2.4903445034e+000
      2578  -1.5308842271e+000   1.9677010607e+000
      2579  -1.3790154101e+000   2.0134222031e+000
      2580   2.4071210128e+000  -7.3802295730e-001
      2581   2.3541507397e+000  -6.5153432854e-001
      2582   1.2725929636e+000  -2.4490242713e+000
      2583   1.8749177303e+000   1.7670957510e+000
      2584  -2.3382542177e+000  -6.0012151679e-001
      2585   2.8259075512e+000  -7.0892106841e-002
      2586   2.8305396183e+000   5.1779966382e-002
      2587   1.6902638070e+000   1.8234263832e+000
      2588   1.5870722038e+000   1.7874545584e+000
      2589   1.4901875530e+000   1.7474651427e+000
      2590   1.6506226135e+000  -1.9367781458e+000
      2591   1.5310461685e+000  -1.9391207676e+000
      2592  -1.1664020198e+000   2.1315830221e+000
      2593  -1.2364433382e+000   2.0263457900e+000
      2594   2.6788825711e+000   6.1630629151e-001
      2595   2.5678584475e+000   6.4009281468e-001
      2596  -5.6786689971e-001   2.3168568230e+000
      2597   2.4119649659e+000   7.3586598209e-001
      2598   2.4588698641e+000   6.4809926452e-001
      2599  -1.9692169624e+000   6.1533039428e-001
      2600  -1.9360672206e+000   7.2502584612e-001
      2601   2.3398975910e+000  -4.8703979419e-001
      2602   2.3734491592e+000  -4.0083196617e-001
      2603  -6.3051336186e-001  -2.1358840550e+000
      2604  -5.2099165098e-001  -2.1827937454e+000
      2605  -2.4489644265e-001  -2.3641927190e+000
      2606  -3.7235775452e-001  -2.3389352255e+000
      2607  -2.2214666729e+000  -2.9853037092e-003
      2608  -2.1970625927e+000  -1.3500584456e-001
      2609  -1.9329733473e+000  -1.2544541617e+000
      2610  -1.9625806816e+000  -1.1193371691e+000
      2611   1.3169780637e+000   1.7593461902e+000
      2612   1.2332115548e+000   1.8074830382e+000
      2613   1.3498394142e+000  -2.0296119409e+000
      2614   1.4153802812e+000  -1.9367882118e+000
      2615  -1.0391141925e+000   2.1428943306e+000
      2616   3.6371064741e-001   2.4449033346e+000
      2617   2.3510725271e+000  -8.2227688328e-001
      2618  -1.9347219069e+000   9.3152505340e-001
      2619   7.4195390688e-001   2.2929595681e+000
      2620   8.0181561720e-001  -2.6641090009e+000
      2621  -2.3015569297e+000  -4.5478455196e-001
      2622   2.3338816688e+000  -1.3102417206e+000
      2623  -2.2415783091e+000   2.6991886231e-001
      2624   1.4824195746e-001   2.4902660843e+000
      2625  -1.8755053478e+000   8.2179449244e-001
      2626   9.0090355550e-001   2.1951718326e+000
      2627   1.1751290784e+000  -2.5448343534e+000
      2628  -2.1216417878e+000   3.2944434989e-001
      2629  -1.9886692872e+000   4.9828354907e-001
      2630   2.1036340224e+000   1.5771485756e+000
      2631   2.1467209377e+000   1.4729352508e+000
      2632   2.2912733542e+000   1.3496946908e+000
      2633   2.3183840540e+000   1.2418994862e+000
      2634   2.3038051643e+000  -7.3426948339e-001
      2635   1.9390003571e+000   1.6755327925e+000
      2636   2.3287383082e+000  -9.9755824925e-001
      2637   2.8133431703e+000   4.6216447933e-001
      2638  -2.2161009947e+000  -6.9520236385e-001
      2639  -1.0239336577e+000  -2.0739319268e+000
      2640   1.7662637943e+000   1.7475406663e+000
      2641  -2.0985674439e+000  -9.2015864109e-001
      2642  -2.2364332477e+000   1.3186415311e-001
      2643  -1.8866049012e+000  -1.3860187442e+000
      2644   2.7044143161e+000   5.0332100404e-001
      2645   2.7183523211e+000  -1.1962061715e-001
      2646   2.6158393076e+000  -1.5963752135e-001
      2647  -1.2510618348e+000  -2.0086112931e+000
      2648  -4.0649276882e-001  -2.2146959760e+000
      2649   2.2090251659e+000  -1.6137573400e+000
      2650   2.2245198237e+000  -1.4944133656e+000
      2651   1.2774786147e+000  -2.1201005204e+000
      2652  -2.2597680969e+000  -3.3836639854e-001
      2653  -2.1692523502e+000  -2.6405934664e-001
      2654  -1.1556881473e-001  -2.3786912659e+000
      2655   2.0933822219e+000  -1.6530302958e+000
      2656  -4.2594460982e-001   2.3557737274e+000
      2657   2.3001864396e+000  -5.7065235625e-001
      2658   1.2351675006e+000  -2.3251086647e+000
      2659   8.4009818301e-002  -2.4943132886e+000
      2660   1.3983230930e+000   1.7054181040e+000
      2661   2.3703580017e+000   8.1367483435e-001
      2662   1.9785427971e+000  -1.6850684443e+000
      2663   2.3454479110e+000   1.1346767720e+000
      2664   2.3648755535e+000   1.0278411179e+000
      2665  -1.9559996396e+000   1.4329945044e+000
      2666  -1.9773805335e+000  -9.8395193755e-001
      2667   2.7278996837e+000  -9.2269573635e-003
      2668  -8.1539006052e-001   2.2393085954e+000
      2669  -1.8383477700e+000   1.6749528549e+000
      2670  -1.7016845992e+000   1.7521064909e+000
      2671  -1.5635878642e+000   1.8168003093e+000
      2672  -1.9295034667e+000   1.2883871216e+000
      2673  -1.8942888319e+000   1.1533930960e+000
      2674   5.4818444727e-001  -2.6420697083e+000
      2675   2.5984234175e+000   5.3519306759e-001
      2676   2.4953081717e+000   5.5513762784e-001
      2677  -1.7684869775e+000  -1.7525131177e+000
      2678   1.0348885831e+000   2.0817311387e+000
      2679   3.0719359560e-001  -2.5838714011e+000
      2680   5.6218952592e-001   2.3785526522e+000
      2681   2.8148390239e+000   1.7963160616e-001
      2682  -2.1914523956e-001   2.4478235169e+000
      2683  -1.1001284329e+000   2.0237264023e+000
      2684   1.1421113798e+000   1.9487497529e+000
      2685   1.1473659841e+000   1.8496936916e+000
      2686  -1.4254229286e+000   1.8668030272e+000
      2687  -1.2902324719e+000   1.8971222547e+000
      2688   2.4970709350e+000  -2.8959750370e-001
      2689   2.4010977236e+000  -3.1201197874e-001
      2690   1.8225687421e+000  -1.8189849515e+000
      2691   1.7042017995e+000  -1.8327363652e+000
      2692  -2.8782537147e-001  -2.2445309148e+000
      2693   1.6639711218e+000   1.7195436357e+000
      2694   1.5681589074e+000   1.6844993044e+000
      2695   1.5879190048e+000  -1.8402836485e+000
      2696   1.4743003110e+000  -1.8423188758e+000
      2697   2.2726147245e+000  -1.1869366477e+000
      2698  -6.7408816279e-001   2.2130431826e+000
      2699  -8.1677471441e-001  -2.0883864485e+000
      2700  -9.0580918337e-001  -2.0241595692e+000
      2701  -7.1483459469e-001  -2.0616017039e+000
      2702  -1.8582128875e+000   6.4115787677e-001
      2703  -1.8732857830e+000   5.3401732694e-001
      2704  -1.4586171192e+000  -1.8752971310e+000
      2705  -1.6065650274e+000  -1.8300543275e+000
      2706  -5.3975134689e-001  -2.0855108475e+000
      2707  -6.1055979823e-001  -2.0222720926e+000
      2708  -2.0997444414e+000  -5.3207716706e-002
      2709  -2.0735298595e+000  -1.7816890637e-001
      2710   2.3572805575e+000   6.5213055226e-001
      2711   2.3011106777e+000   7.3929397625e-001
      2712   2.2806514215e+000  -4.1409028195e-001
      2713   2.2459702440e+000  -4.9501395246e-001
      2714  -1.8431072841e+000  -1.1614379211e+000
      2715  -1.8601297805e+000  -1.0381082422e+000
      2716   1.2313492860e+000   1.7108068046e+000
      2717   1.1497431065e+000   1.7539637284e+000
      2718   1.3040511940e+000  -1.9308558196e+000
      2719   1.3645743945e+000  -1.8412504896e+000
      2720   1.0260085306e+000   5.9183850287e-001
      2721   1.1428829852e+000  -5.2585618582e-001
      2722   9.6697806478e-001  -5.9818745490e-001
      2723   1.1084765059e+000   5.6659072701e-001
      2724  -3.9920131085e-002  -5.8691553402e-001
      2725  -2.8277686750e-001  -4.3482113381e-001
      2726   9.6195624763e-001   6.3776845402e-001
      2727   2.2160532657e-001   6.9197622777e-001
      2728  -6.8992970507e-002   5.7644543991e-001
      2729   1.1571635116e+000   5.3697454592e-001
      2730   1.2069423442e+000   5.5740368193e-001
      2731  -9.4747522899e-002  -5.8132376976e-001
      2732   2.7340841841e-003   6.4575425836e-001
      2733   1.0944194997e+000  -5.3853955509e-001
      2734   1.2321921938e+000  -5.2598551753e-001
      2735   1.2813468936e+000  -5.5413188874e-001
      2736   1.6425763040e+000   4.1023506101e-002
      2737  -3.1646842643e-001  -3.4595597739e-001
      2738  -2.6164989517e-001   4.6964683805e-001
      2739   1.4324982735e+000   2.7474615410e-001
      2740   1.4833772112e+000   2.3257045708e-001
      2741   8.9223762297e-001  -6.4928596816e-001
      2742   1.5010901580e+000  -2.8739814970e-001
      2743   1.5525651906e+000  -2.5751561048e-001
      2744   1.4584119948e+000  -3.7610555586e-001
      2745   1.5999605432e+000  -1.6826163250e-001
      2746   1.6530163896e+000  -1.3714300639e-001
      2747  -3.9187399860e-001   1.8479173609e-001
      2748  -4.4332612439e-001   1.5468867167e-001
      2749  -1.5332292680e-001  -5.2361582866e-001
      2750   1.4049217257e+000   3.6872603648e-001
      2751   1.4242125944e+000   4.2397657680e-001
      2752  -4.4494481850e-001  -1.3733593671e-001
      2753  -4.9660606757e-001  -1.0810916503e-001
      2754  -4.9394151627e-001   6.5939985055e-002
      2755   1.4171073665e+000  -4.6540719184e-001
      2756   1.3019654148e+000   5.4112467998e-001
      2757   3.3911921989e-002  -6.4279460816e-001
      2758  -1.2935961171e-001   5.5782324885e-001
      2759   1.5198750064e+000   1.6816714039e-001
      2760   1.5827526496e+000   1.3340767366e-001
      2761  -2.9688734914e-001   3.0762904154e-001
      2762  -3.0341385657e-001   3.6790626039e-001
      2763  -3.4634315768e-001   2.7535331932e-001
      2764  -3.5199159621e-001  -2.5613123550e-001
      2765  -3.9853735857e-001  -2.2367571415e-001
      2766   2.7331221443e-001   7.0153480244e-001
      2767   3.2631474929e-001   7.0443387115e-001
      2768   3.7985279042e-001   7.0214538409e-001
      2769   4.3363604209e-001   6.9697628463e-001
      2770   4.8642511896e-001   6.9478357166e-001
      2771   5.3891246636e-001   6.9370791496e-001
      2772   5.9148311674e-001   6.9275653326e-001
      2773   6.4424189739e-001   6.9145433477e-001
      2774   6.9708316504e-001   6.8945782163e-001
      2775   7.4966883538e-001   6.8635812706e-001
      2776   8.0066032422e-001   6.8132011827e-001
      2777   8.4165895332e-001   6.7081715196e-001
      2778   8.8525226717e-001   6.8043827278e-001
      2779  -2.3238376631e-001   5.3212682330e-001
      2780  -2.4113514516e-001  -5.2123316807e-001
      2781  -1.9546376181e-001  -5.4952764645e-001
      2782   1.3114849984e-001   7.2469793648e-001
      2783   1.8582709113e-001   7.3641031820e-001
      2784   7.5270581438e-002   7.1395749662e-001
      2785   1.7007208346e+000  -5.1948116290e-002
      2786   1.7006916627e+000   9.1543514896e-003
      2787   8.1454571811e-001  -6.9894562280e-001
      2788   8.6929787334e-001  -6.9993268145e-001
      2789   7.5991872045e-001  -6.9751816516e-001
      2790   7.0534556270e-001  -6.9606050413e-001
      2791   6.5081465887e-001  -6.9489626744e-001
      2792   5.9636048725e-001  -6.9432722138e-001
      2793   5.4208865350e-001  -6.9436780734e-001
      2794   4.8809283898e-001  -6.9488444210e-001
      2795   4.3445220181e-001  -6.9564792364e-001
      2796   3.8108353335e-001  -6.9644547718e-001
      2797   3.2762376435e-001  -6.9712896427e-001
      2798   2.7385396743e-001  -6.9751276118e-001
      2799   2.1970790150e-001  -6.9738291164e-001
      2800   1.6502666653e-001  -6.9681048732e-001
      2801   1.0968896665e-001  -6.9589301341e-001
      2802  -5.4580933442e-001  -2.4637903912e-002
      2803  -5.4786290822e-001   3.5294210528e-002
      2804   1.4017194637e+000   5.2093663311e-001
      2805   1.3588779159e+000   5.6082769438e-001
      2806   1.3728355906e+000  -5.5581022158e-001
      2807   1.4219220624e+000  -5.2626979444e-001
      2808  -1.1592579689e+000   1.9098826167e+000
      2809   6.2628535567e-001   2.2790209512e+000
      2810   6.8017883805e-001  -2.5882296940e+000
      2811   4.4253407010e-001   2.3518190740e+000
      2812   2.4143789178e-001   2.4055498851e+000
      2813   2.6281807550e+000  -5.6344051882e-002
      2814   2.1827545216e+000   1.3685917063e+000
      2815   9.3754106642e-001   2.1014938225e+000
      2816  -4.3451656428e-001  -2.0892720974e+000
      2817  -3.2248983437e-001  -2.1312621852e+000
      2818  -3.1160598311e-001   2.3706322282e+000
      2819  -8.9966566641e-001   2.1330272139e+000
      2820  -9.7049052148e-001   2.0235707736e+000
      2821   2.5174981618e+000  -1.9282113657e-001
      2822   1.9927710383e+000   1.5799518173e+000
      2823   2.0380750622e+000   1.4820820784e+000
      2824   7.9179272447e-001   2.1921741425e+000
      2825  -2.0026319473e+000   3.7794527359e-001
      2826  -1.8838552929e+000   4.2106654875e-001
      2827   2.2134710657e+000   1.2647594842e+000
      2828   2.3955866397e+000   5.6552881586e-001
      2829  -1.8517624062e+000   1.0277317071e+000
      2830  -1.8050881890e+000   9.1045115462e-001
      2831   1.0506034638e+000   1.9825639002e+000
      2832   2.4231289562e+000  -2.2080009233e-001
      2833   2.8250418183e+000   3.4844885757e-001
      2834  -1.8311629527e+000   7.3174663345e-001
      2835  -1.8357865932e+000  -3.4742558462e-001
      2836  -2.1253874070e+000   2.0056996501e-001
      2837   1.8644031730e+000  -1.7104090832e+000
      2838  -1.6756514554e-001  -2.2634292114e+000
      2839  -7.6512697094e-001   2.1144137391e+000
      2840  -1.3178414214e+000  -1.8916362380e+000
      2841  -1.8022251330e+000  -1.2789928698e+000
      2842   2.2913044367e+000  -9.0218021607e-001
      2843   2.2493026387e+000  -8.1350616246e-001
      2844   1.1988054854e+000  -2.2086284841e+000
      2845   2.2551202474e+000  -6.5150479213e-001
      2846   2.2057757006e+000  -5.7358626664e-001
      2847   1.2365618397e+000  -2.0168004531e+000
      2848   1.3109665810e+000   1.6619300836e+000
      2849   2.2335080414e+000  -1.3800748505e+000
      2850   2.2298559199e+000  -1.2820485334e+000
      2851   2.1157969278e+000  -1.5378139503e+000
      2852  -2.1185904836e+000   7.2523228899e-002
      2853   1.3381817683e-002  -2.3831863141e+000
      2854   2.0073153774e+000  -1.5737851862e+000
      2855   1.8326324269e+000   1.6662259564e+000
      2856   1.7333962669e+000   1.6512974023e+000
      2857   9.2992236934e-001  -2.5918481969e+000
      2858   1.0433459483e+000  -2.5093887233e+000
      2859   2.1826711952e-001  -2.4807757836e+000
      2860  -1.8514775546e+000  -1.6213442462e+000
      2861  -1.8205218444e+000  -1.5006815327e+000
      2862   2.3094103206e+000  -3.3060167536e-001
      2863  -1.8343223606e+000   1.5237267463e+000
      2864   1.1434332412e+000  -2.4170092365e+000
      2865   2.2406349103e+000   1.1613624155e+000
      2866   2.2636506735e+000   1.0578839337e+000
      2867   2.2828070117e+000   9.5308451183e-001
      2868   2.2910829632e+000   8.4897500029e-001
      2869   4.4203816339e-001  -2.5501839601e+000
      2870  -1.7099426547e+000   1.6039621191e+000
      2871  -1.5839554494e+000   1.6728011243e+000
      2872  -1.4572534849e+000   1.7284035898e+000
      2873  -1.3311861714e+000   1.7682500608e+000
      2874  -1.8195482840e+000   1.3801278975e+000
      2875  -1.7950250845e+000   1.2447279600e+000
      2876   2.7225630193e+000   3.9252253777e-001
      2877   2.6210572351e+000   4.3196594167e-001
      2878   2.5227620862e+000   4.6037443375e-001
      2879  -1.1184218706e+000  -1.9749786600e+000
      2880  -9.9700182794e-001  -1.9322930733e+000
      2881   2.7271691693e+000   9.7699280120e-002
      2882   1.0598732863e+000   1.8860138526e+000
      2883   1.0661497692e+000   1.7917779077e+000
      2884   1.4766020591e+000   1.6471493704e+000
      2885  -2.1940306009e+000  -5.5018738282e-001
      2886  -2.1531225177e+000  -4.0537325506e-001
      2887   1.7511089625e+000  -1.7293286693e+000
      2888   1.6390661936e+000  -1.7420116792e+000
      2889   2.0027550335e-002   2.4433797337e+000
      2890  -1.0104329686e-001   2.3863952971e+000
      2891  -2.0980985184e+000  -7.7818566884e-001
      2892  -1.9824315503e+000  -8.4982144729e-001
      2893  -1.8688421351e+000  -9.1225037331e-001
      2894  -2.0503713871e+000  -3.0223333223e-001
      2895   1.6407464183e+000   1.6201478692e+000
      2896   2.2566716143e+000  -1.0727224046e+000
      2897  -7.9407887692e-001  -1.9790098613e+000
      2898  -6.8533146070e-001  -1.9468520034e+000
      2899   1.5283296208e+000  -1.7485248571e+000
      2900   1.4188917464e+000  -1.7491262589e+000
      2901  -5.0583199854e-001  -1.9952575867e+000
      2902   2.2722875379e+000   6.4705050008e-001
      2903   2.3006863985e+000   5.7119257036e-001
      2904  -4.5599974954e-001   2.2428758712e+000
      2905  -5.4500265890e-001   2.1731607934e+000
      2906  -1.7797430228e+000   5.7597454952e-001
      2907  -1.7505603237e+000   6.7094508879e-001
      2908  -1.4897811173e+000  -1.7311993749e+000
      2909  -1.3576487191e+000  -1.7650007667e+000
      2910  -1.9806515493e+000  -9.5849257594e-002
      2911  -2.0075652691e+000   2.1075014342e-002
      2912   2.1920204095e+000  -4.2436765466e-001
      2913   2.2219634172e+000  -3.4596402546e-001
      2914  -1.7482962421e+000  -1.0867403100e+000
      2915  -1.7383061607e+000  -1.1923434552e+000
      2916   1.1500178176e+000   1.6615300937e+000
      2917   1.2280255365e+000   1.6173020134e+000
      2918   1.2594166904e+000  -1.8386958750e+000
      2919   1.3137940411e+000  -1.7511309014e+000
      2920   3.2569836487e-001   2.3193272974e+000
      2921  -1.7517430255e+000  -1.3875152876e+000
      2922  -1.6618136533e+000  -1.2805920805e+000
      2923   6.8282183262e-001   2.1813239452e+000
      2924   8.3646160049e-001   2.0988407741e+000
      2925   5.1230132494e-001   2.2583887997e+000
      2926  -1.0322507602e+000   1.9134235864e+000
      2927   2.5321847619e+000  -9.4859790871e-002
      2928   2.0768367256e+000   1.3831502737e+000
      2929   2.1103047813e+000   1.2840043981e+000
      2930  -1.7595653577e+000   4.6930887492e-001
      2931  -2.0188170126e+000   1.3805759088e-001
      2932  -2.0131318485e+000   2.5619625390e-001
      2933  -3.3226046079e-001   2.2464904448e+000
      2934   2.2297047715e+000  -9.7625534720e-001
      2935   2.1918415884e+000  -8.8931588493e-001
      2936   2.6337513580e+000   4.4892167589e-002
      2937   5.7023008485e-001  -2.5068590426e+000
      2938  -8.7618788228e-001  -1.8978244669e+000
      2939   1.5527737071e+000   1.5846065106e+000
      2940  -1.7435379616e+000   7.9354733005e-001
      2941  -2.0871340153e+000  -6.4111144692e-001
      2942  -1.2072595017e+000   1.7921364807e+000
      2943   2.1317190678e+000  -1.4266802370e+000
      2944   1.8876170180e+000   1.5788135190e+000
      2945  -1.7621665747e+000   1.1172151065e+000
      2946   9.6049386683e-001   2.0093150208e+000
      2947   9.7146454585e-001   1.9171054840e+000
      2948   9.8110420238e-001   1.8247946513e+000
      2949   1.7895031993e+000   1.5748953479e+000
      2950   1.7047877413e+000   1.5698680333e+000
      2951   2.1418143982e+000  -1.3212958858e+000
      2952  -2.0649735670e+000  -5.1197712994e-001
      2953  -2.0292190025e+000  -4.0611694488e-001
      2954   2.4398963213e+000  -1.2785795658e-001
      2955  -1.1992056364e+000  -1.8967522542e+000
      2956  -1.2270161414e+000  -1.7880197515e+000
      2957  -1.0916645096e+000  -1.8258735073e+000
      2958   8.0426293348e-001  -2.5267483369e+000
      2959   9.1842046389e-001  -2.4573699963e+000
      2960   2.1563536673e+000  -5.0028123719e-001
      2961   1.1137797381e+000  -2.2951531667e+000
      2962   1.1627180453e+000  -2.0998564075e+000
      2963  -1.9006561119e+000   3.0204046589e-001
      2964   2.4272664044e+000   4.7792070472e-001
      2965  -4.6710288444e-002  -2.2735955921e+000
      2966   1.1971119553e+000  -1.9209179209e+000
      2967   1.9336647221e+000   1.4875064511e+000
      2968   2.0295272282e+000  -1.4654546145e+000
      2969   2.3348971728e+000   4.8763800091e-001
      2970   2.2055075370e+000  -7.2946051543e-001
      2971   2.1608030868e+000  -6.4969364883e-001
      2972   1.2107382452e-001   2.3623169092e+000
      2973  -1.7236440957e+000   9.9737450276e-001
      2974   1.4051185536e-001  -2.3778489821e+000
      2975  -1.6206247674e+000  -1.6787162568e+000
      2976  -1.7305285289e+000  -1.6021988436e+000
      2977  -1.7068157995e+000   1.4626601751e+000
      2978   1.8991236178e+000  -1.6033898979e+000
      2979   1.7913018558e+000  -1.6268934048e+000
      2980   1.0702032706e+000   1.7001564668e+000
      2981  -7.6115552688e-001  -1.8668071209e+000
      2982  -8.4301933675e-001   2.0138732359e+000
      2983  -5.7780376066e-001  -1.9168696278e+000
      2984   2.1394270095e+000   1.1849926563e+000
      2985   2.1644192975e+000   1.0858151945e+000
      2986   1.3880436770e+000   1.6086086785e+000
      2987   1.3037957536e+000   1.5684141263e+000
      2988  -1.6929924418e+000   1.3284523851e+000
      2989  -1.5923853775e+000   1.5352384436e+000
      2990  -1.4770367924e+000   1.5963501036e+000
      2991  -1.3610989825e+000   1.6437334857e+000
      2992   2.3326781284e+000  -2.4457256992e-001
      2993   2.2462624937e+000  -2.6483531952e-001
      2994   2.7367673671e+000   2.7859151006e-001
      2995   2.7116015541e+000   1.8689608298e-001
      2996   2.6360848315e+000   3.3089867314e-001
      2997   2.5413031072e+000   3.6651961879e-001
      2998  -2.1289656239e-001   2.3150795511e+000
      2999  -6.3873554206e-001   2.0874638094e+000
      3000  -1.7574144860e+000  -9.6865473470e-001
      3001   3.4795124932e-001  -2.4565054876e+000
      3002   1.6843740145e+000  -1.6444643433e+000
      3003   1.5784920040e+000  -1.6560579655e+000
      3004   4.6960860875e-003   2.3137214764e+000
      3005  -2.1096958441e-001  -2.1517963393e+000
      3006   2.1848737280e+000   9.8620085442e-001
      3007   2.1991014399e+000   8.8650048459e-001
      3008   2.2076572317e+000   7.8619313296e-001
      3009   2.2052049778e+000   6.8787436033e-001
      3010  -1.9512027956e+000  -2.1875787499e-001
      3011   2.2027212264e+000   5.8333049789e-001
      3012  -1.9790514383e+000  -7.1854866460e-001
      3013  -1.8711389088e+000  -7.8661487204e-001
      3014   2.1575416583e+000  -1.2195060417e+000
      3015   2.1678934187e+000  -1.1223735572e+000
      3016   1.4728305826e+000  -1.6610361451e+000
      3017   1.3623902866e+000  -1.6555542594e+000
      3018  -4.1320391194e-001   2.1262397257e+000
      3019  -1.6445618456e+000  -1.1461931969e+000
      3020  -3.4204609975e-001  -2.0340890793e+000
      3021  -4.0601969671e-001  -1.9721695236e+000
      3022  -1.6701793649e+000   5.7665796510e-001
      3023  -1.3862070703e+000  -1.6353805373e+000
      3024  -1.5061600193e+000  -1.5935806762e+000
      3025   2.1387527567e+000  -3.5830628780e-001
      3026   2.1073838926e+000  -4.3150155505e-001
      3027   1.1488534549e+000   1.5720139858e+000
      3028   1.2234188523e+000   1.5272948339e+000
      3029  -1.8943562457e+000  -1.1347360344e-002
      3030  -1.8628875121e+000  -1.2980960221e-001
      3031   1.2137338419e+000  -1.7547522219e+000
      3032   1.2575659201e+000  -1.6725450032e+000
      3033   9.4638284565e-001  -6.4868314927e-001
      3034  -1.4727491514e-001  -5.7149990405e-001
      3035  -5.5193095486e-002   6.3417614805e-001
      3036   1.0154017670e+000   6.3602787410e-001
      3037   1.1880238606e+000  -5.5548588164e-001
      3038   1.2391048326e+000  -5.8322278561e-001
      3039  -3.6104425013e-001  -3.1266845197e-001
      3040  -2.2638512383e-002  -6.3960720698e-001
      3041  -8.0072928192e-002  -6.3502146591e-001
      3042   9.3834223627e-001   6.8446968013e-001
      3043   1.8083737139e-002   7.0353187876e-001
      3044  -3.2697152133e-001  -4.0245190488e-001
      3045   1.0720038555e+000   6.2018786973e-001
      3046   1.2597669657e+000   5.7841833285e-001
      3047   1.3153696311e+000   5.9948204084e-001
      3048   1.6970483144e+000  -1.0500987561e-001
      3049   9.2434472227e-001  -6.9983162507e-001
      3050  -5.3974568053e-001  -7.7465507915e-002
      3051   1.4444119627e+000   3.3076527961e-001
      3052   1.4621922292e+000   3.8474192477e-001
      3053   1.3276612711e+000  -5.7604872088e-001
      3054   1.4651906364e+000  -4.3513812249e-001
      3055   1.4713122871e+000  -4.9518963668e-001
      3056   1.6062924696e+000  -2.2787942844e-001
      3057   1.6618143523e+000  -1.9664111887e-001
      3058  -4.9599335615e-001   1.2508530862e-001
      3059  -5.4977489536e-001   9.5416201144e-002
      3060  -3.9616152848e-001   2.4395885195e-001
      3061  -4.4679109668e-001   2.1352917419e-001
      3062   5.3612135068e-002  -6.9449552087e-001
      3063   1.5071231904e+000  -3.4596975565e-001
      3064   1.5574013877e+000  -3.1621504033e-001
      3065  -4.0546998965e-001  -2.7958300646e-001
      3066   1.4443067586e+000   4.8025040092e-001
      3067  -3.1169970605e-001   4.2881619453e-001
      3068  -1.8679560584e-001   5.6239245076e-001
      3069   2.4041699439e-001   7.4731341819e-001
      3070   1.6423363932e+000   1.0256406433e-001
      3071   1.7015035940e+000   7.1158989331e-002
      3072   1.4907581116e+000   2.9816701913e-001
      3073   1.0209994398e+000  -5.9295308143e-001
      3074   1.0761256091e+000  -5.8826894772e-001
      3075  -2.8949127201e-001  -4.9194288716e-001
      3076  -4.4799371583e-001  -1.9352481614e-001
      3077  -5.0184643074e-001  -1.6550740088e-001
      3078  -3.5234820512e-001   3.3472849467e-001
      3079   2.9627617366e-001   7.5537648648e-001
      3080   1.1638866505e+000   5.9029474891e-001
      3081   3.5584276593e-001   7.6200766033e-001
      3082   4.1214519487e-001   7.4720067966e-001
      3083   4.6470660947e-001   7.4416724274e-001
      3084   5.1712920516e-001   7.4333007707e-001
      3085   5.7006124207e-001   7.4272766890e-001
      3086   6.2356994857e-001   7.4173125912e-001
      3087   6.7766541640e-001   7.4001787714e-001
      3088   7.3240250371e-001   7.3724678577e-001
      3089   7.8818090540e-001   7.3256979999e-001
      3090   8.4769776891e-001   7.2313315383e-001
      3091   1.5869763436e+000   1.9251149577e-001
      3092   1.5423651221e+000   2.2227518517e-001
      3093  -2.9210006612e-001   5.2995892969e-001
      3094  -3.2609670089e-001   4.8720586030e-001
      3095   9.1945519885e-002   7.7271975630e-001
      3096   1.4860867557e-001   7.8350222400e-001
      3097  -2.4507575264e-001  -5.8158402678e-001
      3098  -2.9442069973e-001  -5.5083902628e-001
      3099   1.7571118808e+000  -2.5569214981e-002
      3100   1.7590198485e+000  -9.4577930123e-002
      3101   6.2289437871e-001  -7.4561909784e-001
      3102   6.7829570387e-001  -7.4675623442e-001
      3103   7.3381645915e-001  -7.4827586908e-001
      3104   7.8944308537e-001  -7.4993602194e-001
      3105   8.4518022680e-001  -7.5124333026e-001
      3106   5.6759675721e-001  -7.4538121800e-001
      3107   5.1261034223e-001  -7.4560889209e-001
      3108   4.5800575302e-001  -7.4617245489e-001
      3109   4.0377624985e-001  -7.4685789142e-001
      3110   3.4964944015e-001  -7.4749018994e-001
      3111   2.9533177474e-001  -7.4787190044e-001
      3112   2.4079706508e-001  -7.4776413109e-001
      3113   1.8591206049e-001  -7.4719755080e-001
      3114   1.3045297866e-001  -7.4653452926e-001
      3115  -6.0190036984e-001   2.1143347393e-003
      3116  -5.9843418064e-001  -6.7526043110e-002
      3117   1.4236683733e+000  -5.8958102465e-001
      3118   1.3651555374e+000  -6.2234983942e-001
      3119   1.4178343923e+000   5.8033567047e-001
      3120   1.4625086687e+000   5.3866694435e-001
      3121   2.4522768404e+000   3.9150212493e-001
      3122   2.6365590907e+000   2.3528787562e-001
      3123   2.5515940436e+000   2.7728406558e-001
      3124   4.0075807674e-001   2.2321652569e+000
      3125  -1.6170018243e+000  -1.5408952732e+000
      3126   5.7414778435e-001   2.1655807832e+000
      3127  -1.9279145621e+000   8.5042151770e-002
      3128   2.6332295504e+000   1.4073891122e-001
      3129   2.3642847302e+000   4.0430237957e-001
      3130   2.5410995702e+000   2.9674893158e-003
      3131  -1.7637816544e+000  -8.4805398635e-001
      3132  -9.5543023571e-001  -1.8053935088e+000
      3133   2.0463083171e+000  -1.3605245241e+000
      3134  -2.4832254381e-001  -2.0442557449e+000
      3135  -1.0859880383e+000   1.8036767043e+000
      3136   2.3509846699e+000  -1.5657568435e-001
      3137   1.8330494771e+000   1.4906650802e+000
      3138   1.7350493763e+000   1.4948709505e+000
      3139  -1.6697326191e+000   1.2010648385e+000
      3140  -1.6381875446e+000   1.0777428275e+000
      3141  -1.9120925250e+000   1.8406847480e-001
      3142   7.3469416723e-001   2.0858717415e+000
      3143   2.2377548976e+000   1.1053029853e-001
      3144  -1.9672726737e+000  -5.9197427683e-001
      3145  -1.9475645242e+000  -4.7136992198e-001
      3146   8.7907294154e-001   2.0285474047e+000
      3147   8.8232957766e-001   1.9461992889e+000
      3148   8.9503366575e-001   1.8545755759e+000
      3149  -1.2634864423e+000  -1.6663993100e+000
      3150  -9.7624016536e-002  -2.1660048308e+000
      3151  -7.2108939403e-001   1.9963512417e+000
      3152   1.0211729412e+000  -2.3791745832e+000
      3153   2.2654944700e+000  -1.8146171256e-001
      3154   1.0834628977e+000  -2.1808770175e+000
      3155   2.1117614631e-001   2.2820975512e+000
      3156  -9.0983778381e-001   1.9110697216e+000
      3157  -1.6958341071e+000   8.9407992817e-001
      3158  -1.0561552146e-001   2.2568970125e+000
      3159   1.1273280193e+000  -1.9988057771e+000
      3160   9.8873210030e-001   1.7342176463e+000
      3161   1.0725199773e+000   1.6113546444e+000
      3162  -1.2452739062e+000   1.6757155214e+000
      3163   1.9741021086e+000   1.3941255890e+000
      3164   1.9271857642e+000  -1.4984900699e+000
      3165   7.3247125807e-002  -2.2753482567e+000
      3166   1.1592499344e+000  -1.8327489155e+000
      3167  -1.6486520174e+000  -1.0245402799e+000
      3168   2.0097024092e+000   1.2998090580e+000
      3169   2.1157498595e+000  -5.7408507891e-001
      3170   2.0707930880e+000  -5.0252387243e-001
      3171  -1.9274766945e+000  -3.4482322298e-001
      3172   1.8248220067e+000  -1.5259313416e+000
      3173   1.7230987248e+000  -1.5477929551e+000
      3174   2.4515239256e+000  -3.3634663371e-002
      3175  -8.3505604899e-001  -1.7827773398e+000
      3176   4.7204295348e-001  -2.4223192574e+000
      3177   2.1713867064e+000  -1.0377525826e+000
      3178   2.1330614036e+000  -9.6355800006e-001
      3179  -1.5891566824e+000   1.4040114847e+000
      3180   9.9735334667e-002   2.2401886519e+000
      3181   2.2470368112e+000   4.9667961625e-001
      3182   2.6455090544e-001  -2.3624561904e+000
      3183  -1.7886683697e+000   3.4473324646e-001
      3184   2.1523258136e+000  -8.0465950401e-001
      3185   2.1118016429e+000  -7.2344418191e-001
      3186  -5.2063289830e-001   2.0522102046e+000
      3187  -1.6310498946e+000  -1.4118463924e+000
      3188   6.9124666603e-001  -2.4558969631e+000
      3189   8.0396554327e-001  -2.3988255719e+000
      3190  -1.4846664202e+000   1.4698597724e+000
      3191  -1.3801696850e+000   1.5243776370e+000
      3192   2.1641066965e+000  -2.8216480485e-001
      3193  -1.8669117706e+000  -6.6324025575e-001
      3194   1.6226892972e+000  -1.5640702306e+000
      3195   1.5245041358e+000  -1.5745809171e+000
      3196  -6.5024204112e-001  -1.8392403706e+000
      3197  -4.7354760153e-001  -1.8915734930e+000
      3198   2.0409105567e+000   1.2052807555e+000
      3199   2.0679130753e+000   1.1104942338e+000
      3200   2.0904594931e+000   1.0153827653e+000
      3201   2.1079523795e+000   9.2037736677e-001
      3202   2.1198977704e+000   8.2573008050e-001
      3203   2.1251031297e+000   7.3214201330e-001
      3204   2.1243851124e+000   6.3947673893e-001
      3205   1.4623489745e+000   1.5519996264e+000
      3206   1.3772624277e+000   1.5156964528e+000
      3207   1.2960629407e+000   1.4784242439e+000
      3208   1.6322178738e+000   1.5141390235e+000
      3209   2.0606879398e+000  -1.2584264494e+000
      3210   2.0721863486e+000  -1.1578557126e+000
      3211  -1.6458540020e+000   7.0502443988e-001
      3212  -2.9639180713e-001  -1.9368906914e+000
      3213  -1.8244698509e+000  -2.5661227588e-001
      3214   1.4309547421e+000  -1.5782937668e+000
      3215   1.2844834935e+000  -1.5905451344e+000
      3216   1.3554325359e+000  -1.5689942614e+000
      3217  -1.5451033831e+000  -1.2078762332e+000
      3218  -1.5374140475e+000  -1.3329298947e+000
      3219  -2.9656972042e-001   2.1332925472e+000
      3220  -2.1026455222e-001   2.1924746823e+000
      3221  -1.6459572300e+000   4.6777019497e-001
      3222  -1.6763404251e+000   3.7394786404e-001
      3223   2.0594128623e+000  -3.6713396389e-001
      3224   2.0263522837e+000  -4.3487145557e-001
      3225  -1.4075938251e+000  -1.5073298090e+000
      3226  -1.5196958802e+000  -1.4608903934e+000
      3227   1.1464053665e+000   1.4856132162e+000
      3228   1.0733288909e+000   1.5254788017e+000
      3229  -1.7835949476e+000  -3.4829203380e-002
      3230  -1.7486857480e+000  -1.5175262147e-001
      3231   1.1634280676e+000  -1.6792885575e+000
      3232   1.1979718808e+000  -1.6019193588e+000
      3233  -1.8567589199e+000  -5.4367429345e-001
      3234  -1.1307028396e+000   1.6939844172e+000
      3235   2.4632448146e+000   3.0396369660e-001
      3236   2.3916177259e+000   3.2888370286e-001
      3237   4.6738328419e-001   2.1447508707e+000
      3238   2.5453656350e+000   9.8564895927e-002
      3239   2.3649652042e+000  -6.7059319214e-002
      3240   6.2958807129e-001   2.0743559761e+000
      3241   1.8740463226e+000   1.4026373374e+000
      3242   1.9113522241e+000   1.3128755955e+000
      3243   1.9494231071e+000  -1.3961875735e+000
      3244   1.8521349906e+000  -1.4269846500e+000
      3245   1.7551624800e+000  -1.4525619157e+000
      3246   1.6592424463e+000  -1.4728701023e+000
      3247   2.0780794082e+000  -1.0509913059e+000
      3248   2.9154502336e-001   2.2011743064e+000
      3249   1.8477844350e-001   2.1656716839e+000
      3250  -1.2933472312e+000  -1.5443582232e+000
      3251   5.9010578243e-001  -2.3798589827e+000
      3252   7.0107694379e-001  -2.3319016164e+000
      3253  -1.5968010133e+000   9.4938016665e-001
      3254   1.9446060517e+000   1.2225296663e+000
      3255   2.2772247780e+000   4.1102626078e-001
      3256   2.1838601165e+000  -2.0330971253e-001
      3257  -1.8070682947e+000   2.2391102109e-001
      3258  -1.7052010777e+000   2.6791713358e-001
      3259  -1.6166955793e+000   8.2248407179e-001
      3260  -3.8206743005e-001  -1.8803294540e+000
      3261   1.7761333750e+000   1.4104767852e+000
      3262   2.5510615559e+000   1.8898565074e-001
      3263   2.4578968823e+000   6.1667202059e-002
      3264  -1.5753438144e+000   1.2793649604e+000
      3265   1.5333330713e+000   1.4936997191e+000
      3266   1.5652929270e+000  -1.4878770047e+000
      3267   1.4747481141e+000  -1.4974680395e+000
      3268   2.0968961627e+000  -8.7794391422e-001
      3269   2.0597265353e+000  -7.9512315092e-001
      3270   2.0708935537e+000  -6.4591785534e-001
      3271   2.0298843837e+000  -5.7197646681e-001
      3272   9.0610223441e-001   1.7642987330e+000
      3273   1.0939537138e+000  -1.9050522709e+000
      3274   1.0518585837e+000  -2.0742725054e+000
      3275  -1.5531342302e+000   1.1611334750e+000
      3276   9.9919912213e-001  -2.2597855493e+000
      3277   9.0699842981e-001  -2.3336219366e+000
      3278  -1.6571064733e+000  -9.0547865314e-001
      3279   1.5810190759e-002  -2.1735005329e+000
      3280  -1.7655154720e+000  -7.2793714393e-001
      3281   2.0864630393e+000  -2.9671961954e-001
      3282  -1.8182502864e+000   9.2804686493e-002
      3283   7.8910034372e-001   1.9896907321e+000
      3284  -1.4799144854e+000   1.3489877858e+000
      3285   1.1218353636e+000  -1.7534230202e+000
      3286   1.9889456176e+000  -5.0155617469e-001
      3287   9.9441914289e-001   1.6461116474e+000
      3288   9.9845857419e-001   1.5607404034e+000
      3289  -7.9187864994e-001   1.9014625445e+000
      3290  -1.4148691875e-001  -2.0608589988e+000
      3291   1.9106249256e-001  -2.2683992417e+000
      3292  -9.6780451213e-001   1.8070534148e+000
      3293  -7.2245269226e-001  -1.7598349238e+000
      3294   2.2806691671e+000  -9.6583048326e-002
      3295  -1.2743350140e+000   1.5639420719e+000
      3296   1.2176687845e+000   1.4408066182e+000
      3297   1.9671236313e+000  -1.2966180950e+000
      3298  -1.3856224368e+000   1.4093499086e+000
      3299   8.0782635842e-001   1.8839657126e+000
      3300   1.3899543329e+000  -1.5016116536e+000
      3301  -5.4030447188e-001  -1.8123706541e+000
      3302  -6.0716282457e-001   1.9719160766e+000
      3303   3.8434771001e-001  -2.3368714638e+000
      3304  -1.8446486860e+000  -4.3003579021e-001
      3305   1.9737090175e+000   1.1318872189e+000
      3306   1.7118478241e+000  -3.5468808039e-001
      3307   1.9985263191e+000   1.0409192115e+000
      3308   2.0187856609e+000   9.5009404725e-001
      3309   2.0341017759e+000   8.5985751881e-001
      3310  -7.1827087821e-003   2.1928674148e+000
      3311   2.0440186029e+000   7.7074203896e-001
      3312   2.0483164464e+000   6.8332429302e-001
      3313  -1.1398966135e+000  -1.6922627299e+000
      3314  -1.0189096566e+000  -1.7014660320e+000
      3315  -9.0045212830e-001  -1.6916307143e+000
      3316   1.9808113172e+000  -1.1997717322e+000
      3317  -1.8241914139e-001  -1.9576091870e+000
      3318   1.4474240105e+000   1.4609753528e+000
      3319   1.3678648695e+000   1.4252937068e+000
      3320  -1.4256016161e+000  -1.3823928415e+000
      3321  -1.4387717782e+000  -1.2611630840e+000
      3322  -1.5425739868e+000  -1.0811458285e+000
      3323  -4.2000260103e-001   2.0019230151e+000
      3324  -3.1968043885e-001   2.0350528973e+000
      3325  -2.0423619777e-001   2.0654306604e+000
      3326   2.1129753570e+000   5.5289954983e-001
      3327   2.1646460716e+000   4.9114755675e-001
      3328  -1.5573882627e+000   6.2940531257e-001
      3329  -1.5620287438e+000   5.1819171645e-001
      3330  -1.5586147708e+000   3.9901738652e-001
      3331   1.3085582222e+000  -1.5101705035e+000
      3332   1.2281966270e+000  -1.5236455882e+000
      3333   1.1099021218e+000  -1.6103065614e+000
      3334   1.1444009492e+000  -1.5342537450e+000
      3335  -1.7016212870e+000  -2.5748677071e-001
      3336  -1.7480194692e+000  -3.6772280026e-001
      3337   1.9828765882e+000  -3.7051048350e-001
      3338   2.0134006950e+000  -3.0748056196e-001
      3339  -1.6742176324e+000  -6.2447789616e-002
      3340  -1.6388311456e+000  -1.6506695775e-001
      3341   1.0727404978e+000   1.4428256309e+000
      3342   1.1429423352e+000   1.4022437182e+000
      3343   1.1249810194e+000   6.2078408208e-001
      3344   1.5389465064e+000   2.7360141785e-001
      3345   1.4947036959e+000   3.4861716648e-001
      3346   9.0109678376e-001  -7.5161383327e-001
      3347   2.0485185622e-001   7.9416871577e-001
      3348  -1.3843962472e-001  -6.2754436779e-001
      3349   9.9405773376e-001   6.8553049479e-001
      3350  -4.0060505904e-002   6.9260173260e-001
      3351   1.7223226375e+000  -1.5978369959e-001
      3352   2.6112678573e-001   8.0382556313e-001
      3353  -5.6145997456e-001  -1.3289403402e-001
      3354  -3.7164885142e-001  -3.6916856207e-001
      3355   1.4854530429e+000   4.3849170344e-001
      3356   1.5076296958e+000   4.9613949089e-001
      3357  -4.1608891662e-001  -3.3530447577e-001
      3358   1.2939146524e+000  -6.1830451489e-001
      3359   1.7606794670e+000   3.8117084017e-002
      3360  -3.3973490745e-003  -6.9234819391e-001
      3361   1.0010255127e+000  -6.4609575153e-001
      3362   9.7979419575e-001  -6.9836329197e-001
      3363   1.0557877162e+000  -6.4211834858e-001
      3364   1.6100538873e+000  -2.8735785027e-001
      3365   1.6661835114e+000  -2.5971997389e-001
      3366  -3.5995324896e-001   3.9385087339e-001
      3367  -3.7053443739e-001   4.5255285236e-001
      3368   7.4301457806e-002  -7.4599028629e-001
      3369  -4.9866832360e-001   1.8395117654e-001
      3370  -5.5188947490e-001   1.5495511384e-001
      3371   1.5136731652e+000  -4.0484862351e-001
      3372   1.5209253748e+000  -4.6430706927e-001
      3373   1.5623979523e+000  -3.7474998663e-001
      3374   1.3733236328e+000   6.2071806120e-001
      3375  -6.1708054660e-002  -6.8912941068e-001
      3376   1.2159998362e+000   6.1393415070e-001
      3377  -6.0444585076e-001   6.5097384792e-002
      3378  -1.9379205459e-001  -6.0975659656e-001
      3379   1.6436527052e+000   1.6415223807e-001
      3380   1.7021304541e+000   1.3382380318e-001
      3381   1.4764466664e+000  -5.5674569432e-001
      3382  -3.3599718670e-001  -4.5984957224e-001
      3383  -3.4312008793e-001  -5.1868241919e-001
      3384   1.2706269364e+000   6.3664080426e-001
      3385   1.1373320076e+000  -5.8474066107e-001
      3386   1.1943019546e+000  -6.1147997117e-001
      3387  -4.4983668110e-001  -2.4791386593e-001
      3388  -5.0002706302e-001  -2.2263420259e-001
      3389  -1.1390791069e-001   6.2089892781e-001
      3390  -1.7215740288e-001   6.1087647647e-001
      3391   3.4508584633e-002   7.6231129280e-001
      3392   9.0958383461e-001   7.3038884561e-001
      3393  -4.0149450957e-001   3.0271816009e-001
      3394  -4.5132060287e-001   2.7193589834e-001
      3395   3.1713304628e-001   8.1279451707e-001
      3396   1.5913464913e+000   2.4965190991e-001
      3397   3.9925683551e-001   7.9255410525e-001
      3398   3.6911184370e-001   8.2635840653e-001
      3399   4.4457153783e-001   7.9252244644e-001
      3400   4.9541721374e-001   7.9280633852e-001
      3401   5.4821629745e-001   7.9290426073e-001
      3402   6.0211718390e-001   7.9238027966e-001
      3403   6.5695678486e-001   7.9100799509e-001
      3404   7.1273942975e-001   7.8871610698e-001
      3405   7.6937179874e-001   7.8517465125e-001
      3406   8.2669583481e-001   7.7999623169e-001
      3407  -2.7273610870e-001   5.7692620080e-001
      3408  -2.2927767388e-001   5.9696118853e-001
      3409  -3.4429989264e-001   5.3924046506e-001
      3410  -3.2502372039e-001   5.8522292522e-001
      3411   1.1065687534e-001   8.3208834606e-001
      3412   5.2484107868e-002   8.2185804639e-001
      3413   1.8088504241e+000  -5.5690416049e-002
      3414   1.8178343267e+000   2.3578422461e-003
      3415   1.4780694645e+000   5.9916944289e-001
      3416   1.4329890447e+000   6.4222385632e-001
      3417  -6.5647618692e-001  -2.7009368675e-002
      3418  -6.6003340560e-001   3.5005858288e-002
      3419   1.4276751540e+000  -6.5418411136e-001
      3420   1.4812691257e+000  -6.1930908186e-001
      3421   3.1722087548e-001  -7.9882019179e-001
      3422   3.7214209141e-001  -7.9847698389e-001
      3423   4.2702378241e-001  -7.9792535457e-001
      3424   4.8219945447e-001  -7.9736008544e-001
      3425   5.3780466457e-001  -7.9701106282e-001
      3426   5.9377331774e-001  -7.9709422130e-001
      3427   6.4999411780e-001  -7.9785712087e-001
      3428   7.0640866151e-001  -7.9932320590e-001
      3429   7.6301198957e-001  -8.0118969464e-001
      3430   8.1977952881e-001  -8.0300027331e-001
      3431   2.6214465341e-001  -7.9874282328e-001
      3432   2.0697347495e-001  -7.9806881800e-001
      3433   1.5171400584e-001  -7.9694384776e-001
      3434  -2.9883241333e-001  -6.1207184019e-001
      3435  -2.4649929068e-001  -6.4408671722e-001
      3436   2.2030884395e+000   4.2596538069e-001
      3437   2.4768249012e+000   2.3164381696e-001
      3438  -1.1674732764e+000   1.5870095185e+000
      3439   5.2668327491e-001   2.0578244500e+000
      3440   2.3763109022e+000   2.3357556154e-001
      3441   2.1993194374e+000  -1.2220728038e-001
      3442  -1.3168100326e+000  -1.4246427843e+000
      3443   2.3104145946e+000   3.2489988580e-001
      3444   3.6296481682e-001   2.1196017549e+000
      3445  -1.1786449158e+000  -1.5725463217e+000
      3446  -1.7164773843e+000   1.5742263227e-001
      3447   2.3745969534e+000   2.4513782965e-002
      3448   4.9932529252e-001  -2.3018073152e+000
      3449  -1.7024784590e+000   4.7230625485e-002
      3450  -1.0651211355e+000  -1.5898432910e+000
      3451  -9.5381562424e-001  -1.5940444842e+000
      3452   1.8148502577e+000   1.3241615696e+000
      3453  -3.3125607431e-002  -2.0729345510e+000
      3454  -1.4434901695e+000  -1.1403066164e+000
      3455   8.1461624037e-002   2.1255650240e+000
      3456  -1.4649069230e+000   1.2342966750e+000
      3457  -1.3768065196e+000   1.2991304312e+000
      3458  -6.7981298728e-001   1.8853954874e+000
      3459   2.6069266680e-001   2.0903244386e+000
      3460   1.9888473963e+000  -1.1048768979e+000
      3461  -7.5648883689e-002  -1.9740575132e+000
      3462  -1.7618793556e+000  -6.0958499960e-001
      3463   9.7297260076e-001  -2.1484975360e+000
      3464   1.8499161860e+000   1.2373694954e+000
      3465   1.8810833767e+000   1.1503943993e+000
      3466   1.0211490917e+000  -1.9743655616e+000
      3467  -8.5342600125e-001   1.8040572083e+000
      3468   9.1494071034e-001   1.6766610697e+000
      3469   9.2213301091e-001   1.5917798542e+000
      3470   6.0939013792e-001  -2.2593610051e+000
      3471   8.0311784036e-001  -2.2821056537e+000
      3472  -1.0901508663e-001   2.1396086941e+000
      3473  -1.6006360972e+000   2.9228935257e-001
      3474  -1.5246825404e+000   1.0493515140e+000
      3475   1.9082149071e+000   1.0631331035e+000
      3476   2.1064929291e+000  -2.2295526356e-001
      3477   2.0343850127e+000  -2.4058223968e-001
      3478   1.2757626225e-001  -2.1738678733e+000
      3479   1.0645979435e+000  -1.8195517433e+000
      3480   1.0010797839e+000   1.4783496379e+000
      3481   2.2930162642e+000  -1.1148330043e-002
      3482  -7.8874302866e-001  -1.6764017599e+000
      3483   6.8024332081e-001   1.9857677317e+000
      3484   7.1960386772e-001   1.9008827015e+000
      3485  -5.0538392895e-001   1.9405962912e+000
      3486   1.0743225518e+000  -1.6839665048e+000
      3487   2.0460699190e+000   5.9891557729e-001
      3488   1.8740717372e+000  -1.3304679451e+000
      3489   1.7813629057e+000  -1.3593064753e+000
      3490   1.6893896432e+000  -1.3831328961e+000
      3491   1.5987213896e+000  -1.4019547490e+000
      3492   1.5101248818e+000  -1.4160040789e+000
      3493   1.4243073830e+000  -1.4260831455e+000
      3494  -1.7543357459e+000  -4.9203336623e-001
      3495   1.9311111180e+000   9.7594898828e-001
      3496   1.9495090222e+000   8.8933055687e-001
      3497   1.9631903391e+000   8.0381294614e-001
      3498  -1.0178732797e+000   1.7028443608e+000
      3499   3.0582072002e-001  -2.2517645190e+000
      3500  -1.5499260649e+000  -9.6018030729e-001
      3501   2.4612941001e+000   1.5620681293e-001
      3502   1.8912302564e+000  -1.2367975444e+000
      3503  -1.2938253722e+000   1.4587583266e+000
      3504  -1.3344613418e+000  -1.3084407397e+000
      3505   1.9484021930e+000  -4.3433440875e-001
      3506  -1.5358364945e+000   7.4062656689e-001
      3507   1.3408391952e+000  -1.4354417602e+000
      3508  -1.6640800948e+000  -7.8772347939e-001
      3509   1.2866908530e+000   1.3927857861e+000
      3510   1.2108534849e+000   1.3574904604e+000
      3511   1.6796443043e+000   1.4204842539e+000
      3512   1.5887327234e+000   1.4235019132e+000
      3513   1.5091509003e+000   1.4172632200e+000
      3514   2.0223762391e+000  -7.1591638242e-001
      3515   1.9850888902e+000  -6.3993501149e-001
      3516   1.9476304306e+000  -5.6717897740e-001
      3517   1.2590600652e+000  -1.4466122323e+000
      3518   1.1776758585e+000  -1.4581505076e+000
      3519   1.9720495610e+000   7.2002167983e-001
      3520   1.4431519428e+000   1.3642249359e+000
      3521   8.2294099552e-001   1.7911879459e+000
      3522  -4.2403293952e-001  -1.7853421256e+000
      3523  -6.1460622261e-001  -1.7365399334e+000
      3524   2.0413254583e+000  -9.5132928398e-001
      3525   2.0056662201e+000  -8.6495098399e-001
      3526  -1.5959669069e+000  -2.5633499363e-001
      3527  -1.6385110101e+000  -3.4620390695e-001
      3528  -2.1426950741e-001  -1.8556441208e+000
      3529  -3.1345901933e-001  -1.8216269456e+000
      3530   2.0944019203e+000   4.7759261228e-001
      3531   2.1253706098e+000   4.0439161538e-001
      3532  -3.4121808578e-001   1.9282271529e+000
      3533  -4.2289199386e-001   1.9061071380e+000
      3534  -2.4402669100e-001   1.9538558305e+000
      3535  -1.4680482353e+000   5.6902608175e-001
      3536  -1.4522418335e+000   6.6987271708e-001
      3537  -1.4702889238e+000   4.6770809837e-001
      3538   1.0586783964e+000  -1.5439123679e+000
      3539   1.0210012027e+000  -1.6206996216e+000
      3540   1.9412353440e+000  -3.0693656742e-001
      3541   1.9089917986e+000  -3.6925557851e-001
      3542  -1.5701092327e+000  -8.5386416004e-002
      3543  -1.5974756195e+000   1.4457557435e-002
      3544   1.0710918447e+000   1.3632167583e+000
      3545   1.1383983678e+000   1.3221804214e+000
      3546  -1.6564728931e+000  -4.4819381543e-001
      3547  -8.4583485248e-001  -1.5881364758e+000
      3548   2.3778590204e+000   1.2158253130e-001
      3549   9.4373765534e-001  -2.0443414012e+000
      3550   2.0382237804e+000   5.1755705590e-001
      3551   4.2631033291e-001   2.0376596646e+000
      3552   2.2069843060e+000   3.3796123213e-001
      3553  -1.0609077956e+000   1.5992074062e+000
      3554  -1.4433048462e+000   1.1255696536e+000
      3555  -1.1977226654e+000   1.4869185079e+000
      3556  -1.2089797246e+000  -1.4576855463e+000
      3557  -1.1020848169e+000  -1.4809908143e+000
      3558  -9.9650539912e-001  -1.4936220100e+000
      3559   7.3979849283e-002  -2.0790005710e+000
      3560   9.9423991737e-001  -1.8790236852e+000
      3561   2.2119693952e+000  -3.9878958619e-002
      3562  -1.2320818606e+000  -1.3462549184e+000
      3563   8.9338119737e-001  -2.2204983182e+000
      3564   1.9817536762e+000  -1.0148344820e+000
      3565  -7.4342624930e-001   1.7950992245e+000
      3566   1.9100762749e+000  -4.9758586084e-001
      3567   1.9704778733e+000  -7.8430886295e-001
      3568   3.2816224422e-001   2.0141351537e+000
      3569   1.3530697256e+000   1.3427791150e+000
      3570   1.9725750887e+000  -2.5594226030e-001
      3571   1.8729360977e+000  -4.3088041677e-001
      3572  -1.3595471286e+000   1.1937480047e+000
      3573   1.0950948218e+000  -1.4682974499e+000
      3574   7.4113338929e-001   1.8129017996e+000
      3575   1.9759007841e+000   6.3865776031e-001
      3576   9.2786863434e-001   1.5097603124e+000
      3577   1.0024259126e+000   1.3990231913e+000
      3578  -1.6660591474e+000  -6.7218345664e-001
      3579  -1.6631703922e+000  -5.5898125529e-001
      3580   5.7959869928e-001   1.9721035523e+000
      3581   6.2559849418e-001   1.8898273394e+000
      3582   1.0436017542e+000  -1.7488532140e+000
      3583   9.8518460299e-001  -1.7003223875e+000
      3584   8.3450024510e-001   1.7035294165e+000
      3585   8.4465473683e-001   1.6190215203e+000
      3586  -5.7511306774e-001   1.8638682766e+000
      3587  -4.7725591389e-001   1.8395989991e+000
      3588   2.3020426477e+000   7.4652479660e-002
      3589  -1.5630745611e+000  -8.4241697719e-001
      3590   1.6089825409e-001   2.0567529741e+000
      3591  -1.6166033210e+000   1.1659765384e-001
      3592  -1.6334781328e+000   2.0593516482e-001
      3593   2.3638634650e-001  -2.1666317594e+000
      3594   1.8024126591e+000  -1.2684434498e+000
      3595   1.7142240606e+000  -1.2952753482e+000
      3596   1.6267870195e+000  -1.3173812867e+000
      3597   1.5405145008e+000  -1.3349108280e+000
      3598   1.4558415103e+000  -1.3486376137e+000
      3599   2.1216754764e+000  -1.4611992497e-001
      3600   2.0473016852e+000  -1.6962991159e-001
      3601  -6.8301082086e-001  -1.6586576971e+000
      3602  -1.2928085730e+000   1.3563515424e+000
      3603  -1.6670400209e-002   2.0813714456e+000
      3604  -1.0255611504e-001   2.0438435646e+000
      3605  -1.4394490054e-001   1.9646722145e+000
      3606  -9.0735508973e-001   1.7053725386e+000
      3607   2.8543728863e-002  -1.9848116143e+000
      3608   1.3728112728e+000  -1.3602836532e+000
      3609   1.7202516076e+000   1.3346344329e+000
      3610   4.1675382240e-001  -2.2245136267e+000
      3611   5.2423605894e-001  -2.1875617243e+000
      3612   7.1343359289e-001  -2.2140261195e+000
      3613   1.6283799277e+000   1.3428286352e+000
      3614   1.5384015873e+000   1.3484141143e+000
      3615   1.7569179935e+000   1.2503722307e+000
      3616   1.7899146331e+000   1.1664414006e+000
      3617   1.8191442645e+000   1.0823861154e+000
      3618   1.8444501715e+000   9.9840377048e-001
      3619   1.8656547298e+000   9.1484401452e-001
      3620   1.8825896311e+000   8.3219924363e-001
      3621   1.8952492989e+000   7.5108484963e-001
      3622   1.2911521231e+000  -1.3716609805e+000
      3623   1.2105267504e+000  -1.3831521576e+000
      3624  -1.1164154184e-001  -1.8768351756e+000
      3625   1.2757406060e+000   1.3104973797e+000
      3626   1.2044681343e+000   1.2760273672e+000
      3627  -1.5365803973e+000  -1.7940821633e-001
      3628  -5.1014119872e-001  -1.7107658440e+000
      3629   1.9365548952e+000  -7.0644181122e-001
      3630   1.9026856700e+000  -6.3159134450e-001
      3631   1.9032306783e+000  -1.1463061968e+000
      3632   1.9508224137e+000  -9.3027790690e-001
      3633  -1.3456180201e+000  -1.1965700625e+000
      3634  -1.4945826133e+000   8.5358942608e-001
      3635  -1.4880435883e+000   9.5735564226e-001
      3636  -1.4394232864e+000   7.6065385646e-001
      3637   2.0329274528e+000   4.3211812704e-001
      3638  -1.4357735719e+000  -1.0115135543e+000
      3639  -1.4515832172e+000   3.7583900253e-001
      3640  -1.5036976478e+000   2.9900263934e-001
      3641  -1.5513984527e+000  -3.3060966941e-001
      3642  -1.5594183241e+000  -4.1343185807e-001
      3643  -2.3492347242e-001  -1.7544352631e+000
      3644  -1.3982251826e-001  -1.7810576576e+000
      3645  -2.7570448004e-001   1.8514261930e+000
      3646  -1.8235374412e-001   1.8706137134e+000
      3647  -3.7476348621e-001   1.8229966902e+000
      3648  -1.4989799955e+000  -1.3912491651e-002
      3649  -1.5201980459e+000   8.4854121298e-002
      3650  -1.3879960964e+000   5.1729303590e-001
      3651  -1.3724868052e+000   6.0988608121e-001
      3652   9.7215286023e-001  -1.5533542519e+000
      3653   1.0117388763e+000  -1.4769996777e+000
      3654   1.8715534351e+000  -3.0461071813e-001
      3655   1.9057113976e+000  -2.3331203298e-001
      3656   1.0678312669e+000   1.2871333101e+000
      3657   1.0024265415e+000   1.3229150235e+000
      3658   1.5696425693e+000  -4.3371133950e-001
      3659   1.5496289906e+000   3.3746800796e-001
      3660   8.8265167066e-001   7.7673978575e-001
      3661   1.6449564647e+000   2.2554285057e-001
      3662   1.5228250833e+000   3.9370012762e-001
      3663   1.7037717300e+000   1.9825898188e-001
      3664   1.5882284986e+000   2.9950559145e-001
      3665   8.7669328982e-001  -8.0404994431e-001
      3666  -3.8388314911e-001   5.1209409910e-001
      3667   1.7206300410e+000  -2.2869136776e-001
      3668   1.5503116319e+000   4.5058620751e-001
      3669  -9.8985994087e-002   6.8081563714e-001
      3670  -1.5868463719e-001   6.6901160779e-001
      3671   1.6843189148e-001   8.4249907238e-001
      3672   1.1102892745e+000  -6.3804660959e-001
      3673   1.1589366896e+000  -6.3858522064e-001
      3674   9.5726559802e-001  -7.5066060864e-001
      3675  -4.5884848643e-001  -3.0147680117e-001
      3676  -4.9506378104e-001  -2.7021787313e-001
      3677  -5.0219342944e-001   2.4226081621e-001
      3678  -5.5444045570e-001   2.1359895045e-001
      3679  -1.2222393529e-001  -6.8420733044e-001
      3680   9.5713607763e-002  -7.9682046322e-001
      3681   1.0356425319e+000  -6.9586217676e-001
      3682   2.2575577196e-001   8.5247823528e-001
      3683   2.8245998331e-001   8.6208467594e-001
      3684  -5.5558328897e-001  -2.0193552521e-001
      3685   1.5252956198e+000   5.5641028097e-001
      3686   1.2418297857e+000  -6.3534142714e-001
      3687   1.7381233639e-002  -7.4500858417e-001
      3688  -4.0699925890e-002  -7.4313829533e-001
      3689   1.6128743855e+000  -3.4597840325e-001
      3690   1.6660143487e+000  -3.1933879666e-001
      3691   1.3277256593e+000   6.5910622752e-001
      3692   1.3871729937e+000   6.8240403746e-001
      3693   3.3768828146e-001   8.7248431547e-001
      3694  -3.4917637781e-001  -5.7915267922e-001
      3695  -2.3867309154e-002   7.5176516423e-001
      3696  -6.4193023313e-003   8.1166125881e-001
      3697   9.6764238261e-001   7.3450511380e-001
      3698   1.1702350314e+000   6.4743585926e-001
      3699   1.2244709957e+000   6.7220072994e-001
      3700  -6.0633736251e-001   1.2610765525e-001
      3701  -6.6214058229e-001   9.7204781350e-002
      3702  -3.8201677275e-001  -4.2638407595e-001
      3703  -3.9093808986e-001  -4.8504764197e-001
      3704   1.5272706045e+000  -5.2422260458e-001
      3705   1.5346327841e+000  -5.8556107898e-001
      3706   1.0525493529e+000   6.8157585801e-001
      3707   1.1156851424e+000   6.7758023007e-001
      3708  -4.0816692674e-001   3.6093967882e-001
      3709  -4.1668639812e-001   4.1865012613e-001
      3710  -1.8884780273e-001  -6.7703364919e-001
      3711  -4.5715111376e-001   3.2968430807e-001
      3712  -4.2793469614e-001  -3.9174643914e-001
      3713  -2.8645834114e-001   6.3784123664e-001
      3714   4.2056662869e-001   8.3843493547e-001
      3715   4.7223593864e-001   8.4171145396e-001
      3716   5.2539752605e-001   8.4310925713e-001
      3717   5.7972793613e-001   8.4342965543e-001
      3718   6.3503493836e-001   8.4252428542e-001
      3719   6.9142593020e-001   8.4044778365e-001
      3720   7.4906035136e-001   8.3777827521e-001
      3721   8.0727946119e-001   8.3407555653e-001
      3722   1.7622870204e+000   1.0155547684e-001
      3723   1.8247859379e+000   6.8592558924e-002
      3724   1.7881386555e+000  -1.4949176343e-001
      3725   1.8379719110e+000  -1.1113863602e-001
      3726   1.8722362126e+000  -4.4179011030e-002
      3727  -3.9154423086e-001   5.7916113900e-001
      3728  -6.5729961572e-001  -8.1052787156e-002
      3729  -6.3070759840e-001  -1.2958302895e-001
      3730   1.3274200380e+000  -6.6803078387e-001
      3731   1.3786893744e+000  -6.9213030064e-001
      3732   1.4866629863e+000  -6.8298173747e-001
      3733   1.4353970432e+000  -7.2185273334e-001
      3734   7.2308353399e-002   8.8196846577e-001
      3735   1.3155434601e-001   8.9212610835e-001
      3736   6.2052283613e-001  -8.4935392856e-001
      3737   5.6352993144e-001  -8.4902585570e-001
      3738   5.0694530759e-001  -8.4923182903e-001
      3739   4.5082224397e-001  -8.4972130930e-001
      3740   3.9512726550e-001  -8.5021465665e-001
      3741   3.3952745690e-001  -8.5048441408e-001
      3742   2.8378274630e-001  -8.5036991268e-001
      3743   2.2796028142e-001  -8.4967269986e-001
      3744   1.7235033949e-001  -8.4824264769e-001
      3745   6.7766256461e-001  -8.5059995454e-001
      3746   7.3512058953e-001  -8.5248275000e-001
      3747   7.9288552088e-001  -8.5483262250e-001
      3748   1.4933154583e+000   6.6175289736e-001
      3749   1.5378336083e+000   6.1746946676e-001
      3750  -7.1669356158e-001   4.0847654907e-003
      3751  -7.1058057237e-001  -5.9104046625e-002
      3752  -3.0377778492e-001  -6.7484562765e-001
      3753  -3.5512146748e-001  -6.4120327495e-001
      3754   6.6655791948e-001   1.8267192992e+000
      3755  -1.5685100874e+000  -5.1311762357e-001
      3756  -8.9330742377e-001  -1.4963650200e+000
      3757  -1.5355981177e+000   1.9529446428e-001
      3758  -1.0988921359e+000   1.4975237058e+000
      3759   2.3239167750e-001   1.9866575539e+000
      3760  -1.4176118508e+000   1.0232197188e+000
      3761  -7.4280310725e-001  -1.5771950921e+000
      3762  -1.4996230290e+000  -2.6843335255e-001
      3763   1.9081396269e+000  -1.0607042452e+000
      3764   1.9061941729e+000  -9.8632004425e-001
      3765   6.3085472979e-001  -2.1432678991e+000
      3766   1.9748536711e+000   5.6024872291e-001
      3767   2.2246540884e+000   4.0231245196e-002
      3768   1.7798651292e-001  -2.0791981454e+000
      3769   9.7524493137e-001  -1.7869438408e+000
      3770  -1.2758088951e+000   1.2572772253e+000
      3771   9.1808062447e-001  -1.9434800465e+000
      3772  -1.0626469698e-002  -1.8917482306e+000
      3773  -1.1312784190e+000  -1.3750371167e+000
      3774  -1.0313543773e+000  -1.3944012287e+000
      3775   2.1340431120e+000  -6.5847104499e-002
      3776   2.0599238947e+000  -9.3851609076e-002
      3777  -1.3488812592e+000  -1.0903402298e+000
      3778  -1.2226914089e+000   1.4039765136e+000
      3779   1.9748324958e+000  -1.9382510945e-001
      3780  -9.5488498337e-001   1.6061582393e+000
      3781  -1.3444315312e+000   7.1382140790e-001
      3782   9.3062876641e-001  -1.6348797300e+000
      3783  -7.9985526073e-001   1.7025247661e+000
      3784   4.8257093329e-001   1.9551097750e+000
      3785   5.3323255505e-001   1.8713554227e+000
      3786  -1.2482280220e+000  -1.2386655635e+000
      3787  -4.3744368374e-002  -1.7998964615e+000
      3788   8.6490672642e-001  -2.1149866681e+000
      3789   8.0274261367e-001  -2.1830429981e+000
      3790   9.3221049723e-001   1.4306446694e+000
      3791   9.3525320674e-001   1.3545593414e+000
      3792   8.5340455922e-001   1.5373225892e+000
      3793  -1.3393102933e+000   1.0914083376e+000
      3794   1.9709359663e+000   4.8537064610e-001
      3795  -1.4722053906e+000  -1.0754816422e-001
      3796  -1.3801718550e+000   4.2960749692e-001
      3797   1.3036407442e-001  -1.9901730387e+000
      3798   1.9151085719e+000  -8.5141732035e-001
      3799   1.8841431710e+000  -7.7144229278e-001
      3800   1.8541000452e+000  -6.9477053121e-001
      3801  -1.5719125736e+000  -6.1929669455e-001
      3802  -1.5703234687e+000  -7.2899930691e-001
      3803   1.8683621468e+000  -5.5982663848e-001
      3804   1.8337458938e+000  -4.9115335235e-001
      3805   3.4190622865e-001  -2.1488644114e+000
      3806   4.4366067501e-001  -2.1187139208e+000
      3807   3.8761607254e-001   1.9368332196e+000
      3808   2.2959392840e+000   1.6384020805e-001
      3809   2.2609536745e+000   2.4831760537e-001
      3810  -1.4627632721e+000  -8.8976447549e-001
      3811   1.8185191100e+000  -1.1801376101e+000
      3812   1.7342755963e+000  -1.2095391077e+000
      3813   1.6503508651e+000  -1.2346254768e+000
      3814   1.5668680614e+000  -1.2550883468e+000
      3815   1.4842363741e+000  -1.2713367316e+000
      3816   1.4027034644e+000  -1.2848471702e+000
      3817   1.3222069513e+000  -1.2972784876e+000
      3818   6.3546801000e-002   2.0183250846e+000
      3819  -3.5631838699e-002   1.9716233461e+000
      3820  -9.1519855053e-002   1.8828518823e+000
      3821   1.6658895535e+000   1.2615366463e+000
      3822   1.5766742174e+000   1.2708547860e+000
      3823  -6.3857457104e-001   1.7810543347e+000
      3824  -5.3924379260e-001   1.7638071145e+000
      3825   1.8373216562e+000  -3.6672284795e-001
      3826   1.9038345495e+000   6.7221994578e-001
      3827   1.2426097988e+000  -1.3093502518e+000
      3828   1.7004038236e+000   1.1803264223e+000
      3829   1.7314426650e+000   1.0990620180e+000
      3830   1.7588833652e+000   1.0178732440e+000
      3831   1.7826435371e+000   9.3702907992e-001
      3832   1.8024862731e+000   8.5680740228e-001
      3833   1.8183107007e+000   7.7765974358e-001
      3834   1.1313569555e+000   1.2463340752e+000
      3835  -1.3978958754e+000   9.2129257517e-001
      3836  -1.3738980808e+000   8.2258388210e-001
      3837  -3.2941628328e-001  -1.7200075787e+000
      3838  -4.1546322512e-001  -1.6727160767e+000
      3839   1.4884760112e+000   1.2799890508e+000
      3840   1.4053670119e+000   1.2810606530e+000
      3841   1.3328921941e+000   1.2730778133e+000
      3842   1.2739842386e+000   1.2229606948e+000
      3843   1.1300357376e+000  -1.3938891915e+000
      3844   1.0491514711e+000  -1.4030403570e+000
      3845   7.5346183660e-001   1.7269710110e+000
      3846   7.6612558634e-001   1.6429086511e+000
      3847  -5.8298889310e-001  -1.6382534470e+000
      3848  -1.4674378014e+000  -3.6513251961e-001
      3849  -2.9763021940e-001   1.7557069183e+000
      3850  -2.1136315919e-001   1.7769671961e+000
      3851  -1.4186052111e+000   3.0128608880e-001
      3852  -1.4374825145e+000   2.2876950380e-001
      3853   2.0593889399e+000   3.6336645354e-001
      3854   2.1130170802e+000   3.1472308308e-001
      3855   9.2845601981e-001  -1.4832409621e+000
      3856   8.8615173597e-001  -1.5588460200e+000
      3857   1.0009130034e+000   1.2502211643e+000
      3858   9.3709600079e-001   1.2815853053e+000
      3859  -1.3039116205e+000   5.4678704268e-001
      3860  -1.3206854617e+000   4.7384934323e-001
      3861  -1.4268577925e+000   4.9586337238e-002
      3862  -1.4055214129e+000  -4.1281375270e-002
      3863  -1.6089433358e-001  -1.6874394813e+000
      3864  -2.4879901515e-001  -1.6582382747e+000
      3865   1.8313882458e+000  -2.4782751533e-001
      3866   1.8015992246e+000  -3.0709775868e-001
      3867  -7.9360918096e-001  -1.4922940758e+000
      3868  -1.4431213639e+000   1.4078674589e-001
      3869   6.7122399139e-001   1.7486523496e+000
      3870   4.3974069545e-001   1.8578469662e+000
      3871   1.9083638822e+000   5.9612634263e-001
      3872  -1.3611482475e+000   3.4822547150e-001
      3873   5.8438561774e-001   1.7839332288e+000
      3874  -1.2864166867e+000   4.0013059584e-001
      3875  -1.2583999344e+000   1.1575540151e+000
      3876   1.7991729566e+000  -4.2514406318e-001
      3877   2.1641407203e+000   2.4730310631e-001
      3878   1.9874659206e+000  -1.2260741165e-001
      3879  -9.3268954631e-001  -1.4037306842e+000
      3880  -1.1954751105e+000   1.3202708571e+000
      3881   2.2059479370e+000   1.7424720053e-001
      3882  -6.9599249081e-001   1.6947389314e+000
      3883   1.8881891502e+000  -9.6422563838e-002
      3884  -5.9607569497e-001   1.6831003769e+000
      3885   1.3995233807e-001   1.9553316314e+000
      3886  -6.4536282713e-001  -1.5629949148e+000
      3887   2.7660407129e-001  -2.0740261212e+000
      3888   8.9892432126e-001  -1.8412210639e+000
      3889   8.3620484268e-001  -2.0138278457e+000
      3890   7.4520905312e-001  -2.0942972095e+000
      3891   1.8304723411e+000   7.0039507566e-001
      3892   6.8619695933e-001   1.6642610798e+000
      3893   1.7679355920e+000  -3.6158882704e-001
      3894  -1.2451558757e-001   1.7939021669e+000
      3895   8.6067824786e-001   1.4584398722e+000
      3896   8.6659930701e-001   1.3824586078e+000
      3897   8.7136730621e-001   1.3093992847e+000
      3898  -1.1366664485e+000   1.4000556054e+000
      3899   7.7788529446e-001   1.5614303609e+000
      3900   3.7078767497e-001  -2.0533425653e+000
      3901   1.1918082237e+000   1.2000870429e+000
      3902   5.4321422118e-001  -2.0792270773e+000
      3903   5.2981604109e-002   1.9209933353e+000
      3904  -1.5284599715e-002   1.8835037622e+000
      3905  -1.4772975329e+000  -4.6829169581e-001
      3906  -1.4818412766e+000  -5.6900413175e-001
      3907   1.9080378151e+000   5.2345207278e-001
      3908  -1.4814468231e+000  -6.7228079943e-001
      3909  -1.4756984076e+000  -7.7862937284e-001
      3910  -1.4417449177e+000  -1.9712269794e-001
      3911  -1.3800152545e+000  -1.3020437437e-001
      3912  -9.9769830481e-001   1.5066668105e+000
      3913   1.0625034901e+000   1.2147929216e+000
      3914  -8.5031598035e-001   1.6086229093e+000
      3915   8.9004769499e-002  -1.9014254229e+000
      3916   5.1980122244e-002  -1.8131425435e+000
      3917  -1.2776398278e+000   6.3024170527e-001
      3918   9.6833859386e-001  -1.4100336326e+000
      3919   1.1635840516e+000  -1.3207120597e+000
      3920  -7.0773513765e-002  -1.7096457042e+000
      3921   2.1444857934e+000   1.7475646062e-002
      3922   2.0695293747e+000  -1.2395928171e-002
      3923   2.9514991760e-001   1.9151544934e+000
      3924  -4.4558655412e-001   1.7474801858e+000
      3925  -3.6977560409e-001   1.7298478596e+000
      3926   1.6126535506e+000   1.1922371008e+000
      3927   1.5266947168e+000   1.2023449058e+000
      3928   1.0845843501e+000  -1.3306397541e+000
      3929   1.8236761490e+000  -6.2078569231e-001
      3930   1.7918438829e+000  -5.5045460266e-001
      3931   1.8294966784e+000  -1.0941867153e+000
      3932   1.8372055009e+000  -1.0098647231e+000
      3933   1.7496425527e+000  -1.1254275650e+000
      3934   1.6696619713e+000  -1.1535164687e+000
      3935   1.5895745148e+000  -1.1770707967e+000
      3936   1.5095652992e+000  -1.1953939598e+000
      3937   2.2803945697e-001  -1.9913718682e+000
      3938  -4.9043615505e-001  -1.6119827657e+000
      3939   1.6453140866e+000   1.1134390231e+000
      3940   1.6745425073e+000   1.0346200673e+000
      3941   1.7004657739e+000   9.5624033688e-001
      3942   1.7231174400e+000   8.7844468455e-001
      3943   1.7418540836e+000   8.0102028745e-001
      3944   1.4301298777e+000  -1.2099635113e+000
      3945   1.3513838410e+000  -1.2231332723e+000
      3946   1.2732044669e+000  -1.2360898783e+000
      3947  -1.1529529407e+000  -1.2715001842e+000
      3948  -1.0592029571e+000  -1.2973864419e+000
      3949  -3.3171604410e-001  -1.6209843585e+000
      3950   8.8752778805e-001  -1.7312242897e+000
      3951   8.4063272703e-001  -1.6378999743e+000
      3952   1.8551294825e+000  -9.2149818135e-001
      3953   1.8283018715e+000  -8.3431730328e-001
      3954   1.8003948547e+000  -7.5681765787e-001
      3955   1.4431375198e+000   1.2090111573e+000
      3956   1.3611905650e+000   1.2119957728e+000
      3957   1.9108911733e+000  -1.4853615147e-001
      3958   1.8447564071e+000  -1.8251259605e-001
      3959  -1.2576817705e+000  -1.1370454425e+000
      3960  -1.4114066834e+000  -2.8325119273e-001
      3961  -1.3188163265e+000   9.9069667885e-001
      3962  -1.2970260514e+000   8.9246288671e-001
      3963  -1.3424541259e+000   2.5715633395e-001
      3964  -1.3247165116e+000  -9.9780350047e-001
      3965  -1.3667215053e+000  -9.1620697772e-001
      3966  -1.2471192462e+000   4.8037422989e-001
      3967   1.9508871502e+000   4.1758197524e-001
      3968   1.9905943127e+000   3.6105451813e-001
      3969   2.0315520358e+000   2.9920125359e-001
      3970  -2.3669145798e-001   1.6857807189e+000
      3971  -3.2169634424e-001   1.6627787562e+000
      3972   1.7720775245e+000  -2.5761454479e-001
      3973   1.7796005763e+000  -2.0356036984e-001
      3974   8.4602623882e-001  -1.4851158654e+000
      3975   8.8817329843e-001  -1.4141216083e+000
      3976   9.3795330421e-001   1.2116092937e+000
      3977   9.9841015454e-001   1.1802516458e+000
      3978  -1.3379515961e+000   2.0379604798e-002
      3979  -1.3171869461e+000  -6.6616555231e-002
      3980  -1.7665708320e-001  -1.5969343129e+000
      3981  -2.5701728052e-001  -1.5658332612e+000
      3982   8.6528846027e-001   8.3020246481e-001
      3983  -6.0682640344e-001  -1.8096182843e-001
      3984   8.5090502744e-001  -8.5687540202e-001
      3985   3.9193575606e-001   8.8278718692e-001
      3986   1.2051981993e+000  -6.7367571511e-001
      3987  -4.2766017182e-001   4.7673118705e-001
      3988   9.3371146345e-001  -8.0364174837e-001
      3989   1.7291905586e+000  -2.9816114016e-001
      3990   1.2730210115e+000  -6.8535198521e-001
      3991   1.5753633023e+000   5.1317895581e-001
      3992   1.5891496310e+000   5.7779961530e-001
      3993   1.7613540961e+000   1.6539258552e-001
      3994  -1.0007480318e-001  -7.4050751850e-001
      3995  -5.4734626692e-001  -2.6350397138e-001
      3996  -4.7351875145e-001  -3.5536799341e-001
      3997  -5.1740497869e-001  -3.1534178263e-001
      3998  -2.2032313674e-001   6.5603780565e-001
      3999   1.5792551235e+000  -4.9355703385e-001
      4000   1.5836189740e+000  -5.5140003090e-001
      4001  -3.9844114147e-001  -5.4525951108e-001
      4002  -1.5960675690e-001  -7.3708565415e-001
      4003   1.1773612301e-001  -8.4597070058e-001
      4004   3.9062673109e-002  -7.9753282570e-001
      4005  -1.8385894846e-002  -7.9683965543e-001
      4006   9.3973632521e-001   7.8144116664e-001
      4007  -4.6434837346e-001   3.8653097719e-001
      4008  -5.0709890688e-001   2.9989048651e-001
      4009  -5.5779260839e-001   2.7116103965e-001
      4010   1.8239144961e+000   1.3296903464e-001
      4011   1.8811575814e+000   2.8748867316e-002
      4012  -2.5263491400e-001  -7.0712325487e-001
      4013   1.6164972820e+000  -4.0313899930e-001
      4014   1.6667495837e+000  -3.7769448853e-001
      4015   1.4485000238e+000   7.0805511142e-001
      4016  -7.1982245639e-001   6.7780687672e-002
      4017  -6.0825570285e-001   1.8590059529e-001
      4018  -6.6321941094e-001   1.5851355609e-001
      4019  -4.0550743979e-001  -6.0692442539e-001
      4020   1.5405766644e+000  -6.4757789404e-001
      4021   1.2673297259e-002   8.7214050326e-001
      4022  -8.2986113548e-002   7.4072215035e-001
      4023  -6.5961351636e-002   8.0125560233e-001
      4024  -1.4282200228e-001   7.2916493636e-001
      4025   1.9025598213e-001   9.0210610335e-001
      4026   2.4837018145e-001   9.1173671505e-001
      4027   3.0572556568e-001   9.2132783653e-001
      4028   1.2806483543e+000   6.9617332812e-001
      4029   1.3393436615e+000   7.1933751450e-001
      4030   1.0139140788e+000  -7.4870504183e-001
      4031   1.6420037530e+000   2.8748815522e-001
      4032   1.7001623868e+000   2.6337677940e-001
      4033   1.0911437805e+000  -6.9192136919e-001
      4034   1.1465250008e+000  -6.8646321909e-001
      4035  -4.3857172152e-001  -4.5015619830e-001
      4036  -3.5830403109e-001   6.3907062732e-001
      4037  -4.4068368794e-001   5.3656104431e-001
      4038   4.4625092420e-001   8.8972033696e-001
      4039   5.0087368971e-001   8.9300602722e-001
      4040   5.5616465214e-001   8.9472852489e-001
      4041   6.1206644613e-001   8.9481726996e-001
      4042   6.6876340685e-001   8.9283649718e-001
      4043   7.2670827367e-001   8.8971909217e-001
      4044   7.8676877118e-001   8.8784833206e-001
      4045   1.5871424535e+000   3.9852049211e-001
      4046   1.6208675363e+000   3.4518177488e-001
      4047   1.0259822937e+000   7.3616126897e-001
      4048   1.0848885364e+000   7.3575286963e-001
      4049   1.1766409707e+000   7.0466764152e-001
      4050   1.3285672012e+000  -7.2647069890e-001
      4051   1.3840371498e+000  -7.6165304861e-001
      4052  -6.9565990025e-001  -1.2250667855e-001
      4053   1.8441622922e+000   2.3809501358e-001
      4054   1.4937205587e+000  -7.4749881002e-001
      4055   1.5444659194e+000  -7.1027100028e-001
      4056   9.4289666263e-002   9.4292430412e-001
      4057   3.3774951328e-002   9.3314825323e-001
      4058   1.5545881840e+000   6.7771582220e-001
      4059   1.5105047564e+000   7.2570245197e-001
      4060  -7.7217224651e-001  -3.1556730713e-002
      4061  -7.8028930355e-001   3.6786836292e-002
      4062   5.8995047318e-001  -9.0145626396e-001
      4063   6.4773047671e-001  -9.0220235491e-001
      4064   7.0580251661e-001  -9.0370002820e-001
      4065   7.6432242392e-001  -9.0625240997e-001
      4066   5.3236606100e-001  -9.0155013701e-001
      4067   4.7526836330e-001  -9.0203247891e-001
      4068   4.1868815253e-001  -9.0255585035e-001
      4069   3.6238839366e-001  -9.0281460109e-001
      4070   3.0596790016e-001  -9.0264623352e-001
      4071   2.4929296223e-001  -9.0194716372e-001
      4072   1.9239366925e-001  -9.0052796702e-001
      4073  -3.6122525857e-001  -7.0484548441e-001
      4074  -3.0919134483e-001  -7.4026085429e-001
      4075  -4.0955736854e-002   1.8073246602e+000
      4076  -8.3648398561e-001  -1.4052071157e+000
      4077   1.9344377476e+000  -7.8523175420e-002
      4078   4.8537276832e-001   1.7772041747e+000
      4079  -7.4827707697e-001   1.6063884984e+000
      4080   2.0429152958e-002  -1.7259378614e+000
      4081   4.6103543701e-001  -2.0176785454e+000
      4082   2.0763592942e+000   2.3635348887e-001
      4083   2.1185501978e+000   1.6568740759e-001
      4084   1.8397847443e+000   6.2595091688e-001
      4085  -1.2660333463e+000  -1.0549648005e+000
      4086   1.8460958124e+000   5.5420389642e-001
      4087  -4.0681754438e-001  -1.5752563478e+000
      4088  -9.6592654691e-001  -1.3131511589e+000
      4089   1.9998186563e+000  -4.8397460904e-002
      4090  -8.9592585120e-001   1.5140769623e+000
      4091   3.4991567948e-001   1.8423991951e+000
      4092   2.1641754075e+000   9.7919319477e-002
      4093  -1.2413873803e+000   1.0578448973e+000
      4094  -6.4920588130e-001   1.6000351974e+000
      4095  -6.9837637175e-001  -1.4842723901e+000
      4096   3.1002280930e-001  -1.9962066077e+000
      4097  -1.3831695264e+000  -8.1793396225e-001
      4098  -1.1752680398e+000   1.2235941816e+000
      4099   1.7567891662e+000   7.2460488761e-001
      4100   1.7765056298e+000  -6.8006936703e-001
      4101  -1.3704356552e+000   1.8189431506e-001
      4102  -1.3542544216e+000   1.0712824380e-001
      4103  -1.5138648234e-001   1.7056255149e+000
      4104  -1.1672873696e+000  -1.1696147077e+000
      4105   8.1984177659e-001  -1.9085201356e+000
      4106   2.0561639071e-001   1.8891117244e+000
      4107   1.7608425535e+000  -1.0420838358e+000
      4108  -1.2908953952e+000   3.1984299845e-001
      4109   1.9088135328e+000   4.6360667789e-001
      4110  -1.2708401710e+000   7.9625993240e-001
      4111  -1.2330802100e+000   7.0920429730e-001
      4112  -5.0008731521e-001   1.6695338366e+000
      4113   8.7529095715e-001   1.2392526014e+000
      4114  -1.2186079154e+000   5.5844551420e-001
      4115   7.8812726353e-001   1.4827934873e+000
      4116   7.9682452860e-001   1.4069628909e+000
      4117   8.0423842634e-001   1.3338796847e+000
      4118   1.7599157558e+000  -4.8304457867e-001
      4119   7.3541676407e-001  -1.9760008933e+000
      4120   6.4290580212e-001  -2.0332711952e+000
      4121  -9.2630854192e-002  -1.6215116765e+000
      4122  -1.0783711994e+000  -1.2015328183e+000
      4123  -3.3200742586e-001  -1.5286057389e+000
      4124  -1.3518598351e+000  -2.1695861602e-001
      4125  -1.2927001111e+000  -1.5249519790e-001
      4126   1.8835638382e-001  -1.9069286615e+000
      4127   1.4687796611e-001  -1.8220620910e+000
      4128   1.6844414815e+000  -1.0730438403e+000
      4129   1.6084282278e+000  -1.1007714970e+000
      4130   1.5320078494e+000  -1.1217544586e+000
      4131   1.4552810802e+000  -1.1363611176e+000
      4132  -4.0877798912e-001   1.6565141466e+000
      4133   8.0086182134e-001  -1.5566908879e+000
      4134  -1.3924123318e+000  -7.1770761303e-001
      4135  -1.3962088867e+000  -6.1861107670e-001
      4136  -1.3956118189e+000  -5.2189545870e-001
      4137  -1.3914044049e+000  -4.2970399710e-001
      4138  -1.3812655353e+000  -3.5349495591e-001
      4139   1.7252561431e+000  -4.1632346757e-001
      4140   2.0739540689e+000   8.0181565453e-002
      4141  -1.0390915966e+000   1.4058712354e+000
      4142   7.0135672002e-001   1.5825272265e+000
      4143   1.7477095955e+000  -6.0802286418e-001
      4144   1.5609959659e+000   1.1257181116e+000
      4145   1.4786072633e+000   1.1357012154e+000
      4146   1.3978270666e+000   1.1430230185e+000
      4147   1.1955741615e+000  -1.2484841424e+000
      4148   1.1181419177e+000  -1.2595164090e+000
      4149   1.2006632895e-001   1.8596362402e+000
      4150   3.9773065804e-002   1.8292330340e+000
      4151   1.0057170436e+000  -1.3385652896e+000
      4152   9.2745345423e-001  -1.3441643727e+000
      4153   1.1203118289e+000   1.1752484464e+000
      4154   1.0553728777e+000   1.1460215435e+000
      4155   1.5916948591e+000   1.0489757224e+000
      4156   1.6191486462e+000   9.7253650173e-001
      4157   1.6441232833e+000   8.9710285428e-001
      4158   1.6664678484e+000   8.2242736092e-001
      4159   1.3787086615e+000  -1.1489704163e+000
      4160   1.3021274799e+000  -1.1626495501e+000
      4161   6.0400860104e-001   1.6852540162e+000
      4162  -5.5466958974e-001  -1.5449784161e+000
      4163   8.0637064882e-001  -1.8057314384e+000
      4164   7.8459710601e-001  -1.7115782766e+000
      4165   1.3177772804e+000   1.1486716298e+000
      4166   1.2419176637e+000   1.1451667268e+000
      4167  -1.2224758149e+000   9.6057967207e-001
      4168  -1.1957363571e+000   4.1505631185e-001
      4169  -1.2174247743e+000   3.3541865115e-001
      4170   1.7773527856e+000  -8.8741882101e-001
      4171   1.7704424180e+000  -9.5933035774e-001
      4172   1.7370272223e+000  -8.1935873870e-001
      4173  -1.2817153516e+000  -9.2595259346e-001
      4174  -1.2287609633e+000  -9.8215665317e-001
      4175   1.9159687755e+000   3.5568534129e-001
      4176   1.8762815682e+000   4.1292245678e-001
      4177   1.9553513737e+000   2.9580595028e-001
      4178  -2.6228962390e-001   1.5977313069e+000
      4179  -1.7617965702e-001   1.6195259944e+000
      4180   9.3846030663e-001   1.1435931348e+000
      4181   8.7878420672e-001   1.1716939448e+000
      4182  -1.2542153597e+000  -6.3011108399e-003
      4183  -1.2704666124e+000   7.9775892245e-002
      4184   8.0897521950e-001  -1.4147847887e+000
      4185   7.6461254731e-001  -1.4821668696e+000
      4186  -1.8905226570e-001  -1.5097000441e+000
      4187  -1.1066687608e-001  -1.5360290326e+000
      4188   5.1960716115e-001   1.6951338905e+000
      4189  -7.9593513922e-001   1.5169488217e+000
      4190  -6.0848678097e-001  -1.4731591910e+000
      4191   3.8268776741e-001  -1.9593172680e+000
      4192  -6.9856477830e-001   1.5154655490e+000
      4193  -7.4360718759e-001  -1.4025744412e+000
      4194   1.6664790868e+000  -4.2729973683e-001
      4195   3.9571300028e-001   1.7667767739e+000
      4196   1.1709104200e+000   1.1294033833e+000
      4197   1.8421412094e+000   4.7854543067e-001
      4198   5.5259546800e-001  -1.9762769639e+000
      4199  -1.2833565701e+000   1.7334614401e-001
      4200  -1.2474648438e+000   2.5763685802e-001
      4201  -1.2928213323e+000  -8.4847508664e-001
      4202  -1.3054084523e+000  -7.5639284870e-001
      4203  -1.1860618341e+000   6.3274418556e-001
      4204   1.1181195514e-001  -1.7376050742e+000
      4205  -9.9316876439e-001  -1.2258430813e+000
      4206   1.1069759554e+000   1.1089212442e+000
      4207  -8.7324901535e-001  -1.3182581461e+000
      4208  -1.3119802474e+000  -6.6217122970e-001
      4209  -6.4287018767e-003  -1.6403376698e+000
      4210  -2.9481162255e-002  -1.5568074786e+000
      4211  -9.3802323243e-001   1.4193279727e+000
      4212   1.7174265616e+000  -5.4037607049e-001
      4213   1.6910947866e+000  -4.7694085499e-001
      4214   2.6315291274e-001   1.8222372907e+000
      4215   1.7938711026e-001   1.7963291732e+000
      4216   2.0037604307e+000   2.7151466562e-002
      4217  -1.1630345412e+000   1.1224570738e+000
      4218  -1.1482984799e+000   1.0251071208e+000
      4219   1.7690235462e+000   6.5022416391e-001
      4220   6.2365173903e-001   1.6007581716e+000
      4221   7.2624071491e-001  -1.8712019353e+000
      4222   6.4187905242e-001  -1.9280848452e+000
      4223   7.1475793802e-001   1.5039778686e+000
      4224   7.2622138796e-001   1.4283625008e+000
      4225   7.3618055724e-001   1.3554285520e+000
      4226   1.7805850024e+000   5.8059513372e-001
      4227   9.9558539847e-001   1.1122005437e+000
      4228  -5.5282881965e-001   1.5905996230e+000
      4229  -4.5759486730e-001   1.5792875774e+000
      4230  -6.7013853971e-002   1.7231444192e+000
      4231  -9.2055796300e-002   1.6382643092e+000
      4232   1.7243351326e+000  -7.3578833724e-001
      4233   1.7054400012e+000  -6.6303336872e-001
      4234   1.6944412702e+000  -9.9186026244e-001
      4235   1.6214635529e+000  -1.0255174795e+000
      4236   1.5509383254e+000  -1.0516824464e+000
      4237   1.4787745953e+000  -1.0661364414e+000
      4238   1.4051745712e+000  -1.0745977380e+000
      4239   1.3298408166e+000  -1.0879049420e+000
      4240  -1.2335032698e+000  -8.9686115969e-002
      4241  -1.3143872205e+000  -5.6825044030e-001
      4242  -1.3132425252e+000  -4.7601071321e-001
      4243  -1.3101827575e+000  -3.8683394648e-001
      4244  -1.3229461178e+000  -3.0108476447e-001
      4245  -1.2652032270e+000  -2.3859150913e-001
      4246   9.7889859936e-002   1.7682126797e+000
      4247   1.6836223643e+000   7.4673277296e-001
      4248  -1.1999255100e+000   8.6688001762e-001
      4249  -1.1708373760e+000   7.7890292443e-001
      4250   1.2257761612e+000  -1.1766162978e+000
      4251   1.5107859303e+000   1.0614384542e+000
      4252   1.4318452344e+000   1.0720838458e+000
      4253   1.3545987358e+000   1.0799613249e+000
      4254   1.2804544057e+000   1.0821739436e+000
      4255   1.1497695812e+000  -1.1892774358e+000
      4256  -1.0863104785e+000   1.2979864416e+000
      4257   7.5102839789e-001  -1.6260575314e+000
      4258   7.1618570476e-001  -1.5485191127e+000
      4259  -4.7279121864e-001  -1.5226477686e+000
      4260  -3.9999968711e-001  -1.4872710728e+000
      4261  -2.6376646921e-001  -1.4777174955e+000
      4262   8.5019591929e-001  -1.3472997340e+000
      4263   1.0408422397e+000  -1.2685149039e+000
      4264   1.6980652224e+000  -9.0526133673e-001
      4265   2.9329947751e-001  -1.9100668173e+000
      4266   2.3978007402e-001  -1.8276801709e+000
      4267   9.6403763022e-001  -1.2752620044e+000
      4268   1.9946426553e+000   2.3168696271e-001
      4269   2.0339887052e+000   1.6240771930e-001
      4270  -1.1764631218e+000  -1.0641155030e+000
      4271  -1.0893756757e+000  -1.1080462372e+000
      4272   8.1073985759e-001   1.2635763966e+000
      4273   8.1680922143e-001   1.1960863806e+000
      4274   1.5392459661e+000   9.8645513602e-001
      4275   1.5651237225e+000   9.1210828325e-001
      4276   1.5905465879e+000   8.4028841359e-001
      4277  -3.5675543031e-001   1.5680261557e+000
      4278   7.1431663639e-001  -1.7759422880e+000
      4279  -1.1648361009e+000   4.9232712816e-001
      4280  -1.2012673612e+000  -8.8752431033e-001
      4281  -1.2609019123e-001  -1.4535245550e+000
      4282  -4.9619366418e-002  -1.4757341610e+000
      4283  -1.1393954788e+000   3.5407834505e-001
      4284  -1.1143395401e+000   4.2976695728e-001
      4285   1.8810586442e+000   2.9522819691e-001
      4286   1.8425413004e+000   3.5355198856e-001
      4287   8.8200267304e-001   1.1060530973e+000
      4288   9.3907082715e-001   1.0766145065e+000
      4289  -1.1918908554e+000   4.8484606323e-002
      4290  -1.1737031857e+000  -3.0558418596e-002
      4291   7.3125110388e-001  -1.4120228755e+000
      4292   7.7424577521e-001  -1.3478074418e+000
      4293  -1.9772088725e-001   1.5374986075e+000
      4294  -1.1611062668e-001   1.5553578623e+000
      4295   1.1358899219e+000   7.3523847852e-001
      4296  -6.1380851495e-001  -2.4688734261e-001
      4297   3.6237291229e-001   9.3073989426e-001
      4298   9.1369575675e-001   8.2221407319e-001
      4299  -4.7294041038e-001   4.4261690939e-001
      4300  -2.1126959673e-001  -7.3687158142e-001
      4301  -2.5703690890e-001  -7.7451592545e-001
      4302  -6.7121776107e-001  -1.9007752896e-001
      4303   1.7680181279e+000   2.3509717023e-001
      4304   9.0916477477e-001  -8.5749395402e-001
      4305   9.9072658395e-001  -8.0157540623e-001
      4306   1.9387571375e+000  -1.1343062655e-002
      4307   1.4440963001e+000  -7.9200696641e-001
      4308   1.6273914981e+000  -4.6152995817e-001
      4309   1.6437675333e+000  -5.2606764479e-001
      4310   1.6141173309e+000   7.7013225209e-001
      4311   4.1853358676e-001   9.3829699358e-001
      4312  -7.7527195529e-002  -7.9552037510e-001
      4313   8.2331399369e-001  -9.0954708345e-001
      4314  -2.0384689008e-001   7.1710251066e-001
      4315   1.5914280625e+000   6.3727072566e-001
      4316   1.8144063116e+000   1.9018219974e-001
      4317  -4.7664845411e-002   8.6237349725e-001
      4318  -2.7443408552e-002   9.2372499270e-001
      4319   6.1601686064e-002  -8.4889533803e-001
      4320   4.6627937516e-003  -8.5174371355e-001
      4321  -6.1036267956e-001   2.4403192621e-001
      4322  -6.6505140432e-001   2.1877074653e-001
      4323  -4.1288918305e-001  -6.6974792684e-001
      4324   1.4003860846e+000   7.4521733361e-001
      4325   1.4653845291e+000   7.8418082070e-001
      4326   1.0715902792e+000  -7.4718590366e-001
      4327   1.1278329913e+000  -7.4120590951e-001
      4328   1.3585328284e-001  -8.9802426621e-001
      4329   1.2323537263e+000   7.3294690339e-001
      4330   1.2903721319e+000   7.5640086187e-001
      4331  -4.8461308297e-001   4.9881801182e-001
      4332  -4.4749074425e-001  -5.1043547656e-001
      4333  -4.5505707809e-001  -5.7196693851e-001
      4334   1.5452756980e-001   9.5294889058e-001
      4335   8.4723728138e-001   8.8306009342e-001
      4336   9.9707954326e-001   7.8786496981e-001
      4337   1.8976159480e+000   1.0436691251e-001
      4338  -1.2593658111e-001   7.9030140791e-001
      4339  -4.8619134334e-001  -4.1333200991e-001
      4340  -5.3421617367e-001  -3.7232929231e-001
      4341   2.1412818368e-001   9.6249905286e-001
      4342   2.7316472427e-001   9.7157622953e-001
      4343   1.6947674357e+000   3.3719658630e-001
      4344  -5.1357588463e-001   3.5655614984e-001
      4345  -5.6355566577e-001   3.2804528393e-001
      4346   1.5987628937e+000  -6.1253163314e-001
      4347   1.5974507590e+000  -6.7900297197e-001
      4348  -7.2007617614e-001   1.3109430964e-001
      4349  -7.7958015162e-001   1.0294044709e-001
      4350   4.7456629363e-001   9.4264326208e-001
      4351   5.3120413864e-001   9.4566638401e-001
      4352   5.8815275535e-001   9.4792023842e-001
      4353   6.4544535845e-001   9.4689801995e-001
      4354   7.0321999918e-001   9.4241470522e-001
      4355   7.6163690573e-001   9.3787943921e-001
      4356   1.6195552844e+000   4.6240302212e-001
      4357   1.6516212168e+000   5.3724984783e-001
      4358   1.6575986727e+000   4.0266453816e-001
      4359  -1.3810159141e-001  -7.9487654643e-001
      4360  -7.5980688465e-001  -9.9002371655e-002
      4361  -2.6667375925e-001   7.0457870504e-001
      4362  -3.3087188904e-001   6.9713350542e-001
      4363   1.0576255754e+000   7.9092878419e-001
      4364   1.5487633199e+000  -7.6665155244e-001
      4365   1.5113993298e+000  -8.1156915940e-001
      4366  -4.2404730577e-001   6.4155279065e-001
      4367  -4.6078996999e-001   5.9479981539e-001
      4368   1.2794466277e+000  -7.5308282366e-001
      4369   1.2339389586e+000  -7.2438131650e-001
      4370   1.3301368186e+000  -7.9493995991e-001
      4371   1.5701246119e+000   7.3050253208e-001
      4372   1.6247776804e+000   6.9348809139e-001
      4373  -3.6764935438e-001  -7.7034041775e-001
      4374  -3.1333771119e-001  -8.0927958111e-001
      4375   5.6825969527e-002   9.9490501297e-001
      4376   1.1851169254e-001   1.0049681387e+000
      4377   5.5858900211e-001  -9.5416698318e-001
      4378   6.1698558322e-001  -9.5437689073e-001
      4379   5.0047320976e-001  -9.5471261070e-001
      4380   6.7551100281e-001  -9.5518325424e-001
      4381   7.3422686095e-001  -9.5689003212e-001
      4382   4.4290230414e-001  -9.5546465626e-001
      4383   3.8587906876e-001  -9.5587173818e-001
      4384   3.2889935144e-001  -9.5564188303e-001
      4385   2.7157039758e-001  -9.5488650190e-001
      4386   2.1373746704e-001  -9.5352664156e-001
      4387  -8.3804853095e-001  -1.6119903713e-003
      4388  -8.2560681792e-001  -7.3051558208e-002
      4389   1.9849347201e+000   9.9843364311e-002
      4390  -1.0058233299e+000  -1.1360827500e+000
      4391  -1.1373198644e+000   6.9904235288e-001
      4392   4.3222617954e-001   1.6900336332e+000
      4393   7.4503342448e-001   1.2849630572e+000
      4394  -7.8277278211e-001  -1.3185530806e+000
      4395   6.9631988826e-001  -1.6899465968e+000
      4396   4.6876533690e-001  -1.9206359454e+000
      4397   8.1013278915e-002  -1.6543338462e+000
      4398   5.3663816947e-002  -1.5726967085e+000
      4399   2.9179309596e-002  -1.4931114556e+000
      4400  -3.3466264152e-001  -1.4413492431e+000
      4401   1.6980608235e+000   6.7182933427e-001
      4402   1.7111605419e+000   5.9707203861e-001
      4403   1.2119515077e+000   1.0778499323e+000
      4404   1.1484351904e+000   1.0630801245e+000
      4405  -6.5452388621e-001  -1.3975541119e+000
      4406  -1.1321784891e+000   5.6628272244e-001
      4407   1.9511921408e+000   1.6727234684e-001
      4408   1.9177631082e+000   2.3395551502e-001
      4409   7.5319282114e-001   1.2170694320e+000
      4410  -9.0672903299e-001  -1.2358468253e+000
      4411   8.8828198821e-001  -1.2800460228e+000
      4412   6.3704587463e-001  -1.8310798379e+000
      4413   1.2542278917e+000  -1.1040693805e+000
      4414   3.1285505076e-001   1.7553445749e+000
      4415   2.3313277969e-001   1.7346729730e+000
      4416   1.5496380535e-001   1.7064475970e+000
      4417  -2.7696524700e-001   1.5160421257e+000
      4418   1.6715508169e+000  -5.9571759245e-001
      4419  -6.0388222276e-001   1.5104831848e+000
      4420   2.0274608239e-001  -1.7458719785e+000
      4421   1.6038200688e-002   1.7431531839e+000
      4422  -8.6175181984e-003   1.6576285326e+000
      4423  -3.3388565912e-002   1.5734803191e+000
      4424  -8.3935456136e-001   1.4272679953e+000
      4425  -7.4370699788e-001   1.4300244318e+000
      4426   1.8039200952e+000   4.1207554598e-001
      4427  -5.1169633318e-001   1.5027394608e+000
      4428  -1.9970524957e-001  -1.4259418249e+000
      4429   8.2289195234e-001   1.1311228477e+000
      4430   1.6274313209e+000  -9.5259023850e-001
      4431  -4.2224147226e-001   1.4923297356e+000
      4432   1.5585995023e+000  -9.8309542212e-001
      4433   1.5012341038e+000  -1.0068950893e+000
      4434   1.7925028766e+000   5.2125265109e-001
      4435   1.0738982759e+000  -1.1997306740e+000
      4436  -5.2523054317e-001  -1.4579017939e+000
      4437  -4.5730014540e-001  -1.4477346526e+000
      4438   5.4459945628e-001   1.6129287826e+000
      4439   1.4348074813e+000  -1.0010296704e+000
      4440  -1.2004094713e+000   1.2910724497e-001
      4441  -1.1994615007e+000   1.9997922198e-001
      4442  -1.1533822542e+000   2.6629139162e-001
      4443   6.6430490164e-001  -1.6120026286e+000
      4444   1.0490655538e+000   1.0799192224e+000
      4445   9.9473349929e-001   1.0446634077e+000
      4446   1.1793149335e+000  -1.1191619042e+000
      4447   1.3581171509e+000  -1.0101211486e+000
      4448   1.4617797257e+000   9.9966307015e-001
      4449   1.3864395118e+000   1.0118760662e+000
      4450   1.3126596638e+000   1.0191374396e+000
      4451   6.4081690370e-001   1.5220327700e+000
      4452   6.5508882193e-001   1.4467995136e+000
      4453   6.6739147617e-001   1.3743541257e+000
      4454  -1.0818787694e+000   5.0435039692e-001
      4455   6.8448154549e-001  -1.4757679943e+000
      4456   8.1383185406e-001  -1.2832008830e+000
      4457  -1.2100896188e+000  -1.7186950328e-001
      4458  -1.1535379454e+000  -1.1017843556e-001
      4459   9.9835272420e-001  -1.2076181833e+000
      4460   1.8094715685e+000   2.9451564038e-001
      4461  -9.7726100476e-001   1.3246413062e+000
      4462  -1.2216610877e+000  -7.9211028225e-001
      4463  -1.2296028411e+000  -7.0182655539e-001
      4464  -1.2345973233e+000  -6.1096588324e-001
      4465  -1.2362514756e+000  -5.1999142099e-001
      4466  -1.2349774548e+000  -4.2857927062e-001
      4467  -1.2333319526e+000  -3.3092439306e-001
      4468  -1.1398206814e+000  -9.6437725741e-001
      4469  -1.0914396280e+000  -1.0259297625e+000
      4470   1.4871851082e+000   9.2503803468e-001
      4471   1.5124462993e+000   8.5160425260e-001
      4472  -1.1300552117e+000   9.3195567077e-001
      4473  -1.1065737650e+000   8.4296722419e-001
      4474  -1.0831904689e+000   1.1844323876e+000
      4475  -1.0732562416e+000   1.0852001002e+000
      4476   1.6629106640e+000  -7.7795425692e-001
      4477   1.6617557075e+000  -8.4068186708e-001
      4478   1.6571403173e+000  -7.0962085858e-001
      4479   3.2109103861e-001  -1.8253269789e+000
      4480   3.8810757022e-001  -1.8680170157e+000
      4481  -6.7491051024e-002  -1.3975131356e+000
      4482  -1.3948609263e-001  -1.3742547966e+000
      4483   8.8433752137e-001   1.0417331561e+000
      4484   1.6254214560e+000  -5.7182528299e-001
      4485   8.8161781267e-001   9.2556443702e-001
      4486   8.2884794983e-001   1.0684583768e+000
      4487  -1.3988863355e-001   1.4756214550e+000
      4488  -5.8994974611e-002   1.4915502991e+000
      4489  -1.1137070919e+000   2.6580272970e-002
      4490  -1.0961156491e+000  -5.1777594571e-002
      4491  -1.0620896441e+000   3.7135140279e-001
      4492  -1.0858914651e+000   3.0808629106e-001
      4493   6.9991185731e-001  -1.3455699477e+000
      4494   7.4084172841e-001  -1.2843993024e+000
      4495   1.0957625620e+000   1.0504983603e+000
      4496   4.6348746312e-001   1.6151800496e+000
      4497  -1.0132091038e+000  -1.0461791150e+000
      4498   1.6138648124e+000  -8.8491401349e-001
      4499   1.0517926658e+000   1.0141546579e+000
      4500   1.7642189619e+000   4.6774707306e-001
      4501  -1.0753980764e+000   7.5793090626e-001
      4502  -6.9481010082e-001  -1.3189197028e+000
      4503   1.5632369781e+000  -9.2636851671e-001
      4504   1.9411869790e+000   5.0998595480e-002
      4505   1.7290951531e+000   5.2873277996e-001
      4506   1.4879408944e+000  -9.3846107535e-001
      4507  -5.6983812281e-001  -1.3904999487e+000
      4508   1.6462263061e+000  -6.5106692907e-001
      4509  -4.8286738571e-001  -1.3736122553e+000
      4510   2.9293661811e-001  -1.7522482758e+000
      4511   7.0731767745e-003  -1.4158633221e+000
      4512  -1.0009902654e+000   1.2315379309e+000
      4513  -3.4272009818e-001   1.4721702981e+000
      4514   3.4823068953e-001   1.6807028832e+000
      4515   2.7908412446e-001   1.6805475900e+000
      4516   2.1301213848e-001   1.6469349922e+000
      4517  -1.0594022741e+000   9.9256980941e-001
      4518  -8.7863037423e-001   1.3386764032e+000
      4519  -7.8467122416e-001   1.3446232261e+000
      4520   5.5438136466e-001  -1.8781899976e+000
      4521   1.2417968419e+000   1.0189725073e+000
      4522   1.1823456005e+000   1.0203094602e+000
      4523   7.3916391760e-002   1.6803980191e+000
      4524   6.3186010823e-001  -1.5394044026e+000
      4525  -4.0375255401e-001  -1.4035258933e+000
      4526   5.6658209102e-001   1.5359757919e+000
      4527  -6.5090075630e-001   1.4291947191e+000
      4528   5.8404429282e-001   1.4620398784e+000
      4529  -1.1073932938e+000   6.3082281685e-001
      4530  -1.0400071997e+000   5.8338933280e-001
      4531  -1.1841358353e+000  -2.5183470417e-001
      4532  -5.6083757926e-001   1.4253983647e+000
      4533   1.8768511366e+000   1.7678692227e-001
      4534  -1.1342718185e+000   9.5388549087e-002
      4535  -1.1183018326e+000   1.7245871109e-001
      4536  -1.0655223089e+000   2.4344566699e-001
      4537  -9.3706149426e-001  -1.1646350230e+000
      4538   1.5423083204e+000   7.8550547432e-001
      4539  -2.1557447357e-001   1.4606617047e+000
      4540  -4.7398354609e-001   1.4184883640e+000
      4541   6.5579895429e-001  -1.4060437336e+000
      4542   9.3903963737e-001   1.0104143937e+000
      4543   1.6907417891e-001  -1.6646155066e+000
      4544   1.3820253284e-001  -1.5846032170e+000
      4545   1.0983067325e-001  -1.5063472168e+000
      4546  -8.1843510581e-001  -1.2333137097e+000
      4547   1.2810756585e+000  -1.0299329972e+000
      4548   1.6457378833e+000   6.1822713631e-001
      4549   1.2063424580e+000  -1.0487088571e+000
      4550  -1.0387478690e+000   4.4044675879e-001
      4551   6.7859670030e-001   1.3040903669e+000
      4552   6.8877560263e-001   1.2357493269e+000
      4553   7.6142842370e-001   1.1519086550e+000
      4554   1.7478922745e+000   2.9636166654e-001
      4555   7.7046070259e-001   1.0897240102e+000
      4556   5.9797942150e-001   1.3906410930e+000
      4557   1.5908128111e+000  -8.1505216804e-001
      4558   1.6013586553e+000  -7.4395055793e-001
      4559   1.1048973872e+000  -1.1316703651e+000
      4560   1.0307825878e+000  -1.1411390591e+000
      4561  -2.7055060169e-001  -1.3936316027e+000
      4562  -2.0892927446e-001  -1.3457514470e+000
      4563   1.4135680873e+000   9.4161955173e-001
      4564   1.3418090469e+000   9.5730090009e-001
      4565  -1.0421867241e+000   9.0407008856e-001
      4566   4.9766533568e-002   1.5942248195e+000
      4567   2.4094844082e-002   1.5098224811e+000
      4568   9.2350753489e-001  -1.2132251821e+000
      4569   8.5013477436e-001  -1.2180286135e+000
      4570   7.7829633268e-001  -1.2224954910e+000
      4571   6.3010346689e-001  -1.7432178958e+000
      4572   6.2251746861e-001  -1.6690541167e+000
      4573  -1.1309549797e+000  -1.8845151653e-001
      4574  -1.0766975278e+000  -1.2911357643e-001
      4575   1.4326467767e+000   8.6300369221e-001
      4576  -9.9800920335e-001   1.1372624068e+000
      4577   1.3916645824e+000  -9.2480355767e-001
      4578   3.8866475474e-001  -1.7685556801e+000
      4579   1.7705441131e+000   3.5109049830e-001
      4580  -1.0089210766e+000   3.0973381844e-001
      4581  -1.0384460095e+000  -9.5093586190e-001
      4582  -1.1039175486e+000  -8.7971364109e-001
      4583  -1.1479581476e+000  -8.1754991210e-001
      4584  -1.1489400049e+000  -7.3929964098e-001
      4585  -1.1559065325e+000  -6.5145608982e-001
      4586  -1.1605255637e+000  -5.6295995718e-001
      4587  -1.1613054828e+000  -4.7501148089e-001
      4588  -1.1585839630e+000  -3.8886296053e-001
      4589  -8.3373834038e-002  -1.3225277497e+000
      4590  -1.3130840758e-002  -1.3411885907e+000
      4591  -8.7648224286e-002   1.4129676341e+000
      4592  -1.6661303111e-001   1.3992339566e+000
      4593  -1.0385502100e+000   5.0093268118e-003
      4594  -1.0553919388e+000   9.3040939948e-002
      4595   8.3263838766e-001   1.0073682436e+000
      4596   8.8320559614e-001   9.7896338981e-001
      4597   6.6961687367e-001  -1.2830639512e+000
      4598   7.0809033774e-001  -1.2248956517e+000
      4599   9.6469836970e-001   8.3851359876e-001
      4600  -1.9963385696e-001  -7.9292790768e-001
      4601  -5.2095578440e-001   4.1185846497e-001
      4602   3.3188809048e-001   9.8057706810e-001
      4603  -5.7106875826e-001   3.8388838437e-001
      4604   1.1228285201e+000   7.9310817276e-001
      4605   1.5457073823e-001  -9.5100938822e-001
      4606   3.9032708948e-001   9.8903106171e-001
      4607   4.4795409627e-001   9.9419483021e-001
      4608   9.1595504458e-001   8.7917372688e-001
      4609   9.6740728505e-001  -8.5582505368e-001
      4610   7.9366053212e-001  -9.6099358915e-001
      4611   8.8285076374e-001  -9.1191642234e-001
      4612   8.2601165546e-001   9.4234003313e-001
      4613   1.0247202548e+000   8.4394613096e-001
      4614  -7.1936319298e-001   1.9280613862e-001
      4615  -6.1268529690e-001   2.9999258325e-001
      4616  -6.6607115982e-001   2.7621541807e-001
      4617   1.1845447128e+000  -7.3159639772e-001
      4618  -5.2817337088e-001   4.6506019068e-001
      4619   8.6427064867e-002  -8.9091602069e-001
      4620   3.1594511486e-002  -9.0997703690e-001
      4621   1.0480706173e+000  -7.9898512689e-001
      4622   1.1101166997e+000  -8.0337148490e-001
      4623   1.7967918565e-001   1.0147291098e+000
      4624   2.4017470999e-001   1.0235120150e+000
      4625  -4.9817665259e-003   9.8541615182e-001
      4626  -5.0220859161e-001   5.5446919597e-001
      4627   1.6909691636e+000   4.6795724336e-001
      4628   5.0469345555e-001   9.9518099637e-001
      4629   5.6289505223e-001   1.0004563007e+000
      4630  -5.3464529209e-002  -8.4878347413e-001
      4631  -1.1312287643e-001  -8.5038901758e-001
      4632  -1.0835619953e-001   8.5230831350e-001
      4633  -8.9507157754e-002   9.1484213192e-001
      4634  -4.2013543311e-001  -7.3327359459e-001
      4635   1.3865579198e+000  -8.3756932344e-001
      4636   1.4577761583e+000  -8.6507095142e-001
      4637   1.1821249555e+000   7.6558756027e-001
      4638   1.2403342470e+000   7.9895514741e-001
      4639  -4.6348059709e-001  -6.3480237214e-001
      4640   6.2129207298e-001   1.0037489923e+000
      4641  -1.8637214395e-001   7.7872008266e-001
      4642  -2.4763392870e-001   7.6728195073e-001
      4643   6.8122381175e-001   9.9794366182e-001
      4644   7.3824657787e-001   9.8968256346e-001
      4645  -3.9584387577e-001   6.9621852197e-001
      4646  -4.9696759241e-001  -4.7453659133e-001
      4647  -5.0561652518e-001  -5.3678263346e-001
      4648  -5.4544239781e-001  -4.3603265445e-001
      4649  -2.5131584095e-001  -8.4992435305e-001
      4650  -7.7680603909e-001   1.6859641316e-001
      4651  -8.4967744252e-001   7.6582510963e-002
      4652   7.8830572334e-001   9.8114443080e-001
      4653  -5.8556122690e-001  -3.2201035246e-001
      4654   1.3501106123e+000   7.7797999020e-001
      4655   1.4046689167e+000   8.0196635583e-001
      4656  -3.0975159981e-001   7.5829230585e-001
      4657  -7.4325163585e-001  -1.6556398768e-001
      4658  -8.1081934239e-001  -1.4158342467e-001
      4659   1.2270552472e+000  -7.8133160625e-001
      4660   1.2799427128e+000  -8.1046384333e-001
      4661   7.0387798618e-001  -1.0079538073e+000
      4662   7.6222508326e-001  -1.0094128939e+000
      4663   6.4491264159e-001  -1.0074375533e+000
      4664   5.8574798543e-001  -1.0071632995e+000
      4665   5.2667367531e-001  -1.0075083538e+000
      4666   4.6794689599e-001  -1.0086429019e+000
      4667   4.0996555794e-001  -1.0097108262e+000
      4668   3.5252888770e-001  -1.0095980896e+000
      4669   2.9483758249e-001  -1.0084947381e+000
      4670   2.3669255233e-001  -1.0072882693e+000
      4671  -4.8856978302e-001   6.4992535267e-001
      4672  -4.5795428106e-001   6.9718174883e-001
      4673  -3.7645140493e-001  -8.3692422821e-001
      4674  -4.2848977578e-001  -7.9754051169e-001
      4675   8.1920219726e-002   1.0578512361e+000
      4676   1.9220964436e-002   1.0479739071e+000
      4677  -8.9373000647e-001  -4.8029176474e-002
      4678  -8.7886628384e-001  -1.1850358767e-001
      4679  -9.2282552594e-001  -1.0792095245e+000
      4680   1.5362445035e+000  -8.7308668567e-001
      4681  -3.3978323122e-001  -1.3582888119e+000
      4682  -2.7630475213e-001  -1.3131024350e+000
      4683   1.7294570457e+000   4.0600009034e-001
      4684  -1.0485767513e+000   6.7507057435e-001
      4685   3.7882160628e-001   1.6072761635e+000
      4686   2.5740115908e-001  -1.6726448651e+000
      4687   4.9133402998e-001   1.5425622937e+000
      4688   5.1460964968e-001   1.4737656788e+000
      4689   5.2873500686e-001   1.4041843131e+000
      4690  -1.1525543963e+000  -3.1721355962e-001
      4691   2.8614909719e-001   1.5968462003e+000
      4692   5.7059115346e-001  -1.6076923583e+000
      4693  -8.6036424970e-001  -1.1537754476e+000
      4694   2.2385788651e-001  -1.5936238067e+000
      4695   1.9187878175e-001  -1.5162043954e+000
      4696   6.1139408451e-001   1.3213904180e+000
      4697  -2.7880334538e-001   1.4459850304e+000
      4698  -2.4135022394e-001   1.3887061067e+000
      4699   6.9831510120e-001   1.1694304288e+000
      4700   7.0916405045e-001   1.1058722344e+000
      4701  -1.1050871174e+000  -2.6412960784e-001
      4702  -6.1013202522e-001  -1.3173203362e+000
      4703  -1.0189204144e+000   8.1938818415e-001
      4704   1.3257390086e-001   1.6188199241e+000
      4705   1.1209045852e+000   9.9252312045e-001
      4706  -1.0302351667e+000   1.7341546349e-001
      4707   5.5424369923e-001  -1.7861338462e+000
      4708   4.7143860327e-001  -1.8261312074e+000
      4709   5.5579621647e-001  -1.6982868821e+000
      4710  -7.3068741234e-001  -1.2363573270e+000
      4711   9.9500162925e-001   9.7670618409e-001
      4712   9.3616719448e-001   9.4479055750e-001
      4713  -1.0029293359e+000   5.0591992982e-001
      4714  -3.9224272983e-001   1.4070287670e+000
      4715  -1.5078957121e-001  -1.2985473787e+000
      4716   6.2416903410e-001   1.2532711372e+000
      4717  -5.3871506391e-001  -1.3199492300e+000
      4718  -9.8851178665e-001   3.8457742751e-001
      4719  -9.8859933629e-001   2.3609576133e-001
      4720  -9.8642663710e-001   1.0480107025e+000
      4721  -9.7560497161e-001   9.5977048313e-001
      4722   6.2776829760e-001  -1.3405803804e+000
      4723  -6.9372484199e-001   1.3471564844e+000
      4724  -6.0527864471e-001   1.3473070390e+000
      4725  -5.1951079471e-001   1.3445728409e+000
      4726   7.8000573475e-001   1.0314562530e+000
      4727   1.2699957083e+000   9.6203427408e-001
      4728   1.1918329843e+000   9.5709523353e-001
      4729  -9.1129059793e-001   1.2540494631e+000
      4730  -9.3461595719e-001   1.1798474169e+000
      4731  -8.2155283441e-001   1.2605807711e+000
      4732  -9.4493887995e-001  -9.8184019963e-001
      4733   8.3770102861e-002  -1.4302069334e+000
      4734   5.9668219357e-002  -1.3563092512e+000
      4735   1.1333049751e+000  -1.0638725381e+000
      4736   3.4531349082e-001  -1.6813596935e+000
      4737   1.0610808685e+000  -1.0754303679e+000
      4738   1.3651449067e+000   8.9574060108e-001
      4739   6.0763740469e-001  -1.4655624039e+000
      4740   9.5690257120e-001  -1.1475633436e+000
      4741   1.3054667499e+000  -9.5292299453e-001
      4742   1.2297271757e+000  -9.7814519427e-001
      4743  -1.0551261020e+000  -2.0405718710e-001
      4744  -1.0213845664e+000  -7.3443583833e-002
      4745   8.8327559859e-001  -1.1516847134e+000
      4746   8.1211849890e-001  -1.1587277493e+000
      4747   7.4252157917e-001  -1.1664035647e+000
      4748   1.0849906934e-001   1.5324588330e+000
      4749  -4.2100644719e-003   1.4272734901e+000
      4750  -1.0286297642e+000  -8.6369263330e-001
      4751  -9.5600499898e-001  -8.9323423059e-001
      4752  -1.0677932795e+000  -7.8710112526e-001
      4753  -1.0774186347e+000  -6.9133818566e-001
      4754  -1.0856033299e+000  -6.0333774869e-001
      4755  -1.0894996590e+000  -5.1780116015e-001
      4756  -1.0877330043e+000  -4.3313942336e-001
      4757  -9.7871849492e-001   5.0764759937e-002
      4758  -9.7476142571e-001   1.2170926904e-001
      4759  -3.2093359917e-002  -1.2690759498e+000
      4760  -9.7235860343e-002  -1.2518496296e+000
      4761  -1.1996190406e-001   1.3379133600e+000
      4762   1.2706297188e+000   8.5664945894e-001
      4763  -3.8879452597e-002   1.3509189728e+000
      4764   6.4020914010e-001  -1.2242133947e+000
      4765   6.7573345147e-001  -1.1686343755e+000
      4766   1.3648013595e+000   8.3605900786e-001
      4767  -9.6001258357e-001   1.8058176350e-001
      4768   1.3215586217e+000   8.6218133571e-001
      4769   4.1521761395e-001   1.5404354909e+000
      4770  -3.1603260669e-001   1.3925465128e+000
      4771   5.5273493760e-001  -1.5229864397e+000
      4772   5.4205583612e-001   1.3366986253e+000
      4773   3.3536549686e-001   1.5240209492e+000
      4774   4.4410609737e-001   1.4746475637e+000
      4775   4.6881491569e-001   1.4192994019e+000
      4776  -9.7759473133e-001   7.3428179912e-001
      4777   1.9477997197e-001   1.5600153354e+000
      4778   1.6225645725e-001  -1.4409149905e+000
      4779  -7.6464721498e-001  -1.1448863044e+000
      4780   6.3497502663e-001   1.1862074403e+000
      4781   4.7920918506e-001  -1.7373791606e+000
      4782   4.2005236959e-001  -1.6886787296e+000
      4783   1.1579825359e+000  -9.9638979869e-001
      4784   1.3450752002e-001  -1.3680037718e+000
      4785  -9.6484352679e-001  -2.3064268578e-002
      4786  -2.1550030822e-001  -1.2685399962e+000
      4787  -1.5852241873e-001  -1.2262114882e+000
      4788  -8.5743951824e-001   1.1800153173e+000
      4789   1.3010521226e+000   9.0826426710e-001
      4790   1.2386139891e+000   9.0654466649e-001
      4791  -1.0027786820e+000  -1.4803648286e-001
      4792  -9.6010350520e-001   8.7761327033e-001
      4793  -1.9880514022e-001   1.3247709193e+000
      4794   5.5959831858e-001   1.2698185186e+000
      4795   7.2268088242e-001   1.0457295686e+000
      4796   1.3146812695e+000  -8.7087155688e-001
      4797   6.0065276127e-001  -1.2793888668e+000
      4798   9.8917306534e-001  -1.0833510812e+000
      4799  -4.3697662215e-001   1.3382982238e+000
      4800   6.4529698738e-001   1.1197350626e+000
      4801  -1.0797999465e+000  -3.4606226550e-001
      4802   5.8319063299e-001  -1.3967956806e+000
      4803  -9.7475290676e-001   4.4560905372e-001
      4804  -1.0322208401e+000  -2.7645908040e-001
      4805   3.1110899754e-001  -1.6011763670e+000
      4806   2.7482929100e-001  -1.5235604211e+000
      4807   1.0881542727e+000  -1.0102750843e+000
      4808   3.7011582482e-002  -1.2846731404e+000
      4809  -7.3268629633e-001   1.2646405581e+000
      4810  -6.4577130358e-001   1.2683227687e+000
      4811  -5.6096426978e-001   1.2701950945e+000
      4812  -6.4481405178e-001  -1.2437685839e+000
      4813  -5.5506302617e-001  -1.2409251976e+000
      4814  -9.0648474519e-001   1.1006218793e+000
      4815  -9.0845057009e-001   1.0089604566e+000
      4816   9.1683490763e-001  -1.0876177148e+000
      4817   1.2458462574e+000  -9.0934206820e-001
      4818  -4.1023357578e-001  -1.3225233159e+000
      4819  -4.7826869785e-001  -1.2821796864e+000
      4820  -3.4304576799e-001  -1.2782454582e+000
      4821   8.0536481389e-002   1.4468129553e+000
      4822   8.4120063195e-001  -1.0881148016e+000
      4823   7.7166434984e-001  -1.1084696054e+000
      4824   7.0707153233e-001  -1.1133612499e+000
      4825  -9.6802598361e-001   6.4145241617e-001
      4826  -9.5007326965e-001   5.6009341567e-001
      4827   5.0041960088e-002   1.3590607947e+000
      4828   1.0561243023e+000   9.4934645749e-001
      4829   9.9151210323e-001   9.0390933038e-001
      4830  -9.7652477865e-001  -8.0604011899e-001
      4831  -9.9804844241e-001  -7.2300849080e-001
      4832  -1.0106871699e+000  -6.3846282784e-001
      4833  -1.0190869338e+000  -5.5669696789e-001
      4834  -1.0209784041e+000  -4.7680249002e-001
      4835  -9.4292494401e-001   2.8051268366e-001
      4836  -9.1384422357e-001   2.2427083614e-001
      4837  -9.2885461955e-001   3.4082933711e-001
      4838  -8.7204065391e-001  -1.0070949153e+000
      4839  -8.2663477051e-001  -1.0718731519e+000
      4840  -8.6425375594e-001  -9.1938371110e-001
      4841  -9.1994300124e-001   8.5106253136e-002
      4842  -9.0681451063e-001   2.2837543149e-002
      4843  -5.1795418986e-002  -1.1986701418e+000
      4844   1.4791888033e-002  -1.2150302409e+000
      4845  -7.5721860461e-002   1.2787523294e+000
      4846  -1.9943854900e-003   1.2888386601e+000
      4847   6.1138589968e-001  -1.1680039624e+000
      4848   6.4425192594e-001  -1.1141223188e+000
      4849   8.5385862659e-001  -9.6628866034e-001
      4850  -3.7284500004e-001   7.5353369239e-001
      4851  -4.3653313820e-001   7.5165129506e-001
      4852  -6.2187962338e-001   3.5609069445e-001
      4853  -5.7812375275e-001   4.3879192113e-001
      4854  -7.2354939834e-001   2.5509159972e-001
      4855  -7.7201410411e-001   2.2622899982e-001
      4856   8.9723753079e-002  -9.4653826337e-001
      4857   9.4316982977e-001  -9.1153041518e-001
      4858   8.2171795184e-001  -1.0185505262e+000
      4859  -8.2961175153e-001   1.4290309160e-001
      4860  -5.2709411454e-001   6.0944018792e-001
      4861  -6.6294629397e-001   3.2656520679e-001
      4862  -5.1185711041e-001  -5.9915119146e-001
      4863   1.3050865177e+000   8.1315720442e-001
      4864  -3.3445577753e-002  -9.0467318905e-001
      4865   1.0245530801e+000  -8.5174807083e-001
      4866   1.0762075128e+000  -8.4599516883e-001
      4867   3.0019041729e-001   1.0313789359e+000
      4868   3.6062237696e-001   1.0401997088e+000
      4869  -8.5184005946e-002  -8.9797996007e-001
      4870   4.2170601987e-001   1.0491192750e+000
      4871  -5.4213724804e-001   5.1722268799e-001
      4872  -4.7314944564e-001  -6.9815406143e-001
      4873  -4.8019174393e-001  -7.6049779628e-001
      4874  -1.7669794153e-001  -8.5272274990e-001
      4875   1.7840382292e-001  -1.0054990706e+000
      4876   1.1668811334e+000  -7.8374219736e-001
      4877   6.6083927257e-001   1.0569091146e+000
      4878   4.8122305260e-001   1.0496608391e+000
      4879   5.3464270295e-001   1.0419999301e+000
      4880   5.9187819607e-001   1.0659043934e+000
      4881  -6.7783527913e-002   9.7668093928e-001
      4882  -4.3515343560e-002   1.0386021606e+000
      4883   1.0865321980e+000   8.4807276408e-001
      4884  -5.5808746503e-001  -5.0130781664e-001
      4885  -1.6897287908e-001   8.4129787170e-001
      4886  -1.5151546972e-001   9.0516488351e-001
      4887  -2.2933489164e-001   8.2944160697e-001
      4888  -2.9017533672e-001   8.1925105567e-001
      4889  -5.9288274260e-001  -3.9454031228e-001
      4890   1.4485488093e-001   1.0682255193e+000
      4891   2.0717573569e-001   1.0776231446e+000
      4892   1.1805134175e+000   8.2401548329e-001
      4893  -3.2362332817e-001  -8.7938530775e-001
      4894   1.2451013586e+000  -8.4587364476e-001
      4895  -6.7795050455e-001  -2.5427495929e-001
      4896  -7.3211993683e-001  -2.3088554213e-001
      4897  -6.5609924711e-001  -3.0874297870e-001
      4898  -7.9615546086e-001  -2.0783313712e-001
      4899  -8.6281427813e-001  -1.8653834212e-001
      4900  -5.1345386891e-001   6.9817094053e-001
      4901  -5.5394488507e-001   6.6577511293e-001
      4902  -9.4895959170e-001  -9.6196757678e-002
      4903   6.7439721020e-001  -1.0606036084e+000
      4904   7.3360500621e-001  -1.0598704465e+000
      4905   6.1423152059e-001  -1.0604807414e+000
      4906   5.5414442464e-001  -1.0603289458e+000
      4907   4.9430160965e-001  -1.0613704646e+000
      4908   4.3480686602e-001  -1.0638753851e+000
      4909   3.7647064897e-001  -1.0651556006e+000
      4910   3.1877691401e-001  -1.0631693841e+000
      4911   2.6036567015e-001  -1.0610194118e+000
      4912   4.4572311628e-002   1.1114626288e+000
      4913   1.0903538505e-001   1.1222688431e+000
      4914  -4.4001724489e-001  -8.6200006838e-001
      4915  -3.8993647188e-001  -9.0396734359e-001
      4916   3.7939414492e-001   1.4723387055e+000
      4917   4.6513213913e-001   1.3505482241e+000
      4918   1.0556532242e+000   8.9282986076e-001
      4919  -3.5714704573e-001   1.3291797270e+000
      4920  -9.2740779473e-001   4.8564163540e-001
      4921  -9.1814805199e-001   4.1127788550e-001
      4922   3.9857065761e-001   1.4017869835e+000
      4923   2.5365044189e-001   1.4987398732e+000
      4924  -8.9575656891e-001   9.2569582971e-001
      4925   1.1194182211e+000   9.1433756418e-001
      4926   1.1805999305e+000   8.8755283456e-001
      4927  -8.9634393651e-001   1.4968673492e-001
      4928   4.8687820572e-001  -1.6500982465e+000
      4929   4.8747152296e-001  -1.5710621853e+000
      4930  -6.7499751710e-001  -1.1662055636e+000
      4931  -7.6915661807e-001   1.1821133522e+000
      4932  -6.0391564769e-001  -1.1791628255e+000
      4933  -8.9376973991e-001  -8.2884051772e-001
      4934   7.8732669169e-001  -1.0576003734e+000
      4935   4.9495181296e-001   1.2833099375e+000
      4936   5.7231538405e-001   1.2036012997e+000
      4937   5.8241188447e-001   1.1371141854e+000
      4938  -2.7739811812e-001   1.3213298629e+000
      4939  -1.0866284510e-001  -1.1898993529e+000
      4940   2.7038068944e-001   1.3455026886e+000
      4941  -6.8301933305e-001   1.1872302153e+000
      4942  -1.5200541126e-001   1.2648248851e+000
      4943  -4.7888481827e-001   1.2684368942e+000
      4944   5.5714051982e-001  -1.3333023720e+000
      4945   5.3627571217e-001  -1.4505155287e+000
      4946  -9.4526504491e-001   8.0639105307e-001
      4947   5.7526741866e-001  -1.2215406120e+000
      4948   1.0852286354e-001  -1.2972347906e+000
      4949   8.3828517518e-002  -1.2287907353e+000
      4950   2.4210634231e-001  -1.4485469252e+000
      4951  -4.0925267163e-001  -1.2408076914e+000
      4952   4.0393877040e-001  -1.6075995919e+000
      4953   3.5698198875e-001  -1.5291965620e+000
      4954  -1.0145581149e+000  -3.9960919325e-001
      4955  -1.0049642622e+000  -3.3596380875e-001
      4956  -5.9860330964e-001   1.1952269114e+000
      4957   1.1770268289e+000  -9.3018132167e-001
      4958   1.1106042803e+000  -9.4512371238e-001
      4959   1.0190493296e+000  -1.0203132126e+000
      4960   9.5065394032e-001  -1.0259119229e+000
      4961  -2.7879000693e-001  -1.2352336701e+000
      4962  -2.1700232252e-001  -1.1927570457e+000
      4963   1.6684830043e-001   1.4726218582e+000
      4964  -8.1073341323e-001   1.1070693156e+000
      4965  -8.4698640928e-001   1.0448006636e+000
      4966   8.8334097918e-001  -1.0269126794e+000
      4967   2.1106566403e-001  -1.3760828903e+000
      4968  -9.8255133624e-001  -2.1993006600e-001
      4969  -8.7408022046e-001   2.8736676679e-001
      4970   1.2219236609e+000   8.5392717039e-001
      4971   1.3804028552e-001   1.3890634992e+000
      4972  -9.1698519399e-001  -7.4558353492e-001
      4973  -9.3506408717e-001  -6.6573253628e-001
      4974  -9.4800945507e-001  -5.8802336954e-001
      4975  -9.5701160720e-001  -5.1402290858e-001
      4976  -8.9774999767e-001   6.8603588389e-001
      4977  -8.8642112345e-001   7.6359079317e-001
      4978  -8.8902225367e-001   6.0730300125e-001
      4979   5.9014203034e-002   1.2871126454e+000
      4980   1.1805601700e-001   1.3123936390e+000
      4981  -7.9913350755e-001  -9.8651273022e-001
      4982  -8.4827901550e-003  -1.1463148808e+000
      4983  -8.2836399441e-002  -1.1259761623e+000
      4984  -3.4473678036e-002   1.2210540517e+000
      4985   3.2270545849e-002   1.2288151232e+000
      4986   5.8269268063e-001  -1.1136558191e+000
      4987   5.4968474002e-001  -1.1662353318e+000
      4988   1.1373048223e+000   8.5352513614e-001
      4989   4.2610954011e-001  -1.5323179522e+000
      4990  -8.6927072612e-001   5.3097323609e-001
      4991   3.1248737082e-001   1.4299329171e+000
      4992   1.1918338401e+000  -8.7213235436e-001
      4993   1.1267839288e+000  -8.7659167128e-001
      4994  -8.8230896699e-001   8.4420826258e-001
      4995  -3.9913418369e-001   1.2636041037e+000
      4996   4.8046720637e-001  -1.4952094886e+000
      4997  -9.5985248680e-001  -2.8922548920e-001
      4998  -8.3264077813e-001   9.7321390774e-001
      4999   5.1174535349e-001   1.2207054550e+000
      5000  -3.1947125414e-001   1.2568835077e+000
      5001  -8.4809598431e-001   3.6636492105e-001
      5002   5.2035085363e-001   1.1570124829e+000
      5003  -9.3162002057e-001  -1.6724586316e-001
      5004  -1.5514474384e-001  -1.1539054905e+000
      5005   1.8150619410e-001  -1.3066866396e+000
      5006   1.0446828646e+000  -9.5850244173e-001
      5007  -3.4208301055e-001  -1.2008314789e+000
      5008  -2.7758817829e-001  -1.1593219709e+000
      5009  -2.3434063648e-001   1.2471501401e+000
      5010   5.1295341264e-001  -1.3857279687e+000
      5011   1.5425227386e-001  -1.2386477333e+000
      5012   9.1566154539e-001  -9.6845390902e-001
      5013   5.3363803434e-001  -1.2737566532e+000
      5014   5.1452307409e-001  -1.2172491399e+000
      5015  -1.0359362008e-001   1.2094506316e+000
      5016  -5.1752151349e-001   1.1979508452e+000
      5017  -7.4421232823e-001  -1.0500651913e+000
      5018  -6.9070949680e-001  -1.0976969827e+000
      5019  -6.0905438443e-001  -1.0977608233e+000
      5020   3.2325660836e-001  -1.4535960750e+000
      5021   9.7955398744e-001  -9.6573435762e-001
      5022   2.8853521302e-001  -1.3813106822e+000
      5023   1.1987931098e+000  -8.2260035469e-001
      5024  -9.5405470356e-001  -4.4074906028e-001
      5025  -9.3780224717e-001  -3.6446981535e-001
      5026  -7.7481496527e-001   1.0297917764e+000
      5027  -7.1760451344e-001   1.0983160801e+000
      5028  -6.3131130667e-001   1.1199737018e+000
      5029  -4.7596088363e-001  -1.1995162247e+000
      5030  -5.3872524883e-001  -1.1511256646e+000
      5031   6.0028954099e-002  -1.1626622364e+000
      5032   2.2332843027e-001   1.4117906630e+000
      5033   1.9299374931e-001   1.3317383014e+000
      5034  -8.3777228467e-001   2.1457285860e-001
      5035   9.8316962856e-002   1.2410568463e+000
      5036   4.3765177775e-001   1.2870954809e+000
      5037   3.9031086629e-001   1.3203109339e+000
      5038  -7.7133687207e-001  -9.0790980113e-001
      5039  -8.1207053680e-001  -8.3889622313e-001
      5040  -8.3895640347e-001  -7.6219282767e-001
      5041  -8.5974545069e-001  -6.8576785992e-001
      5042  -8.7613339342e-001  -6.1087668115e-001
      5043  -8.8951130511e-001  -5.3900454244e-001
      5044  -8.3366912022e-001   6.4779672384e-001
      5045  -8.1064741373e-001   5.8176955244e-001
      5046  -8.1967010825e-001   7.1462789410e-001
      5047   5.5999891764e-003   1.1655003431e+000
      5048  -5.9705056371e-002   1.1555163318e+000
      5049  -2.4027887014e-002  -1.0779085982e+000
      5050   3.9863073679e-002  -1.0986699035e+000
      5051   5.2219721727e-001  -1.1133699843e+000
      5052   4.9060193762e-001  -1.1648911844e+000
      5053  -6.3850161304e-001  -3.6173817019e-001
      5054   1.1566784752e+000  -8.3218944103e-001
      5055   5.2813173469e-001   1.0954041583e+000
      5056  -6.2988356000e-001   4.1245821464e-001
      5057  -5.7815014933e-001   4.8503221168e-001
      5058  -6.9022155742e-001   3.7927232276e-001
      5059  -5.6395987981e-001   5.6863031782e-001
      5060  -5.9518472038e-001   6.2249791095e-001
      5061  -4.9980585008e-001   7.4724970078e-001
      5062  -1.4099540581e-001  -9.1407393399e-001
      5063   4.6174552946e-001  -1.1160194416e+000
      5064   4.0079231895e-001  -1.1221907978e+000
      5065   3.4203924148e-001  -1.1217029717e+000
      5066   2.8467689610e-001  -1.1138099334e+000
      5067   2.6841133425e-001   1.0847611884e+000
      5068   3.2847084575e-001   1.0900207144e+000
      5069   3.9031501653e-001   1.1018099967e+000
      5070   4.5904276004e-001   1.1144612913e+000
      5071  -2.1270664801e-001   8.9324762601e-001
      5072  -1.3256736051e-001   9.7009061335e-001
      5073  -1.0722305446e-001   1.0306570137e+000
      5074  -7.1978810092e-001   3.1657437582e-001
      5075  -7.9369298345e-001   2.9198907857e-001
      5076   1.2069773469e-001  -1.0021041477e+000
      5077  -2.1051888912e-001  -9.1179047022e-001
      5078  -2.7643950212e-001  -9.2749151719e-001
      5079   2.0160994031e-001  -1.0606772767e+000
      5080  -4.9032837099e-001  -8.2347235545e-001
      5081  -3.4244180809e-001  -9.5168695300e-001
      5082  -5.2426530543e-001  -6.6305622530e-001
      5083  -5.3803753696e-001  -7.2850263796e-001
      5084  -5.6457586456e-001  -5.6604603531e-001
      5085  -1.8909868492e-002   1.1019668972e+000
      5086  -3.5165396863e-001   8.1240715869e-001
      5087   7.0452065250e-002  -1.0018944202e+000
      5088  -4.1506148563e-001   8.0882719697e-001
      5089   1.0040059395e+000  -9.0740816870e-001
      5090   1.0649879524e+000  -8.9859437360e-001
      5091  -2.7175882088e-001   8.7976898446e-001
      5092  -6.0541441465e-001  -4.6065605118e-001
      5093   1.7360316602e-001   1.1331695796e+000
      5094  -7.2285964557e-001  -2.9897620992e-001
      5095  -7.8365303920e-001  -2.7367192577e-001
      5096  -8.4680114184e-001  -2.5109935113e-001
      5097   2.9379097742e-002  -9.7489525468e-001
      5098  -1.7314922467e-002  -9.5221887499e-001
      5099  -8.2230119676e-002  -9.6361570058e-001
      5100  -5.6564980508e-001   7.2993149969e-001
      5101  -4.5378360421e-001  -9.2505035154e-001
      5102  -4.1001008410e-001  -9.7064698863e-001
      5103   7.1509306271e-002   1.1761601856e+000
      5104   1.3766749725e-001   1.1884562314e+000
      5105  -9.1299491757e-001  -2.3572084041e-001
      5106   4.7392617731e-001  -1.4341133773e+000
      5107   4.5048254261e-001   1.2306138758e+000
      5108  -4.3911674082e-001   1.1969412633e+000
      5109   4.0739867036e-001  -1.4575099078e+000
      5110  -8.1778255748e-001   8.9157023561e-001
      5111   3.6687289087e-001  -1.3830804584e+000
      5112  -2.1456669862e-001  -1.1167897787e+000
      5113  -3.6317686260e-001   1.1934022428e+000
      5114  -9.0370510299e-001  -4.7905602136e-001
      5115   4.6885090542e-001   1.1777748548e+000
      5116   3.3768536306e-001   1.3553800303e+000
      5117  -8.8476273595e-001  -4.2116080639e-001
      5118   1.2812779607e-001  -1.1734664761e+000
      5119  -8.0334321090e-001   8.0158966576e-001
      5120   1.6596117464e-001   1.2579592778e+000
      5121   4.8575177179e-001  -1.3247437086e+000
      5122   4.6930583157e-001  -1.2640757042e+000
      5123   4.6370889970e-001  -1.2108699148e+000
      5124  -2.9007848519e-001   1.1878155002e+000
      5125  -1.7273249336e-001   1.1926653056e+000
      5126  -1.2488667679e-001   1.1422085068e+000
      5127  -7.5675030548e-001   9.4735569346e-001
      5128  -8.5812939203e-001   4.5276163844e-001
      5129  -7.8895713446e-001   4.9919838124e-001
      5130  -4.0469285010e-001  -1.1629800450e+000
      5131  -3.3810259388e-001  -1.1278166699e+000
      5132  -4.6477987329e-001  -1.1186253744e+000
      5133  -5.5211181949e-001   1.1269264601e+000
      5134   1.0356365448e-001  -1.1112573616e+000
      5135  -6.9905690917e-001   1.0043352720e+000
      5136  -6.4999737790e-001   1.0509936104e+000
      5137   2.5660643464e-001  -1.3112523037e+000
      5138   8.4328259236e-002  -1.0526688739e+000
      5139   2.2418226109e-001  -1.2476184367e+000
      5140  -7.1771369330e-001  -9.6947843261e-001
      5141  -6.6122802405e-001  -1.0275888128e+000
      5142   3.8886550610e-001   1.2471902871e+000
      5143  -7.5784225926e-001   6.4872851998e-001
      5144  -1.4847420671e-001  -1.0817858251e+000
      5145  -8.4312079280e-002  -1.0451757451e+000
      5146  -7.3366396555e-001  -8.3654459624e-001
      5147  -6.9181054883e-001  -8.9472081639e-001
      5148  -7.6316264583e-001  -7.7106353878e-001
      5149  -7.8633584638e-001  -7.0044178002e-001
      5150  -8.0465911969e-001  -6.2849615890e-001
      5151  -8.2085386405e-001  -5.5623240363e-001
      5152   2.7479085706e-002  -1.0366682510e+000
      5153  -2.6873790666e-002  -1.0089196312e+000
      5154  -8.1136581637e-002   1.0920854791e+000
      5155  -2.2928353680e-001   1.1737660828e+000
      5156   4.4069903818e-001  -1.3814763001e+000
      5157   3.1931438326e-001   1.2776616848e+000
      5158  -1.9054198709e-001   1.1156784876e+000
      5159  -5.8183700149e-001   1.0549328065e+000
      5160  -4.7517672728e-001   1.1297783314e+000
      5161  -3.9467093000e-001  -1.0889738738e+000
      5162  -4.0049321178e-001   1.1287067651e+000
      5163   4.0990439365e-001  -1.3101752950e+000
      5164   4.1536121751e-001  -1.2350762164e+000
      5165  -1.3763027898e-001   1.0822553637e+000
      5166  -8.9280487548e-001  -3.0192419005e-001
      5167  -8.5805078608e-001  -3.5895358045e-001
      5168  -8.3743196663e-001  -4.8099409042e-001
      5169  -2.7634898389e-001  -1.0842323644e+000
      5170   3.3093847048e-001  -1.3151194693e+000
      5171  -1.3462566819e-001  -9.6405025088e-001
      5172   4.3074487939e-001  -1.1724501141e+000
      5173  -7.6626494446e-001   3.6713877282e-001
      5174  -8.0106389816e-001   4.2401450588e-001
      5175  -6.3912729762e-001  -9.4825685433e-001
      5176   1.9865310420e-001  -1.1790113893e+000
      5177   1.6672072055e-001  -1.1171360497e+000
      5178  -3.2900839080e-001   1.1259277938e+000
      5179  -2.1323779267e-001  -1.0361986347e+000
      5180   2.3906869390e-001   1.2706152297e+000
      5181  -7.4656749959e-001   7.3315728221e-001
      5182  -1.4055895016e-001  -1.0123807710e+000
      5183   4.0757565097e-001   1.1733779065e+000
      5184  -5.2559739596e-001  -1.0717699661e+000
      5185  -5.7782084119e-001  -1.0056868567e+000
      5186  -7.3476198166e-001   5.6553853381e-001
      5187   3.0037367582e-001  -1.2430208712e+000
      5188  -7.4069202078e-001   8.6633680569e-001
      5189  -6.7967805539e-001   9.2151259438e-001
      5190  -6.1643488539e-001   9.7888878582e-001
      5191  -6.8873096024e-001  -7.7512408082e-001
      5192  -6.6631647182e-001  -8.2955966447e-001
      5193  -7.1577118894e-001  -7.1175608922e-001
      5194  -7.3400619558e-001  -6.4365460514e-001
      5195  -7.5126313140e-001  -5.7443659612e-001
      5196  -6.0201403408e-001   5.2808977738e-001
      5197  -8.3166313968e-001  -3.0703115876e-001
      5198  -6.2113157912e-001   5.7759280240e-001
      5199  -4.8101237164e-001   8.0642890873e-001
      5200  -6.3604486103e-001   4.7785693547e-001
      5201  -6.8117190722e-001   4.3964408488e-001
      5202  -7.0421333523e-001  -3.6895731205e-001
      5203   2.2632617606e-001  -1.1143710703e+000
      5204   2.3774734928e-001   1.1419193916e+000
      5205  -6.2487035361e-001   6.8541931702e-001
      5206   3.5407360777e-001   1.1429608324e+000
      5207   2.9954567836e-001   1.1453191236e+000
      5208  -5.6335690948e-001  -6.2575595562e-001
      5209  -5.9512937130e-001  -6.8610555182e-001
      5210   3.6437769524e-001  -1.1891553673e+000
      5211   3.0272800538e-001  -1.1720297175e+000
      5212  -5.0482979375e-001  -8.8766842617e-001
      5213   2.0513600196e-001   1.2006721312e+000
      5214  -3.3178921127e-001   8.7223058049e-001
      5215  -3.9157245393e-001   8.6634215383e-001
      5216  -5.3602877220e-001  -7.8671974172e-001
      5217  -6.5406903741e-001  -4.1821163926e-001
      5218   1.4281042320e-001  -1.0584755512e+000
      5219  -6.2636363027e-001  -5.3317734434e-001
      5220  -1.9657249954e-001   9.5958820610e-001
      5221  -1.7782986974e-001   1.0326631757e+000
      5222  -2.5983338794e-001   9.4408406368e-001
      5223  -7.8088128299e-001  -3.4565712727e-001
      5224   2.5573717986e-001  -1.2012864833e+000
      5225  -5.4514813776e-001   7.9495936398e-001
      5226  -2.3562179555e-001  -9.7164308293e-001
      5227  -1.8088788782e-001  -9.6888448931e-001
      5228  -2.9186457756e-001  -1.0075829334e+000
      5229  -3.7004056868e-001  -1.0198018356e+000
      5230  -4.6570572153e-001  -9.8059508159e-001
      5231  -5.1581667454e-001  -9.5440811292e-001
      5232  -7.2465730213e-001   7.9828851163e-001
      5233   3.6372787169e-001  -1.2583708945e+000
      5234   3.4061309072e-001   1.2012981591e+000
      5235  -3.3344748274e-001  -1.0648152729e+000
      5236  -5.9080978496e-001   8.3656748078e-001
      5237  -7.4027892832e-001   4.3420122576e-001
      5238  -7.0914435437e-001   4.9466577871e-001
      5239  -5.0767487498e-001   1.0624921141e+000
      5240  -4.3421794138e-001   1.0648184616e+000
      5241  -2.6141394752e-001   1.1221740649e+000
      5242  -4.4733631853e-001  -1.0395969310e+000
      5243  -6.2070276863e-001  -8.6811191730e-001
      5244  -8.1769338676e-001  -4.0945619886e-001
      5245  -7.6727235444e-001  -5.0618408723e-001
      5246  -3.6186201795e-001   1.0618290860e+000
      5247  -5.0811878778e-001  -1.0121981069e+000
      5248  -6.6149508689e-001   8.3707989216e-001
      5249   2.5288097429e-001  -1.1557294587e+000
      5250  -6.0705801500e-001   8.9636026703e-001
      5251  -2.3285334829e-001   1.0678778612e+000
      5252  -6.9453257983e-001   6.8674475283e-001
      5253  -6.1779237993e-001   7.3650664104e-001
      5254  -6.7271992353e-001   6.1920627423e-001
      5255  -6.5198453813e-001  -7.2290718351e-001
      5256  -6.0610340752e-001  -7.7915243685e-001
      5257  -6.6524102060e-001  -6.5972166074e-001
      5258  -6.8168225223e-001  -5.8960560867e-001
      5259   2.7415955984e-001   1.2080236689e+000
      5260  -7.7954995127e-001  -4.5101163663e-001
      5261  -2.9358052323e-001   1.0618767439e+000
      5262  -6.7013139199e-001   7.5227286333e-001
      5263  -6.6469258921e-001   5.4373001647e-001
      5264  -5.7005704554e-001  -9.1926308746e-001
      5265  -2.4713860511e-001   1.0087936567e+000
      5266  -7.0049490004e-001  -5.2205210997e-001
      5267  -5.3639860810e-001   9.9418254596e-001
      5268  -5.5588047369e-001   9.3331208753e-001
      5269  -4.6610624193e-001   1.0025633980e+000
      5270  -3.9520159304e-001   1.0022914255e+000
      5271  -6.0945463846e-001   7.8268520424e-001
      5272  -6.1696574187e-001  -6.0976556967e-001
      5273  -4.5740451220e-001   8.6453119791e-001
      5274  -7.5810132668e-001  -4.0307155177e-001
      5275  -5.3105235481e-001   8.6656187462e-001
      5276  -5.5648339141e-001  -8.4408541460e-001
      5277  -7.1672657020e-001  -4.4909807551e-001
      5278  -4.2949070181e-001   9.5659424321e-001
      5279  -6.6062446555e-001  -4.7736542597e-001
      5280  -3.1154427316e-001   9.2551919232e-001
      5281  -3.7093531433e-001   9.3309679833e-001
      5282  -3.2041259639e-001   9.9208349850e-001
      5283  -4.8809165286e-001   9.3204154818e-001
      5284  -4.2762147263e-001   9.1007094115e-001
